tree
version=v4
num_class=1
num_tree_per_iteration=1
label_index=0
max_feature_idx=123
objective=binary sigmoid:1
feature_names=n_events_w1 n_mentions_w1 q1_w1 q2_w1 q3_w1 q4_w1 q4_m_w1 goldstein_sum_w1 goldstein_wsum_w1 tone_sum_w1 tone_wsum_w1 n_root_w1 q4_ab_w1 q4_ba_w1 r10_w1 r11_w1 r12_w1 r13_w1 r14_w1 r15_w1 r16_w1 r17_w1 r18_w1 r19_w1 r20_w1 n_events_w4 n_mentions_w4 q1_w4 q2_w4 q3_w4 q4_w4 q4_m_w4 goldstein_sum_w4 goldstein_wsum_w4 tone_sum_w4 tone_wsum_w4 n_root_w4 q4_ab_w4 q4_ba_w4 r10_w4 r11_w4 r12_w4 r13_w4 r14_w4 r15_w4 r16_w4 r17_w4 r18_w4 r19_w4 r20_w4 n_events_w13 n_mentions_w13 q1_w13 q2_w13 q3_w13 q4_w13 q4_m_w13 goldstein_sum_w13 goldstein_wsum_w13 tone_sum_w13 tone_wsum_w13 n_root_w13 q4_ab_w13 q4_ba_w13 r10_w13 r11_w13 r12_w13 r13_w13 r14_w13 r15_w13 r16_w13 r17_w13 r18_w13 r19_w13 r20_w13 n_events_w52 n_mentions_w52 q3_w52 q4_w52 goldstein_sum_w52 tone_sum_w52 q4_share_w1 q4_share_w4 q4_share_w13 q3_share_w4 q1_share_w4 conflict_share_w4 q4_mention_share_w4 goldstein_mean_w1 goldstein_mean_w4 goldstein_mean_w13 goldstein_wmean_w4 tone_mean_w4 tone_mean_w13 tone_wmean_w4 root_share_w4 r10_share_w4 r11_share_w4 r12_share_w4 r13_share_w4 r14_share_w4 r15_share_w4 r16_share_w4 r17_share_w4 r18_share_w4 r19_share_w4 r20_share_w4 rate_w1 rate_w4 rate_w13 q4_rate_w4 q4_rate_w13 ev_ratio_1_13 ev_ratio_4_52 q4_ratio_1_13 q4_ratio_4_52 goldstein_delta_1_13 goldstein_delta_4_52 tone_delta_4_52 q4_asym_w4 q4_base_4w icb_prior_crises days_since_icb_onset regime_daily
feature_infos=[0:14555] [0:719280] [0:5859] [0:1152] [0:3656] [0:4079] [0:119867] [-30265.299999999988:9403.7000000000025] [-2604157.4000000004:265815.30000000005] [-69178.663371413379:27044.326700659578] [-1796373.9174935073:1063887.492565657] [0:8468] [0:1805] [0:2274] [0:222] [0:1470] [0:460] [0:2747] [0:335] [0:348] [0:714] [0:972] [0:714] [0:2580] [0:51] [0:24790] [0:1270987] [0:14728] [0:3849] [0:7323] [0:7392] [0:265767] [-51412.900000000023:32810.699999999983] [-4719715:1504445.1000000001] [-117363.65165693618:65899.571630460647] [-3625777.0762984925:1920198.609194475] [0:13841] [0:4285] [0:3831] [0:492] [0:2754] [0:816] [0:5534] [0:998] [0:569] [0:1335] [0:1800] [0:1153] [0:4314] [0:225] [0:98864] [0:1765668] [0:41288] [0:11635] [0:18842] [0:34606] [0:780570] [-231926.29999999993:69396.89999999998] [-6136511.8999999985:2775021.2000000002] [-304107.52313455625:239825.78502316607] [-8834968.3637565393:3164678.761033983] [0:60584] [0:19379] [0:15227] [0:1897] [0:8512] [0:3217] [0:6043] [0:2181] [0:1064] [0:3942] [0:4944] [0:5575] [0:22078] [0:435] [0:297982] [0:6125567] [0:61822] [0:78841] [-464780.40000000002:210362.90000000005] [-1152162.8880740025:539815.57436715416] [0:1] [0:1] [0:1] [0:1] [0:1] [0:1] [0:1] [-10:10] [-10:10] [-10:10] [-10:10] [-19.327731092436998:18.75] [-16.460905349794199:16.6666666666667] [-19.327731092437002:18.75] [0:1] [0:1] [0:1] [0:1] [0:1] [0:1] [0:1] [0:1] [0:1] [0:1] [0:1] [0:1] [0:0.034678051755685287] [0:0.035235084771988771] [0:0.035394881673087505] [0:0.11177188167124123] [0:0.10271015158474965] [0:13.000000000000002] [0:13.000000000000002] [0:13.000000000000002] [0:13.000000000000002] [-14.715833333333332:15.465] [-15.338888888888889:12.672839506172838] [-19.000355096714227:15.925055584797725] [0:1] [0:6064.6923076923076] [0:21] [9:38059] [0:1]
tree_sizes=3447 3528 3527 3531 3568 3552 3544 3572 3544 3571 3565 3564 3572 3576 3578 3580 3609 3599 3590 3597 3588 3587 3591 3583 3605 3589 3597 3591 3596 3589 3604 3586 3596 3612 3589 3586 3606 3586 3603 3606 3623 3644 3603 3605 3626 3629 3601 3619 3627 3621 3616 3636 3622 3635 3631 3600 3615 3637 3613 3628 3618 3629 3642 3622 3620 3614 3640 3618 3651 3621 3653 3629 3638 3621 3628 3655 3603 3621 3631 3637 3638 3609 3611 3636 3619 3635 3635 3653 3614 3625 3628 3631 3629 3615 3626 3641 3626 3623 3600 3653 3632 3631 3641 3629 3639 3649 3642 3651 3613 3658 3639 3632 3685 3628 3635 3592 3625 3640 3631 3620 3652 3616 3640 3647 3653 3629 3613 3632 3611 3642 3615 3629 3638 3631 3663 3634 3627 3629 3619 3633 3612 3635 3622 3654 3607 3658 3625 3649 3630 3636 3617 3600 3639 3648 3636 3640 3625 3613 3636 3586 3592 3607 3624 3621 3596 3634 3618 3645 3585 3647 3620 3597 3596 3621 3600 3593 3642 3639 3603 3589 3620 3609 3624 3636 3592 3596 3604 3615 3602 3596 3579 3601 3604 3606 3614 3641 3645 3633 3624 3627 3597 3589 3595 3607 3594 3601 3614 3624 3610 3585 3621 3599 3600 3591 3568 3577 3544 3596 3633 3587 3620 3573 3586 3571 3620 3581 3542 3577 3568 3600 3668 3543 3589 3598 3574 3589 3581 3594 3587 3548 3592 3559 3586 3596

Tree=0
num_leaves=31
num_cat=0
split_feature=55 113 5 115 115 6 78 5 78 4 112 112 113 78 78 112 11 11 115 112 107 4 99 78 4 4 78 78 113 78
split_gain=25015 22915.3 17414.9 6880.94 3954.3 2994.78 2731.05 2158.1 2010.99 2006.1 1858.58 1152.62 1045.8 822.908 790.762 741.471 670.971 621.075 557.842 546.193 524.247 498.41 487.961 459.193 418.744 410.96 339.034 338.906 323.842 315.893
threshold=14.500000000000002 2.4887685547054188 12.500000000000002 1.5774803011330669 4.5422989796122932 24.500000000000004 34.500000000000007 3.5000000000000004 293.50000000000006 20.500000000000004 2.2790410565604371 1.6002512562814073 0.79916782700340805 52.500000000000007 379.50000000000006 1.6254058036160226 33.500000000000007 6.5000000000000009 2.6774312740171449 1.0111495885869888 6.5732444391887885e-05 3.5000000000000004 0.0032921833000953788 16.500000000000004 4.5000000000000009 3.5000000000000004 293.50000000000006 52.500000000000007 1.336122782446312 152.50000000000003
decision_type=2 10 2 10 10 2 2 2 2 2 10 10 10 2 2 10 2 2 10 10 2 2 10 2 2 2 2 2 10 2
left_child=6 3 7 8 15 13 23 24 12 20 14 -11 -2 -5 25 -4 -12 -8 -18 -9 -6 27 -21 -1 -3 -7 -22 -14 -23 -29
right_child=1 2 4 5 9 10 17 19 -10 11 16 -13 21 -15 -16 -17 18 -19 -20 22 26 28 -24 -25 -26 -27 -28 29 -30 -31
leaf_value=-3.6888459550513182 -3.6557315706445164 -3.6281424122328847 -3.5632530874322899 -3.6579711685604503 -3.5230475871602485 -3.5952576911842486 -3.6706244730301987 -3.5850689769423019 -3.669816116517167 -3.4809828537184107 -3.5672866999159485 -3.0690939416745557 -3.6652519657375064 -3.6188146836010398 -3.6304693161281607 -3.4157726730376772 -3.5292489781589715 -3.6534391138559221 -3.4111604287539512 -3.5540768607466582 -3.2921166707782001 -3.6305898881065306 -3.465034300711487 -3.6797319112175173 -3.565007113923035 -3.5488012329548315 -3.5168056230404652 -3.6312184778661498 -3.5958455382642134 -3.651789686615782
leaf_weight=12707.030201464891 5056.8195846229792 541.23367814719677 56.632786095142365 696.41239418461919 23.653952468186617 501.32221036031842 6508.7182274535298 123.42041659355164 4929.4446372762322 12.864430289715527 148.49018871411681 64.078044611960649 467.90398442745209 1579.8594465851784 384.00446468219161 105.25886794924736 112.24032347649336 2663.2544088587165 76.503082595765591 128.0340358056128 85.681499652564526 706.93339884281158 146.75703017413616 8257.7925331816077 113.11910808831453 293.58729239925742 16.159872584044933 2077.4468223452568 378.75616769492626 1001.8632788434625
leaf_count=520552 207156 22172 2320 28529 969 20537 266634 5056 201938 527 6083 2625 19168 64720 15731 4312 4598 109102 3134 5245 3510 28960 6012 338286 4634 12027 662 85104 15516 41042
internal_value=-3.66207 -3.63591 -3.51987 -3.64487 -3.34244 -3.60889 -3.67929 -3.5825 -3.65422 -3.25327 -3.57627 -3.12271 -3.64629 -3.63076 -3.59455 -3.46286 -3.51431 -3.66563 -3.47615 -3.52776 -3.35091 -3.636 -3.50385 -3.68526 -3.61658 -3.5775 -3.31931 -3.64149 -3.61822 -3.63788
internal_weight=49965.3 19828.5 1416.89 18411.6 364.329 3792.42 30136.8 1052.56 14619.2 202.438 1516.15 76.9425 9689.72 2276.27 1178.91 161.892 337.234 9171.97 188.743 398.211 125.495 4632.9 274.791 20964.8 654.353 794.91 101.841 3547.21 1085.69 3079.31
internal_count=2046861 812287 58044 754243 14925 155359 1234574 43119 598884 8293 62110 3152 396946 93249 48295 6632 13815 375736 7732 16313 5141 189790 11257 858838 26806 32564 4172 145314 44476 126146
is_linear=0
shrinkage=1


Tree=1
num_leaves=31
num_cat=0
split_feature=55 113 6 115 115 0 78 114 78 114 0 0 78 78 84 115 55 113 78 25 29 114 78 78 55 85 107 114 55 78
split_gain=23288.5 18263.7 11470.9 4090.58 3584.23 2721.95 2141.05 2097.4 1420.81 1318.83 1221.73 1197.48 873.631 845.021 674.311 651.83 534.451 492.58 473.615 462.86 449.154 413.723 403.119 395.375 312.617 253.715 225.835 218.79 216.993 210.763
threshold=12.500000000000002 2.0409079232265408 37.500000000000007 1.2544210094997792 3.3650940579277404 66.500000000000014 34.500000000000007 2.1084688384483052 241.50000000000003 2.1084688384483052 24.500000000000004 32.500000000000007 55.500000000000007 48.500000000000007 0.12227306389567939 2.2197416257809475 34.500000000000007 0.86188809244337417 365.50000000000006 25.500000000000004 18.500000000000004 1.3222453560623315 16.500000000000004 53.500000000000007 19.500000000000004 0.74699995199923208 3.7521134973829831e-05 0.82565902260946744 26.500000000000004 768.50000000000011
decision_type=2 8 2 10 10 2 2 10 2 10 2 2 2 2 10 10 2 10 2 2 2 10 2 2 2 10 2 10 2 2
left_child=6 3 10 8 21 26 22 13 12 27 23 24 -2 -5 -12 -13 -11 -14 20 -8 -15 -4 -1 -3 -9 -23 -6 -7 -17 -10
right_child=1 2 4 7 5 9 19 11 29 16 14 15 17 18 -16 28 -18 -19 -20 -21 -22 25 -24 -25 -26 -27 -28 -29 -30 -31
leaf_value=-0.026793693635784311 -0.0090916890804549153 0.0055938750143712844 0.055543690719209768 -0.004635774799225883 0.073899949808153592 0.052279010336742308 -0.011763027017002438 0.019270750256639199 -0.0037757730268166488 0.17581839426749463 0.059743508908691983 0.071026402456279475 0.0099558393735635353 0.03006673542257271 0.12521011485261863 0.068492665009424081 0.33392787334201413 0.026198325583528321 0.0082752040640065323 0.0028308078442788646 0.061925942690304971 0.14937048584771986 -0.018029347276596042 0.044879692708026594 0.057632354213223866 0.076739900402774439 0.1560043664889153 0.1883009267710378 0.14966967298309442 -0.016544425068488362
leaf_weight=12348.305761672556 1503.4869957566261 424.68860234320164 113.82668847963214 764.23902224004269 56.040955768898129 17.781560843810439 4178.9995275158435 354.0392652861774 3360.5178655423224 41.137114388868213 503.84111978113651 404.19920125976205 4511.4788847118616 2230.3393368311226 205.52414262667298 50.004576653242111 229.44045692309737 2683.4260240346193 707.15511897020042 3669.9792375806719 489.0155014693737 173.75822210498154 7735.9890110492706 503.60006174631417 430.22591520100832 82.009237948805094 145.86909885518253 75.596808945760131 195.41135065257549 1777.968117563054
leaf_count=518921 61511 17000 4334 31309 2088 648 172372 14170 138042 1266 19443 15705 183592 88380 7711 1880 6466 107121 28622 150351 19079 6197 322289 19769 16747 2964 5000 2489 7088 73377
internal_value=-4.30993e-05 0.0230138 0.0980484 0.0130704 0.181604 0.229148 -0.0182319 0.0346307 0.00429691 0.27853 0.0499126 0.0659047 0.0116831 0.0238644 0.0794547 0.0959753 0.313516 0.0160277 0.0302185 -0.00494187 0.035899 0.106724 -0.0234232 0.0270328 0.0405466 0.128 0.135552 0.166372 0.134827 -0.00820564
internal_weight=49967.9 22034.6 2573.11 19461.5 935.46 565.866 27933.3 5624.63 13836.9 363.956 1637.65 1433.88 8698.39 4190.75 709.365 649.615 270.578 7194.9 3426.51 7848.98 2719.35 369.594 20084.3 928.289 784.265 255.767 201.91 93.3784 245.416 5138.49
internal_count=2045931 881998 95375 786623 31452 17957 1163933 222980 563643 10869 63923 55590 352224 167390 27154 24673 7732 290713 136081 322723 107459 13495 841210 36769 30917 9161 7088 3137 8968 211419
is_linear=0
shrinkage=0.03


Tree=2
num_leaves=31
num_cat=0
split_feature=55 113 5 115 115 78 114 78 4 6 114 11 78 78 114 25 4 78 78 78 1 67 4 78 115 115 107 78 1 78
split_gain=21647.5 15480.7 8356.19 2872.15 2849.34 2394.86 1334.43 1317.84 1217.63 1197.04 677.204 668.406 607.841 580.222 529.083 528.054 519.675 577.542 494.015 419.218 349.771 341.174 326.828 314.235 310.289 299.62 278.694 270.837 199.339 192.681
threshold=13.500000000000002 1.7677275407969513 8.5000000000000018 1.2105846656552692 3.4231011660888755 34.500000000000007 2.477979631158822 241.50000000000003 13.500000000000002 7.5000000000000009 1.2376555735930739 20.500000000000004 54.500000000000007 51.500000000000007 1.0615528389573654 32.500000000000007 2.5000000000000004 187.50000000000003 365.50000000000006 15.500000000000002 79.500000000000014 3.5000000000000004 7.5000000000000009 54.500000000000007 1.9834085406119306 2.0803799318071117 6.0177523708520144e-05 126.50000000000001 59.500000000000007 401.50000000000006
decision_type=2 10 2 10 10 2 10 2 2 2 10 2 2 2 10 2 2 2 2 2 2 2 2 2 10 10 2 2 2 2
left_child=5 3 9 7 10 19 13 12 26 23 -4 -8 -2 -5 -10 -7 -11 21 22 -1 -14 -18 -15 -3 -12 -13 -6 -22 -21 -28
right_child=1 2 4 6 8 15 11 -9 14 16 24 25 20 18 -16 -17 17 -19 -20 28 27 -23 -24 -25 -26 -27 29 -29 -30 -31
leaf_value=-0.02672469653586252 -0.0090912004031345663 0.0065956195891449876 0.032588437472087187 -0.0027890629675967646 0.088972772807407299 -0.0098691928587228955 0.036630309946866065 -0.0086358891696545013 0.070676189697599909 0.047867121036533955 0.069163924489405018 0.062511622155413976 0.0090440618958335852 0.029854640124756741 0.23864110129129024 0.0055243382133318957 0.078007930325330516 0.03877335856094067 0.0055744445369351513 -0.020075484313910465 0.034781564168014666 0.13857734198949642 0.067710696930429679 0.03766316523827485 0.12929515541317035 0.1113892147789903 0.16556997034064672 0.01514328461919753 -0.0081125996619521214 0.051719315842290135
leaf_weight=11499.998099502176 1138.4591998159885 487.65639787167311 143.54992075450718 698.37119096890092 93.084765495732427 5199.684552339837 564.62139582820237 4922.6795805469155 23.369404880329967 576.96802990883589 138.33278049714863 289.97222423739731 4073.9711833652109 2512.9293450862169 295.10146594233811 3258.83614381589 198.87367168627679 154.41846613958478 752.52308945916593 6846.2532250545919 1061.3019820135087 190.05643984675407 222.98887593857944 738.63384951837361 265.63098482787609 220.08632574416697 257.34664606116712 1589.0786028392613 1546.1173169221729 20.075542086735368
leaf_count=495735 46920 19280 5370 28492 3079 216126 21292 204145 748 21486 4874 10644 162916 96255 6461 132831 7041 5599 30275 290416 41771 6528 8202 27792 8477 7261 6884 62988 65497 630
internal_value=-6.91644e-05 0.0225315 0.0794452 0.0112129 0.142432 -0.0173131 0.029858 0.00353133 0.183121 0.0460236 0.0900353 0.0596258 0.0111495 0.0221551 0.227599 -0.00393873 0.0684007 0.0895696 0.0271457 -0.0229977 0.0145806 0.108989 0.033058 0.0253855 0.109801 0.0844785 0.142369 0.0230578 -0.0178777 0.158393
internal_weight=49981 21630.1 3583.1 18047 1236.49 28350.9 5261.49 12785.5 688.978 2346.61 547.514 1074.68 7862.81 4186.81 318.471 8458.52 1120.32 543.349 3488.44 19892.4 6724.35 388.93 2735.92 1226.29 403.964 510.059 370.507 2650.38 8392.37 277.422
internal_count=2046015 845410 124249 721161 36523 1200605 202421 518740 17802 87726 18721 39197 314595 163224 7209 348957 40654 19168 134732 851648 267675 13569 104457 47072 13351 17905 10593 104759 355913 7514
is_linear=0
shrinkage=0.03


Tree=3
num_leaves=31
num_cat=0
split_feature=55 115 0 78 115 115 78 78 0 114 25 114 78 5 78 78 1 1 46 29 113 114 0 78 0 30 78 84 78 78
split_gain=20416.6 13455.7 7194.66 2638.91 2561.47 1888.48 1283.7 970.584 836.066 671.331 615.938 570.328 552.827 550.034 456.101 450.655 411.972 358.383 304.544 276.594 253.708 243.498 235.875 235.531 233.305 221.878 203.963 193.119 172.645 165.231
threshold=14.500000000000002 1.9834085406119306 33.500000000000007 34.500000000000007 3.8256535947712424 1.1144708730950008 216.50000000000003 50.500000000000007 133.50000000000003 3.2029577605917345 25.500000000000004 1.9524436090225568 55.500000000000007 3.5000000000000004 379.50000000000006 16.500000000000004 100.50000000000001 146.50000000000003 23.500000000000004 18.500000000000004 1.3613209358305554 2.4097717709752486 24.500000000000004 696.50000000000011 11.500000000000002 17.500000000000004 187.50000000000003 0.12499278707443741 48.500000000000007 124.50000000000001
decision_type=2 10 2 2 10 10 2 2 2 10 2 10 2 2 2 2 2 2 2 2 10 10 2 2 2 2 2 10 2 2
left_child=3 5 7 15 9 6 12 -3 25 18 -5 14 -2 -9 16 -1 28 29 -4 -11 -18 -10 -12 -8 -17 -6 -27 -13 -7 -14
right_child=1 2 4 10 8 11 23 13 21 19 22 27 17 -15 -16 24 20 -19 -20 -21 -22 -23 -24 -25 -26 26 -28 -29 -30 -31
leaf_value=-0.026463713878370484 -0.008110727185407356 0.0075859572439361828 0.0782766294654023 -0.011046501246044959 0.063955757795547782 -0.0075267349022410208 -0.0031021788398295038 0.032878461194110087 0.13181007444073292 0.086963792951146202 0.0014126547623584625 0.037083789400941564 0.016283213503787083 0.068882328809372201 0.0012879312182156213 -0.019635603199059722 0.027117973309265783 0.0292582076169931 0.037212551456132378 0.14613896945397922 0.054845878794182318 0.20916935269196857 0.019297000595386443 -0.016695139782925774 -0.0063350375343310351 0.14437534887969197 0.085893483642969268 0.066432921636024156 0.020125122189710101 0.0046930682990347864
leaf_weight=11783.62800992839 1037.3016879986972 824.52189133502543 552.41312735341489 4520.2023143675178 62.57601747661829 236.51605196110904 3400.1584323234856 957.05456167645752 86.880879838019609 186.0897542629391 3772.6493550464511 766.14679023250937 2740.8256919998676 652.62457556836307 862.16193196177483 6382.4555381126702 713.49017855152488 1335.5540048666298 250.6987242475152 165.85547548346221 530.74377152882516 236.37166076153517 800.65308339521289 1728.8457243554294 1465.3966884426773 345.06673426926136 97.196272686123848 290.62918499298394 1345.4509560875595 1863.9183093737811
leaf_count=520826 42748 31865 18239 189906 1853 9687 139980 35183 2044 5417 153713 27680 107408 22377 34727 275299 26910 50969 8458 4451 18997 3992 31999 72946 62482 8595 2601 10369 50906 73688
internal_value=-6.59067e-05 0.0222109 0.068786 -0.0165615 0.111145 0.00998538 0.00369398 0.0341187 0.151531 0.0816634 -0.00319882 0.0260163 0.0120657 0.0476439 0.0203999 -0.0227489 0.0262177 0.0155928 0.0657677 0.116507 0.0391178 0.190702 0.00456134 -0.00769579 -0.0171577 0.124825 0.132627 0.0454301 0.0159803 0.0116019
internal_weight=49994.1 21269.1 4417.35 28725 1983.15 16851.7 12106.6 2434.2 828.092 1155.06 9093.5 4745.14 6977.6 1609.68 3688.36 19631.5 2826.2 5940.3 803.112 351.945 1244.23 323.253 4573.3 5129 7847.85 504.839 442.263 1056.78 1581.97 4604.74
internal_count=2046315 812090 145075 1234225 55650 667015 487739 89425 19085 36565 375618 179276 274813 57560 141227 858607 106500 232065 26697 9868 45907 6036 185712 212926 337781 13049 11196 38049 60593 181096
is_linear=0
shrinkage=0.03


Tree=4
num_leaves=31
num_cat=0
split_feature=30 113 5 78 78 115 5 0 115 17 78 78 0 78 114 114 78 54 99 115 78 54 78 78 1 115 113 29 115 25
split_gain=18630.3 10017.9 5135.52 4321.43 2192.2 1390.63 1279.93 1005.56 690.662 658.995 651.207 706.131 558.948 503.877 468.614 459.742 393.67 380.691 375.439 368.795 273.372 235.272 229.808 371.03 218.199 207.339 179.809 176.792 175.401 171.569
threshold=5.5000000000000009 1.6977178063172511 8.5000000000000018 38.500000000000007 329.50000000000006 2.7215762273901816 9.5000000000000018 15.500000000000002 0.12880402771155305 1.0000000180025095e-35 46.500000000000007 140.50000000000003 18.500000000000004 17.500000000000004 1.2376555735930739 1.8960616919617765 265.50000000000006 7.5000000000000009 0.018797226478370708 1.8582589285714288 48.500000000000007 10.500000000000002 178.50000000000003 56.500000000000007 106.50000000000001 1.6144340444241518 1.0770054430774201 15.500000000000002 0.98486030917895495 29.500000000000004
decision_type=2 10 2 2 2 10 2 2 10 2 2 2 2 2 10 10 2 2 10 10 2 2 2 2 2 10 10 2 10 2
left_child=3 4 7 13 6 16 10 20 -5 -7 -2 12 21 -1 -11 28 -4 -10 22 -8 -3 -12 23 -9 -19 -17 -13 -14 -6 -15
right_child=1 2 5 8 15 9 19 18 17 14 11 26 27 29 -16 25 -18 24 -20 -21 -22 -23 -24 -25 -26 -27 -28 -29 -30 -31
leaf_value=-0.026320467885593904 -0.0060587541556464041 -0.00027806879807672419 0.098422580859048661 -0.0097549725160343183 -0.013261075467821595 0.09929515128755674 0.03519660970381993 0.028023138098868472 -0.0030028178097304789 0.065039862732007944 0.010185832829200634 0.0055236042573498208 0.039014655643028619 -0.019640182973330957 0.15778363500910395 0.010595278851190854 0.042528768889546459 0.0070350164501802757 0.081111821069573917 0.078803438514045823 0.029402089995541149 0.028179487855896593 0.020257293984714427 0.065601384418489214 0.021473111818228321 0.056368214799628918 0.020518446343581052 0.068703581588405602 0.0002107553334488314 -0.010368907009323079
leaf_weight=11856.073571084067 1006.8535397704691 491.92203721962869 182.11992936395109 3887.6054492928088 2749.4586199764162 567.20775289088488 351.4049272146076 385.17089360766113 2860.4767075665295 65.187518263235688 1159.4277168419212 2520.3822418060154 1055.6762735787779 5591.0308067332953 499.12917638942599 372.79713744111359 327.62180859223008 3693.7132882215083 349.54844056628644 372.57294485159218 640.8840425927192 1520.8265091795474 267.02581446617842 660.65031383000314 1263.9607370626181 113.45785977877676 1005.8090895228088 229.03855271264911 1271.0073464848101 2675.7932494804263
leaf_count=536619 41970 20185 5203 160554 116574 13060 12644 14201 117555 1816 44253 99267 38349 243756 8899 15063 10865 148459 11317 11165 22877 57098 9225 21655 48673 3550 37292 8026 51647 114466
internal_value=-8.7841e-05 0.0241499 0.0633148 -0.0139224 0.0114753 0.105383 0.0198522 0.0384694 0.000571464 0.123997 0.016568 0.0196112 0.0282921 -0.0223517 0.147736 -0.00566924 0.0632605 0.00570928 0.0532987 0.0580241 0.0165689 0.0204292 0.0456137 0.0519607 0.0107339 0.0217405 0.00982372 0.0445534 -0.0090072 -0.0166474
internal_weight=49993.8 18165.2 4436.47 31828.7 13728.7 1641.27 9221.99 2795.2 11705.8 1131.52 8498.01 7491.16 3964.97 20122.9 564.317 4506.72 509.742 7818.15 1662.4 723.978 1132.81 2680.25 1312.85 1045.82 4957.67 486.255 3526.19 1284.71 4020.47 8266.82
internal_count=2046283 676201 139303 1370082 536898 39843 350064 99460 475241 23775 326255 284285 147726 894841 10715 186834 16068 314687 56398 23809 43062 101351 45081 35856 197132 18613 136559 46375 168221 358222
is_linear=0
shrinkage=0.03


Tree=5
num_leaves=31
num_cat=0
split_feature=55 113 5 114 78 113 78 78 113 114 4 113 0 78 112 99 78 101 0 4 114 78 78 78 78 5 78 5 78 113
split_gain=17964.8 9684.02 4615.2 1772.46 1721.77 1375.45 1186.39 1092.74 788.997 610.317 575.215 432.501 361.704 357.859 347.838 327.186 288.796 274.119 260.864 248.257 238.089 225.991 204.014 201.911 187.691 184.003 164.483 158.49 149.659 152.712
threshold=11.500000000000002 1.6977178063172511 5.5000000000000009 2.1705219454329781 30.500000000000004 3.4127143799472299 329.50000000000006 52.500000000000007 0.79916782700340805 1.3222453560623315 4.5000000000000009 0.85603789515423345 6.5000000000000009 48.500000000000007 1.0962853514174504 0.010528625204960626 16.500000000000004 0.00064724946209170932 24.500000000000004 3.5000000000000004 3.9029147982062784 190.50000000000003 273.50000000000006 156.50000000000003 187.50000000000003 1.5000000000000002 140.50000000000003 1.5000000000000002 1135.5000000000002 0.88639056932128957
decision_type=2 10 2 10 2 10 2 2 10 10 2 10 2 2 10 10 2 10 2 2 10 2 2 2 2 2 2 2 2 10
left_child=4 3 10 6 16 9 7 -2 21 22 13 -5 -6 -3 -7 -11 -1 -16 -13 23 -20 -9 -4 27 -12 -15 -21 -10 29 -8
right_child=1 2 5 11 12 14 28 8 19 15 24 18 -14 25 17 -17 -18 -19 20 26 -22 -23 -24 -25 -26 -27 -28 -29 -30 -31
leaf_value=-0.02620193710096471 -0.0087279528162245903 0.0044575595484563774 0.0738532603832842 0.016365497359281257 -0.011722958871598863 0.061165949839801288 -0.010274793748353892 0.0092320882463783008 0.017527428478875798 0.065908398170422267 0.065639096952102391 0.025939084132163424 0.0011528787580907562 0.02060017410079552 0.10760962346983521 0.10050923746766767 -0.017927722188158312 0.15118120397542534 0.040347983293299937 0.047077735860233186 0.072408720454939027 -0.0049535093293518219 0.020448184738370491 0.0077067120327323725 0.020812361293393967 0.04265985131553196 0.024680400598140927 0.032316340354728405 -0.016755429476758683 0.003558759335197767
leaf_weight=11162.647015010938 2344.9333770275116 718.94324918277562 83.076137462630868 890.91174973547459 4957.5956529695541 97.275281734764576 1740.7775486949831 4108.1769084483385 2009.5284773055464 668.29474757798016 422.84381527453661 539.81687064096332 3247.7947224695235 783.63623150065541 406.40417784266174 453.49862794578075 5838.8208944387734 290.3938626460731 593.59008516930044 493.97324474528432 347.37692343816161 1336.469469781965 264.56095529533923 1171.8650034554303 112.10750256106257 623.70938989706337 787.68957090191543 984.74130997993052 1312.6678379159421 1216.7622889317572
leaf_count=518723 98524 28227 2437 33528 212281 2539 73813 160580 74478 17283 13010 19368 133566 27467 7241 10732 260000 4633 19861 17340 10276 53777 8776 44402 3709 20625 28599 35408 56124 49952
internal_value=-8.60027e-05 0.018038 0.0556773 0.00870186 -0.0179204 0.0871326 0.00540006 0.00983484 0.0138332 0.069502 0.02881 0.0330127 -0.00662895 0.021721 0.119119 0.0802801 -0.0233664 0.126716 0.0429397 0.0219004 0.052504 0.00574867 0.0340768 0.0183077 0.0565247 0.030493 0.0334621 0.0224369 -0.0083429 -0.00458713
internal_weight=50010.9 24804 4924.74 19879.3 25206.9 2263.5 17507.6 13237.4 10892.4 1469.43 2661.24 2371.7 8205.39 2126.29 794.073 1121.79 17001.5 696.798 1480.78 5447.8 940.967 5444.65 347.637 4166.13 534.951 1407.35 1281.66 2994.27 4270.21 2957.54
internal_count=2047279 922709 146679 776030 1124570 53641 692997 513108 414584 39228 93038 83033 345847 76319 14413 28015 778723 11874 49505 200227 30137 214357 11213 154288 16719 48092 45939 109886 179889 123765
is_linear=0
shrinkage=0.03


Tree=6
num_leaves=31
num_cat=0
split_feature=55 115 0 78 115 78 0 78 0 113 78 25 78 112 4 78 5 78 115 112 78 99 0 0 75 78 55 4 76 0
split_gain=16881.4 8762.02 4804.19 1680.72 1412.27 1155.59 1086.82 1017.84 603.096 567.047 451.545 381.89 348.011 347.849 306.095 305.695 305.043 238.035 236.795 220.376 180.075 171.496 169.922 169.427 161.482 160.792 195.831 147.952 164.954 145.856
threshold=11.500000000000002 1.7589043651287155 32.500000000000007 27.500000000000004 3.0026881720430114 386.50000000000006 15.500000000000002 50.500000000000007 107.50000000000001 1.290085906390084 52.500000000000007 26.500000000000004 190.50000000000003 1.2155331336666684 9.5000000000000018 164.50000000000003 3.5000000000000004 12.500000000000002 1.0585132716969878 1.1576574645472084 58.500000000000007 0.0076820113162468983 3.5000000000000004 11.500000000000002 2507.5000000000005 372.50000000000006 26.500000000000004 8.5000000000000018 38505.000000000007 11.500000000000002
decision_type=2 10 2 2 10 2 2 2 2 10 2 2 2 10 2 2 2 2 10 10 2 10 2 2 2 2 2 2 2 2
left_child=3 5 7 17 13 6 10 23 25 12 -2 -5 -8 24 -11 22 -9 -1 -7 -10 -13 -21 -12 -3 -4 26 -6 -15 -29 -19
right_child=1 2 4 11 8 18 9 16 19 14 15 20 -14 27 -16 -17 -18 29 -20 21 -22 -23 -24 -25 -26 -27 -28 28 -30 -31
leaf_value=-0.026961071501408643 -0.010547410705318743 -0.0049386751341332375 0.053377164716705346 -0.012860875859888592 0.049900553627465552 -0.012444071463567123 0.020983178382670845 0.026525575674148916 0.052176032691825795 0.028023319705496527 0.0023396292307609821 -0.0049911047603710687 0.004451087363564944 0.051061227075200125 0.061413682289286051 -0.0055033690344962914 0.049274042270596285 -0.021414156735251148 0.00412790518410541 0.094586757231725382 0.0085147965781471463 0.1324143438164975 0.014185172055212423 0.016703739873095359 0.017742767777692302 0.017401429369733084 0.087197680862277832 0.088170746860905938 0.044377528401069427 -0.0096391092951397493
leaf_weight=8745.7384965475649 1721.3278668578714 875.20866512134671 185.78743482194841 5164.0672302879393 188.535067088902 2839.9239437375218 2665.6151975318789 1344.1278777457774 58.608342120423913 1586.5715656355023 1628.2787751443684 2674.5462651066482 2013.1984388884157 505.37122682109475 294.51921653002501 1418.6385172661394 903.32268111594021 5716.5270226430148 1064.2358756437898 242.78256108984351 1324.2467524614185 426.44376418367028 3305.1163777504116 511.873988782987 306.66496751271188 43.226627305150032 643.47892597690225 316.32998062670231 124.82047557085752 1149.1300930082798
leaf_count=416955 73140 35693 5579 225845 4934 122509 97588 45895 1436 54538 63222 112036 79100 14253 9200 56640 27220 263975 42193 3735 53585 5787 124863 18630 10221 1176 13401 7923 3452 51851
internal_value=-9.45139e-05 0.0171849 0.0466393 -0.0176805 0.0744308 0.00656661 0.010435 0.0233079 0.0938561 0.0195002 0.0030616 -0.0074755 0.0138821 0.0525402 0.0334001 0.00675488 0.035758 -0.0236659 -0.00792721 0.114467 -0.000513421 0.119494 0.0102818 0.00307932 0.0315879 0.0761639 0.0790947 0.0632179 0.076416 -0.0194518
internal_weight=49988.3 25214 6676.58 24774.3 3042.05 18537.4 14633.3 3634.53 1603.08 6559.9 8073.36 9162.86 4678.81 1438.97 1881.09 6352.03 2247.45 15611.4 3904.16 727.835 3998.79 669.226 4933.4 1387.08 492.452 875.241 832.014 946.522 441.15 6865.66
internal_count=2046575 922328 199335 1124247 71897 722993 558291 127438 30469 240426 317865 391466 176688 41428 63738 244725 73115 732781 164702 10958 165621 9522 188085 54323 15800 19511 18335 25628 11375 315826
is_linear=0
shrinkage=0.03


Tree=7
num_leaves=31
num_cat=0
split_feature=78 115 6 115 30 115 78 112 50 78 0 78 0 112 78 0 113 113 78 115 99 78 78 99 0 107 67 67 78 78
split_gain=15454.9 10456.7 2387.76 1662.29 1249.88 983.394 700.559 691.647 668.362 657.229 517.946 439.489 432.709 431.284 282.204 230.926 217.579 216.808 215.747 210.645 198.964 196.244 193.505 190.867 174.958 162.498 142.606 130.841 125.474 120.981
threshold=42.500000000000007 1.9591171265648557 33.500000000000007 0.92675747343520498 6.5000000000000009 6.0722943722943734 303.50000000000006 1.5535309657238234 119.50000000000001 17.500000000000004 30.500000000000004 379.50000000000006 15.500000000000002 2.6015133876600705 67.500000000000014 11.500000000000002 3.4127143799472299 0.78793330481678125 269.50000000000006 0.12880402771155305 0.0028348703112129072 64.500000000000014 138.50000000000003 0.0055918035520720428 12.500000000000002 0.00011810160022799057 12.500000000000002 4.5000000000000009 190.50000000000003 190.50000000000003
decision_type=2 10 2 10 2 10 2 10 2 2 2 2 2 10 2 2 10 10 2 10 10 2 2 10 2 2 2 2 2 2
left_child=4 3 12 6 9 13 8 11 19 -1 -6 14 21 18 -5 -11 29 28 27 -2 -15 -3 24 -9 -16 -7 -24 -4 -10 -14
right_child=1 2 5 7 10 25 -8 23 17 15 -12 -13 16 20 22 -17 -18 -19 -20 -21 -22 -23 26 -25 -26 -27 -28 -29 -30 -31
leaf_value=-0.025898900910650675 -0.012934044546239224 0.0068853449913193988 0.054086652296439622 0.0040695670996364931 -0.0003027487424061964 0.079038672948705493 -0.012278052053907881 0.026119105377296632 0.0071617007455602281 -0.017428873976143663 0.046321143722216976 -0.0024317474341144156 0.044266434331192553 0.063209970936229043 0.018938995138674673 -0.0055827777686840267 0.073172970831429859 0.014375818668039901 0.039126669178692029 2.0223411566490472e-05 0.098803612667195978 0.031114852077972509 0.010213725953279847 0.047170491518578939 0.037581635828753492 0.1244412248190556 0.03444007195363661 0.081827424687560296 -0.0051488971139323821 0.016110195738847748
leaf_weight=11100.891107665375 1931.5154380891472 546.38286029733717 474.55567535944283 1142.7571492306888 1018.4035943262279 135.54380097799003 3102.5863650310785 1002.1545391604304 3269.3854314237833 7516.4329480715096 266.61885011196136 1333.8652503099293 824.88673212938011 284.26374982297421 963.31139845959842 1851.7523839585483 216.68164769932628 3610.072354817763 527.70766336098313 2711.5247054304928 403.97734618186951 674.36316496506333 1461.0114181041718 661.54858016222715 886.93477644398808 361.64208550192416 254.28319788351655 283.77160003967583 960.72004609927535 173.82223526015878
leaf_count=540790 82799 19912 12296 44136 41386 2510 134388 34198 128455 339965 7224 54425 24532 5770 34771 79097 5541 133973 13602 111471 6388 22085 52170 21615 29418 4190 8706 6261 38855 5342
internal_value=-0.00015973 0.0144955 0.0542706 0.00610496 -0.0191559 0.0750412 0.000468241 0.017498 0.00363986 -0.0209575 0.00951291 0.0127626 0.0330882 0.0652273 0.0170652 -0.0150916 0.0457543 0.00897971 0.0545377 -0.0053769 0.0846643 0.0203425 0.0212187 0.0346062 0.0279527 0.112974 0.0138948 0.0649354 0.004363 0.0394706
internal_weight=49953.4 28199.3 4907.6 23291.7 21754.1 2471.46 15585.8 7705.87 12483.2 20469.1 1285.02 6042.16 2436.14 1974.28 4708.3 9368.19 1215.39 7840.18 1286.03 4643.04 688.241 1220.75 3565.54 1663.7 1850.25 497.186 1715.29 758.327 4230.11 998.709
internal_count=2046271 1037809 128429 909380 1008462 51017 629941 279439 495553 959852 48610 223626 77412 44317 169201 419062 35415 301283 32159 194270 12158 41997 125065 55813 64189 6700 60876 18557 167310 29874
is_linear=0
shrinkage=0.03


Tree=8
num_leaves=31
num_cat=0
split_feature=55 112 6 78 78 29 112 78 78 29 78 6 99 6 0 55 78 78 78 29 114 114 29 25 54 55 78 55 78 29
split_gain=15191.7 6240.04 2034.47 1672.31 1127.39 1389.23 768.404 687.031 535.539 499.353 469.946 450.064 431.007 369.925 350.835 335.851 263.272 241.722 213.502 410.713 196.231 192.531 183.046 159.439 156.132 156.106 153.94 150.255 165.746 143.526
threshold=11.500000000000002 1.6707415909409911 25.500000000000004 27.500000000000004 379.50000000000006 9.5000000000000018 3.556321084864392 52.500000000000007 190.50000000000003 8.5000000000000018 156.50000000000003 14.500000000000002 0.004778979342476391 7.5000000000000009 6.5000000000000009 89.500000000000014 158.50000000000003 15.500000000000002 386.50000000000006 13.500000000000002 1.4002341920374708 2.1705219454329781 53.500000000000007 31.500000000000004 50.500000000000007 38.500000000000007 52.500000000000007 19.500000000000004 138.50000000000003 21.500000000000004
decision_type=2 10 2 2 2 2 10 2 2 2 2 2 10 2 2 2 2 2 2 2 10 10 2 2 2 2 2 2 2 2
left_child=3 4 9 17 5 7 18 -2 11 -3 13 27 -8 23 -5 -10 24 -1 19 -4 -6 -20 -17 -9 -11 -15 -16 -7 -29 -13
right_child=1 2 6 14 20 8 12 10 15 16 -12 29 -14 25 26 22 -18 -19 21 -21 -22 -23 -24 -25 -26 -27 -28 28 -30 -31
leaf_value=-0.026097346579622985 -0.0069678827810664727 0.012168721065722029 0.040963213889797748 -0.011791381585469034 -0.0085371761988537898 0.011241474530570394 0.060961766104421944 0.0028998318538462878 0.0047734425656861769 0.044275729239689615 -0.0010250503087245286 0.041132625484087471 0.10178720947298363 0.02026102908299687 -0.0049043998166050798 0.022096841518472892 0.014516882226041281 -0.017990294050296039 0.013445926236745566 0.073734781928582654 0.0094504674915137157 0.050465555346058281 0.059895331034668521 0.014231875348667026 0.084778352949684915 0.039772671933008277 0.0076981356225625649 0.03680871871943861 0.015919832749492626 0.067111758049361175
leaf_weight=9856.6716515328735 2672.3987499531358 1349.5716508049518 758.39536340907216 5447.1403424032032 3364.0454286616296 505.82580016553402 469.05084249563515 1830.3936816006899 1377.7286453153938 451.13775105774403 2411.9634094368666 552.34597680158913 539.39853897318244 1469.8731708209962 2114.0416832659394 571.13497247174382 227.46230447664857 5071.8972238469869 241.16293493658304 672.80198881030083 647.06394507549703 272.58567139133811 144.10512315668166 2876.303075985983 113.68102332949638 502.24805697798729 1477.7010616529733 1084.3552162349224 515.58147070370615 333.85997774638236
leaf_count=493618 112139 48106 21033 241775 142006 18595 9170 70660 51096 13604 93220 16674 7744 50547 89900 18973 8057 238895 8306 13721 24793 6760 3580 102728 2981 16043 59344 35411 17738 8267
internal_value=3.481e-05 0.0159365 0.0456829 -0.0171849 0.00866118 0.0120636 0.0618169 0.00639457 0.0251587 0.0233437 0.0103244 0.0332984 0.0831929 0.0144208 -0.00699554 0.013471 0.0421834 -0.02335 0.0505486 0.0565721 -0.00562729 0.033385 0.0300753 0.0098327 0.0531001 0.0253182 0.000283981 0.0256437 0.0301478 0.0512413
internal_weight=49921.9 25954.5 5095.25 23967.5 20859.2 16848.1 2953.4 11763.2 5084.94 2141.85 9090.78 2991.97 1008.45 6678.82 9038.88 2092.97 792.281 14928.6 1944.95 1431.2 4011.11 513.749 715.24 4706.7 564.819 1972.12 3591.74 2105.76 1599.94 886.206
internal_count=2045484 921952 139482 1123532 782470 615671 66734 445337 170334 72748 333198 96685 16914 239978 391019 73649 24642 732513 49820 34754 166799 15066 22553 173388 16585 66590 149244 71744 53149 24941
is_linear=0
shrinkage=0.03


Tree=9
num_leaves=31
num_cat=0
split_feature=55 113 5 120 115 115 120 120 4 120 114 4 115 120 26 114 120 120 120 113 120 120 120 4 54 4 120 120 15 54
split_gain=14150.1 6262.45 2324.83 1619.39 1093.56 876.926 740.712 594.106 507.308 481.105 430.558 393.409 324.292 298.34 239.656 237.777 223.271 223.144 208.036 207.292 177.869 172.669 159.43 151.853 142.396 135.514 133.439 133.126 126.092 124.285
threshold=11.500000000000002 1.5262483906191433 5.5000000000000009 2.1153846153846159 1.0515167958901255 2.3043810036807617 18.576923076923084 3.9615384615384621 1.5000000000000002 4.0384615384615392 2.5182685977616859 8.5000000000000018 0.1041390374331551 29.192307692307697 149.50000000000003 3.2029577605917345 29.730769230769237 5.0384615384615392 4.1923076923076934 0.51213772257359869 55.269230769230781 3.5769230769230771 21.423076923076923 2.5000000000000004 10.500000000000002 12.500000000000002 59.11538461538462 11.423076923076925 6.5000000000000009 46.500000000000007
decision_type=2 10 2 2 10 10 2 2 2 2 10 2 10 2 2 10 2 2 2 10 2 2 2 2 2 2 2 2 2 2
left_child=3 4 8 14 6 16 9 -6 17 -2 13 21 -5 24 -1 20 28 -3 -14 -11 -13 -7 -23 -16 -9 -10 -8 29 -4 -26
right_child=1 2 5 12 7 11 26 10 25 19 -12 15 18 -15 23 -17 -18 -19 -20 -21 -22 22 -24 -25 27 -27 -28 -29 -30 -31
leaf_value=-0.025363848421380158 -0.011114836462208736 0.0031523137735584056 0.036484259036073663 -0.014085438950137889 -0.0033946305623481338 0.02691924414076725 -0.0055837650390067077 0.0082880469695989761 0.032193498405986253 0.0013836079866743076 0.036116168934760683 0.074133163288288645 -0.0069575270129430032 0.00076704646732742585 -0.01833624934426957 0.092002710848425373 0.014946017135134335 0.023161959813852457 0.0051506139490080666 0.012521085779989467 0.033219795675211196 0.064750503822762151 0.02581271461033148 0.0028347335001862178 0.024562033169992135 0.059686736690255468 -0.017010418286162319 0.015084082507809472 0.071012263802764972 0.047487716456395324
leaf_weight=11148.055644640699 1236.0791592244059 1031.2918371967971 426.6022331584245 3541.9197049289942 1200.8910248056054 185.28520828671753 2814.7921131569892 797.54450685530901 1408.4468066114932 2163.2188649792224 1158.6400531828403 386.47062258794904 3405.039668938145 961.00495904497802 3127.4080171585083 689.54314876534045 372.25529531575739 974.95047950558364 2037.2864195927978 4940.6272436808795 143.30827691033483 781.46434948220849 118.00997762940824 336.42834383808076 1371.6593641731888 187.87029376812279 1367.4041690211743 1215.494729667902 131.44916447810829 257.45092138461769
leaf_count=562422 53988 38520 11087 157960 48900 4314 119106 27487 42620 84128 32641 6249 149164 38716 154532 7846 12253 30698 84121 180051 2870 14707 2729 16228 44689 4804 61660 41107 3025 7892
internal_value=-0.000187166 0.0149345 0.0396267 -0.0170551 0.00626235 0.05808 0.000961112 0.0157889 0.0230017 0.0061271 0.0197866 0.0680223 -0.00702688 0.0156417 -0.0232165 0.0799198 0.0332241 0.0129096 -0.00242438 0.00913293 0.0634799 0.0543437 0.0598128 -0.0162789 0.01956 0.0356054 -0.00933566 0.0227003 0.0451757 0.0283192
internal_weight=49917.9 26321.8 6836.95 23596.1 19484.8 3234.39 12522.1 6962.69 3602.56 8339.93 5761.79 2304.08 8984.25 4603.15 14611.9 1219.32 930.307 2006.24 5442.33 7103.85 529.779 1084.76 899.474 3463.84 3642.15 1596.32 4182.2 2844.61 558.051 1629.11
internal_count=2046514 922087 181722 1124427 740365 65080 498933 241432 116642 318167 192532 38715 391245 159891 733182 16965 26365 69218 233285 264179 9119 21750 17436 170760 121175 47424 180766 93688 14112 52581
is_linear=0
shrinkage=0.03


Tree=10
num_leaves=31
num_cat=0
split_feature=55 115 0 78 78 115 78 0 0 78 4 78 112 19 78 78 88 84 115 4 75 0 78 31 9 0 55 0 115 78
split_gain=13454.2 5548.64 2611.49 1626.78 903.861 881.433 755.179 714.181 359.174 325.883 322.514 331.109 283.16 261.289 257.419 248.526 244.286 231.365 189.233 180.914 166.432 148.785 147.477 147.074 133.426 122.34 120.33 113.427 104.351 101.607
threshold=11.500000000000002 1.5942501032915579 32.500000000000007 27.500000000000004 335.50000000000006 3.8256535947712424 50.500000000000007 12.500000000000002 6.5000000000000009 45.500000000000007 9.5000000000000018 146.50000000000003 1.2062446459693383 2.5000000000000004 58.500000000000007 12.500000000000002 0.60019280205655556 0.1052327350167326 1.0515167958901255 2.5000000000000004 3159.5000000000005 11.500000000000002 150.50000000000003 22.500000000000004 21.317201077199666 51.500000000000007 17.500000000000004 9.5000000000000018 0.72225025662258813 768.50000000000011
decision_type=2 10 2 2 2 10 2 2 2 2 2 2 10 2 2 2 8 10 10 2 2 2 2 2 2 2 2 2 10 2
left_child=3 4 6 15 7 12 27 9 -5 -2 11 14 20 19 -9 -1 24 -14 29 -7 -4 -17 26 -10 -8 -16 -11 -3 -13 -6
right_child=1 2 5 8 18 13 16 10 23 22 -12 28 17 -15 25 21 -18 -19 -20 -21 -22 -23 -24 -25 -26 -27 -28 -29 -30 -31
leaf_value=-0.026525874179874336 -0.013303988516740002 -0.0062552667583163088 0.038983536599061966 -0.011551665337804645 -0.0059972798928128006 0.039550392076111454 0.026415728249777701 0.0014931367857128092 -0.0020461368421589095 0.00068383253222766016 0.03719487894351136 0.00051294947087288155 0.037647418806022695 0.10162569422194194 0.021286500214594301 -0.020607432270150994 0.017575269067120633 0.059874630648440466 0.0037490483345497413 0.069831539052099101 0.011793648783269805 -0.0083748350006864845 -0.0042299550152824182 0.014044906883320329 0.043889290661522709 0.041354056950656408 0.010966264123577974 0.010225819859371602 0.011654184057342696 -0.016903749439628097
leaf_weight=7925.0832929424942 1069.1729458682239 827.4780832901597 425.55571356788278 5349.8434338085353 1766.2088086530566 241.77233700267971 847.8679218236357 574.10797378979623 2958.7976094298065 1596.744600892067 562.70521329902112 1458.3366526514292 997.0780031234026 213.11545243673027 2602.6754400059581 5263.3474628441036 1328.0158351417631 793.45054642297328 1083.2806080970913 1051.8935018572956 394.32520592957735 1089.6446316875517 1287.7413511108607 612.79749816097319 796.83984128572047 308.99631374143064 2855.5681140646338 680.22167251072824 1568.4895884338766 1368.6369980797172
leaf_count=416934 47634 34321 11348 241973 76551 4490 24672 21970 124258 61847 17331 55636 23221 2236 86604 263724 41388 16284 42411 13571 12633 51930 50799 24872 21587 9304 104866 24117 54944 62592
internal_value=1.76451e-05 0.0145369 0.034374 -0.0166921 0.00510867 0.0516127 0.018493 0.00880289 -0.006637 0.00186464 0.0154742 0.0135704 0.0409216 0.0699377 0.0198689 -0.0229703 0.0272522 0.0476364 -0.00704739 0.0643464 0.0260572 -0.0185176 0.00469914 0.000730464 0.0349888 0.0234834 0.00728355 0.00118965 0.00629599 -0.0107783
internal_weight=49899.8 26700.3 8597.61 23199.5 18102.7 4117.19 4480.42 13884.5 8921.44 6809.23 7075.31 6512.61 2610.41 1506.78 3485.78 14278.1 2972.72 1790.53 4218.13 1293.67 819.881 6352.99 5740.05 3571.6 1644.71 2911.67 4452.31 1507.7 3026.83 3134.85
internal_count=2046048 922357 229868 1123691 692489 83783 146085 510935 391103 265146 245789 228458 63486 20297 117878 732588 87647 39505 181554 18061 23981 315654 217512 149130 46259 95908 166713 58438 110580 139143
is_linear=0
shrinkage=0.03


Tree=11
num_leaves=31
num_cat=0
split_feature=55 113 6 78 115 78 78 113 112 4 78 25 78 29 113 78 19 78 78 78 54 78 5 78 77 85 4 5 78 78
split_gain=12682.9 5272.53 1833.02 1618.16 1125.27 661.403 517.159 475.397 442.503 387.863 352.71 326.048 288.694 246.839 242.412 239.379 233.492 180.828 179.412 156.485 155.77 151.659 145.138 143.259 147.659 139.225 116.17 112.518 109.613 107.421
threshold=11.500000000000002 1.6327825741902042 25.500000000000004 27.500000000000004 1.0585132716969878 318.50000000000006 46.500000000000007 2.7896414520743926 1.584613613647339 6.5000000000000009 54.500000000000007 22.500000000000004 393.50000000000006 4.5000000000000009 0.60750175861722455 65.500000000000014 1.0000000180025095e-35 278.50000000000006 16.500000000000004 44.500000000000007 10.500000000000002 136.50000000000003 2.5000000000000004 124.50000000000001 65.500000000000014 0.78951085340469829 2.5000000000000004 1.5000000000000002 187.50000000000003 718.50000000000011
decision_type=2 10 2 2 10 2 2 10 10 2 2 2 2 2 10 2 2 2 2 2 2 2 2 2 2 10 2 2 2 2
left_child=3 4 9 13 5 10 -6 17 12 15 -2 -5 20 18 -12 -3 25 26 -1 -13 -8 27 -15 24 -16 29 -4 -17 -11 -9
right_child=1 2 7 11 6 -7 8 16 -10 28 14 19 -14 22 23 21 -18 -19 -20 -21 -22 -23 -24 -25 -26 -27 -28 -29 -30 -31
leaf_value=-0.026322570444035139 -0.0091991450767245318 0.0074839140691391358 0.036040615218071358 -0.012349646790950745 -0.0043788644908117737 -0.010831485270498348 0.0070571610130749345 0.06314696706143394 0.033616478043183913 0.053060270169149756 0.00089103268169927921 -0.0069439155383423769 -0.00058800777561707576 -0.012087301593115793 0.0093172508026360609 0.022395279899759979 0.084272494007761573 0.028695341541727221 -0.018487056234039744 0.0042326865046449736 0.020845366840874985 0.01096068388319393 0.030732012341709285 0.0064463788771160586 0.024278427422802101 0.027085612109221127 0.057634739736744107 0.042929359310630938 0.01890685858827669 0.014008936352781271
leaf_weight=9079.7743136808276 1371.1367702931166 1303.6121023092419 405.7142148707062 4333.2835872266442 1022.5122589468956 3223.0272101052105 954.18228995427489 994.48373652994633 1381.3016447275877 389.21806259453297 3284.3989329393953 2061.2372056767344 935.29909838922322 1029.7688536215574 1219.9975273273885 561.73098861984909 431.87280916422606 638.45239946246147 3790.3684647027403 2476.578241430223 3346.1535189058632 473.46996434219182 71.774257019162178 2555.3695583883673 1170.6383580863476 133.79401130229235 635.81594646908343 448.80791725404561 117.27821793034673 45.125767484307289
leaf_count=488481 60243 45891 9367 199490 42324 144512 32499 13246 37745 8950 127027 91157 37125 52385 43378 16915 4913 16171 188574 100706 105159 13923 3430 93509 39690 2350 11471 11898 3302 720
internal_value=-3.79057e-05 0.0138632 0.0372143 -0.0164947 0.00634834 0.000917312 0.015459 0.0530633 0.0185255 0.0213514 0.00486471 -0.00646909 0.0145158 -0.0228558 0.00721183 0.0169059 0.0648288 0.041662 -0.024023 -0.000846179 0.0177977 0.0251296 -0.00917103 0.011404 0.0166788 0.0573453 0.0494354 0.0316815 0.0454142 0.0610913
internal_weight=49886.2 27043.4 6579.38 22842.8 20464 12824.6 7639.45 3285.26 6616.94 3294.12 9601.54 8871.1 5235.63 13971.7 8230.4 2787.62 1605.28 1679.98 12870.1 4537.82 4300.34 1484.01 1101.54 4946.01 2390.64 1173.4 1041.53 1010.54 506.496 1039.61
internal_count=2046551 922328 159117 1124223 763211 508359 254852 58238 212528 100879 363847 391353 174783 732870 303604 88627 21229 37009 677055 191863 137658 42736 55815 176577 83068 16316 20838 28813 12252 13966
is_linear=0
shrinkage=0.03


Tree=12
num_leaves=31
num_cat=0
split_feature=55 113 6 78 115 78 78 115 4 19 78 0 78 6 78 67 115 55 78 14 78 78 4 25 118 6 114 115 114 78
split_gain=12063.1 4681.9 1879.91 1348 846.294 705.518 762.633 494.77 479.838 360.278 325.782 315.676 289.636 203.864 166.087 169.557 164.278 163.688 157.203 153.869 153.829 142.415 141.811 125.247 124.345 122.709 119.324 118.297 111.291 111.088
threshold=10.500000000000002 1.290085906390084 24.500000000000004 22.500000000000004 2.3043810036807617 329.50000000000006 54.500000000000007 0.67544323653874228 2.5000000000000004 1.0000000180025095e-35 265.50000000000006 10.500000000000002 48.500000000000007 12.500000000000002 187.50000000000003 5.5000000000000009 1.0585132716969878 2.5000000000000004 42.500000000000007 1.0000000180025095e-35 124.50000000000001 138.50000000000003 4.5000000000000009 35.500000000000007 0.37060833723657732 10.500000000000002 0.85010548523206764 0.16153630206688427 1.8566949210943424 353.50000000000006
decision_type=2 10 2 2 10 2 2 10 2 2 2 2 2 2 2 2 10 2 2 2 2 2 2 2 10 2 10 10 10 2
left_child=3 5 8 17 10 6 25 20 12 19 24 18 -3 -9 15 -10 -7 -1 -5 -6 23 -15 -19 -8 -4 -2 -11 -20 -12 -21
right_child=1 2 4 11 9 16 7 13 14 26 28 -13 -14 21 -16 -17 -18 22 27 29 -22 -23 -24 -25 -26 -27 -28 -29 -30 -31
leaf_value=-0.02659282965204144 -0.010128004063446688 -0.001877764130121891 0.047201307698439623 -0.015896636578126695 0.040867180155656269 -0.011135878201263558 0.0026095550853268124 0.011193694370820535 0.027399159266170058 0.018285778749705592 0.0072307229799056585 0.00062650041002188905 0.016488663669398676 0.029726277651544796 0.012262817622507327 0.050280948449798774 0.0031819571427962735 -0.019999665431957692 -0.012973772004258127 0.064171792034918171 -0.0014511668627072722 0.015528275673126127 0.015837402388848502 0.015441337677388119 0.018886682303623635 0.0084650605714651061 0.075972596477189111 -0.0015504037397960516 0.030443069231835453 0.036157233156432891
leaf_weight=7622.6570760942996 2350.7825318314135 1112.3749073259532 595.12494915351272 4048.4580915533006 1416.8745918124914 2962.0797205492854 1486.3939618375152 3578.9818187002093 963.94695131108165 37.922813354060054 649.50654454156756 2381.4635118469596 2519.0694666635245 1222.2923833429813 386.94169924221933 435.65360777080059 950.31916416995227 4083.6976022012532 1564.9839948434383 619.71606919169426 2792.3488179221749 1368.3620301261544 98.349458783864975 1268.077584573999 194.45189421623945 365.6989537216723 624.18890501186252 1701.8253364618868 258.16059526242316 189.96409997157753
leaf_count=417284 103332 44976 14347 196147 25016 134715 57276 122163 27110 884 22767 100526 78161 35687 12036 10665 36135 217049 71379 7673 107548 44571 4854 44377 4870 13753 7671 73610 6634 3081
internal_value=-0.000211343 0.01264 0.0291442 -0.0171545 0.0432747 0.00363452 0.00669735 0.0100173 0.017155 0.0531618 0.0263403 -0.00885987 0.0108679 0.0158595 0.0298687 0.0346752 -0.00765846 -0.0239614 -0.0119465 0.0471629 0.00351065 0.0222714 -0.019139 0.0085342 0.0403909 -0.00761401 0.0728304 -0.0070343 0.0139634 0.0578614
internal_weight=49850.7 28349.2 10003.9 21501.4 4585.91 18345.3 14432.9 11716.5 5417.99 2888.67 1697.24 9696.73 3631.44 6169.64 1786.54 1399.6 3912.4 11804.7 7315.27 2226.55 5546.82 2590.65 4182.05 2754.47 789.577 2716.48 662.112 3266.81 907.667 809.68
internal_count=2046297 965448 265891 1080849 92943 699557 528707 411622 172948 44325 48618 441662 123137 202421 49811 37775 170850 639187 341136 35770 209201 80258 221903 101653 19217 117085 8555 144989 29401 10754
is_linear=0
shrinkage=0.03


Tree=13
num_leaves=31
num_cat=0
split_feature=55 115 1 78 78 0 115 78 78 78 25 0 112 78 78 78 78 84 4 112 0 9 103 46 107 115 78 78 53 77
split_gain=11389.5 4327.45 2045.53 1360.47 732.145 688.773 643.081 557.567 322.785 276.337 276.288 275.593 249.312 228.7 209.834 175.575 168.545 168.033 156.822 153.05 146.223 142.25 131.251 122.063 121.896 120.858 117.717 115.786 113.547 108.545
threshold=10.500000000000002 1.5774803011330669 140.50000000000003 26.500000000000004 386.50000000000006 12.500000000000002 3.8256535947712424 50.500000000000007 45.500000000000007 180.50000000000003 27.500000000000004 53.500000000000007 1.2062446459693383 39.500000000000007 7.5000000000000009 150.50000000000003 58.500000000000007 0.090881741603763277 5.5000000000000009 1.2951848587401227 16.500000000000004 15.961390130604771 0.049520277105109901 23.500000000000004 0.00016953901010902632 6.0722943722943734 124.50000000000001 65.500000000000014 11.500000000000002 43.500000000000007
decision_type=2 10 2 2 2 2 10 2 2 2 2 2 10 2 2 2 2 10 2 10 2 2 10 2 2 10 2 2 2 2
left_child=3 4 7 14 5 8 12 -3 -2 11 -5 16 23 -8 -1 28 -7 27 -11 -6 -16 -9 -19 -4 -15 -26 -18 -14 -10 -12
right_child=1 2 6 10 19 9 13 21 15 18 29 -13 17 24 20 -17 26 22 -20 -21 -22 -23 -24 -25 25 -27 -28 -29 -30 -31
leaf_value=-0.027781196098064391 -0.013488605551080834 -0.0006332363624925127 0.027857357972422767 -0.011900282869863377 -0.011263823102952904 0.00017916110126821194 0.027016845686675058 0.014311049579187232 0.00074810974362110041 0.0012923401431177042 -0.0063084381428391281 0.035559540268891854 0.01152479701555117 0.048691711700169817 -0.021158772933655055 -0.0062727629455888671 0.021110186313182122 0.05585587834848129 0.016583146468821617 0.0044477120585693954 -0.0072565399083235112 0.02795207182267186 0.034389797310336617 0.0058152787804004102 0.055023936594224977 0.078192147513685167 0.010068655468768917 0.035596961261765127 0.0099934139026479733 0.004337239419352326
leaf_weight=4896.9046293888241 1270.7916195988655 1595.4746250044554 812.22753320448101 4824.238737123087 2898.3871498573571 632.59415580704808 235.62442526035011 1317.4490373767912 2193.3072610292584 2118.8237857595086 1653.6805003844202 640.83690414205194 235.45770666189492 663.98984398879111 7216.3456509262323 1396.8486457634717 2307.4550448507071 681.07142373919487 839.69419242069125 687.87650664150715 759.22432644851506 1484.489965191111 469.52253893762827 316.91807622462511 496.69971598312259 469.18743897043169 1417.5397560335696 852.66134322807193 2625.4989751502872 1789.7875951398164
leaf_count=277964 58776 63357 21569 227017 130678 24480 4951 38462 83041 79479 71963 17981 6504 10037 390541 55476 72731 12908 28622 27997 38656 39892 9229 9749 5388 3867 47178 17916 95383 74074
internal_value=-7.03841e-05 0.0122504 0.0286312 -0.0167731 0.00395491 0.00679047 0.0412987 0.0135259 0.000257644 0.012933 -0.00727072 0.0172321 0.0333779 0.0554709 -0.022871 0.00307665 0.0144991 0.0391945 0.00565287 -0.00824822 -0.0198407 0.0215751 0.0472829 0.0217237 0.0594892 0.0666228 0.0169275 0.0304645 0.0057905 -0.000776942
internal_weight=49800.6 28660.4 9630.77 21140.2 19029.7 15443.4 5233.36 4397.41 7486.45 7956.94 8267.71 4998.43 3367.86 1865.5 12872.5 6215.65 4357.59 2238.71 2958.52 3586.26 7975.57 2801.94 1150.59 1129.15 1629.88 965.887 3724.99 1088.12 4818.81 3443.47
internal_count=2045866 965651 243829 1080215 721822 563147 102118 141711 292676 270471 373054 162370 77875 24243 707161 233900 144389 46557 108101 158675 429197 78354 22137 31318 19292 9255 119909 24420 178424 146037
is_linear=0
shrinkage=0.03


Tree=14
num_leaves=31
num_cat=0
split_feature=120 115 4 113 31 0 120 54 112 6 120 115 120 4 120 120 4 120 120 69 120 114 120 0 120 5 114 114 109 115
split_gain=10726.8 5349.15 1064.19 894.52 868.092 456.9 451.919 434.031 421.996 344.823 334.179 258.7 285.074 250.429 223.513 213.405 196.815 192.083 160.442 158.289 154.45 140.662 125.383 117.495 114.003 114.049 113.736 102.359 90.923 90.8862
threshold=2.9615384615384621 1.7339687194525906 4.5000000000000009 0.75989481646468737 10.500000000000002 16.500000000000004 29.730769230769237 10.500000000000002 2.2790410565604371 14.500000000000002 1.2692307692307694 0.26002047566545922 43.807692307692314 14.500000000000002 11.269230769230772 5.3461538461538476 2.5000000000000004 14.653846153846155 4.5000000000000009 1.0000000180025095e-35 14.80769230769231 1.6256962296486719 5.0384615384615392 47.500000000000007 18.88461538461539 12.500000000000002 0.32835194045720367 0.83892451084082509 1.0109819835521764e-05 2.8903362280115794
decision_type=2 10 2 10 2 2 2 2 10 2 2 10 2 2 2 2 2 2 2 2 2 10 2 2 2 2 10 10 2 10
left_child=4 3 9 11 10 -6 7 26 17 22 -1 -2 18 14 15 -9 -7 -4 -13 -10 -20 -8 -3 -17 25 28 -5 -19 -11 -21
right_child=1 2 8 6 5 16 21 13 19 24 -12 12 -14 -15 -16 23 -18 27 20 29 -22 -23 -24 -25 -26 -27 -28 -29 -30 -31
leaf_value=-0.025839629866872244 -0.0084627316407752239 0.0063270768103513867 0.047038545108258341 -0.0031692255836754057 -0.011586413567597287 0.001224016083413316 -0.0066466186885218853 0.0091254133387354847 0.04658232670089215 0.008101906320237464 -0.016535238985267622 -0.0068319923127742183 -0.015784906648159399 0.041310565510127621 0.0075476753342500801 0.020587095878033323 0.029654123999058361 0.010269842345198765 0.0087913730019874986 0.048026628343600601 -0.0024266485730350651 0.013217440519272138 0.020640139350209304 0.03788005110164229 0.012255461063080696 0.046133953510891994 0.0088841826117851685 0.032132405135029539 0.031838796797309762 0.074029674280716287
leaf_weight=8283.7397881206125 4278.1316485479474 992.37991271726787 711.51574093103409 1729.1981053166091 2756.7530280575156 530.5034770090133 1867.629108004272 1486.9867954067886 742.2633109074086 168.26653315126896 6058.6480399910361 1205.2886763960123 815.78041714243591 317.22736352309585 2792.1080198679119 2496.3171029929072 368.94882367923856 268.54380187019706 3550.0516225583851 209.6416514031589 1599.8432176988572 382.36316222511232 1250.5336835086346 418.99657054618001 263.68489187583327 498.61107412725687 1181.9858641512692 738.66912793368101 1284.0388201922178 541.12906748987734
leaf_count=478913 184767 34640 13389 68268 135119 21560 81853 54570 8908 4699 304098 52353 38552 8396 94627 77831 11098 7106 130927 3416 66300 13707 35100 11128 6329 7727 41818 14401 30342 4555
internal_value=-8.71308e-05 0.0103898 0.0322054 0.00344861 -0.0185905 -0.00553212 0.00893818 0.0115694 0.0453737 0.022677 -0.0219163 -0.00262895 0.000854905 0.0153784 0.0142071 0.0184174 0.0129853 0.0350455 0.0030016 0.0571065 0.00530746 -0.0032491 0.0143355 0.0231331 0.0310739 0.0335796 0.00173149 0.0263829 0.0291258 0.0671345
internal_weight=49789.8 31791.2 7669.28 24121.9 17998.6 3656.21 12672.8 10422.8 3211.76 4457.51 14342.4 11449.1 7170.96 7511.64 7194.41 4402.3 899.452 1718.73 6355.18 1493.03 5149.89 2249.99 2242.91 2915.31 2214.6 1950.92 2911.18 1007.21 1452.31 750.771
internal_count=2046497 1095709 170612 925097 950788 167777 452198 356638 51775 118837 783011 472899 288132 246552 238156 143529 32658 34896 249580 16879 197227 95560 69740 88959 49097 42768 110086 21507 35041 7971
is_linear=0
shrinkage=0.03


Tree=15
num_leaves=31
num_cat=0
split_feature=78 115 112 30 113 0 78 0 78 115 113 78 0 115 78 78 118 29 3 50 78 54 114 112 54 46 113 54 0 78
split_gain=10294.8 4851.69 1043.41 899.388 753.509 468.397 389.768 358.146 348.456 312.54 277.235 292.42 251.175 211.331 210.419 184.747 172.706 165.774 135.695 132.717 118.029 114.656 108.764 106.865 106.738 105.206 104.908 93.733 87.3195 79.0718
threshold=40.500000000000007 1.5942501032915579 1.8579147369671065 2.5000000000000004 0.86188809244337417 24.500000000000004 16.500000000000004 11.500000000000002 365.50000000000006 3.8256535947712424 0.2683052681920009 569.50000000000011 20.500000000000004 2.4381804857621447 58.500000000000007 190.50000000000003 0.45408758224139129 6.5000000000000009 4.5000000000000009 137.50000000000003 65.500000000000014 10.500000000000002 0.76500401330122703 2.0054143954047245 7.5000000000000009 15.500000000000002 1.3237645650409642 7.5000000000000009 4.5000000000000009 126.50000000000001
decision_type=2 10 10 2 10 2 2 2 2 10 10 2 2 10 2 2 10 2 2 2 2 2 10 10 2 2 10 2 2 2
left_child=3 4 7 6 10 24 -1 20 12 21 -2 14 27 25 -12 19 26 -7 -11 -16 -3 -4 -15 -10 -5 -9 29 -6 -8 -14
right_child=1 2 9 5 8 17 28 13 23 18 11 -13 16 22 15 -17 -18 -19 -20 -21 -22 -23 -24 -25 -26 -27 -28 -29 -30 -31
leaf_value=-0.025716453951313962 -0.011662131464389205 0.0017678936028867726 0.02015953587268967 -0.014178761960889583 -0.0004000130767249227 0.0026018414053315272 -0.018698143109138199 0.024269208818624016 -0.0048963572076322478 0.039827196322164422 -0.0072745077666920167 -0.013897045315503847 0.024928494853718161 0.023363985963644793 0.0012341930202956224 -0.0028746483304338292 0.0075544834480596734 0.032718709996950535 0.061776232215253017 0.010675431066877066 0.017555753107599548 0.03930481380995085 0.039248455731589971 0.020706283817690029 -0.0031318975644882268 0.0088838602286686365 0.028032765870603295 0.0097636068577439516 -0.011467818428010456 0.01093554745654466
leaf_weight=8125.9333868604153 2064.1647842861712 783.16702730022371 378.73233636654913 1990.2618524786085 1153.5513661839068 325.69511836208403 3719.7807008568197 1488.0797992907465 1609.7327485512942 413.91123476624489 1801.5775748658925 1162.0525310914963 587.74973304197192 603.53868590667844 2187.339982278645 2422.3106168676168 1128.1451762784272 329.27729857899249 883.85989552922547 3460.1583008281887 933.16328885033727 1335.3614075891674 1261.631872182712 156.45225480012596 1305.9343119394034 557.41398763284087 1241.996367521584 2788.0924049858004 2582.8642139807343 980.76426398567855
leaf_count=481509 91619 27543 9464 98925 44893 12076 193103 38648 69380 5266 78877 55360 18280 14775 87483 100069 35739 8741 7226 122395 26456 22996 23456 5384 59583 16040 35121 96951 126683 32664
internal_value=-6.9017e-05 0.010373 0.0295053 -0.0178964 0.00310105 -0.00520668 -0.0213684 0.0218443 0.00946148 0.0437583 -0.00158528 0.000304356 0.0121594 0.0268571 0.00198232 0.00405213 0.017515 0.0178758 0.0549555 0.00702306 0.0103778 0.0351456 0.0341847 -0.00257637 -0.00981343 0.0201085 0.0214927 0.00679241 -0.0157465 0.0162415
internal_weight=49762.7 31382.9 8638.86 18379.7 22744.1 3951.17 14428.6 5626.99 9646.48 3011.86 13097.6 11033.4 7880.3 3910.66 9871.39 8069.81 3938.66 654.972 1297.77 5647.5 1716.33 1714.09 1865.17 1766.19 3296.2 2045.49 2810.51 3941.64 6302.64 1568.51
internal_count=2046705 1066085 191870 980620 874215 179325 801295 146918 338412 44952 535803 444184 263648 92919 388824 309947 121804 20817 12492 209878 53999 32460 38231 74764 158508 54688 86065 141844 319786 50944
is_linear=0
shrinkage=0.03


Tree=16
num_leaves=31
num_cat=0
split_feature=120 115 112 31 113 113 0 120 120 113 120 114 54 120 101 120 107 4 120 54 67 50 114 93 92 92 104 0 115 120
split_gain=9844.26 4396.65 911.789 794.648 714.455 465.322 425.615 327.196 318.198 276.955 305.692 252.803 216.589 201.762 198.245 180.106 146.717 142.795 142.044 134.356 126.926 121.215 114.918 114.545 136.876 110.383 91.7211 85.8054 84.5993 74.1737
threshold=2.9615384615384621 1.5942501032915579 1.2501849499177558 10.500000000000002 0.86188809244337417 2.3639448786507615 16.500000000000004 1.2692307692307694 42.730769230769234 0.27544255476904905 43.807692307692314 0.35194686211635368 10.500000000000002 4.5000000000000009 0.0024132732211118823 14.80769230769231 4.0784452455883159e-05 2.5000000000000004 17.80769230769231 8.5000000000000018 3.5000000000000004 113.50000000000001 3.2029577605917345 1.6000690994439095 -1.5072745972127397 5.0813198707144771 0.040834451009533486 11.500000000000002 7.4365079365079376 5.0384615384615392
decision_type=2 10 10 2 10 10 2 2 2 10 2 10 2 2 10 2 2 2 2 2 2 2 10 10 10 10 10 2 10 2
left_child=3 4 12 7 9 16 -5 -1 11 -2 13 19 29 -11 28 21 -4 -8 20 -6 -14 -15 -18 24 -13 -25 -23 -9 -7 -3
right_child=1 2 5 6 8 14 17 27 -10 10 -12 23 18 15 -16 -17 22 -19 -20 -21 -22 26 -24 25 -26 -27 -28 -29 -30 -31
leaf_value=-0.02563525004558339 -0.011496359853763816 -0.0032662632274769758 0.015756211192416499 -0.011816984510731427 -0.0036458923419725826 0.035565034965527792 0.001611773222823937 -0.017903400188006693 -0.0055572758726869205 -0.0067320309120182274 -0.014550629796415724 0.018999753513196181 0.018791573384575377 3.9355510654261388e-05 0.059697644769482854 -0.0030403057311162432 0.024983194973172564 0.025513238416103451 0.010631913002810859 0.0086562284756144317 0.032693892593386439 0.0082561820071888753 0.04008981365740516 0.026319858442463092 0.0036071324858382458 0.013799150352843128 0.024627100163182841 -0.0082283714919049213 0.053844336894182117 0.01391193038079476
leaf_weight=7889.5976116918027 2198.7826829645783 507.52690697088838 684.36356833763421 2693.9063503779471 1092.8782172240317 1077.8177135344595 528.6817594897002 4869.4690105896443 1210.0057294741273 1987.9154828153551 1139.2894838806242 921.88427771441638 1468.1645085345954 1675.7483132556081 737.59660431556404 2355.9320185724646 1011.0305415354669 387.52355925738811 909.78051112778485 2942.5095562469214 1026.2896803822368 3679.509847285226 889.79261554405093 1232.1016789153218 1190.9713511001319 1347.9039907157421 333.17280488833785 1008.5696188695729 322.88501658849418 400.99735253304243
leaf_count=479246 98822 18490 18014 135050 43379 14509 21499 256319 52314 88239 55011 29783 40318 68089 7469 97696 22520 11179 23896 100760 24604 130155 15086 39132 39172 42680 11640 47786 2835 11253
internal_value=-0.000143705 0.00964028 0.0273982 -0.018352 0.00275151 0.0365051 -0.00581399 -0.0216364 0.0088415 -0.00177682 0.000140463 0.0108397 0.0173933 0.00181524 0.0468887 0.0039303 0.0278426 0.0118049 0.0208627 0.00532414 0.0245653 0.00681739 0.0321414 0.0155717 0.0103523 0.0198179 0.00964442 -0.0162517 0.0399552 0.00435036
internal_weight=49722.6 32344.9 9036.25 17377.7 23308.6 4723.49 3610.11 13767.6 9938.25 13370.4 11171.6 8728.25 4312.76 10032.3 2138.3 8044.36 2585.19 916.205 3404.23 4035.39 2494.45 5688.43 1900.82 4692.86 2112.86 2580.01 4012.68 5878.04 1400.7 908.524
internal_count=2046945 1095866 198994 951079 896872 80433 167728 783351 347220 549652 450830 294906 118561 395819 24813 307580 55620 32678 88818 144139 64922 209884 37606 150767 68955 81812 141795 304105 17344 29743
is_linear=0
shrinkage=0.03


Tree=17
num_leaves=31
num_cat=0
split_feature=120 115 31 112 113 0 120 120 113 4 120 115 0 101 29 115 17 120 120 4 120 0 120 112 114 0 5 120 107 5
split_gain=9255.98 3969.32 1015.58 818.853 611.139 471.16 427.918 423.847 413.798 280.202 201.661 213.836 170.186 157.905 148.345 146.538 142.894 123.976 119.218 117.494 111.696 103.421 99.4527 97.357 89.4953 85.5235 84.8685 83.2802 81.2512 80.0241
threshold=3.2692307692307696 1.5196436413827721 10.500000000000002 1.2501849499177558 0.70397825807606618 16.500000000000004 1.2692307692307694 29.730769230769237 2.4887685547054188 1.5000000000000002 15.730769230769232 0.1041390374331551 4.5000000000000009 0.00099626407176475989 5.5000000000000009 2.4773038711887638 1.0000000180025095e-35 4.7307692307692317 10.192307692307693 12.500000000000002 10.346153846153848 11.500000000000002 5.2692307692307701 1.4648536149569282 4.3398594377510049 3.5000000000000004 4.5000000000000009 1.5769230769230773 4.0784452455883159e-05 1.5000000000000002
decision_type=2 10 2 10 10 2 2 2 10 2 2 10 2 10 2 10 2 2 2 2 2 2 2 10 10 2 2 2 2 2
left_child=2 4 6 12 10 27 -1 9 16 17 11 -2 -3 -10 -7 -14 28 -6 29 20 22 -8 -11 -9 -18 -13 -16 -4 -5 -19
right_child=1 3 5 8 7 14 21 23 13 19 -12 25 15 -15 26 -17 24 18 -20 -21 -22 -23 -24 -25 -26 -27 -28 -29 -30 -31
leaf_value=-0.025482353932969319 -0.008281589562441358 0.0038187047137559558 -0.017484084553385442 0.0137207865509071 -0.0018971702722173779 0.001980273747365857 -0.016770406032605704 -0.0073512298830347737 0.037882818420234138 0.0093413646301695307 -0.010071845859157611 -0.0022555580976474621 0.014565101825007799 0.055418928500091107 0.013837179690404463 0.026702057442783519 0.031017628672195895 0.0084622835881534766 0.0013704970334287268 0.031415554459466651 0.0088961286357676361 -0.0068364407692054433 0.023570896164251162 0.0091804414364709021 0.053371102987368697 0.0060548536527975164 0.038122900833077594 -0.0067186956108190501 0.026914751461314661 0.01958047261601286
leaf_weight=7705.1813222318888 2057.7455089055002 741.61406915076077 926.73751240968704 633.17266665026546 1479.234167098999 577.16015135683119 5377.9655937366188 1848.0599951241165 1219.1224341485649 663.34766107238829 2508.8770264349878 1690.1437941323966 2205.9667913019657 826.35630298405886 332.06057317741215 1536.6325652822852 605.54917200468481 1936.2409990504384 1507.2451225500554 386.7632513474673 1935.2955110128969 1155.420475943014 1381.2488589454442 383.22539840266109 240.90587197989225 3255.1392542067915 218.06838325969875 2155.8369286675006 1360.597855867818 839.12288771942258
leaf_count=479794 92233 23826 52101 16145 59086 22670 284523 83895 14218 23475 112646 70207 61825 7689 11556 34884 12002 66323 52526 10303 63963 54215 40252 14773 3295 121115 3990 100803 27181 25689
internal_value=-1.56147e-05 0.00993366 -0.0168624 0.0262656 0.00293258 -0.00391181 -0.0206887 0.00733059 0.0347637 0.00993727 -0.00278305 -0.000166472 0.0169782 0.0450851 0.0126477 0.0195773 0.0272643 0.00558578 0.00816963 0.0156661 0.0140981 -0.0150202 0.0189883 -0.00449772 0.0376556 0.0032152 0.0237206 -0.00997825 0.0227695 0.011853
internal_weight=49690 31241.6 18448.4 9369.92 21871.7 4209.86 14238.6 12359.8 4885.7 10128.5 9511.91 7003.03 4484.21 2045.48 1127.29 3742.6 2840.23 5761.84 4282.61 4366.66 3979.89 6533.39 2044.6 2231.29 846.455 4945.28 550.129 3082.57 1993.77 2775.36
internal_count=2047203 1037551 1009652 201065 836486 191120 818532 440285 80530 341617 396201 283555 120535 21907 38216 96709 58623 203624 144538 137993 127690 338738 63727 98668 15297 191322 15546 152904 43326 92012
is_linear=0
shrinkage=0.03


Tree=18
num_leaves=31
num_cat=0
split_feature=78 115 112 31 113 78 0 17 78 78 78 78 115 54 112 112 54 115 6 78 51 78 54 0 114 78 115 85 25 77
split_gain=8882.39 3774.91 811.626 744.257 507.432 446.727 348.064 330.972 330.799 324.926 302.514 262.603 205.609 197.917 168.086 141.852 126.642 126.469 123.216 120.909 145.017 115.947 115.164 102.427 102.344 98.5732 86.929 84.4522 83.0564 76.4169
threshold=37.500000000000007 1.4447000983284173 1.6707415909409911 10.500000000000002 0.5013992208655037 742.50000000000011 30.500000000000004 1.0000000180025095e-35 61.500000000000007 126.50000000000001 16.500000000000004 65.500000000000014 2.4381804857621447 10.500000000000002 1.584613613647339 3.0341204438951377 21.500000000000004 4.6463167979561435 10.500000000000002 231.50000000000003 383.50000000000006 142.50000000000003 7.5000000000000009 9.5000000000000018 0.44861240550895726 74.500000000000014 0.68409587977987873 0.74990087232355285 29.500000000000004 9.5000000000000018
decision_type=2 10 10 2 10 2 2 2 2 2 2 2 10 2 10 10 2 10 2 2 2 2 2 2 10 2 10 10 2 2
left_child=3 4 11 10 19 8 23 17 22 13 29 16 21 -10 -11 -9 -3 25 -15 20 -2 -13 -6 -5 -14 -4 -16 -8 -12 -1
right_child=1 2 7 6 5 -7 27 15 9 14 28 12 24 18 26 -17 -18 -19 -20 -21 -22 -23 -24 -25 -26 -27 -28 -29 -30 -31
leaf_value=-0.028060447798946904 -0.010399478826874684 0.001572868277895121 0.014072781485950821 -0.013240193030750321 -0.0085604187308091339 -0.011039924890069422 0.032752846827488996 0.034689151386345631 0.0059079401825945328 0.0016711799827561422 -0.018410114080619763 0.02168770509260717 0.017204215971524821 0.015088394705110851 0.0036940440548190712 0.052708200909986777 0.020368204819804829 0.039374619556786637 0.028965835584715778 -0.014858605129347256 0.0003755086142195379 0.0097731262395446532 0.0026745248999117087 -0.0014195275330328584 0.03262253289859024 0.028488444066351881 0.021101577997299645 0.006377366200816359 -0.01025993629658988 -0.021827027640849702
leaf_weight=4194.6621592128649 1796.9379599969834 1207.4176711216569 720.92822005040944 1995.8321094512939 1463.3044812865555 1501.5084320306778 208.54686611890793 799.9719907566905 1874.543666601181 5359.0384101010859 3910.1942804530263 1418.3736203052104 569.13984897732735 2836.328612819314 417.95771790109575 887.89277878589928 435.77739117853343 557.59588966146111 730.39917379617691 1060.7392367124557 2987.8226739279926 1551.7157810069621 1859.0889852847904 986.24715108424425 1358.9804069958627 1108.5355847794563 681.08150847069919 229.92936456017196 1612.6351561993361 3309.6458496646956
leaf_count=269235 83683 41978 17771 104691 63755 70620 4651 11251 67659 199487 213869 36603 14196 90123 14793 8083 12165 5919 20195 49095 121314 43645 73548 44046 24694 19224 20105 8262 81443 209716
internal_value=-0.00010558 0.00882898 0.0235771 -0.0181293 0.00188779 0.00454712 -0.00566507 0.0340882 0.00608778 0.00842389 -0.0213986 0.0170082 0.0204882 0.0138217 0.00386876 0.0442957 0.00660408 0.0267931 0.0179668 -0.00571759 -0.00367772 0.0154898 -0.00227919 -0.00933973 0.0281276 0.0228616 0.0145283 0.0191498 -0.0160417 -0.0253277
internal_weight=49632.8 33185.1 10616.3 16447.7 22568.8 16723.3 3420.56 4074.92 15221.7 11899.3 13027.1 6541.4 4898.21 5441.27 6458.08 1687.86 1643.2 2387.06 3566.73 5845.5 4784.76 2970.09 3322.39 2982.08 1928.12 1829.46 1099.04 438.476 5522.83 7504.31
internal_count=2045819 1109906 235529 935913 874377 620285 161650 62248 549665 412362 774263 173281 119138 177977 234385 19334 54143 42914 110318 254092 204997 80248 137303 148737 38890 36995 34898 12913 295312 478951
is_linear=0
shrinkage=0.03


Tree=19
num_leaves=31
num_cat=0
split_feature=78 115 115 55 1 4 78 115 78 54 78 112 77 78 78 25 118 113 101 115 115 109 78 67 4 78 78 18 99 78
split_gain=8353.46 3411.89 757.5 740.472 717.973 389.637 371.88 299.581 268.787 364.568 255.906 257.282 213.048 183.417 144.187 133.659 127.128 124.859 120.267 106.229 100.607 93.6997 92.5121 99.0738 88.6183 87.0176 94.3749 85.0895 84.1982 78.5245
threshold=37.500000000000007 1.8582589285714288 0.69533020840210391 5.5000000000000009 132.50000000000003 2.5000000000000004 797.50000000000011 5.4297462406015056 241.50000000000003 7.5000000000000009 65.500000000000014 1.5535309657238234 9.5000000000000018 138.50000000000003 64.500000000000014 29.500000000000004 0.49378371725655118 2.7029344238771711 0.0032164686505522524 0.12880402771155305 0.12880402771155305 1.978216465027542e-05 269.50000000000006 3.5000000000000004 1.0000000180025095e-35 126.50000000000001 71.500000000000014 2.5000000000000004 0.026330232826853085 20.500000000000004
decision_type=2 10 10 2 2 2 2 10 2 2 2 10 2 2 2 2 10 10 10 10 10 2 2 2 2 2 2 2 10 2
left_child=3 2 8 12 14 15 10 18 9 20 24 13 -1 21 -3 -5 -13 -7 22 -11 -2 -12 23 -6 -4 26 -21 -9 -8 -14
right_child=1 4 6 5 7 17 28 27 -10 19 11 16 29 -15 -16 -17 -18 -19 -20 25 -22 -23 -24 -25 -26 -27 -28 -29 -30 -31
leaf_value=-0.027099785519219481 -0.011978430369035347 0.0059208991591487171 -0.0029326063740878292 -0.015960549496949715 0.022330394155316312 0.0025393793286456576 -0.010747501089498381 0.041164619686846586 -0.01062461465607252 -0.0020430061868822215 0.0074637579495809413 0.026518259513866178 -0.021154851251890927 0.0053477717247406072 0.019456306551446173 -0.0055972922502675517 0.0077108944024807096 0.029654765333969518 0.036825360504459503 0.0035635674292406995 -0.0024506226679254992 0.018755116947609778 0.015127210245793037 0.035964809270375819 0.009019196285887883 0.0015375345466552375 0.014028728928763371 0.061757199037101321 0.01065908091099458 -0.014171046096568166
leaf_weight=4610.9692250471562 1864.1957080829889 1213.0352181345224 1489.342244297266 2583.7145377257839 1178.3281935770065 375.13507816009223 1009.4336553458124 893.7309566102922 2512.5438490957022 1663.0191802531481 969.80453124642372 1482.0217674840242 3994.1894623572007 3669.1458201259375 1717.8450804967433 1988.3863370446488 420.00886298529804 254.13809894118458 1130.0561325829476 1330.6042025778443 2145.7163194455206 2143.3746505323797 670.10161725990474 863.70117713697255 886.61001002788544 1867.7460239026695 1869.0081344470382 261.43629544228315 193.39714512787759 2355.4285401664674
leaf_count=298534 87159 38584 59031 141755 21081 16006 44786 8298 115242 68274 31383 38735 251239 128962 40586 94802 11525 6383 18001 52041 89581 61605 12120 13004 31116 66719 62690 1693 8281 127194
internal_value=-4.42768e-05 0.00851357 0.0031704 -0.0177503 0.025697 -0.00841754 0.00854237 0.0326103 -0.00180176 0.000266208 0.0102651 0.0126508 -0.0221733 0.00990334 0.0138739 -0.0114647 0.0223963 0.0136376 0.0285087 0.00453146 -0.00688947 0.0152553 0.024982 0.028171 0.0015369 0.00668898 0.00968899 0.0460712 -0.00727577 -0.0185774
internal_weight=49606.2 33444.2 25516 16162 7928.23 5201.37 12263.1 4997.35 13252.8 10740.3 11060.3 8684.36 10960.6 6782.33 2930.88 4572.1 1902.03 629.273 3842.19 6730.38 4009.91 3113.18 2712.13 2042.03 2375.95 5067.36 3199.61 1155.17 1202.83 6349.62
internal_count=2046410 1110497 957130 935913 153367 258946 415424 74197 541706 426464 362357 272210 676967 221950 79170 236557 50260 22389 64206 249724 176740 92988 46205 34085 90147 181450 114731 9991 53067 378433
is_linear=0
shrinkage=0.03


Tree=20
num_leaves=31
num_cat=0
split_feature=78 115 113 30 113 78 4 114 78 112 78 78 10 54 4 101 78 88 78 0 8 54 78 25 5 88 78 25 78 54
split_gain=7842.19 3102.7 786.137 758.493 431.345 423.003 361.363 356.106 332.284 260.519 256.759 240.748 182.897 179.381 161.379 156.716 112.329 140.743 106.013 105.393 105.175 99.4046 101.961 95.4735 93.7916 91.9122 87.3503 82.8783 77.7178 75.9268
threshold=38.500000000000007 1.3605868254503242 2.4887685547054188 2.5000000000000004 0.49057916746412944 718.50000000000011 2.5000000000000004 0.94401423382561733 16.500000000000004 0.77384043909213718 58.500000000000007 124.50000000000001 460.26233302320981 22.500000000000004 16.500000000000004 0.0022870219025825441 184.50000000000003 5.1472916666666668 65.500000000000014 21.500000000000004 -221.14999999999998 10.500000000000002 386.50000000000006 31.500000000000004 1.5000000000000002 1.2750358166189115 168.50000000000003 21.500000000000004 303.50000000000006 3.5000000000000004
decision_type=2 10 10 2 10 2 2 10 2 10 2 2 2 2 2 10 2 8 2 2 2 2 2 2 2 10 2 2 2 2
left_child=3 4 7 8 16 10 27 21 29 -4 -6 13 18 24 28 25 17 -2 -9 -8 -14 -3 -23 -10 -12 -11 -20 -5 -13 -1
right_child=1 2 9 6 5 -7 19 12 23 15 11 14 20 -15 -16 -17 -18 -19 26 -21 -22 22 -24 -25 -26 -27 -28 -29 -30 -31
leaf_value=-0.026833420026187067 0.00075455360987474807 -0.0008521917068417084 0.014933715726182309 -0.01655424559428266 -0.0028620700440381694 -0.011394339012298561 -5.6859914946924382e-05 0.0071725672717599213 -0.017463943695092177 0.036088917070475436 0.0053306080707975004 0.0043925662230957343 0.038172358023084413 0.019813467735289733 0.024371245969644868 0.046681081234673558 -0.01347159262075039 -0.010672800739865589 0.024347625165757728 0.026717821815762814 0.022956390028703332 0.013508291848221944 -0.0038994976374731385 -0.008503047979877186 0.015682230074038704 0.021119749632744201 0.011907614791729484 -0.0057092642132035047 -0.0031514866060506287 -0.01981299088858807
leaf_weight=5190.8799914699048 2675.5312940124422 833.19302934035659 606.03975933603942 922.09964987356216 2709.0188286472112 1466.7999519053847 208.20995062962174 853.64544989541173 4037.7940332703292 1212.7210466451943 2805.4967470299453 4322.1217763293535 634.5671228505671 1755.4512384831905 307.29850506037474 968.61882885545492 1300.3098870236427 1516.1727741789073 1369.4623815137893 357.88569138385355 1269.5446623414755 2171.7987925913185 349.49303084239364 1476.5733017977327 1095.6790289115161 571.05720135010779 832.72104107774794 2038.1061935545877 1712.41125931032 2004.9106229962781
leaf_count=349267 111275 27884 14378 51256 113929 70696 9279 25375 227332 13027 99236 146561 11245 51240 10284 9599 59840 69679 29458 9108 26623 58505 11749 75579 33936 8942 18675 97956 73054 131817
internal_value=-0.000131386 0.00819517 0.0206602 -0.017226 0.00147634 0.00394278 -0.00490716 0.0156958 -0.0206405 0.0329089 0.00547573 0.00735865 0.0208002 0.0118559 0.00334117 0.0368326 -0.00578444 -0.0033866 0.0162044 0.0169558 0.028114 0.00812868 0.0110923 -0.0150744 0.0082543 0.0313691 0.0196813 -0.00910968 0.00225096 -0.0248925
internal_weight=49575.6 33339.2 11672.9 16236.5 21666.3 16174.3 3526.3 8314.43 12710.2 3358.44 14707.5 11998.5 4959.94 5656.63 6341.83 2752.4 5492.01 4191.7 3055.83 566.096 1904.11 3354.48 2521.29 5514.37 3901.18 1783.78 2202.18 2960.21 6034.53 7195.79
internal_count=2046784 1095190 255460 951594 839730 598936 167599 209514 783995 45946 528240 414311 111376 184412 229899 31568 240794 180954 73508 18387 37868 98138 70254 302911 133172 21969 48133 149212 219615 481084
is_linear=0
shrinkage=0.03


Tree=21
num_leaves=31
num_cat=0
split_feature=55 113 78 6 78 78 112 113 4 25 78 78 101 6 54 96 6 78 54 18 77 1 118 113 34 93 34 78 56 6
split_gain=7538.39 2319.77 1061.73 862.288 447.649 509.486 308.913 269.528 243.522 224.195 214.478 212.159 171.943 169.514 146.999 126.801 121.312 105.834 97.3832 96.9388 96.5394 93.5552 84.8265 84.6978 77.1938 76.8222 92.1058 75.6297 96.5084 74.8481
threshold=9.5000000000000018 1.290085906390084 20.500000000000004 16.500000000000004 569.50000000000011 45.500000000000007 2.3512998329823547 0.51213772257359869 1.5000000000000002 20.500000000000004 718.50000000000011 178.50000000000003 0.00064724946209170932 10.500000000000002 3.5000000000000004 0.0064434480120283636 41.500000000000007 53.500000000000007 12.500000000000002 1.5000000000000002 31.500000000000004 212.50000000000003 0.6783324457840304 0.24789186026968676 292.00179616193037 1.6000690994439095 -81.942258829731088 249.50000000000003 92.500000000000014 57.500000000000007
decision_type=2 10 2 2 2 2 10 10 2 2 2 2 10 2 2 10 2 2 2 2 2 2 10 10 2 10 2 2 2 2
left_child=2 4 14 8 5 -2 10 23 17 -4 15 13 19 18 -1 -5 -13 -3 -9 -8 -11 -16 27 -7 -6 26 -15 28 -10 -17
right_child=1 3 9 6 24 7 12 11 22 20 -12 16 -14 25 21 29 -18 -19 -20 -21 -22 -23 -24 -25 -26 -27 -28 -29 -30 -31
leaf_value=-0.025700987594618321 -0.010042046453147697 -0.0023156351146922647 -0.013304650560365231 0.017941296853498198 -0.015071819050725101 -0.010050827286420375 0.024935280550628807 0.002961837435354941 0.011028117653132401 -0.0091322865183439388 0.0037529622337680504 -0.001040114024113052 0.044690896826789582 0.019334195381041204 -0.018609485602854629 0.023797324405188391 0.011305395714524503 0.0090307035205787253 0.010973991955850911 0.04244419998753951 -0.00022984152988703686 0.0066484328534668555 0.0029983791608234863 0.0010124041829707969 -0.0032362068159966181 0.022497927167242169 0.00214882998049069 0.00049965975755918125 0.02612707109972567 0.037324711954965312
leaf_weight=6030.2296279594302 2077.3942479183897 1198.4520064117387 4255.146271891892 1707.6116248797625 1331.7946635335684 799.92199633084238 1473.9144877977669 2242.7289072871208 558.89204070810229 1805.1834752634168 570.87391255609691 2846.0766292251647 917.53041733056307 621.66799224726856 2779.1882626097649 884.90917093679309 951.98908492177725 1921.4469628650695 3504.000905951485 367.94653157889843 2780.5346752945334 136.16891247779131 314.97409826517105 2749.404087651521 793.7857195045799 1254.0721202697605 510.90340281650424 167.71647954359651 1271.9370439806953 696.91234389133751
leaf_count=408127 101334 50152 225780 35782 64081 34354 20174 78682 16500 89187 15976 107983 9284 15875 178922 18360 31048 53541 109667 3761 122430 7800 8913 107801 37395 32851 14614 5020 29725 11190
internal_value=-9.64226e-05 0.00866555 -0.0157287 0.0190276 0.00231727 0.00389207 0.0262954 0.00576455 0.0101569 -0.00834866 0.0207652 0.0079228 0.0339805 0.0106552 -0.0230136 0.0237074 0.0020651 0.00467548 0.00785245 0.0285385 -0.00374045 -0.0174204 0.0175228 -0.00149158 -0.0106698 0.0173735 0.0116254 0.0197987 0.0215604 0.029856
internal_weight=49523.3 31736.9 17786.5 12053.1 19683.7 17558.2 6619.7 15480.8 5433.42 8840.86 3860.31 11931.4 2759.39 8133.37 8945.59 3289.43 3798.07 3119.9 5746.73 1841.86 4585.72 2915.36 2313.52 3549.33 2125.58 2386.64 1132.57 1998.55 1830.83 1581.82
internal_count=2046309 1014063 1032246 278378 735685 634209 114527 532875 163851 437397 81308 390720 33219 251689 594849 65332 139031 103693 188349 23935 211617 186722 60158 142155 101476 63340 30489 51245 46225 29550
is_linear=0
shrinkage=0.03


Tree=22
num_leaves=31
num_cat=0
split_feature=78 115 78 112 0 78 115 115 11 84 115 29 4 78 4 114 0 6 84 78 53 42 51 78 78 78 103 107 55 80
split_gain=7299.51 2591.25 915.085 654.031 473.266 410.976 434.936 288.941 219.344 193.808 168.558 148.318 146.261 130.635 141.541 124.933 118.199 111.491 95.8288 95.4469 94.9474 94.5408 87.0377 79.4483 78.7708 74.5149 74.3976 66.371 65.0822 64.0391
threshold=42.500000000000007 1.2544210094997792 17.500000000000004 1.444178823914021 16.500000000000004 241.50000000000003 0.12880402771155305 4.9326705260508437 12.500000000000002 0.12122782226409172 2.4381804857621447 3.5000000000000004 2.5000000000000004 768.50000000000011 5.5000000000000009 0.38262107086874025 4.5000000000000009 6.5000000000000009 0.11268059095072691 68.500000000000014 7.5000000000000009 6.5000000000000009 482.50000000000006 140.50000000000003 70.500000000000014 6.5000000000000009 0.062540573876915098 0.001357848372332835 34.500000000000007 487.15413096936226
decision_type=2 10 2 10 2 2 10 10 2 10 10 2 2 2 2 10 2 2 10 2 2 2 2 2 2 2 10 2 2 2
left_child=2 5 11 10 16 6 22 9 20 19 18 25 -6 14 28 -12 -4 -13 -3 -5 -8 23 -2 24 -10 -1 -11 -9 -7 -22
right_child=1 3 4 7 12 13 8 27 21 26 15 17 -14 -15 -16 -17 -18 -19 -20 -21 29 -23 -24 -25 -26 -27 -28 -29 -30 -31
leaf_value=-0.028097190371451836 -0.01212217920046412 0.0065934842376431926 -0.015889166203936867 0.0076942774160550214 -0.0019037019371356051 -0.018462367857046302 -0.001596905905092857 0.035585830525059273 0.0058309590337911133 0.036374642510236456 0.0093776847859892466 -0.015281474986657684 0.016543103935138793 -0.013641060693445875 0.0059854230468102572 0.02416288453264865 -0.0082086906911735674 0.017979250904490349 0.015536602386646737 0.021127071399322562 0.0022043501871781344 0.036834638547361069 -0.0018473793891737645 0.0060107586152992921 0.018572268672670752 -0.021838501123473287 0.022215966215740686 0.053696646331667368 -0.0048647487305811489 0.0084799975679554565
leaf_weight=3372.177750187926 1293.6926233042032 3180.9359801597893 4376.1882737129927 630.63961701281369 1019.6678232885897 377.46168003603816 2218.8087437208742 955.55804263427854 608.78038342483342 994.60542374849319 767.89019925147295 677.7995695322752 617.42920310609043 1462.9378736745566 1085.6753089856356 1612.3107960037887 3099.6457803957164 100.3081383779645 1638.4109098874032 2041.6761670168489 2652.3057075478137 133.70499671064317 1736.0604106448591 1452.5852328594774 1595.9544606097043 3805.9505450511351 554.00835942663252 257.17347129806876 1888.1416605617851 3272.5583338309079
leaf_count=239899 62771 92331 244009 15206 42653 16938 89278 7666 20498 14885 20100 43749 17593 73708 43820 30636 158028 5005 45648 35734 94964 3495 70321 46831 44337 257875 9043 1534 81350 116528
internal_value=-0.000137709 0.0082239 -0.0160129 0.0188347 -0.00951447 0.00144344 0.00389616 0.0266923 0.00647275 0.0229323 0.0128899 -0.0234455 0.00508268 -0.00617671 -0.00290281 0.0194226 -0.0127123 -0.0109063 0.00964679 0.0179774 0.00369387 0.0124295 -0.00624742 0.0114882 0.0150752 -0.0247963 0.0313973 0.0396311 -0.00716585 0.00567489
internal_weight=49481 32411.9 17069.2 12633.2 9112.93 19778.7 14964.5 5433.66 11934.7 4220.93 7199.55 7956.24 1637.1 4814.22 3351.28 2380.2 7475.83 778.108 4819.35 2672.32 8143.67 3791.03 3029.75 3657.32 2204.73 7178.13 1548.61 1212.73 2265.6 5924.86
internal_count=2046433 1037622 1008811 272783 462283 764839 549023 84068 415931 74868 188715 546528 60246 215816 142108 50736 402037 48754 137979 50940 300770 115161 133092 111666 64835 497774 23928 9200 98288 211492
is_linear=0
shrinkage=0.03


Tree=23
num_leaves=31
num_cat=0
split_feature=78 115 31 115 1 78 0 78 78 113 112 115 78 53 107 78 67 78 72 90 80 78 101 29 19 9 9 78 77 78
split_gain=6781.28 2473.71 614.138 599.843 539.747 301.672 275.8 259.988 245.767 211.957 197.513 185.358 182.881 182.154 169.553 134.771 161.842 106.476 105.065 95.6982 88.875 87.8557 85.6261 81.252 81.0435 76.5034 74.5571 78.2654 114.644 70.6203
threshold=34.500000000000007 1.7589043651287155 11.500000000000002 0.64987159225602542 258.50000000000006 1135.5000000000002 16.500000000000004 14.500000000000002 52.500000000000007 0.28956812719133834 1.5535309657238234 4.9326705260508437 329.50000000000006 14.500000000000002 1.7716854384114694e-05 190.50000000000003 9.5000000000000018 234.50000000000003 18.500000000000004 -0.71200235725510741 639.16418750963032 66.500000000000014 0.0062715590989722439 3.5000000000000004 1.5000000000000002 -52.771870112036702 -96.036196546791885 124.50000000000001 60.500000000000007 180.50000000000003
decision_type=2 10 2 10 2 2 2 2 2 10 10 10 2 2 2 2 2 2 2 10 2 2 10 2 2 2 2 2 2 2
left_child=2 3 7 9 14 8 -4 -1 -5 -2 15 17 13 21 -3 16 18 -6 23 29 25 -11 -21 -10 -19 -12 -15 28 -28 -16
right_child=1 4 6 5 11 -7 -8 -9 10 12 20 -13 -14 26 19 -17 -18 24 -20 22 -22 -23 -24 -25 -26 -27 27 -29 -30 -31
leaf_value=-0.025080046665649339 -0.01097887924007789 0.0053866904817046731 -0.010820368708784282 -0.0030234677638777863 0.028580238523201761 -0.010481418909230513 0.010506520811173089 -0.015945160290613179 0.0035375069119425832 -0.0080201545962422828 0.016948129300467976 0.037351136987859128 -0.011201277016636674 0.024380978531485971 0.033289610377751522 0.002169080572692811 0.029261097863316817 0.012624000615524576 0.0450977716180989 0.012068878710547622 0.021993437671669943 0.00056077513436303893 0.025551408275705755 0.01141884493647519 0.029151901714964946 -0.00076638166774121899 0.00076217740691520797 -0.00052331353408665963 0.013102435643944069 0.0094205439173137423
leaf_weight=6097.8653340125456 2239.8979848492891 1659.7924450840801 2013.0236959885806 1648.5127509981394 1737.095691755414 871.75304151140153 743.55157961323857 5272.4758215742186 2020.6119407881051 2194.4805314280093 540.7736584842205 1276.8841169830412 1329.9739397820085 161.3152800090611 478.51783824525774 2996.1374968476593 366.24162893556058 987.40589041635394 65.540699880570173 2257.7072576228529 1384.8468734771013 2097.1077649723738 525.64451487734914 2836.6352141145617 370.49303335696459 366.23150270804763 1288.0325601920485 2031.8032423332334 1426.098594725132 151.48727667890489
leaf_count=439375 107068 49638 111366 71531 24756 40668 26235 311263 67150 99920 14085 9508 65350 5285 8759 113592 9755 17231 1957 50951 36022 80024 10945 82087 5350 10708 50162 74637 47747 2910
internal_value=-0.000211492 0.0068163 -0.0177741 0.00201677 0.0199522 0.00652646 -0.0050591 -0.020853 0.00774301 -0.00260972 0.00942169 0.0276781 -0.0008249 0.000680594 0.0132736 0.00725772 0.0101356 0.0236336 0.00868443 0.0170952 0.0172118 -0.00383126 0.0146563 0.00814722 0.0172239 0.00983036 0.00462628 0.00392986 0.00725835 0.0276696
internal_weight=49437.9 35311 14126.9 25866 9445.03 13097.3 2756.58 11370.3 12225.5 12768.7 10577 4371.88 10528.8 9198.84 5073.15 8285.17 5289.03 3094.99 4922.79 3413.36 2291.85 4291.59 2783.35 4857.25 1357.9 907.005 4907.25 4745.93 2714.13 630.005
internal_count=2046035 1157796 888239 977748 180048 447555 137601 750638 406887 530193 335356 56845 423125 357775 123203 274541 160949 47337 151194 73565 60815 179944 61896 149237 22581 24793 177831 172546 97909 11669
is_linear=0
shrinkage=0.03


Tree=24
num_leaves=31
num_cat=0
split_feature=78 115 115 81 1 78 78 78 0 93 115 78 123 9 114 85 92 19 82 100 112 29 26 75 51 1 99 110 54 78
split_gain=6507.27 2235.8 602.149 600.891 489.401 315.279 309.959 241.051 228.34 219.407 202.663 280.791 172.186 158.511 150.716 119.898 113.332 111.626 111.051 102.688 99.0012 95.6193 93.9147 93.8475 91.8079 91.2853 84.8031 81.6442 79.0296 68.7278
threshold=34.500000000000007 1.8582589285714288 0.64987159225602542 0.0086021903211484403 258.50000000000006 1135.5000000000002 12.500000000000002 61.500000000000007 16.500000000000004 1.6960932397030075 0.12880402771155305 241.50000000000003 1.0000000180025095e-35 23.83120299275889 1.3222453560623315 0.61843745898411873 -1.6072913058303897 1.5000000000000002 0.13335502060290613 0.012744654438295455 0.99538627421307513 4.5000000000000009 209.50000000000003 3400.5000000000005 482.50000000000006 21.500000000000004 0.03334234721471066 0.00011061789014685603 6.5000000000000009 168.50000000000003
decision_type=2 10 10 10 2 2 2 2 2 10 10 2 2 2 10 10 10 2 10 10 10 2 2 2 2 2 10 2 2 2
left_child=3 2 10 6 13 7 -1 28 -5 16 24 25 20 -3 23 -15 18 19 -9 -16 27 -10 -8 -6 -2 -12 -7 -11 -4 -14
right_child=1 4 5 8 14 26 22 9 21 12 11 -13 29 15 17 -17 -18 -19 -20 -21 -22 -23 -24 -25 -26 -27 -28 -29 -30 -31
leaf_value=-0.025527158638371569 -0.013135608544546467 0.0071917570928099316 -0.0068741406926339302 -0.0098347442055396646 0.02343753416176074 -0.01380293082380084 -0.017729866716474141 0.018505973833715782 -0.00069942344262824538 0.013579648096091803 -0.0017957931348919194 -0.009693161577840205 0.031666132052825091 0.023397934317930868 0.024037250903998719 0.0096491034711171028 0.00065332870315726842 0.041240971182113638 0.0050525185874147416 0.038791129771355057 0.016303834242081768 0.021022335234369614 -0.009129446377176751 0.0037376386012456749 -0.0039152661688002747 0.0055879220031975711 0.014787222950057672 0.0025400547135167812 0.0038336557046778985 0.016271966254170121
leaf_weight=5319.439165330492 1715.6527104824781 2194.7481868248433 988.17871143482625 1495.5620913971215 629.07218653894961 790.23234964720905 4817.4914403399453 856.15233972109854 349.48201291263103 1060.119560809806 2249.22514699772 1974.2042928747833 590.11237605288625 1545.9596669226885 2006.3807302266359 920.66671132110059 2401.1223131623119 683.08012847043574 1555.1855488903821 560.98020504042506 2025.6976131740957 375.76236362103373 1521.1986139891669 334.69354252330959 2248.077568596229 4548.9511785134673 101.65346854925156 1396.1318607348949 1647.5160600170493 502.1879764944315
leaf_count=392855 86603 58449 43313 87698 10729 37092 297336 25359 15976 33068 94276 93539 16124 30556 22570 21143 75588 5925 51999 5265 54549 11159 82705 7154 95793 159956 4385 45779 62741 16708
internal_value=-4.01238e-05 0.00676513 0.00242051 -0.0174557 0.0198019 0.00673373 -0.0201793 0.00791625 -0.00314541 0.00997143 -0.0022925 0.000252268 0.0140214 0.0130811 0.0272115 0.0182961 0.00527069 0.0303124 0.00985762 0.0273302 0.0113955 0.0106219 -0.0156747 0.0166508 -0.0079177 0.00314544 -0.0104801 0.00732266 -0.000186342 0.024695
internal_weight=49404.9 35526 26650.4 13878.9 8875.58 13914.3 11658.1 13022.4 2220.81 10386.7 12736.1 8772.38 5574.25 4661.37 4214.21 2466.63 4812.46 3250.44 2411.34 2567.36 4481.95 725.244 6338.69 963.766 3963.73 6798.18 891.886 2456.25 2635.69 1092.3
internal_count=2046392 1158663 996872 887729 161791 466705 772896 425228 114833 319174 530167 347771 166228 110148 51643 51699 152946 33760 77358 27835 133396 27135 380041 17883 182396 254232 41477 78847 106054 32832
is_linear=0
shrinkage=0.03


Tree=25
num_leaves=31
num_cat=0
split_feature=78 115 31 1 115 78 115 78 1 0 78 78 78 78 84 53 107 78 112 78 4 6 6 9 51 29 78 99 69 54
split_gain=6142.53 2074.14 641.061 593.691 393.204 387.31 321.082 264.118 259.756 233.136 164.115 164.093 153.785 149.503 120.609 104.451 99.439 93.8676 91.927 89.32 87.9793 87.5874 84.1685 79.0448 78.5026 76.1794 71.9964 71.8312 70.1377 69.6611
threshold=34.500000000000007 1.3605868254503242 11.500000000000002 128.50000000000003 0.12880402771155305 335.50000000000006 3.8256535947712424 16.500000000000004 126.50000000000001 16.500000000000004 261.50000000000006 52.500000000000007 124.50000000000001 65.500000000000014 0.090881741603763277 14.500000000000002 0.00013874063204220719 190.50000000000003 1.2951848587401227 797.50000000000011 8.5000000000000018 138.50000000000003 1448.5000000000002 -122.53607651502513 462.50000000000006 4.5000000000000009 1135.5000000000002 0.0088531201459250714 1.0000000180025095e-35 3.5000000000000004
decision_type=2 10 2 2 8 2 10 2 2 2 2 2 2 2 10 2 2 2 10 2 2 2 2 2 2 2 2 10 2 2
left_child=2 4 7 13 24 8 10 29 11 -4 14 -6 15 25 23 -13 -12 20 26 21 -10 -18 27 -5 -2 -3 -7 -8 -16 -1
right_child=1 3 9 6 5 18 22 -9 17 -11 16 12 -14 -15 28 -17 19 -19 -20 -21 -22 -23 -24 -25 -26 -27 -28 -29 -30 -31
leaf_value=-0.026429259870292078 -0.012726341406280138 -0.0022567623847071388 -0.0096668387179743749 0.030815406519894603 -0.0054317398404241666 -0.0055314366393489469 0.022277704965146188 -0.014931473168336125 0.011950042441114448 0.0099062482721620909 -0.00021923311007478844 0.0031493345591294625 -0.0014169827440041259 0.012392262942617277 0.021401295872969239 0.011317588175512653 0.011425086167081589 0.0045851701854874548 0.0034676956003329433 0.0046870933606409674 0.02793508162089603 0.031846886600273683 0.047252185308273048 0.013255873025383148 -0.0041320498434475978 0.0091651170992968524 -0.016014749229801378 0.033557682050784202 0.034364168408131716 -0.019333732798062758
leaf_weight=4598.1206842670217 1638.6750520914793 1368.5342062041163 1964.6817159838974 267.56451525911689 2033.1328549087048 1957.2580497059971 1025.2896462157369 4519.6499415813014 2670.2198614235967 754.0813672831282 601.97723815776408 3042.617186948657 3041.2429261598736 3007.0970964133739 946.60683052055538 2627.8943635039032 417.47168835625052 1470.2249602135271 692.60393336042762 505.23937744274735 350.27805719152093 354.55926480330527 242.97771960124373 1685.8343590535223 2306.3026235420257 846.68808477930725 844.91607220843434 1126.9867874812335 676.51031765341759 1815.4490932486951
leaf_count=349858 83976 49167 111300 4256 93463 91311 10565 268988 78379 26305 15355 112028 110632 71273 15857 84269 9355 49859 28531 12686 8146 5284 1419 34346 98921 25303 44477 9309 10618 131930
internal_value=-0.000161077 0.00637628 -0.0172757 0.0158907 0.000888529 0.00270187 0.0211037 -0.0205164 0.00476797 -0.00422979 0.0170551 0.00223341 0.00402438 0.00804098 0.0208286 0.0069414 0.0098374 0.0108231 -0.00629932 0.0145595 0.0138469 0.0209485 0.0302705 0.0157336 -0.00771356 0.00211964 -0.00871528 0.0282483 0.0268931 -0.0244374
internal_weight=49400.7 35748.7 13652 13073.3 22675.4 18730.4 7851.02 10933.2 15235.6 2718.76 5455.76 10744.9 8711.75 5222.32 3576.52 5670.51 1879.25 4490.72 3494.78 1277.27 3020.5 772.031 2395.25 1953.4 3944.98 2215.22 2802.17 2152.28 1623.12 6413.57
internal_count=2047166 1158785 888381 274793 883992 701095 129050 750776 536776 137605 107757 400392 306929 145743 65077 196297 42680 136384 164319 27325 86525 14639 21293 38602 182897 74470 135788 19874 26475 481788
is_linear=0
shrinkage=0.03


Tree=26
num_leaves=31
num_cat=0
split_feature=78 113 55 114 115 115 5 78 54 118 77 78 9 84 78 29 7 78 54 69 65 54 53 115 78 107 78 78 93 37
split_gain=5882.79 2081.32 590.313 549.278 385.817 309.719 262.118 238.658 231.437 188.043 181.186 157.57 140.467 135.909 132.947 117.347 105.992 102.307 114.979 94.7649 90.7362 90.3532 86.3282 83.4136 72.1095 67.7053 65.7105 69.7251 65.4636 81.31
threshold=34.500000000000007 1.2791463336182261 4.5000000000000009 0.38262107086874025 0.83888098250052712 4.9326705260508437 1.5000000000000002 696.50000000000011 7.5000000000000009 0.72570908994942285 9.5000000000000018 190.50000000000003 20.830378577206329 0.14878265646912547 919.50000000000011 6.5000000000000009 -18.849999999999998 1135.5000000000002 10.500000000000002 3.5000000000000004 6.5000000000000009 8.5000000000000018 14.500000000000002 0.12880402771155305 234.50000000000003 0.00041182365907316423 65.500000000000014 238.50000000000003 -1.9939860895136705 17.500000000000004
decision_type=2 10 2 10 10 10 2 2 2 10 2 2 2 10 2 2 2 2 2 2 2 2 2 10 2 2 2 2 10 2
left_child=2 4 10 20 7 9 21 8 23 13 -1 22 17 14 19 -8 -14 18 -6 26 -3 -4 -10 -2 -22 -7 -5 -28 29 -20
right_child=1 3 6 5 12 25 15 -9 11 -11 -12 -13 16 -15 -16 -17 -18 -19 28 -21 24 -23 -24 -25 -26 -27 27 -29 -30 -31
leaf_value=-0.026782680990050985 -0.011545571355190281 -0.0004518633827714255 -0.015841717876434014 0.0079311043095158205 -0.0028760324910080196 0.026286279154019376 -0.00201336035227398 -0.017023891879286018 3.5480166152798909e-05 0.0030089165420787919 -0.017854339732795738 -0.0044291529694591523 0.018839035678410079 0.025864029488658308 -0.0030936957611383859 0.019594207977614308 0.0073020560983357583 -0.014703386899345401 0.018426598717864142 0.026165946925202209 0.012026398178780495 -0.0062431421795013887 0.0071676533347925031 -0.0031054841157213617 -0.0031629715087470515 0.03875313379533131 0.02004868701085161 0.0089797699523548446 0.0038420306778287712 -0.00057748468782489997
leaf_weight=3707.8256073603407 1881.7539327573031 1303.181522032246 2518.1015788381919 860.14297313801944 1641.0296804122627 1110.5627614874393 814.88805000670254 898.33265975303948 2592.3261698205024 760.56871658563614 4701.0522830756381 2689.1376652289182 929.4183857254684 1794.5250201988965 301.3621062040329 307.71501376107335 3140.4499978031963 289.99137249961495 730.54184900783002 904.42621434293687 1766.5555444806814 1372.5188872916624 3713.2668768204749 2399.163869863376 332.21662240289152 676.59047586470842 2202.0651877820492 683.1387396864593 2023.4781759008765 279.25582666322589
leaf_count=284945 95053 45578 155007 23281 59652 11602 40647 48648 104064 19285 322497 116015 25782 31010 8338 8723 97943 14022 21735 16810 48194 76139 127594 102201 9756 4443 40641 14673 62611 9621
internal_value=-6.5031e-06 0.00632819 -0.0169476 0.0160917 0.000985042 0.019866 -0.0087867 -0.00210292 -0.00108723 0.0171722 -0.0218048 0.00164568 0.00582833 0.0187657 0.0161694 0.00397008 0.00995659 0.00243726 0.00351523 0.0174199 0.00576694 -0.0124679 0.00423786 -0.00682462 0.00962026 0.031101 0.0152758 0.0174479 0.006972 0.0131941
internal_weight=49325.6 35903.5 13422.1 12695.3 23208.1 9293.38 5013.22 14174 13275.6 7506.23 8408.88 8994.73 9034.17 6745.66 4951.14 1122.6 4069.87 4964.3 4674.31 4649.77 3401.95 3890.62 6305.59 4280.92 2098.77 1787.15 3745.35 2885.2 3033.28 1009.8
internal_count=2046510 1158552 887958 273611 884941 170083 280516 593575 544927 154038 607442 347673 291366 134753 103743 49370 123725 167641 153619 95405 103528 231146 231658 197254 57950 16045 78595 55314 93967 31356
is_linear=0
shrinkage=0.03


Tree=27
num_leaves=31
num_cat=0
split_feature=78 113 78 6 115 0 75 78 115 93 78 50 118 46 67 29 29 107 78 1 114 92 85 107 78 78 25 78 11 94
split_gain=5551.35 1781.94 569.649 466.35 384.367 302.682 201.568 202.591 181.372 164.063 157.256 218.687 148.484 157.299 134.06 123.907 99.5055 88.879 88.1938 95.5579 86.4438 78.2544 75.5151 70.8297 69.5188 77.9791 64.7587 64.652 64.5366 62.1253
threshold=34.500000000000007 1.290085906390084 15.500000000000002 14.500000000000002 0.66084423478138843 11.500000000000002 11333.500000000002 52.500000000000007 4.6463167979561435 1.6960932397030075 241.50000000000003 121.50000000000001 0.40618288737003111 17.500000000000004 1.5000000000000002 3.5000000000000004 4.5000000000000009 6.8661847385152822e-05 142.50000000000003 191.50000000000003 0.75368645428796699 -2.1916627329651837 0.81766330841728962 0.00070048802925572662 60.500000000000007 124.50000000000001 20.500000000000004 6.5000000000000009 22.500000000000004 5.0243900161337995
decision_type=2 10 2 2 10 2 2 2 10 10 2 2 10 2 2 2 2 2 2 2 10 10 8 2 2 2 2 2 2 10
left_child=2 4 15 14 10 26 7 -6 12 21 11 22 13 17 -3 27 -7 -5 19 -16 -11 -9 -2 -10 -13 -26 -4 -1 -17 -19
right_child=1 3 5 8 6 16 -8 9 23 20 -12 24 -14 -15 18 28 -18 29 -20 -21 -22 -23 -24 -25 25 -27 -28 -29 -30 -31
leaf_value=-0.027710120193989968 -0.003266481017742471 0.0035814395821874684 -0.017183155618552139 0.015921871058526466 -0.004024225421220955 -0.0056040350971330614 -0.012596024518768146 0.0081146053043714209 0.023939417175221901 0.006748682648433044 -0.01023859135387727 -0.0042481596852999275 0.0055780236592896087 0.010794520304945633 0.012039128078612096 -0.013512409895223275 0.0092950888432897678 0.030034402538600759 0.00383277167124178 0.026872496095567987 0.014749717331930014 0.00013422502084848193 -0.011592982634710841 0.03697957316432228 0.0082199123446248627 5.970084176058358e-05 -0.010278972866764883 -0.021221801909547221 0.017388582194802722 0.018294428094145214
leaf_weight=2982.1579584591091 2732.6215937007219 2753.9915528576821 3036.8819760782644 1108.5745460670441 1641.6821981705725 1011.9174414491281 564.75309997797012 1828.4853954482824 1356.5560055356473 2217.6228609457612 2124.9354349095374 993.95223616622388 863.61618496663868 1411.5971008837223 1367.3393885158002 524.78610639460385 663.73215290904045 1447.0580289494246 689.16874610260129 553.48061580210924 2724.3794924672693 2787.0635516475886 1528.9766325373203 556.55146104842424 2337.3815557453781 1916.2108536791056 2100.7173354271799 2827.2638472774997 64.383715433999896 608.54207382537425
leaf_count=240232 124388 85248 193874 22225 70339 50954 28059 58437 12370 72248 103916 43138 18793 26589 37642 37159 24368 22736 17917 11663 77186 88747 75795 3420 78570 69240 123012 215742 3619 10295
internal_value=-0.000178291 0.00590909 -0.0168141 0.014946 0.000995543 -0.0107647 0.00481833 0.00570173 0.0198524 0.00737357 -0.00287034 -0.0012193 0.0170272 0.0191797 0.0082085 -0.023242 0.000307669 0.0228975 0.0130747 0.016372 0.0111699 0.00330107 -0.00626395 0.0278195 0.00287959 0.00454819 -0.0143728 -0.0245734 -0.0100177 0.0266117
internal_weight=49326.4 36114.5 13211.8 12716.5 23398.1 6813.25 11764 11199.2 7352.5 9557.55 11634.1 9509.14 5439.39 4575.77 5363.98 6398.59 1675.65 3164.17 2609.99 1920.82 4942 4615.55 4261.6 1913.11 5247.54 4253.59 5137.6 5809.42 589.17 2055.6
internal_count=2047921 1158961 888960 268898 890063 392208 395016 366957 116428 296618 495047 391131 100638 81845 152470 496752 75322 55256 67222 49305 149434 147184 200183 15790 190948 147810 316886 455974 40778 33031
is_linear=0
shrinkage=0.03


Tree=28
num_leaves=31
num_cat=0
split_feature=56 113 78 114 78 78 118 114 4 17 115 78 99 51 78 77 118 72 78 75 78 25 19 78 0 78 5 101 4 4
split_gain=5322.21 1549.67 892.354 522.468 306.125 449.617 226.409 197.98 193.307 179.924 166.733 136.294 133.633 131.962 101.509 100.387 82.4729 82.4629 80.3451 79.1366 77.7288 71.9585 71.2445 67.4676 64.8834 64.3282 64.058 63.0086 59.7603 58.6158
threshold=41.500000000000007 1.3001158851845251 17.500000000000004 0.38262107086874025 46.500000000000007 190.50000000000003 0.28979322588029849 0.8602289142123426 1.0000000180025095e-35 5.5000000000000009 0.86655726668349764 379.50000000000006 0.0019015022554803329 395.50000000000006 768.50000000000011 9.5000000000000018 0.50732029116321897 4.5000000000000009 68.500000000000014 11333.500000000002 1722.0000000000002 35.500000000000007 19.500000000000004 150.50000000000003 30.500000000000004 51.500000000000007 4.5000000000000009 0.0059423326093176135 2.5000000000000004 13.500000000000002
decision_type=2 10 2 10 2 2 10 10 2 2 10 2 10 2 2 2 10 2 2 2 2 2 2 2 2 2 2 10 2 2
left_child=2 4 15 18 26 8 9 13 17 11 14 12 27 -4 -7 -1 24 21 -3 29 -11 -6 -22 -20 -10 -9 -2 -5 -17 -12
right_child=1 3 7 6 5 10 -8 25 16 20 19 -13 -14 -15 -16 28 -18 -19 23 -21 22 -23 -24 -25 -26 -27 -28 -29 -30 -31
leaf_value=-0.026497705331808567 -0.0092802602167905684 -0.00040497156662238796 -0.014700016383595723 0.013669063937867777 -0.0021565958695609522 -0.0048125678262029899 0.0087973566924915286 -0.0040293018148330985 0.010534965798326228 0.03691013765029999 0.0022334513648402665 0.0069171879624832771 0.024571479883421156 -0.0065086101816306087 -0.016619085323624161 -0.02003818307169419 0.0039281734156338972 0.010469359001376426 0.01319202799599512 -0.010350429185135243 0.0050028998770720668 0.0048318766130068065 0.046971055791147853 0.0012316896407514079 0.019286500880516023 0.0073025668664975351 0.01297962700273405 0.026219657361134331 -0.0027183138835565504 0.014938118230697867
leaf_weight=3451.7799590751529 2421.0268739229068 1558.6133292019367 3662.4628123985603 2450.7100891610608 2583.5154118184 2997.1830632314086 1838.6335182292387 1241.291501888074 2859.9779305830598 776.52224633656442 1939.1441500950605 778.68106961622834 3172.1332400310785 3448.3092625541613 836.64861241914332 2938.2589607313275 1208.4160544406623 1090.4422627240419 1165.965436892584 376.99783839471638 152.80991899780929 2714.7621900681406 43.411068186163902 667.58632905595005 1054.2215518373996 701.41042570397258 117.96368055883795 427.44704785104841 192.73601791076362 388.74402509070933
leaf_count=282069 130462 61433 210713 49799 98501 130942 41469 63004 85008 7695 65466 16757 46466 173850 46663 224903 37626 35078 28347 17927 3277 82378 547 18084 24762 26465 4314 7567 12761 12968
internal_value=-7.8687e-05 0.00664613 -0.0145361 0.0147394 0.00152091 0.00289336 0.0183013 -0.00841765 0.00646086 0.020534 -0.0033873 0.0187876 0.0203083 -0.010735 -0.00740737 -0.0229382 0.0107999 0.00297601 0.00460461 0.00231379 0.0326359 0.00142538 0.0152242 0.00885253 0.0129136 7.03007e-05 -0.00822257 0.0155752 -0.0189781 0.00438253
internal_weight=49257.8 33621.6 15636.2 13032.5 20589 18050.1 9640.35 9053.47 11511.3 7801.71 6538.72 6828.97 6050.29 7110.77 3833.83 6582.77 5122.62 6388.72 3392.17 2704.89 972.743 5298.28 196.221 1833.55 3914.2 1942.7 2538.99 2878.16 3130.99 2327.89
internal_count=2047301 1053536 993765 281441 772095 637319 173577 474032 363353 132108 273966 120589 103832 384563 177605 519733 147396 215957 107864 96361 11519 180879 3824 46431 109770 89469 134776 57366 237664 78434
is_linear=0
shrinkage=0.03


Tree=29
num_leaves=31
num_cat=0
split_feature=55 113 78 4 78 78 112 6 56 118 115 78 29 88 67 29 85 27 93 78 78 88 65 78 69 114 78 18 78 78
split_gain=5175.99 1446.99 720.881 497.505 402.362 417.286 236.57 215.427 208.8 156.176 136.767 133.905 133.619 129.144 116.964 108.958 99.2705 96.6851 91.7797 88.2295 86.7243 86.2912 81.7356 81.2233 92.0542 80.7727 79.8034 73.3324 70.1222 79.7564
threshold=7.5000000000000009 1.290085906390084 20.500000000000004 2.5000000000000004 45.500000000000007 190.50000000000003 3.556321084864392 12.500000000000002 65.500000000000014 0.38268364004413608 0.80535992833866177 386.50000000000006 3.5000000000000004 5.9809090909090914 23.500000000000004 1.5000000000000002 0.72415964561799717 709.50000000000011 1.6960932397030075 696.50000000000011 6.5000000000000009 3.6863354037267091 7.5000000000000009 166.50000000000003 4.5000000000000009 1.7212212699649398 73.500000000000014 1.0000000180025095e-35 107.50000000000001 69.500000000000014
decision_type=2 10 2 2 2 2 10 2 2 10 10 2 2 8 2 2 10 2 10 2 2 8 2 2 2 10 2 2 2 2
left_child=2 4 12 8 -2 7 9 15 -3 11 19 14 20 22 -5 -6 27 -12 -9 -7 -1 23 -4 24 26 -13 -10 -8 29 -17
right_child=1 3 13 6 5 10 16 18 21 -11 17 25 -14 -15 -16 28 -18 -19 -20 -21 -22 -23 -24 -25 -26 -27 -28 -29 -30 -31
leaf_value=-0.027531082816137798 -0.0093946695512746627 -0.0031826872790616319 -0.0074102646517931504 0.018956691582677709 -0.00079517062686178903 -0.0047812060633379049 0.026436112700226791 0.0074794250815609295 0.0074783244966717313 0.0040344833401854963 0.0032178770985165626 0.0032588100040747215 -0.0097977103747643422 -0.014940738567002834 0.036593446462053703 0.0033529388787106713 0.015346840661414285 -0.014151596846936296 0.018306150765469466 -0.0160627245533802 -0.020434158818252106 0.00044337928473593365 0.0034337318636747586 0.0029059314248519406 0.030357866423101922 0.019115251899793861 0.016839585191242963 0.041364957304687318 0.0022358025810649252 0.012204046785611536
leaf_weight=2824.5240805344656 2812.4816035022959 1320.4666714314371 3825.0014932369813 3290.5786964707077 3096.5133904349059 2708.6234618313611 781.8914647391066 1341.5347114000469 1621.9946663994342 853.7136616744101 2657.9293575193733 760.55971174873412 718.39181400835514 1906.3808952271938 380.82315023429692 1540.1180123779923 404.87208005413413 318.49318987689912 1506.5360108651221 808.80511806346476 3701.4468579506502 702.11271914839745 744.62451506312937 767.8984633423388 272.29377650748938 464.05663760565221 1681.6933138780296 534.11601381283253 2583.905074423179 2275.1393632441759
leaf_count=239548 151212 55759 202041 55665 117325 119038 7424 35181 46164 19757 93131 19933 50240 111027 4654 54580 6029 15700 37422 45590 283276 22237 34561 17770 5711 6115 34494 3917 81678 69134
internal_value=-2.6492e-05 0.00602349 -0.015671 0.0135991 0.00117971 0.00276056 0.0188493 0.00599829 0.00742835 0.015903 -0.00339372 0.0179662 -0.022171 -0.00838832 0.0208334 0.0038239 0.0286191 0.00133863 0.0132285 -0.00739442 -0.0235245 0.0102055 -0.0056414 0.0117811 0.0136802 0.00932075 0.0122618 0.0326288 0.00605792 0.00864015
internal_weight=49207.5 35487.2 13720.4 13837.1 21650.1 18837.6 7470.61 12343.7 6366.46 5749.73 6493.85 4896.02 7244.36 6476.01 3671.4 9495.68 1720.88 2976.42 2848.07 3517.43 6525.97 5045.99 4569.63 4343.88 3575.98 1224.62 3303.69 1316.01 6399.16 3815.26
internal_count=2046313 1125620 920693 305629 819991 668779 123494 395320 182135 106124 273459 86367 573064 347629 60319 322717 17370 108831 72603 164628 522824 126376 236602 104139 86369 26048 80658 11341 205392 123714
is_linear=0
shrinkage=0.03


Tree=30
num_leaves=31
num_cat=0
split_feature=78 113 78 114 113 78 1 115 54 78 118 5 54 46 5 29 81 4 101 54 113 1 80 78 78 25 78 78 78 53
split_gain=4926.85 1513.57 566.706 406.22 324.183 276.77 266.102 219.696 217.877 156.001 148.491 120.22 113.317 108.259 107.596 104.947 101.496 93.9204 86.6422 73.6496 72.1658 71.6427 68.3652 63.7304 72.6364 62.7148 59.0132 90.0593 57.5235 76.3378
threshold=34.500000000000007 1.290085906390084 15.500000000000002 0.37196070405239462 0.43538842566302521 768.50000000000011 59.500000000000007 3.8256535947712424 9.5000000000000018 190.50000000000003 0.76018284362693711 3.5000000000000004 3.5000000000000004 23.500000000000004 15.500000000000002 7.5000000000000009 0.018552939556657034 8.5000000000000018 0.0028828832572529192 3.5000000000000004 0.1806125851056363 191.50000000000003 414.78357679941467 190.50000000000003 60.500000000000007 21.500000000000004 68.500000000000014 99.500000000000014 234.50000000000003 24.500000000000004
decision_type=2 10 2 10 10 2 2 10 2 2 10 2 2 2 2 2 10 2 10 2 10 2 2 2 2 2 2 2 2 2
left_child=2 4 12 19 20 8 25 10 16 11 13 26 -1 17 -11 -8 -6 -5 -9 -3 -2 -14 -18 24 -22 -4 -10 -28 29 -21
right_child=1 3 6 7 5 -7 15 18 9 14 -12 -13 21 -15 -16 -17 22 -19 -20 28 23 -23 -24 -25 -26 -27 27 -29 -30 -31
leaf_value=-0.025596075564696886 -0.012537767318219508 -0.009511256525588636 -0.016383419435935614 0.014516106221388606 -0.0053452440908548851 -0.010440795093171631 -0.0041153204646705802 0.02014065634296526 0.0020215071751320244 -0.00060751678734328833 0.00083646493637981069 0.015117260832521105 -0.017994188377359305 0.0060647581844527447 0.015205056182691506 0.013177569759537742 -0.0024468235567083226 0.023483834271291758 0.03153247550821945 0.0032439879297693876 -0.00820602723022088 0.0069623665093352227 0.0086709756050352381 -0.011626541858684477 0.0018509567756492685 -0.0094793499328731309 0.013344986612207668 0.0048194388513587219 -0.0056793437276967717 0.013339369244813506
leaf_weight=4187.8803757261485 1159.9810562692583 292.96053211763501 2966.1870774002746 3739.4705466553569 2809.970866844058 1324.8021474890411 1242.5249783657491 1923.971208171919 2018.5728009324521 3700.8492003306746 702.39982925914228 1766.0592556707561 1685.6420328607783 954.40016275830567 427.51264245063066 417.92378488462418 928.2805799972266 1491.5805467199534 914.70306105725467 1594.6659551020712 1011.5071916375309 107.74813258834183 1064.0273795463145 753.67864609882236 1771.1271996218711 2017.9452155614272 1833.3994473870844 2859.2022541482002 328.70443888567388 1168.4296341668814
leaf_count=357072 59730 11359 196930 80480 120944 68782 62975 19517 76833 144050 17659 41228 132117 19571 12045 13350 32222 23360 7236 50187 50641 6715 36004 36895 70854 119222 53522 86189 9475 29602
internal_value=-2.84266e-05 0.00555409 -0.0161805 0.0137139 0.000985771 0.00275283 -0.0101383 0.016828 0.00375962 0.00583053 0.0139145 0.0081584 -0.0228787 0.0153978 0.00104637 0.000263678 -0.00167678 0.0170931 0.0238604 0.00475341 -0.00605812 -0.0164796 0.00349768 -0.00391797 -0.00181299 -0.0136004 0.00631728 0.00816103 0.00611821 0.0075294
internal_weight=49166.1 36540.3 12625.9 13111.3 23429 18732.7 6644.58 9726.53 17407.9 12605.6 6887.85 8477.23 5981.27 6185.45 4128.36 1660.45 4802.28 5231.05 2838.67 3384.76 4696.29 1793.39 1992.31 3536.31 2782.63 4984.13 6711.17 4692.6 3091.8 2763.1
internal_count=2046766 1158385 888381 268446 889939 671819 392477 167823 603037 413867 141070 257772 495904 123411 156095 76325 189170 103840 26753 100623 218120 138832 68226 158390 121495 316152 216544 139711 89264 79789
is_linear=0
shrinkage=0.03


Tree=31
num_leaves=31
num_cat=0
split_feature=78 115 26 4 115 81 115 78 78 78 53 78 78 4 4 107 78 54 122 4 51 78 3 78 95 2 6 78 0 58
split_gain=4685.07 1441.68 551.381 445.358 312.626 294.462 280.048 319.977 146.549 140.586 135.383 193.289 133.204 113.709 110.654 106.594 101.336 95.1222 82.0135 75.125 63.4824 63.3354 61.1256 79.7669 69.4183 62.6915 60.9362 58.387 56.9934 59.4599
threshold=34.500000000000007 1.1439109908965315 92.500000000000014 1.0000000180025095e-35 2.6774312740171449 0.0086021903211484403 0.12880402771155305 543.50000000000011 6.5000000000000009 261.50000000000006 13.500000000000002 132.50000000000003 67.500000000000014 6.5000000000000009 2.5000000000000004 0.00080717351816571423 20.500000000000004 22.500000000000004 324.50000000000006 7.5000000000000009 401.50000000000006 52.500000000000007 1.5000000000000002 673.50000000000011 0.58906077783026312 87.500000000000014 29.500000000000004 65.500000000000014 50.500000000000007 -53.099999999999945
decision_type=2 10 2 2 10 10 10 2 2 2 2 2 2 2 2 2 2 2 10 2 2 2 2 2 10 2 2 2 2 2
left_child=2 6 8 12 9 16 20 10 -1 13 21 17 -3 26 -7 22 -4 27 -11 -13 -2 -8 -6 24 25 -24 -5 -12 29 -19
right_child=1 3 5 4 15 14 7 -9 -10 18 11 19 -14 -15 -16 -17 -18 28 -20 -21 -22 -23 23 -25 -26 -27 -28 -29 -30 -31
leaf_value=-0.028013060543182217 -0.012462824360461975 -0.0011835750003085009 -0.017484411044151341 0.0090399751055372669 0.012351992636587383 -0.0027124252974713016 -0.0064571528503656016 -0.010449581162381986 -0.018581677294931181 0.0012402908772262504 0.00066406210759619908 -0.00046861274585941452 0.0087387818470483734 0.022171897797655937 0.015400829672967468 0.02993550229466263 -0.0080144723308309962 0.029249513466178694 0.014221315563145527 0.0098197273948315445 -0.0044020433226778233 0.0011566179619489551 0.024424404988341853 6.0205082808074285e-05 0.018885351440514366 0.043990548966372577 0.01794036032442493 0.0094533615652319363 0.029399034658326297 0.010773209543852818
leaf_weight=2261.4844077974558 1373.0509748440236 2145.575724478811 2253.0015946887434 2639.1745696906 973.98329156637192 1106.3055753530934 1319.6527939066291 1741.3501949813217 4513.1260857768357 1565.7620603796095 1059.4782344140112 4206.7089513540268 2807.3525433540344 1183.1143269483 412.75038693007082 1029.6208030022681 1877.7060090443119 175.85566555708647 603.7843073643744 748.03060344792902 2456.1428586300462 3811.7577561214566 565.93211913667619 148.8227704167366 1531.9057348147035 215.5897129252553 947.99950361810625 1899.2556465789676 219.76030131056905 1327.1278954781592
leaf_count=202238 74846 71534 173090 66945 16334 60560 62936 92291 332129 42771 42324 156454 65056 18827 12843 8157 107194 5098 16453 25107 107594 139950 6615 1840 16256 1488 17921 58104 4745 38376
internal_value=-5.87307e-05 0.00533243 -0.0159779 0.0119611 0.0152222 -0.00904536 -8.69442e-07 0.00169497 -0.0217484 0.011224 0.00313007 0.00522531 0.00444362 0.0141024 0.0022436 0.0214158 -0.0131945 0.00959302 0.0048773 0.00109298 -0.00730492 -0.000805807 0.0188232 0.0213528 0.0227195 0.0300672 0.0114138 0.00631248 0.0151926 0.0130248
internal_weight=49121.2 36696.8 12424.4 16358.6 11405.7 5649.76 20338.2 16509 6774.61 6939.83 14767.6 9636.22 4952.93 4770.29 1519.06 4465.85 4130.71 4681.48 2169.55 4954.74 3829.19 5131.41 3436.23 2462.25 2313.43 781.522 3587.17 2958.73 1722.74 1502.98
internal_count=2046076 1158022 888054 350197 213607 353687 807825 625385 534367 162917 533094 330208 136590 103693 73403 50690 280284 148647 59224 181561 182440 202886 42533 26199 24359 8103 84866 100428 48219 43474
is_linear=0
shrinkage=0.03


Tree=32
num_leaves=31
num_cat=0
split_feature=55 113 78 6 78 78 113 29 0 54 115 95 84 77 75 54 112 31 72 78 4 6 17 78 73 6 76 34 93 108
split_gain=4522.95 1203.67 578.355 445.876 443.046 387.878 200.148 161.185 132.784 119.062 115.014 99.8566 93.6395 92.9144 85.1202 79.8403 79.1334 79.1097 76.5368 74.7418 70.1395 68.6367 66.104 64.6817 63.5057 64.5445 62.7697 62.6005 69.1551 73.2741
threshold=6.5000000000000009 1.2683179155522259 17.500000000000004 4.5000000000000009 45.500000000000007 190.50000000000003 3.4127143799472299 2.5000000000000004 6.5000000000000009 6.5000000000000009 0.73243043762971849 0.60684888257447633 0.090957757445980156 9.5000000000000018 11333.500000000002 66.500000000000014 1.9363493550876423 1074.5000000000002 4.5000000000000009 696.50000000000011 16.500000000000004 12.500000000000002 8.5000000000000018 124.50000000000001 155.50000000000003 124.50000000000001 7856.5000000000009 -97.190909412137515 1.6000690994439095 0.00014120071685750959
decision_type=2 10 2 2 2 2 10 2 2 2 10 10 10 2 2 2 10 2 2 2 2 2 2 2 2 2 2 2 10 2
left_child=2 4 13 9 21 7 12 18 -4 -3 19 -8 24 -1 20 23 17 -14 -6 -7 -12 -2 26 27 25 -5 -13 -9 -29 -30
right_child=1 3 8 6 5 10 11 15 -10 -11 14 22 16 -15 -16 -17 -18 -19 -20 -21 -22 -23 -24 -25 -26 -27 -28 28 29 -31
leaf_value=-0.026485748995548251 -0.011084204763254151 -0.0060010284963966879 -0.012862947558694661 0.0083858031333413387 -5.9225046878632428e-05 -0.0053568936583987597 0.029499382625565413 0.01775133242116194 -0.0035310102014521243 0.0061321266474178805 0.00053320706423558393 0.01949308083529399 0.014779703439129543 -0.018816190136352946 -0.011518302596814316 0.019668118774743608 0.021158960211345459 -0.00018828537267269281 0.0099294102184420367 -0.016743938901292756 0.015474136384428662 0.0037375875929857322 0.035786465273579475 0.0031750052294897682 -0.010102740535169796 0.018679104307000344 0.0052424819055009462 0.002368590574643269 0.014337677014834274 0.0036819882980755137
leaf_weight=3084.710545361042 2900.2242765575647 924.12633652426302 4000.3520088596269 3237.6302765766159 4548.5409918986261 2419.199121767655 1052.965211879462 691.78554782830179 2094.9066446302459 3364.8255726816133 2507.4418538995087 849.0524091264233 2083.2383364140987 2784.7186920884997 469.00783198326826 513.83596393838525 1587.8014045385644 374.69040618278086 808.93227360211313 658.84042876213789 313.78482322394848 308.91852999292314 150.61324516870081 2191.5364613812417 140.59837411530316 661.88489013072103 419.51629847567528 1326.9204766768962 1741.6073179487139 876.68450131639838
leaf_count=278438 166957 41077 242783 75026 165614 108316 9925 18133 105892 103281 88953 10260 43529 229329 24220 13545 21266 8727 26923 38625 10987 13856 837 65218 3778 9355 3928 41561 51648 24332
internal_value=-0.000109235 0.00506065 -0.0161458 0.0116761 0.000650093 0.00238631 0.0149885 0.00541549 -0.00966114 0.00351389 -0.00365411 0.0224661 0.0126899 -0.0228661 0.000246661 0.00830104 0.0159216 0.0125022 0.00145682 -0.00781744 0.00221942 -0.00965383 0.0171625 0.00743192 0.00943804 0.0101546 0.0148195 0.00943824 0.00795993 0.0107836
internal_weight=49088.9 37124.2 11964.7 14846.9 22277.3 19068.1 10558 12699.8 6095.26 4288.95 6368.27 2472.15 8085.84 5869.43 3290.23 7342.37 4045.73 2457.93 5357.47 3078.04 2821.23 3209.14 1419.18 6828.53 4040.11 3899.52 1268.57 4637 3945.21 2618.29
internal_count=2046319 1189877 856442 330989 858888 678075 186631 406974 348675 144358 271101 24950 161681 507767 124160 214437 73522 52256 192537 146941 99940 180813 15025 200892 88159 84381 14188 135674 117541 75980
is_linear=0
shrinkage=0.03


Tree=33
num_leaves=31
num_cat=0
split_feature=78 113 55 114 113 1 78 114 118 19 77 50 78 1 91 80 91 78 78 78 10 114 25 18 72 118 89 78 55 91
split_gain=4236.16 1250.14 545.501 341.741 307.559 252.968 206.32 187.307 164.517 152.241 135.87 115.415 98.7626 130.147 96.4219 82.0682 80.2392 77.5519 98.2035 76.4357 70.4403 69.2462 66.3786 66.3052 62.0543 60.6379 57.9128 57.2225 72.4381 53.7457
threshold=34.500000000000007 1.3001158851845251 3.5000000000000004 0.49071541838071392 0.49057916746412944 69.500000000000014 768.50000000000011 0.61941808440910784 0.25637813024089423 1.5000000000000002 9.5000000000000018 121.50000000000001 386.50000000000006 238.50000000000003 1.6458402547065341 691.23357865847913 0.91822231902423568 162.50000000000003 58.500000000000007 231.50000000000003 -590.29024845243896 3.422721437740694 12.500000000000002 1.0000000180025095e-35 1.0000000180025095e-35 0.7104008835778598 0.32500000000000012 156.50000000000003 34.500000000000007 0.53876760006328106
decision_type=2 10 2 10 10 2 2 10 10 2 2 2 2 2 10 2 10 2 2 2 2 10 2 2 2 10 10 2 2 10
left_child=2 4 10 25 17 22 7 11 9 12 -1 -6 13 -5 -7 20 -17 18 -2 29 -9 -11 -4 -15 -20 -3 -8 28 -10 -13
right_child=1 3 5 8 6 14 26 15 27 21 -12 19 -14 23 -16 16 -18 -19 24 -21 -22 -23 -24 -25 -26 -27 -28 -29 -30 -31
leaf_value=-0.026325385403003821 -0.0092199828936302321 0.0063866015934032818 -0.018038110405444192 0.011821361829837699 -0.0050597520648133177 0.012272549174763154 -0.00030365284502233706 0.0104824014836747 0.0064579572890239127 0.0212382358473206 -0.017489072041358595 0.010042573525974284 0.0056192783668907089 0.018287770573773492 -0.0038904727733004569 0.014085427833399214 0.0058867275367589719 -0.011322857226147299 -0.0039291416732902349 -0.0038079289166460697 0.00087030253095585685 0.036994380464937936 -0.0098539505985389946 0.02830660732959096 0.005129170547909033 -0.0035619207217854484 -0.01376704419556155 0.00043752413493924137 0.022160348171718022 0.0026821023816667872
leaf_weight=2926.1377679295838 1571.5127831324935 3124.3844037633389 1295.679796137847 2546.554336104542 2360.0768058504909 536.25264908652753 445.18925734423101 942.95728822983801 879.90792020224035 667.01291066035628 3497.78057814762 1140.1051974482834 803.29187168367207 2304.5632374286652 855.66551610641181 2030.0606352183968 2302.5669969264418 1426.3960774745792 1495.6020511165261 1305.4730966053903 2488.409970106557 436.14159064926207 2951.8356460761279 835.85153643041849 1240.6491907984018 665.94148261845112 808.22735367901623 679.35178963840008 377.29275598190725 4083.2469452321529
leaf_count=267812 82197 86333 95525 50077 102889 19780 22029 27799 20705 9888 272130 34276 15724 28534 42916 56274 71227 68795 65164 54917 80848 3063 189785 7895 47827 21885 44060 14431 5436 135673
internal_value=-0.000122967 0.00491533 -0.0155554 0.0122637 0.000773143 -0.00873501 0.00270953 0.00359371 0.0152933 0.0172846 -0.0215314 0.000619302 0.0155103 0.0169012 0.00235816 0.00699648 0.00974005 -0.00527078 -0.003256 0.0026745 0.00352317 0.0276064 -0.0123688 0.0209951 0.00017987 0.00463631 -0.00900532 0.00746097 0.0112394 0.00429675
internal_weight=49024.1 36960.8 12063.4 13320.3 23640.5 5639.43 17906.3 16652.9 9529.97 7593.42 6423.92 8888.9 6490.26 5686.97 1391.92 7763.99 4332.63 5734.16 4307.76 6528.83 3431.37 1103.15 4247.52 3140.41 2736.25 3790.33 1253.42 1936.55 1257.2 5223.35
internal_count=2045894 1157946 887948 263971 893975 348006 629992 563903 155753 115181 539942 327755 102230 86506 62696 236148 127501 263983 195188 224866 108647 12951 285310 36429 112991 108218 66089 40572 26141 169949
is_linear=0
shrinkage=0.03


Tree=34
num_leaves=31
num_cat=0
split_feature=55 115 78 1 78 78 17 55 112 76 1 78 30 0 54 78 9 78 99 78 78 78 122 67 5 56 80 72 6 93
split_gain=4075.99 967.743 588.4 559.572 280.034 293.219 202.316 175.285 136.188 135.871 132.952 117.762 125.994 115.139 93.4448 79.1607 72.294 69.3396 68.7476 77.6404 66.4933 59.4037 59.402 58.9881 68.8942 54.9596 52.2891 49.5196 48.742 48.4636
threshold=6.5000000000000009 1.2381565299387083 17.500000000000004 66.500000000000014 44.500000000000007 308.50000000000006 1.0000000180025095e-35 17.500000000000004 2.4239856189008737 61082.000000000007 62.500000000000007 234.50000000000003 7.5000000000000009 6.5000000000000009 3.5000000000000004 132.50000000000003 -96.036196546791885 126.50000000000001 0.016674389867160955 768.50000000000011 66.500000000000014 69.500000000000014 869.50000000000011 3.5000000000000004 12.500000000000002 3.5000000000000004 1123.3833686213429 6.5000000000000009 39.500000000000007 3.3815709911705234
decision_type=2 10 2 2 2 2 2 2 10 2 2 2 2 2 2 2 2 2 10 2 2 2 10 2 2 2 2 2 2 10
left_child=2 4 14 7 -2 10 11 -3 9 22 17 12 -5 25 -1 16 -12 20 19 28 -6 -18 -8 24 -14 -4 -23 -22 -7 -28
right_child=1 3 13 6 5 18 8 -9 -10 -11 15 -13 23 -15 -16 -17 21 -19 -20 -21 27 26 -24 -25 -26 -27 29 -29 -30 -31
leaf_value=-0.025126919264468594 -0.0093640561234942937 -0.0049778242390080586 -0.018998413399235851 0.0012631853383852727 -0.0020900759394758203 -0.0083406167983731891 0.015119102026748529 0.0062724157125557539 0.025248033737466809 0.00082281054665400623 0.02834319869714004 0.0029271767550294479 0.0096935487645376378 -0.0033415246316986719 -0.016565887633145229 0.0030842838634310595 0.0020459111261943832 -0.0042442797352053004 0.00069787268796481445 -0.015948786000260787 0.0038235420729371325 0.0059324563113121514 0.028199110052686074 0.018623876459411048 0.018775783762930463 -0.010224860349453255 0.024190044459688656 0.016805792466502007 0.002666639908202555 0.011394392864043989
leaf_weight=3938.5161925591528 2409.4682038184255 2149.804954322055 820.90928952768445 820.80824893899262 1880.9507529232651 1170.9308392200619 1573.9858193686232 2952.1632673144341 1702.0437291217968 538.37551732547581 171.01535662636161 1488.0328439734876 3163.3791478974745 2078.4145514098927 1683.4053177852184 3274.9922605659813 923.28497345000505 1925.6875194180757 949.64175662212074 879.78387092426419 3033.0572035070509 1073.6434424631298 399.09276495315135 1662.8011616803706 995.25545547157526 3092.9742045467719 363.0150201022625 285.52255762368441 520.25194895640016 1052.6855967473239
leaf_count=366827 139644 103679 53889 29934 77772 54547 26514 78277 14532 13694 4004 32501 62806 105944 140602 105684 30436 74018 46895 49447 105075 29919 6713 26387 9827 189141 9264 9214 21403 26711
internal_value=-9.23753e-05 0.00473343 -0.015611 0.00989096 0.000213783 0.00153446 0.013344 0.00153169 0.0186831 0.0141926 0.00348276 0.0105673 0.0122754 -0.00905893 -0.0225804 0.00646267 0.00954149 0.000611825 -0.00619818 -0.00874179 0.00241267 0.0085592 0.0178294 0.0138257 0.0118871 -0.0120869 0.010966 0.00496411 -0.00495662 0.0147491
internal_weight=48973.9 37359.7 11614.2 17445.7 19913.9 17504.5 12343.8 5101.97 4213.5 2511.45 13983.9 8130.28 6642.24 5992.3 5621.92 6858.64 3583.64 7125.22 3520.61 2570.97 5199.53 3412.63 1973.08 5821.44 4158.63 3913.88 2489.34 3318.58 1691.18 1415.7
internal_count=2045300 1188897 856403 404864 784033 644389 222908 181956 61453 46921 472097 161455 128954 348974 507429 206018 100334 266079 172292 125397 192061 96330 33227 99020 72633 243030 65894 114289 75950 35975
is_linear=0
shrinkage=0.03


Tree=35
num_leaves=31
num_cat=0
split_feature=55 113 78 1 78 78 118 5 112 115 84 88 65 77 78 78 69 93 10 6 56 17 78 99 19 115 27 4 4 95
split_gain=3932.46 928.448 562.06 368.488 365.675 323.468 175.581 158.42 121.882 119.935 115.142 104.782 90.3665 88.9471 84.6125 81.1033 82.2732 77.8324 89.7687 73.14 71.9876 71.48 70.6553 68.36 63.2695 58.0266 56.9297 63.5002 54.1019 50.6559
threshold=6.5000000000000009 1.290085906390084 17.500000000000004 128.50000000000003 42.500000000000007 190.50000000000003 0.10021946792305837 1.5000000000000002 3.6593211463391415 0.91555104740115845 1.0000000180025095e-35 2.4421637426900591 5.5000000000000009 7.5000000000000009 768.50000000000011 379.50000000000006 8.5000000000000018 1.6960932397030075 -447.22655235298845 9.5000000000000018 96.500000000000014 8.5000000000000018 36.500000000000007 0.027401625675545896 7.5000000000000009 0.25395134880106579 757.50000000000011 18.500000000000004 14.500000000000002 0.76747889201599773
decision_type=2 10 2 2 2 2 10 2 10 10 10 8 2 2 2 2 2 10 2 2 2 2 2 10 2 10 2 2 2 10
left_child=2 4 13 11 19 7 8 12 15 14 -4 20 -6 -1 25 16 28 18 -9 -2 -3 29 -12 -8 -17 -7 27 -11 -5 -10
right_child=1 3 10 6 5 9 23 17 21 26 22 -13 -14 -15 -16 24 -18 -19 -20 -21 -22 -23 -24 -25 -26 -27 -28 -29 -30 -31
leaf_value=-0.026640813296137777 -0.011207425271033102 0.0016394429495860134 -0.01352335178818497 0.013292083511425816 -0.0012370313749000272 -0.012387568463198339 0.0055357567408418776 0.015768635089676755 0.023973680883324928 0.001417254952784241 -0.009462662901576234 -0.0022355158774561052 0.0050608748848129381 -0.018859932864154744 -0.014915948697356551 0.0045759005654469964 0.030503850780024915 0.012448694204231347 0.0017840776359058725 0.0032003393810392257 0.0101623610911036 0.039303518156756034 -0.00051584106267908519 0.020114875750513597 0.025803641077556498 -0.0021803757769675732 -0.012602947663284646 0.016542339700230554 0.023096418433381206 0.0098402701069917279
leaf_weight=2461.6882552960888 2433.0263756159693 1444.1181010529399 2758.5834900271147 3080.0458245752379 3609.0915200076997 622.18138601444662 2287.4532720930874 531.62482303567231 1117.8989649824798 1953.0437458660454 1638.3106516795233 1600.9554664287716 4738.1672096811235 3043.8015846321359 843.21106705162674 1019.1020842585713 335.60186802782118 2768.7677387204021 1801.9728542622179 362.29052766878158 2336.9612722387537 229.31056745536625 1539.0417916635051 327.97001767065376 139.90668979845941 2512.8143039941788 216.10435557365417 281.67415140382946 617.77214216720313 299.06045375857502
leaf_count=240562 148083 52852 171993 52554 140029 29807 47841 12002 11192 63917 104833 59946 153436 267303 50854 20755 3946 72296 52104 17525 53089 1320 71974 5331 1808 109204 10838 9661 6048 3671
internal_value=-6.56377e-05 0.00463069 -0.0154576 0.0104642 0.00081223 0.00224149 0.0140304 0.00488674 0.0165593 -0.0032919 -0.00904226 0.00419256 0.00233875 -0.02236 -0.00650504 0.0142773 0.0162886 0.00904878 0.00499685 -0.00933771 0.00691364 0.0236916 -0.00513663 0.00739885 0.00723818 -0.00422263 0.00192634 0.00335636 0.014959 0.0210358
internal_weight=48951.6 37510.1 11441.4 14836.2 22674 19878.7 9454.12 13449.6 6838.7 6429.03 5935.94 5382.03 8347.26 5505.49 3978.21 5192.43 4033.42 5102.37 2333.6 2795.32 3781.08 1646.27 3177.35 2615.42 1159.01 3135 2450.82 2234.72 3697.82 1416.96
internal_count=2046774 1190109 856665 320353 869756 704148 154466 429867 101294 274281 348800 165887 293465 507865 189865 85111 62548 136402 64106 165608 105941 16183 176807 53172 22563 139011 84416 73578 58602 14863
is_linear=0
shrinkage=0.03


Tree=36
num_leaves=31
num_cat=0
split_feature=55 113 78 6 78 78 113 4 54 118 115 54 54 72 99 78 78 78 78 95 6 6 78 112 27 67 118 78 9 78
split_gain=3720.58 924.696 559.826 356.008 342.043 271.39 175.074 147.624 120.832 110.349 109.493 101.051 97.4185 84.1567 82.6803 90.5745 77.6775 72.0814 69.4688 67.2857 66.7159 62.3312 62.8491 61.4079 62.3836 69.9966 59.2331 58.4745 53.5659 52.7877
threshold=6.5000000000000009 1.290085906390084 17.500000000000004 4.5000000000000009 43.500000000000007 190.50000000000003 4.3347904057386248 1.0000000180025095e-35 2.5000000000000004 0.6783324457840304 0.85630600374430144 6.5000000000000009 3.5000000000000004 14.500000000000002 0.017305780250585729 1135.5000000000002 742.50000000000011 34.500000000000007 65.500000000000014 0.60519143244061113 4.5000000000000009 112.50000000000001 253.50000000000003 1.9839952063378801 709.50000000000011 80.500000000000014 0.84907616020301857 69.500000000000014 -103.87121254120105 99.500000000000014
decision_type=2 10 2 2 2 2 10 2 2 10 10 2 2 2 10 2 2 2 2 10 2 2 2 10 2 2 10 2 2 2
left_child=2 4 12 11 20 7 9 13 -4 14 16 -3 -1 18 15 21 -7 -10 -6 -8 -2 22 27 24 25 -12 -9 -5 -13 -20
right_child=1 3 8 6 5 10 19 26 17 -11 23 28 -14 -15 -16 -17 -18 -19 29 -21 -22 -23 -24 -25 -26 -27 -28 -29 -30 -31
leaf_value=-0.024871867287059941 -0.011387931027984731 -0.0061636742735478103 -0.014686047212471406 0.0059717212475677182 -0.0033424038102136469 -0.0041840371875308318 0.029132301168995432 0.009284520605203999 -0.0099629505847530584 0.0010763529959534003 0.0008938172817077732 0.02419356768123242 -0.015981095128692838 0.022454100443933405 0.017338631778139744 -0.0088335671225724718 -0.014896401204779561 -0.0017292344889459558 0.0061393918110974124 0.016744665662590277 -0.00031959085594052307 0.017136143231902996 0.0014042432072161777 0.016477467541920931 -0.013746516276872588 0.035122006612076657 0.00070912199558782925 0.013891373665593922 0.0044366502358601781 0.00011165852292713503
leaf_weight=3759.5328244399279 2274.8451115610078 887.44919273629785 2047.6131759425625 1294.0035008145496 2148.908522978425 2888.3284653201699 703.72620411496609 4974.0452461708337 1824.7984990635887 838.6867731641978 2215.636220401153 123.85166450496763 1630.855244060047 166.48603979870677 2305.2257768884301 204.53264023736119 769.60800665337592 2011.3332574917004 2553.8326031565666 969.90543607715517 624.72336310520768 1288.7090070322156 707.84111318364739 220.25420140661299 256.51503197010607 50.11911847628653 849.48363562114537 2445.6656314171851 3188.6041065072641 2674.3910910151899
leaf_count=367246 139888 39568 130323 32941 84972 129351 5822 137104 121067 20325 76617 2720 141022 5186 35202 5642 47201 97267 82477 9030 31499 15239 16664 5045 13456 2155 27029 40140 97022 86797
internal_value=-0.000103706 0.00442631 -0.0152171 0.0102144 0.000605278 0.00201728 0.0131052 0.00444911 -0.00880692 0.0114508 -0.00306102 0.0028028 -0.0221993 0.00167715 0.0125047 0.0106159 -0.00645511 -0.00565378 0.00119337 0.0220247 -0.00900787 0.0113165 0.00961287 0.00146948 0.00012892 0.00172662 0.0080353 0.0111626 0.00521071 0.00305908
internal_weight=48899.5 37625.4 11274.1 14958.2 22667.2 19767.6 10758.3 13367.1 5883.74 9084.66 6400.46 4199.9 5390.39 7543.62 8245.98 5940.75 3657.94 3836.13 7377.13 1673.63 2899.57 5736.22 4447.51 2742.52 2522.27 2265.76 5823.53 3739.67 3312.46 5228.22
internal_count=2046017 1189092 856925 320315 868777 697390 181005 423565 348657 166153 273825 139310 508268 259432 145828 110626 176552 218334 254246 14852 171387 104984 89745 97273 92228 78772 164133 73081 99742 169274
is_linear=0
shrinkage=0.03


Tree=37
num_leaves=31
num_cat=0
split_feature=78 113 56 0 114 113 78 77 85 54 2 78 78 67 85 4 6 78 113 78 78 0 6 9 25 34 94 78 17 99
split_gain=3530.42 960.346 528.868 243.185 239.373 237.884 163.718 159.625 144.689 140.188 118.539 99.4226 96.0188 121.564 90.0647 88.5472 83.4556 79.5814 76.2554 78.4885 72.5141 81.7287 64.301 64.1727 60.0144 58.5308 55.3972 54.445 57.8179 54.192
threshold=34.500000000000007 1.290085906390084 17.500000000000004 16.500000000000004 1.660005302578379 0.51213772257359869 768.50000000000011 7.5000000000000009 0.74990087232355285 10.500000000000002 69.500000000000014 126.50000000000001 718.50000000000011 1.5000000000000002 0.73136743467130383 10.500000000000002 14.500000000000002 65.500000000000014 0.1806125851056363 569.50000000000011 144.50000000000003 55.500000000000007 40.500000000000007 -103.87121254120105 21.500000000000004 -108.98315163273496 2.8888169039979581 341.50000000000006 12.500000000000002 0.022047402412321889
decision_type=2 10 2 2 10 10 2 2 10 2 2 2 2 2 10 2 2 2 10 2 2 2 2 2 2 2 8 2 2 10
left_child=2 5 7 24 12 18 9 -1 10 17 -6 16 13 -3 -5 -13 25 -7 -2 -20 21 -15 -22 -16 -4 -11 -9 -12 -29 -8
right_child=1 4 3 14 8 6 29 26 -10 11 27 15 -14 20 23 -17 -18 -19 19 -21 22 -23 -24 -25 -26 -27 -28 28 -30 -31
leaf_value=-0.026671327302546087 -0.011535341786389071 0.0033104650221898674 -0.014527330702756936 0.015752789353582479 0.014350758680776798 -0.00504394268595153 -0.011673086738419609 -0.01213568362660861 0.0059733185373966359 0.015583067535789545 0.030219692079754161 0.00106330372411198 -0.0055236648551335293 0.01216777327461838 0.036396140749193735 0.01223722837658086 0.015402649373803349 0.0027809420468388924 -0.001958304796489342 -0.018779739933762651 0.003194715804895843 0.026993869093195535 0.014081675381997163 -0.0042732978486931077 -0.0070740643680365306 0.0048115789601476909 -0.019459194387579992 0.011099371187532198 0.029569906919398915 0.0037329771509068744
leaf_weight=2331.5467217639089 1104.8697532629594 2967.4055909626186 1954.3307442991063 435.34558905847371 3352.7053217031062 2340.5577721912414 925.34032297041267 1510.3508134167641 1247.7672011647373 512.04755507968366 768.58281717076898 5387.1472369972616 499.91846741549671 1904.0514836926013 32.083193048834801 719.26224432699382 1084.6599786635488 2328.9535719882697 4767.8629069589078 258.58184878062457 1358.4848286304623 408.12095198966563 760.83524613641202 596.49861914943904 1966.9111295370385 3830.1585656795651 2583.399560244754 414.51005469076335 246.72746778279543 261.12233657762408
leaf_count=236013 59600 82924 146638 13122 43425 103425 50982 122857 23067 13960 5004 182285 13969 44114 1053 22801 23376 75696 207680 15767 30201 6193 12700 28377 123457 119781 216684 4618 2061 13595
internal_value=-9.15152e-05 0.00435999 -0.0146971 -0.00735392 0.0106012 0.000662438 0.0024539 -0.0203843 0.0151022 0.00324228 0.0174752 0.00501725 0.00715754 0.00801752 0.00534739 0.00238839 0.00797037 -0.00114242 -0.00441624 -0.00284147 0.0111622 0.0148373 0.00712708 -0.00192666 -0.0108025 0.00609825 -0.0167754 0.0247259 0.0181615 -0.00828101
internal_weight=48860.1 37449.7 11410.5 4985.17 13929.1 23520.6 17389.2 6425.3 6030.29 16202.8 4782.53 11533.3 7898.82 7398.9 1063.93 6106.41 5426.87 4669.51 6131.31 5026.44 4431.49 2312.17 2119.32 628.582 3921.24 4342.21 4093.75 1429.82 661.238 1186.46
internal_count=2045425 1157224 888201 312647 268276 888948 605901 575554 78175 541324 55108 362203 190101 176132 42552 205086 157117 179121 283047 223447 93208 50307 42901 29430 270095 133741 339541 11683 6679 64577
is_linear=0
shrinkage=0.03


Tree=38
num_leaves=31
num_cat=0
split_feature=56 113 120 120 1 120 114 0 85 120 120 67 88 115 91 17 80 59 53 9 90 0 72 120 113 28 54 59 7 99
split_gain=3327.44 812.073 545.736 293.836 291.629 286.745 169.876 155.689 123.639 119.853 118.403 111.243 100.328 95.933 87.613 81.0395 75.2378 88.7938 71.6005 70.7828 65.1291 63.3932 61.2846 61.0061 61.6941 59.1664 58.384 54.2572 54.8106 51.2675
threshold=29.500000000000004 1.2683179155522259 1.5769230769230773 3.5000000000000004 238.50000000000003 14.653846153846155 3.422721437740694 3.5000000000000004 0.67081727479905306 0.50000000000000011 29.192307692307697 15.500000000000002 6.2804761904761914 0.92877250510425069 0.3230259082461831 8.5000000000000018 390.31994076998342 -191.94977268361666 13.500000000000002 16.335444018644338 -1.6619156837046745 6.5000000000000009 17.500000000000004 53.576923076923087 0.32748764962021365 1.0000000180025095e-35 17.500000000000004 1077.7685806235409 -73.649999999999991 0.024369034994697777
decision_type=2 10 2 2 2 2 10 2 10 2 2 2 8 10 10 2 2 2 2 2 10 2 2 2 10 2 2 2 2 10
left_child=2 3 9 21 8 7 10 -5 19 -1 11 -6 25 23 16 -8 17 -9 -10 -3 -21 -2 -16 24 -7 -4 -11 -15 -29 -12
right_child=1 4 12 5 6 13 15 14 18 26 29 -13 -14 27 22 -17 -18 -19 -20 20 -22 -23 -24 -25 -26 -27 -28 28 -30 -31
leaf_value=-0.026159893537293383 -0.011198407810896611 0.0041939262335847346 -0.010713521300906451 -0.0019628216190562572 0.010902620041806296 -0.015510744075264822 0.017890811592423474 0.010317918801912724 -0.0035107615303137962 -0.018049245380293788 -0.00014837334774803711 0.024531577829978158 -0.014175197270344981 -0.0025282025447723173 0.004118470774191434 0.033817865057776314 0.014629239403620991 -0.0069862013013656217 0.0049376021036976461 0.024981198781428533 0.010286801884429507 -0.0023261835450977359 0.0326139499411695 -0.012942482069253219 -0.0025185110953650038 -0.0027216179227071186 0.0022357297549187548 0.022446471355334115 0.0035945831824143572 0.012519270570975799
leaf_weight=2361.5323133394122 2003.6115739783272 1695.9499774063006 1194.2353168288246 2668.250654919073 2963.5199110023677 370.62374177202582 2127.6059338888153 838.80498606339097 1539.569551368244 3199.6735915364698 1064.7837423430756 660.81916547752917 1542.8412745073438 1307.9440792379901 7124.7749649658799 338.02816956490278 1701.6027274243534 386.18915301002562 2168.8957134885713 309.03600181359798 2199.1166386352852 1138.955067561008 63.701414316892624 917.43723638635129 2674.6762221548706 2752.7707343669608 131.91666502319276 161.69649308733642 847.53447091579437 388.85075655020773
leaf_count=247376 130013 45395 70379 104254 51090 19029 20035 22235 60106 286175 25483 7884 99111 45989 214191 1961 44872 11847 59656 4955 46149 59044 1822 56512 115986 144491 10066 4933 28386 6829
internal_value=-9.07841e-05 0.00417617 -0.0144565 0.000500473 0.00945516 0.00190213 0.0136747 0.00448041 0.00542631 -0.020962 0.0105195 0.0134179 -0.00769714 -0.00334559 0.0061802 0.0201384 0.0105539 0.00485643 0.00143026 0.00894537 0.0121434 -0.00799167 0.00439348 -0.00617824 -0.00412254 -0.0051502 -0.0172439 0.00150155 0.00671075 0.00327155
internal_weight=48844.9 37662 11183 22205.8 15456.2 19063.2 7543.61 12783.3 7912.57 5693.12 5077.97 3624.34 5489.85 6279.91 10115.1 2465.63 2926.6 1224.99 3708.47 4204.1 2508.15 3142.57 7188.48 3962.74 3045.3 3947.01 3331.59 2317.18 1009.23 1453.63
internal_count=2046254 1188656 857598 859113 329543 670056 113282 399221 216261 543617 91286 58974 313981 270835 294967 21996 78954 34082 119762 96499 51104 189057 216013 191527 135015 214870 296241 79308 33319 32312
is_linear=0
shrinkage=0.03


Tree=39
num_leaves=31
num_cat=0
split_feature=78 115 29 4 115 114 78 78 78 78 53 0 19 29 34 78 69 59 65 9 80 110 93 4 93 69 78 114 114 4
split_gain=3211.08 878.267 353.724 337.331 264.346 214.463 208.62 200.377 152.877 141.031 131.53 116.052 115.98 96.5641 78.8482 65.4201 80.4912 67.3295 62.3261 62.2448 74.0006 89.708 66.2964 59.4795 57.9827 53.2476 53.5297 52.3849 50.4419 49.5639
threshold=27.500000000000004 0.95127880529968878 3.5000000000000004 1.0000000180025095e-35 0.12880402771155305 2.5182685977616859 335.50000000000006 6.5000000000000009 241.50000000000003 65.500000000000014 7.5000000000000009 16.500000000000004 1.0000000180025095e-35 9.5000000000000018 -73.327282622879082 1992.5000000000002 9.5000000000000018 808.90863895257814 1.5000000000000002 -96.036196546791885 487.15413096936226 3.6684234360829933e-05 -1.7987896521477713 24.500000000000004 2.6209793298166266 1.0000000180025095e-35 115.50000000000001 0.9996657754010696 0.8602289142123426 14.500000000000002
decision_type=2 10 2 2 10 10 2 2 2 2 2 2 2 2 2 2 2 2 2 2 2 2 10 2 10 2 2 10 10 2
left_child=2 4 7 9 18 8 10 -1 13 -3 -6 -4 23 -5 -9 16 17 -10 -2 -12 22 -22 -21 -7 -19 -15 -27 -13 -18 -23
right_child=1 3 11 5 6 12 -8 14 15 -11 19 27 -14 25 -16 -17 28 24 -20 20 21 29 -24 -25 -26 26 -28 -29 -30 -31
leaf_value=-0.026576240721216369 -0.012586564296226182 -0.0027267484668986358 -0.0087788828318313122 0.0059303064928990902 -0.0035341178536277894 0.011452523816089763 -0.0075731171991127878 0.0060436204596083717 -0.0043123181212859863 0.0060684035445969994 0.01618664793992108 -0.0020088751730648882 0.024632589570838082 0.010374429411683128 -0.016387850495999015 -0.009042116619292051 0.0026266859374126385 0.018772611442814321 -0.0050254318871678777 0.0056002447257827402 0.0089807452252513853 0.00048606669803586241 -0.0027216221819501918 0.021595369103395688 0.0026877425034594138 0.024777836163599007 0.013322675351711591 0.01779162898639286 0.019410230527658313 0.028135292137464303
leaf_weight=2212.8353703944013 1476.4278726810589 2933.578608835116 948.91637526080012 2460.905984451063 2664.9566713357344 3277.6677248626947 2249.5802450869232 142.63074730429798 1034.6640168279409 3712.1581173334271 358.04915977083147 210.87896828260273 991.75325258914381 2024.3273500045761 5127.5108604542911 384.32497452571988 262.25138212554157 251.12028240598738 2944.6996112335473 1336.9606724465266 3190.5146038504317 2243.3812910048291 2401.8241978790611 625.16522280685604 960.26325483620167 609.42379129864275 985.02449972555041 271.99827024899423 420.53236444387585 54.914790395647287
leaf_count=239376 86337 112073 69084 65427 118837 49759 120063 9490 29643 87022 10216 12209 9443 37060 423273 14567 7790 6138 143702 48332 110559 75801 85524 4613 24052 9969 16291 8772 8681 1299
internal_value=-0.000101493 0.00353968 -0.0163726 0.00777296 -0.00114453 0.0103696 0.000814049 -0.0189851 0.00770932 0.00218689 0.00235665 -0.00270028 0.0154617 0.0105331 -0.0157756 0.00251959 0.00404956 0.00129676 -0.00756183 0.00399536 0.0035138 0.00572948 0.000257718 0.0131028 0.0060856 0.0136507 0.0177648 0.00921252 0.0130298 0.00120635
internal_weight=48769.2 39854.5 8914.77 20933.2 18921.3 14287.4 14500.2 7482.98 9392.84 6645.74 12250.6 1431.79 4894.59 6079.68 5270.14 3313.16 2928.83 2246.05 4421.13 9585.64 9227.6 5488.81 3738.78 3902.83 1211.38 3618.78 1594.45 482.877 682.784 2298.3
internal_count=2045402 1283198 762204 482528 800670 283433 570631 672139 219618 199095 450568 90065 63815 128747 432763 90871 76304 59833 230039 331731 321515 187659 133856 54372 30190 63320 26260 20981 16471 77100
is_linear=0
shrinkage=0.03


Tree=40
num_leaves=31
num_cat=0
split_feature=78 115 29 113 115 78 78 78 93 101 0 92 123 53 82 7 99 78 78 78 59 54 100 11 35 36 78 53 80 78
split_gain=3116.23 877.363 333.742 318.268 212.76 192.078 189.861 172.911 169.742 146.268 123.628 101.98 100.938 100.234 97.8146 94.585 82.99 72.8497 72.3322 97.0953 66.412 65.0299 61.1331 59.1089 57.9141 56.7617 53.2651 84.7176 53.1439 48.8343
threshold=26.500000000000004 0.85630600374430144 3.5000000000000004 2.2595048668182085 0.12880402771155305 6.5000000000000009 335.50000000000006 49.500000000000007 1.2861761005117442 0.0022870219025825441 16.500000000000004 -1.5598906952503182 1.0000000180025095e-35 7.5000000000000009 0.13335502060290613 -17.999999999999989 0.0073233257713491984 283.50000000000006 126.50000000000001 68.500000000000014 -1164.9124678190594 5.5000000000000009 0.029984227129337543 12.500000000000002 -89.072698022552487 1051.5000000000002 198.50000000000003 31.500000000000004 7099.0306005900229 495.50000000000006
decision_type=2 10 2 10 10 2 2 2 10 10 2 10 2 2 10 2 10 2 2 2 2 2 10 2 2 2 2 2 2 2
left_child=2 4 5 7 21 -1 13 23 11 16 -4 14 15 -6 -9 -10 -5 20 19 -15 -16 -2 -12 -3 -7 -14 27 -17 -11 -13
right_child=1 3 10 9 6 24 -8 8 12 28 22 29 25 18 17 26 -18 -19 -20 -21 -22 -23 -24 -25 -26 -27 -28 -29 -30 -31
leaf_value=-0.026718342439907256 -0.011450039924125237 -0.0040703673686096967 -0.0093809592855181312 0.0060601304429446761 -0.0036019682685326337 -0.0067079273884194336 -0.0084375061014574752 0.014546729266964025 0.013730663737566066 0.023307400056251013 0.0054173020677098921 -0.0005170933071464226 0.016712504144525547 0.00064670461126469414 0.020997671062721997 0.0040920319103964209 0.014776710022261712 -0.004160699161615794 -6.7193924342185711e-05 0.0090186715713976729 0.0042559011366189812 -0.0041520082777212275 0.037782942914427999 0.0066417062444367103 -0.017092635134157614 -0.012256698915768005 0.00010766913867017003 0.014141945501040622 0.011055726101932744 -0.014182076218375287
leaf_weight=2154.2644695676863 1939.3119564512745 2131.6455696988851 889.69749387353659 2142.4570360537618 2418.3889417871833 552.61256469879299 1915.442623089999 887.59687481913716 1662.4849140569568 1373.4553562644869 396.72109338454902 2203.1324981153011 1703.8338013915345 2126.1426329268143 237.70998790115118 2361.4674223903567 1830.8827604865655 854.11310902424157 3427.4829462133348 3012.2457065284252 1800.2006794326007 2548.7952885096893 56.022999199107289 587.2888478403911 4411.2240089904517 59.697544455528259 1254.4473493192345 1109.2420449107885 433.16312835365534 258.58156969305128
leaf_count=239213 115830 102773 65977 35498 108784 42508 104583 22538 33213 14489 17792 56227 39786 89894 4685 58133 21419 27304 120352 88686 42425 121856 2112 18091 375027 2184 36026 22282 3961 11599
internal_value=-8.96318e-05 0.00338742 -0.0166355 0.00724563 -0.00169262 -0.0192216 0.000265516 0.00518708 0.00649747 0.0133302 -0.00290272 0.00277107 0.00934733 0.0017863 0.00586293 0.00758254 0.0100902 0.00317726 0.00330878 0.00555855 0.00625534 -0.00731472 0.00979122 -0.00174862 -0.0159444 0.0157 0.00540718 0.00731972 0.0204085 -0.00197832
internal_weight=48739.8 40279.2 8460.54 22891.4 17387.8 7118.1 12899.7 17111.4 14392.5 5779.96 1342.44 6241.33 8151.17 10984.3 3779.62 6387.64 3973.34 2892.02 8565.87 5138.39 2037.91 4488.11 452.744 2718.93 4963.84 1763.53 4725.16 3470.71 1806.62 2461.71
internal_count=2045247 1302618 742629 552633 749985 656748 512299 477266 356402 75367 85881 164778 191624 407716 96952 149654 56917 74414 298932 178580 47110 237686 19904 120864 417535 41970 116441 80415 18450 67826
is_linear=0
shrinkage=0.03


Tree=41
num_leaves=31
num_cat=0
split_feature=120 113 25 118 114 112 54 120 101 72 29 108 42 120 114 120 120 114 6 60 109 54 84 120 69 120 67 113 55 107
split_gain=2908.48 757.039 441.146 282.114 201.261 200.189 196.644 199.816 150.745 129.621 89.7451 87.7082 82.9174 80.1016 76.7674 76.4807 69.823 66.3804 64.8727 61.2402 66.8488 60.5949 60.2693 59.0518 87.6887 58.3037 58.2404 50.5468 47.4643 47.0248
threshold=2.3461538461538463 1.0770054430774201 12.500000000000002 0.61866359875389298 0.56485646065855977 1.0364581572638683 5.5000000000000009 16.423076923076923 0.0032846116832704357 1.0000000180025095e-35 6.5000000000000009 4.6425683089337424e-05 1.0000000180025095e-35 0.42307692307692318 0.23770139463796733 11.884615384615387 59.11538461538462 6.0491178829190071 8.5000000000000018 4896.6554485998304 0.00022236475888751231 7.5000000000000009 0.11268059095072691 28.653846153846157 5.5000000000000009 5.9615384615384626 9.5000000000000018 4.3347904057386248 31.500000000000004 2.2005802174577471e-06
decision_type=2 10 2 10 10 10 2 2 10 2 2 2 2 2 10 2 2 10 2 2 2 2 10 2 2 2 2 10 2 2
left_child=2 6 13 5 11 23 14 9 12 29 -6 21 -7 -1 -2 25 18 -17 -9 -11 -21 -4 -20 24 26 -14 -3 -10 -22 -8
right_child=1 3 4 -5 10 8 7 16 27 19 -12 -13 15 -15 -16 17 -18 -19 22 20 28 -23 -24 -25 -26 -27 -28 -29 -30 -31
leaf_value=-0.028115739429270765 -0.008694284208602859 0.0036801712063929972 -0.012197804630083204 -0.0012269521669968338 -0.0039962042943607473 0.0065938311000337257 -0.0074422378457518531 -0.0077018333465778315 0.016307788201591226 0.0041473297517640624 0.013292085088010745 -0.018237544105818761 0.011330022885310705 -0.019150890597038679 0.00013623019595279716 0.0066774021753399151 -0.010860886809626586 0.026159149307707862 -0.0027868754901125303 0.014705948152457196 -0.0056281374946023106 -0.002231359208988864 0.0074834735649979408 -0.0025229401103379007 0.018668862854265226 0.021412896488184896 0.013357893135137418 0.027363592300771143 0.010435651253328038 0.00080454825330049439
leaf_weight=1447.1768908621743 3025.2819418814033 4064.2148884907365 1861.1915980903432 2586.6775714391842 1024.3026784164831 3580.035568558611 717.5611659605056 1212.7317774398252 1983.1648553023115 4599.8213902628049 361.45901815686375 1574.5089338626713 978.44843191467226 2567.6612901287153 1251.9282179772854 1730.1322710895911 1083.2399511868134 169.25504003837705 1424.0024671331048 1223.6872076289728 311.23974029533565 781.56335052102804 798.42695141211152 792.99281692504883 461.70213431864977 1144.4580648094416 645.70856380648911 474.21664558537304 343.06832448579371 4480.2684340579435
leaf_count=166856 160562 111477 158160 75850 64606 75999 34586 55223 30129 152844 11983 129278 16858 233273 49680 29940 64610 1025 57557 35613 9357 55961 31587 25452 9325 14077 12588 2758 9430 159464
internal_value=-5.1235e-05 0.00358607 -0.0148256 0.00796423 -0.00937357 0.00944781 -0.000395219 0.00111626 0.0120297 0.00318907 0.00054481 -0.0126295 0.00992982 -0.0224133 -0.00611247 0.0128871 -0.00423753 0.00847755 -0.00213618 0.00601887 0.0105797 -0.00926013 0.000911352 0.00508693 0.0062551 0.0168032 0.0050197 0.0184925 0.00280973 -0.00033998
internal_weight=48700.1 39082.3 9617.86 18611 5603.03 16024.3 20471.3 16194 10059.7 11675.6 1385.76 4217.26 7602.33 4014.84 4277.21 4022.29 4518.4 1899.39 3435.16 6477.82 1878 2642.75 2222.43 5964.62 5171.63 2122.91 4709.92 2457.38 654.308 5197.83
internal_count=2046108 1225991 820117 405478 419988 329628 820513 610271 170786 401294 76589 343399 137899 400129 210242 61900 208977 30965 144367 207244 54400 214121 89144 158842 133390 30935 124065 32887 18787 194050
is_linear=0
shrinkage=0.03


Tree=42
num_leaves=31
num_cat=0
split_feature=55 113 78 78 114 78 115 5 99 54 77 77 78 53 1 115 2 75 65 6 78 62 56 78 23 59 4 72 34 78
split_gain=2780.23 672.794 418.653 303.933 283.12 221.997 145.574 120.218 112.743 96.4533 94.5886 94.3808 91.155 85.0806 82.9621 81.2967 79.1803 63.5416 60.1578 59.14 56.9062 56.604 52.8714 78.4186 56.552 53.092 49.4092 48.7313 48.1305 46.395
threshold=5.5000000000000009 1.2060393919427714 16.500000000000004 46.500000000000007 0.1914584417837932 195.50000000000003 5.8060410334346519 2.5000000000000004 0.01752084838137764 2.5000000000000004 36.500000000000007 6.5000000000000009 1135.5000000000002 26.500000000000004 1.5000000000000002 0.73243043762971849 84.500000000000014 11333.500000000002 4.5000000000000009 74.500000000000014 696.50000000000011 16.500000000000004 96.500000000000014 146.50000000000003 14.500000000000002 -1164.9124678190594 2.5000000000000004 1.0000000180025095e-35 258.21701162953406 34.500000000000007
decision_type=2 10 2 2 10 2 10 2 10 2 2 2 2 2 2 10 2 2 2 2 2 2 2 2 2 2 2 2 2 2
left_child=2 3 11 10 13 7 8 14 12 -4 -2 -1 22 18 -5 20 -8 19 -3 -17 21 -7 -6 25 -25 -24 -13 -16 -21 -11
right_child=1 4 9 5 6 15 16 -9 -10 29 -12 26 -14 -15 27 17 -18 -19 -20 28 -22 -23 23 24 -26 -27 -28 -29 -30 -31
leaf_value=-0.026823134740634986 -0.011669768278950443 -0.0068923341675468323 -0.014371504296283834 -0.0057522119006006116 0.0026715343787666063 -0.012377965280606827 0.013818027512580129 0.0086556601517193948 0.013707801030929697 -0.009231848350461716 -0.001351080113433034 -0.01877159971176012 -0.0104629189696813 0.0071686228823997283 0.00038160918567732159 -0.0012220215816404333 0.027660649547771216 -0.010881290913855535 0.0019506484460343981 0.0023528259273607036 -0.015336755396593 -0.0018212815860571372 0.030061688319282045 0.0037028101546995739 0.015577972384954616 0.011122909255575837 7.9959221729301435e-05 0.0049560020402357394 0.01743592294720395 -0.0018646952853066984
leaf_weight=1844.4701823368669 2322.2126479754224 1248.8363429270685 1781.4415206518024 1103.6069593206048 1666.3771942155436 637.11523963231593 1382.9462161818519 3230.6051172111183 2949.3837364558131 1554.0084693133831 1220.1564813731238 2402.0747314430773 260.24750338681042 1341.289549455978 3701.9858974320814 1778.2902402179316 518.27790124341846 407.52639151737094 1542.4410853497684 458.64982225280255 587.67707073502243 1594.4991567935795 136.40004521608353 2717.2754766810685 412.40184867568314 3085.5179761974141 131.94501578994095 4829.0205366313457 322.82818983215839 1525.0949416318908
leaf_count=215068 151960 58357 124101 46569 49932 29419 16340 78338 47587 111762 66563 246405 7851 36269 127271 64197 2755 22769 52218 16313 38432 74306 1715 52714 4608 51549 11021 153438 10558 76247
internal_value=-8.72428e-05 0.00338194 -0.0148963 -7.31582e-05 0.00782313 0.00145734 0.00997801 0.00365195 0.00867088 -0.00882112 -0.00812245 -0.0216226 0.00686913 0.000973446 0.00197052 -0.00342085 0.0176542 4.67099e-05 -0.00201101 0.00180432 -0.00706406 -0.0048561 0.00743786 0.00868525 0.00528997 0.01197 -0.0177918 0.00297235 0.00865488 -0.0055918
internal_weight=48694.6 39455.6 9239.03 22194.2 17261.4 18651.8 13128.8 12865.2 11227.6 4860.54 3542.37 4378.49 8278.22 4132.57 9634.61 5786.59 1901.22 2967.29 2791.28 2559.77 2819.29 2231.61 8017.97 6351.6 3129.68 3221.92 2534.02 8531.01 781.478 3079.1
internal_count=2046632 1262028 784604 880133 381895 661610 235051 405616 215956 312110 218523 472494 168369 146844 327278 255994 19095 113837 110575 91068 142157 103725 160518 110586 57322 53264 257426 280709 26871 188009
is_linear=0
shrinkage=0.03


Tree=43
num_leaves=31
num_cat=0
split_feature=78 115 78 4 115 1 78 115 78 29 93 53 94 9 78 78 51 101 37 59 77 46 67 94 112 80 109 4 54 78
split_gain=2711.45 767.231 310.028 276.217 248.253 205.64 186.891 158.017 117.234 110.352 102.425 100.649 90.7097 88.88 96.3254 105.571 78.1895 75.2245 57.6915 94.51 57.1632 52.2664 80.4033 51.9261 47.7354 46.7936 64.98 46.905 46.538 42.6292
threshold=26.500000000000004 1.108411031329261 6.5000000000000009 1.0000000180025095e-35 0.12880402771155305 57.500000000000007 555.50000000000011 2.9626303052866723 67.500000000000014 7.5000000000000009 1.494421348964591 7.5000000000000009 4.8060300881737659 -103.87121254120105 126.50000000000001 68.500000000000014 401.50000000000006 0.0028828832572529192 17.500000000000004 -234.81102760854836 63.500000000000007 19.500000000000004 38.500000000000007 5.5539614876741288 8.7819442479128362 -87.409220306697151 0.00026521467446626951 4.5000000000000009 7.5000000000000009 146.50000000000003
decision_type=2 10 2 2 10 2 2 10 2 2 10 2 10 2 2 2 2 10 2 2 2 2 2 8 10 2 2 2 2 2
left_child=2 4 -1 8 16 23 11 10 28 -7 18 -6 21 -13 15 20 -2 24 19 -5 -15 22 -12 -4 -9 -16 27 -27 -3 -10
right_child=1 3 5 7 6 9 -8 17 29 -11 12 13 -14 14 25 -17 -18 -19 -20 -21 -22 -23 -24 -25 -26 26 -28 -29 -30 -31
leaf_value=-0.025679989523850644 -0.012206833908079376 -0.0059842358625030638 -0.013104634664164281 0.011001760840854753 -0.0030036382112535861 -0.0064880888098705555 -0.0091113350400047997 0.010990872303990446 0.0082548268547328815 0.014220531169648934 0.01514652386904611 0.014374438296588776 0.0063368777333182302 -0.0023134018327858638 -0.0040449515267609341 0.0081248394976330025 -0.0039582174041747683 0.020168483576419732 -0.0017505262489807326 -0.0017792982835338593 0.0073617316654999883 0.0052115515179025742 0.048019287544593892 -0.020038309778264703 0.028906513771530067 0.0022334401426797388 -0.0048208922091196931 0.012716056403671277 0.001671834867044278 0.00030451986587269337
leaf_weight=2117.4294797824696 1649.5605495655909 1444.0933445189148 3211.5438662497327 1435.4362233905122 2994.4981574872509 1028.601015444845 1511.592051233165 2978.8967177793384 2324.6771145593375 293.53145972732455 2023.8951207064092 596.3537364769727 2678.9639872834086 1949.8773139640689 2040.6557585857809 3876.6552147958428 2779.7590099973604 1440.4254277655855 1200.6710380315781 813.54431898333132 759.56073168199509 476.52623376064003 65.56084094569087 1438.3729116767645 137.5225508864969 1714.1213114410639 936.36793855018914 491.31285364367068 1406.30859905947 821.39444610290229
leaf_count=250101 104274 59194 279130 28964 133805 71180 88000 33835 49271 11146 40970 18962 57112 86138 77226 109229 133734 12028 30434 21118 27647 11210 1312 131450 736 61345 33105 15930 47865 19296
internal_value=3.48314e-05 0.00319909 -0.0158181 0.00753937 -0.000723824 -0.0123029 0.000936142 0.00995624 0.00219454 -0.00185424 0.00757699 0.0019276 0.0102166 0.00312257 0.00254654 0.00495273 -0.00704046 0.0144826 0.00355473 0.00638466 0.000407478 0.0142469 0.0162901 -0.0152687 0.0118265 -0.000513183 0.00178355 0.00459217 -0.00221063 0.00618289
internal_weight=48637.7 40548.2 8089.48 19247.9 21300.3 5972.05 16871 13251.4 5996.47 1322.13 8694.6 15359.4 5244.95 12364.9 11768.6 6586.09 4429.32 4556.84 3449.65 2248.98 2709.44 2565.98 2089.46 4649.92 3116.42 5182.46 3141.8 2205.43 2850.4 3146.07
internal_count=2045747 1302740 743007 413345 889395 492906 651387 237719 175626 82326 191120 563387 110604 429582 410620 223014 238008 46599 80516 50082 113785 53492 42282 410580 34571 187606 110380 77275 107059 68567
is_linear=0
shrinkage=0.03


Tree=44
num_leaves=31
num_cat=0
split_feature=78 115 25 4 115 78 29 112 101 78 78 56 78 78 4 108 67 51 9 5 112 109 55 122 114 92 108 111 4 8
split_gain=2532.01 675.06 340.532 258.504 199.408 188.5 181.907 158.318 102.864 96.2981 148.317 90.5249 88.8376 86.9708 77.7371 75.4287 74.3812 65.814 59.1995 55.3479 53.7035 51.7611 51.354 44.9595 44.8014 43.9419 43.7262 42.2675 41.2304 40.9879
threshold=27.500000000000004 1.108411031329261 14.500000000000002 1.0000000180025095e-35 0.12880402771155305 555.50000000000011 7.5000000000000009 1.2062446459693383 0.0032846116832704357 58.500000000000007 124.50000000000001 64.500000000000014 379.50000000000006 6.5000000000000009 8.5000000000000018 4.1125730071485366e-05 11.500000000000002 425.50000000000006 -96.036196546791885 1.0000000180025095e-35 3.1843157534156341 1.099119778409084e-05 27.500000000000004 13914.500000000002 5.5807142857142873 5.1313931033577553 0.00061250352576987558 3.345298373831699e-06 1.5000000000000002 -1.0000000180025095e-35
decision_type=2 10 2 2 10 2 2 10 10 2 2 2 2 2 2 2 2 2 2 2 10 2 2 8 10 10 2 2 2 2
left_child=2 4 13 11 17 9 15 12 20 -6 22 -3 16 -1 -12 27 -5 -2 -8 -17 23 -13 -11 -9 -10 -22 -16 -4 -20 -23
right_child=1 3 6 7 5 -7 18 8 24 10 14 21 -14 -15 26 19 -18 -19 28 -21 25 29 -24 -25 -26 -27 -28 -29 -30 -31
leaf_value=-0.027248469558086453 -0.011183753020516884 -0.0053695509182502578 -0.011937518150561896 0.0054255454562423845 -0.0029544677874546585 -0.0093875167483345543 0.042717145312885903 0.017742963393070785 0.015494863338047418 0.004808450991136067 -0.001525918310088172 -0.0029434381159991543 -0.0023844370177380906 -0.017979143621873656 0.012948566328685424 -0.020041185037753904 0.015882434735197144 -0.0035431803051516309 -0.0067437923285349971 -0.0060892005426233702 0.016274211728298155 0.0095897287168201922 0.011492917539498926 0.0069053892824765097 0.02691120092367677 0.0037354366541867299 -0.006067098125389114 -0.0037238879854311442 0.01065379678771354 0.0030216642346356935
leaf_weight=1536.3281307965517 1653.4411900201812 1237.1131299519911 1271.0992226004601 3473.9676288357005 3121.124548509717 1499.10672058817 33.392037850804627 378.91494264360517 1817.8368926141411 4697.8944486267865 5459.7434045597911 852.09269746113569 1070.7665394674987 2392.6442840760574 545.00292122922838 1169.680114172399 741.51976488530636 2632.8005425846204 194.34545564465225 334.32447812333703 1517.1106551093981 1280.7411544378847 1328.3285363074392 3625.1882979972288 384.83884690608829 305.55034304130822 132.49682579375803 1021.7292399825528 315.22346380632371 2576.3755694674328
leaf_count=190299 104226 53791 117468 79463 151369 87989 867 6054 22847 149185 200280 26123 33560 227772 17203 106420 12438 125410 12941 21278 14189 27041 34922 61267 2739 3593 4137 71941 13942 64867
internal_value=-0.000118851 0.00298206 -0.0152366 0.00704057 -0.000728989 0.000746359 -0.00942687 0.00936237 0.0120166 0.00174303 0.00294912 0.00183784 0.00532327 -0.0216337 -0.000333951 -0.0117483 0.00728159 -0.00650017 0.00676554 -0.0169703 0.0099131 0.00373491 0.00629018 0.00795182 0.0175459 0.0141882 0.00921252 -0.00829343 0.00401744 0.00521216
internal_weight=48600.7 40332 8268.77 19262 21069.9 16783.7 4339.79 13315.7 8029.44 15284.6 12163.5 5946.32 5286.25 3928.97 6137.24 3796.83 4215.49 4286.24 542.961 1504 5826.76 4709.21 6026.22 4004.1 2202.68 1822.66 677.5 2292.83 509.569 3857.12
internal_count=2045621 1282693 762928 407972 874721 645085 344857 236150 110689 557096 405727 171822 125461 418071 221620 317107 91901 229636 27750 127698 85103 118031 184107 67321 25586 17782 21340 189409 26883 91908
is_linear=0
shrinkage=0.03


Tree=45
num_leaves=31
num_cat=0
split_feature=56 1 78 115 78 78 67 54 101 78 78 4 9 0 88 53 93 108 72 25 99 77 118 29 18 111 35 80 78 104
split_gain=2418.07 504.643 479.445 335.839 241.355 191.834 145.56 112.001 110.549 108.003 101.55 99.1681 93.4291 92.452 76.7222 76.073 75.6963 78.2948 61.3199 58.5959 58.2229 54.7868 53.8232 52.4784 49.9849 49.3623 51.8702 49.1697 48.9063 48.6556
threshold=29.500000000000004 62.500000000000007 15.500000000000002 2.1680493512018724 190.50000000000003 45.500000000000007 7.5000000000000009 4.5000000000000009 0.0022141721278158498 124.50000000000001 1135.5000000000002 10.500000000000002 -96.036196546791885 2.5000000000000004 1.3001715265866212 7.5000000000000009 1.6960932397030075 0.00010182721097578785 5.5000000000000009 28.500000000000004 0.021085299665114136 49.500000000000007 0.23434540366629256 7.5000000000000009 2.5000000000000004 1.9698659762111297e-05 668.39953911057319 -1091.5282865600473 118.50000000000001 0.0033122122563301226
decision_type=2 2 2 10 2 2 2 2 10 2 2 2 2 2 10 2 10 2 2 2 10 2 10 2 2 2 2 2 2 10
left_child=2 5 13 4 6 19 12 -4 14 15 11 22 -3 -1 24 -7 27 21 -17 -2 -12 -18 -6 -15 -5 26 -9 28 -14 -19
right_child=1 3 7 8 10 9 -8 25 -10 -11 20 -13 16 23 -16 18 17 29 -20 -21 -22 -23 -24 -25 -26 -27 -28 -29 -30 -31
leaf_value=-0.024550505476764375 -0.010495744893209787 0.017357561594957993 -0.011873342314103318 0.0097406145573787333 0.0012454245609418648 -0.0018089762936495228 0.016915376549154072 -0.0039601408736138514 0.016532918832070666 -0.0040205926819449787 -0.013169864302900073 0.0075985675661433254 0.012026779721186841 -0.016389726503713953 0.0031991660670183473 0.0035091212329547185 0.0043104349456682253 -0.00043820545838333194 0.013170161185020752 -0.0026482948848261987 0.0018576896686232887 0.013757565917714204 -0.0055793618271787427 0.007367594937356111 0.020106290914836761 -0.0094414374437668848 0.0066951799715750746 -0.0016740751175929344 0.00011928990245934378 0.010368905543259564
leaf_weight=2544.3898585787974 2021.9639890603721 543.8553693247959 3070.2749132420868 3307.2088940897956 2835.4822271838784 2276.5563093954697 1117.2441196590662 1680.4710531625897 2400.4120535356924 2888.5692476583645 795.68306868057698 1522.0381588311866 593.82099691685289 1370.1237592375837 1578.1149274641648 4696.1243357425556 836.10123050585389 1376.2499705292284 672.92011682875454 1490.3694293517619 325.13411964382976 1659.6818619212136 1636.1521247094497 86.347341861575842 481.7609627218917 978.38453793525696 538.99272045958787 2095.192452955991 644.80235425196588 510.13373019360006
leaf_count=303507 138904 10944 215321 42597 100053 82295 23264 100165 24803 106906 44148 45629 15978 148415 29186 146478 27538 34801 18201 77972 15775 40689 65647 6851 3882 55364 28651 63818 17983 10803
internal_value=-4.90427e-05 0.00341687 -0.012973 0.00603662 0.00361225 -0.00110812 0.00677217 -0.00778415 0.0111783 0.000916959 -0.000554432 0.000997609 0.00539078 -0.0210825 0.00877026 0.00278381 0.00453661 0.00712614 0.0047311 -0.00717438 -0.00882168 0.0106077 -0.00125518 -0.0149609 0.0110834 -0.00384568 -0.00136328 0.0011272 0.00585338 0.00250404
internal_weight=48574.6 38305.6 10269 24259.1 16491.6 14046.5 9377.08 6268.12 7767.5 10534.2 7114.49 5993.67 8259.84 4000.86 5367.08 7645.6 7715.98 4382.17 5369.04 3512.33 1120.82 2495.78 4471.63 1456.47 3788.97 3197.85 2219.46 3333.82 1238.62 1886.38
internal_count=2046568 1188294 858274 617538 517070 570756 245818 399501 100468 353880 271252 211329 222554 458773 75665 246974 211610 113831 164679 216876 59923 68227 165700 155266 46479 184180 128816 97779 33961 45604
is_linear=0
shrinkage=0.03


Tree=46
num_leaves=31
num_cat=0
split_feature=78 115 25 1 54 86 78 78 78 112 67 55 6 95 78 78 108 80 67 77 1 65 63 6 113 75 6 122 79 1
split_gain=2354.18 595.804 331.226 205.952 184.612 172.666 148.731 134.604 123.619 134.917 129.313 84.9436 80.7033 79.3555 78.8791 75.741 72.2695 70.5462 61.972 60.8888 57.4255 57.2971 57.1541 55.0547 49.7662 49.5356 65.7603 48.9047 48.1727 61.0527
threshold=27.500000000000004 0.94209463212644562 12.500000000000002 83.500000000000014 15.500000000000002 1.0000000180025095e-35 238.50000000000003 61.500000000000007 146.50000000000003 3.6593211463391415 1.5000000000000002 19.500000000000004 1.5000000000000002 0.55882714176311654 100.50000000000001 7.5000000000000009 4.2765592403382955e-05 911.59152896506066 11.500000000000002 65.500000000000014 212.50000000000003 14.500000000000002 17.500000000000004 11.500000000000002 0.38847598113293963 8479.0000000000018 106.50000000000001 36583.500000000007 -1073.5499999999995 267.50000000000006
decision_type=2 10 2 2 2 10 2 2 2 10 2 2 2 10 2 2 2 2 2 2 2 2 2 2 10 2 2 10 2 2
left_child=2 5 15 11 12 -2 7 21 10 13 22 -3 16 27 19 -1 -4 -15 -12 -9 -6 -7 -5 -16 -8 26 -19 28 -10 -30
right_child=1 3 4 8 20 6 24 14 9 -11 18 -13 -14 17 23 -17 -18 25 -20 -21 -22 -23 -24 -25 -26 -27 -28 -29 29 -31
leaf_value=-0.026970567421377566 -0.010128388177297385 -0.001851383771813233 -0.010584095460142733 0.0040648112028664396 0.00087430736667129321 -0.0042395076018243881 -0.014970153716489324 0.0031208201315769367 -0.0039596066141665814 0.017791381418166614 0.013048870653036384 0.0047910746637455388 -0.0036989443823770801 -0.0026078058859163827 -0.0007680781017447262 -0.017845539956704695 -0.02001018260336292 0.0032199685011586815 0.023315401734429815 0.01053348552075339 0.023117528630085728 0.0080861097382165115 0.012549438928182421 0.0065365607205685088 -0.004325838065727017 -0.0054095398034986857 0.013380820715693803 0.058453435624788268 0.0016455272810823414 0.014516382880130956
leaf_weight=1520.2311891173013 1703.176329985261 2915.1077070031315 1967.0286299344152 2309.5257582366467 488.43627190031111 3870.5808371352032 455.38410427607596 2239.3345760311931 224.7909272396937 726.60048859938979 3319.5873645376414 4258.9218661226332 845.79517673468217 1755.7271107975394 4123.7866720175371 1902.3220331547782 1187.959159433376 1888.1205794941634 638.93377719633281 1802.1452559623867 128.02766233682632 367.41384512279183 1035.1782298795879 1193.2093390030786 2867.9576589409262 364.19273574650288 821.20708773285151 13.34429752267897 468.58667294122279 1142.0307382736355
leaf_count=196562 103344 116376 176772 48275 31326 198709 26182 79013 5181 5174 48809 105200 54773 42801 139171 186653 112676 39726 6620 54336 3946 15238 13455 34750 143358 11712 11858 211 10700 22771
internal_value=-3.80235e-05 0.00290575 -0.0148614 0.00626179 -0.00960222 -0.0010382 -0.000120445 0.00127056 0.00829401 0.00555643 0.0110639 0.00209256 -0.0119553 0.00421289 0.00327877 -0.0219321 -0.0141594 0.00218489 0.0147333 0.00643515 0.00564262 -0.00316267 0.0067056 0.000875787 -0.00580468 0.00492248 0.00631874 0.00949018 0.00897635 0.0107885
internal_weight=48544.6 40504.8 8039.8 21881.9 4617.25 18623 16919.8 13596.5 14707.8 7404.6 7303.23 7174.03 4000.78 6678 9358.48 3422.55 3154.99 4829.25 3958.52 4041.48 616.464 4237.99 3344.7 5317 3323.34 3073.52 2709.33 1848.75 1835.41 1610.62
internal_count=2045678 1282970 762708 488869 379493 794101 690757 521217 267293 150134 117159 221576 344221 144960 307270 383215 289448 106097 55429 133349 35272 213947 61730 173921 169540 63296 51584 38863 38652 33471
is_linear=0
shrinkage=0.03


Tree=47
num_leaves=31
num_cat=0
split_feature=55 114 120 120 120 99 29 112 26 95 120 118 6 88 72 40 120 120 55 115 107 120 64 29 72 120 68 73 67 80
split_gain=2270.46 506.405 392.522 241.631 219.829 167.557 161.174 102.925 88.946 86.8325 72.9777 71.88 63.4377 63.2888 62.9134 60.0132 57.8933 58.8253 56.0307 51.0696 49.437 47.711 53.3657 47.302 45.5721 45.3994 44.1994 43.0682 42.5719 40.9652
threshold=5.5000000000000009 1.1017998385794998 1.3461538461538465 3.2692307692307696 25.34615384615385 0.0048968176679863185 8.5000000000000018 2.7863129778023401 149.50000000000003 0.95101959216313481 11.115384615384617 -0.25630680754156615 56.500000000000007 5.1472916666666668 1.0000000180025095e-35 22.500000000000004 11.423076923076925 5.1153846153846159 74.500000000000014 2.601679586563308 1.6010144445883867e-06 87.346153846153854 10.500000000000002 5.5000000000000009 92.500000000000014 165.57692307692312 5.5000000000000009 112.50000000000001 15.500000000000002 536.12480309727368
decision_type=2 10 2 2 2 10 2 10 2 8 2 10 2 8 2 2 2 2 2 10 2 2 2 2 2 2 2 2 2 2
left_child=2 3 9 8 6 11 14 19 -2 23 15 12 -3 -4 20 -8 17 -16 -12 25 -5 22 -6 -1 -24 28 -10 -26 -7 -19
right_child=1 5 13 4 21 7 10 -9 26 -11 18 -13 -14 -15 16 -17 -18 29 -20 -21 -22 -23 24 -25 27 -27 -28 -29 -30 -31
leaf_value=-0.018195405201507898 -0.01165259925563944 0.0044244741123904271 -0.0052891961801612023 -0.0089817793007701072 -0.0078062509109030542 0.0052140220256234422 0.0087374510009145378 0.016232844585719667 -0.0033650331344472727 -0.02592886847748475 -0.00027575072983086795 0.001657437945087172 0.011858563326382162 -0.01283008827739286 -0.00085544225592401699 0.023900426853739241 -0.0025037716499155269 0.0022960681156967513 0.0086620739686817817 0.01267767270327479 -0.00064021818221336897 -0.012312774819466084 0.00016754996473024924 -0.0025535661835547024 0.063578679085846135 -0.0077393135748624877 0.017494971535552652 -0.0071314426431874547 0.013272999447392159 0.008973425992990499
leaf_weight=2275.2375004449859 1832.5909975599498 3069.555141672492 2967.9164181118831 766.68796067126095 1299.9170388057828 2681.8492144653574 2786.5312224049121 1976.3539061881602 1701.6044628908858 1692.0563677852042 1612.8183226399124 4644.5144900176674 1560.7644030572847 1518.0073179164901 1483.9350359868258 254.11896616593003 1550.5619736155495 1389.5588088985533 1031.9084362797439 1582.0360162807629 3736.7371313851327 774.65837367810309 1037.998959928751 190.29700768459588 14.931911835446956 194.79047678504139 91.656757744960487 11.187191653996704 757.11099279113114 2053.2917416552082
leaf_count=258217 133486 91799 184253 34020 59199 67978 62380 18070 91196 214695 47953 130614 22744 110570 55521 3867 56180 41331 22723 17215 128759 43532 41594 16665 453 8607 3913 325 20478 58640
internal_value=-8.53825e-05 0.00293492 -0.0140204 0.000101221 0.00140519 0.0069657 0.00277704 0.0104016 -0.00701336 -0.0206581 0.00687469 0.0042972 0.00694041 -0.00785243 0.000653281 0.0100418 0.00254591 0.00413607 0.00322134 0.00817855 -0.00206872 -0.00587198 -0.0037399 -0.0169957 0.0012408 0.00620503 -0.00225316 0.0370128 0.00700496 0.00628564
internal_weight=48541.2 39897.7 8643.51 23430.7 19804.8 16467 16666.1 7192.14 3625.85 4157.59 5685.38 9274.83 4630.32 4485.92 10980.8 3040.65 6477.35 4926.79 2644.73 5215.79 4503.43 3138.69 2364.04 2465.53 1064.12 3633.75 1793.26 26.1191 3438.96 3442.85
internal_count=2046977 1262577 784400 885072 656477 377505 511374 132348 228595 489577 136923 245157 114543 294823 374451 66247 211672 155492 70676 114278 162779 145103 101571 274882 42372 97063 95109 778 88456 99971
is_linear=0
shrinkage=0.03


Tree=48
num_leaves=31
num_cat=0
split_feature=56 112 78 99 78 78 67 77 118 85 78 56 115 4 72 88 4 118 25 72 59 94 6 78 78 111 55 35 9 78
split_gain=2112.01 463.269 444.723 227.412 191.463 227.105 137.552 118.742 107.045 93.7845 83.6927 108.035 76.311 68.6683 67.245 69.0871 61.6023 58.6761 56.7773 54.0453 54.0101 54.6933 53.7877 52.2056 71.3215 51.3443 50.2698 45.3318 43.6708 51.8168
threshold=29.500000000000004 1.2383562193848874 18.500000000000004 0.0051233883047976372 45.500000000000007 190.50000000000003 3.5000000000000004 6.5000000000000009 0.74319382433402892 0.9604138471401098 1135.5000000000002 421.50000000000006 5.4297462406015056 1.0000000180025095e-35 13.500000000000002 4.8607692307692325 2.5000000000000004 0.25637813024089423 22.500000000000004 38.500000000000007 741.41244660265431 5.8697132833841268 3.5000000000000004 102.50000000000001 71.500000000000014 2.0110943777085134e-05 2.5000000000000004 652.83285643263639 -39.4171970654807 569.50000000000011
decision_type=2 10 2 10 2 2 2 2 10 8 2 2 10 2 2 8 2 10 2 2 2 10 2 2 2 2 2 2 2 2
left_child=2 4 7 8 18 6 14 -1 13 25 11 -7 17 -3 15 23 -9 -5 -2 22 28 -22 -8 24 -6 26 -4 -28 29 -13
right_child=1 3 9 12 5 10 19 16 -10 -11 -12 20 -14 -15 -16 -17 -18 -19 -20 -21 21 -23 -24 -25 -26 -27 27 -29 -30 -31
leaf_value=-0.025947392290767375 -0.010731138120992757 0.0011437728500461525 -0.0082268201080027952 0.011654763561908634 0.00096924111025075224 -0.0072427609189149337 0.004557860934041663 -0.016818349635280762 -0.0039792694088841753 -0.015835238870551698 -0.011537808543046341 0.0056716209317486336 0.018728588360589382 0.0075091123298313515 0.014608715026339323 -0.0043485106091945558 0.0022312760635781956 0.0040498247350409383 -0.0028703050358288434 0.054918023738735409 0.0074891389018712793 -0.0080996971068942394 0.011905557070397456 -0.00040974489216700718 0.0080293425711130267 -0.010308786733663622 -0.0027582847271062153 0.0076899554880779739 -0.0078688867673734151 -0.0070256940765657016
leaf_weight=1661.5928551768884 1387.5429001664743 2269.4168926761486 1173.3899574549869 4185.3018758213148 2606.5794856585562 2008.9510785136372 1694.9377882843837 2543.7811496243812 1288.0500103952363 868.62718134745955 887.82744253706187 848.06362154707313 1088.2944076564163 4659.6554185529239 361.40907085314393 1523.0388643657789 161.35374723747373 1176.6215141769499 2049.0947757707909 17.871399063616991 1457.1487445672974 230.92035205289721 1922.5059433057904 3216.2721984134987 2543.2862263666466 1249.4033757867292 1785.2106719175354 467.36317548435181 712.72857240028679 432.79979428742081
leaf_count=220301 101370 72195 79962 72942 85267 80184 47548 279835 43785 64333 49810 26586 7095 95270 9103 59433 13085 28414 107570 373 46439 8466 38967 89848 67977 72972 104243 23629 29019 20252
internal_value=-0.000106492 0.00306795 -0.0124554 0.00726412 0.000491902 0.00159257 0.00376741 -0.0196121 0.00395074 -0.0068058 -0.00299749 -0.00165611 0.0114788 0.00542666 0.00198726 0.00151884 -0.0156801 0.00999126 -0.0060551 0.00877731 0.00139802 0.00533903 0.00847387 0.00258894 0.00446031 -0.00511311 -0.00320606 -0.000578257 -0.00194403 0.0013706
internal_weight=48479 38568.3 9910.72 14667.3 23901 20464.3 13885.9 4366.73 8217.12 5543.99 6578.44 5690.61 6450.22 6929.07 10250.6 9889.18 2705.13 5361.92 3436.64 3635.32 3681.66 1688.07 3617.44 8366.14 5149.87 4675.37 3425.96 2252.57 1993.59 1280.86
internal_count=2046273 1187913 858360 319701 868212 659272 398516 513221 211250 345139 260756 210946 108451 167465 311628 302525 292920 101356 208940 86888 130762 54905 86515 243092 153244 280806 207834 127872 75857 46838
is_linear=0
shrinkage=0.03


Tree=49
num_leaves=31
num_cat=0
split_feature=78 114 113 55 54 78 29 17 78 4 78 53 114 85 78 78 93 9 92 0 111 92 69 78 59 99 109 51 78 99
split_gain=2000.13 564.938 260.709 247.227 228.192 154.962 152.586 95.714 95.5364 89.7857 75.9168 74.2652 72.8648 72.6328 71.051 69.9356 67.8111 107.451 84.8385 67.1076 64.7408 60.8385 51.5565 48.8317 86.885 46.0749 46.0403 45.354 44.1248 43.5372
threshold=22.500000000000004 0.32188180118321436 1.5959648497360808 1.5000000000000002 8.5000000000000018 386.50000000000006 7.5000000000000009 10.500000000000002 238.50000000000003 8.5000000000000018 62.500000000000007 14.500000000000002 1.8208280254777074 0.73686674551547415 124.50000000000001 190.50000000000003 1.7845237537127341 -28.608925340417446 5.1313931033577553 139.50000000000003 1.1080193547672366e-05 -1.5072745972127397 2.5000000000000004 114.50000000000001 -463.29508590647089 0.016952837140751662 2.9644732442625613e-05 108.50000000000001 2152.5000000000005 0.024369034994697777
decision_type=2 10 10 2 2 2 2 2 2 2 2 2 10 10 2 2 10 2 10 2 2 10 2 2 2 10 2 2 2 10
left_child=3 4 5 27 10 9 20 13 11 16 26 -6 25 15 -12 19 17 23 -18 22 -5 -15 -4 24 -3 28 -2 -1 -7 -13
right_child=1 2 7 6 8 12 -8 -9 -10 -11 14 29 -14 21 -16 -17 18 -19 -20 -21 -22 -23 -24 -25 -26 -27 -28 -29 -30 -31
leaf_value=-0.027492728919942176 -0.0068138953107445945 0.026438467982344015 0.009339027211999168 -0.0089023849072822087 -0.0015216424342075637 -0.0064449359640053197 0.0087944145278620184 0.020715079529242598 -0.0066063728724400023 0.012535186999159759 0.00080030575581002369 0.0029080743135713469 0.0063245149430392646 0.014573317296402795 -0.01181374723228645 0.0052352339987408545 0.0085343115878504013 -0.0028074805039667908 0.0016295224284654571 0.024187085754866229 -0.017508581991656259 0.0015829572700906463 0.018432473188104235 0.0020852447042710759 0.0057437725575189566 0.00062253679379114146 -0.013887716008629382 -0.019356036938008431 -0.019884535913887686 0.010374092803421397
leaf_weight=1147.451297884807 3126.4620784241706 235.13129264675081 3220.3556257057935 1786.8145425780676 3582.3900826964527 1344.7390024950728 322.15853953547776 599.21143540553749 1372.1925674891099 1055.5465845977888 1823.7079168697819 4875.6569434069097 536.75526391342282 385.65308420732617 510.28504604287446 1915.331717107445 3640.3596695465967 3034.9772269902751 2861.5673224730417 378.42913668043911 1432.6059448649175 1925.126716288738 684.97505170013756 1465.6243260335177 780.37270968407393 680.90809624269605 1134.8277525855228 1518.2717932667583 260.62010439671576 818.1774653699249
leaf_count=155921 192542 4941 44443 169016 148200 66120 17033 4956 61594 20892 75113 151091 16414 6327 23538 22392 105664 103189 85988 1975 138629 37657 7233 41002 21225 34071 69947 178269 16555 24161
internal_value=-0.000108461 0.00222834 0.00510869 -0.0160026 -0.00194884 0.00278841 -0.0107835 0.00915416 0.000767459 0.00416464 -0.0063317 0.00186121 -0.00358108 0.00832843 -0.00197689 0.0100203 0.00342454 0.000976551 0.00549903 0.0121512 -0.0127533 0.00377774 0.0109555 0.00560161 0.0106415 -0.00591538 -0.0087118 -0.0229034 -0.00868174 0.00398907
internal_weight=48456.7 42249.4 25005.7 6207.3 17243.7 15896.6 3541.58 9109.08 10648.4 13073.6 6595.28 9276.22 2823.02 8509.87 2333.99 6199.09 12018 5516.11 6501.93 4283.76 3219.42 2310.78 3905.33 2481.13 1015.5 2286.27 4261.29 2665.72 1605.36 5693.83
internal_count=2046098 1387230 641044 658868 746186 516061 324678 124983 385046 382901 361140 323452 133160 120027 98651 76043 362009 170357 191652 53651 307645 43984 51676 67168 26166 116746 262489 334190 82675 175252
is_linear=0
shrinkage=0.03


Tree=50
num_leaves=31
num_cat=0
split_feature=120 113 120 88 0 120 120 9 9 72 94 54 113 10 120 69 94 54 67 120 120 120 120 103 95 13 65 120 10 74
split_gain=1933.61 469.429 292.416 190.835 177.145 155.063 146.191 110.569 98.1441 94.3606 93.0721 80.5687 72.8763 63.4143 67.8096 92.0415 63.3637 62.4415 60.6838 59.0397 58.9191 55.6812 52.3465 50.8441 46.2979 43.7222 42.8582 42.4958 47.3453 49.2287
threshold=2.0384615384615388 0.98858837361240282 0.50000000000000011 1.3901612903225808 16.500000000000004 4.5000000000000009 14.03846153846154 31.032639669904018 -96.036196546791885 1.0000000180025095e-35 4.9979415949707438 6.5000000000000009 0.28956812719133834 -18263.929801984032 46.269230769230781 10.500000000000002 5.5539614876741288 6.5000000000000009 1.0000000180025095e-35 250.11538461538464 28.115384615384617 12.03846153846154 53.576923076923087 0.060619374767002195 0.57649152187565422 2.5000000000000004 1.0000000180025095e-35 23.34615384615385 -2003.5382125931301 12.500000000000002
decision_type=2 10 2 8 2 2 2 2 2 2 10 2 10 2 2 2 8 2 2 2 2 2 2 10 10 2 2 2 2 2
left_child=2 5 -1 7 16 17 9 13 21 -7 23 -10 -8 19 15 27 26 -2 -6 -3 -13 -5 25 -9 -17 -14 -4 28 -15 -30
right_child=1 3 4 8 18 6 12 10 11 -11 -12 20 22 14 -16 24 -18 -19 -20 -21 -22 -23 -24 -25 -26 -27 -28 -29 29 -31
leaf_value=-0.024733079464191916 -0.0088743669159071434 0.021808055859259639 -0.015464589210963072 0.019108007054925269 -0.0046792986927248698 -0.00062173617133777948 -0.016463781779938978 0.015934060035222224 -0.0052790607623673059 0.0054357687629079518 0.005858596511122055 0.0032740262279129869 -0.0033256936340868024 0.012028733444959397 -0.0084546689741646988 0.038383664940503243 -0.018539887390554632 -0.0020955882731005693 0.011714079329386149 -0.0044250386289706066 -0.0070795635251155705 0.004952090255815402 -0.0088565853340492502 0.009067468400458488 0.0084031579633575305 0.0037509414983091871 -0.0082672039503014876 -0.0050278346037828554 0.003286425926906015 0.061296802492041273
leaf_weight=1814.9068223210052 2537.3975465167314 332.43592998292297 1164.327192644123 436.00165793299675 506.63302491139621 4149.3142358586192 365.68820524588227 2540.8170596752316 1421.2451061401516 5226.12610219419 2415.9725854769349 6757.1452277963981 2291.8113369867206 698.64988794364035 366.02370759937912 101.95672450959682 1375.1966814682819 2364.237087241374 332.31456910818815 98.176323494873941 529.05830824747682 589.03366253897548 943.74517995864153 1612.805037887767 88.065890446305275 1189.5555747393519 2133.0269114044495 421.77265713177621 3570.7715254295617 8.232875978574155
leaf_count=251005 156437 3097 117167 6510 32005 148654 21075 38993 59695 158143 46359 168712 97386 6889 12181 1392 138227 117324 15006 2741 17644 14315 59587 22460 1391 44159 189694 9417 87894 145
internal_value=-0.00010314 0.0024308 -0.0142949 0.00541757 -0.0108384 -0.00101391 0.000577857 0.00790754 0.00227961 0.00275598 0.0105585 0.00124297 -0.00368309 0.00483805 0.00392198 0.00485619 -0.0131153 -0.00561018 0.00184519 0.015845 0.0025179 0.0110369 -0.00260951 0.0132819 0.0250609 -0.000905752 -0.0108282 0.00401344 0.00490973 0.0035052
internal_weight=48382.4 41056 7326.41 21988.2 5511.5 19067.9 14166.2 12255.7 9732.48 9375.44 6569.59 8707.45 4790.8 5686.09 5255.47 4889.45 4672.55 4901.63 838.948 430.612 7286.2 1025.04 4425.11 4153.62 190.023 3481.37 3297.35 4699.43 4277.65 3579
internal_count=2045704 1302600 743104 499835 492099 802765 529004 232959 266876 306797 107812 246051 222207 125147 119309 107128 445088 273761 47011 5838 186356 20825 201132 61453 2783 141545 306861 104345 94928 88039
is_linear=0
shrinkage=0.03


Tree=51
num_leaves=31
num_cat=0
split_feature=56 112 78 17 113 78 78 118 94 78 53 56 86 109 78 114 8 78 29 95 93 69 65 114 3 69 111 72 65 78
split_gain=1858.75 423.173 402.7 204.241 144.207 128.548 131.053 120.361 110.048 83.4539 89.316 87.6711 80.464 79.0956 78.2211 74.2144 71.9173 66.4403 58.1734 57.2352 57.142 56.5225 52.5064 46.7539 42.7945 42.1036 42.0614 41.6132 41.1462 40.2865
threshold=29.500000000000004 1.0517326642667542 18.500000000000004 1.0000000180025095e-35 0.27544255476904905 1135.5000000000002 45.500000000000007 0.74319382433402892 6.7936542912807214 146.50000000000003 14.500000000000002 421.50000000000006 1.0000000180025095e-35 1.0799794265695238e-05 156.50000000000003 4.1616993464052294 -24.999999999999989 359.50000000000006 3.5000000000000004 0.71265668070941912 -2.5715810193780908 1.0000000180025095e-35 125.50000000000001 2.5728429985855734 13.500000000000002 11.500000000000002 1.8535978754755789e-05 5.5000000000000009 6.5000000000000009 210.50000000000003
decision_type=2 10 2 2 10 2 2 10 8 2 2 2 10 2 2 10 2 2 2 10 10 2 2 10 2 2 2 2 2 2
left_child=2 4 8 7 -2 6 28 13 18 10 27 -11 -4 -3 21 -16 29 22 -1 -18 -12 -5 -13 26 -17 -19 -14 -8 -6 -15
right_child=1 3 12 14 5 -7 9 -9 -10 11 20 17 23 16 15 24 19 25 -20 -21 -22 -23 -24 -25 -26 -27 -28 -29 -30 -31
leaf_value=-0.017490738746072126 -0.0094517396639647797 -0.0010486828317357384 -0.012971833080439109 0.011738879444129151 -0.0074498694510242583 -0.012009279345207241 -0.0010320460690581834 -0.0029216187983392085 -0.026668225411411794 -0.004501067101384296 0.0150869600102567 0.0052425262533228444 -0.0039812433139415895 0.012378134998342194 0.005810454367704416 0.0063223450804936812 0.0066376071595810951 -0.0040309975836738243 -0.0051223928011436687 0.0006059130311443831 0.0051323910854093055 0.021812003912882457 0.029335319057549498 0.001729620502973457 0.023792752430333488 0.0084572560188993437 -0.011561269700334217 0.0085159312377259353 0.00043109502740308229 0.0037478942028442794
leaf_weight=2528.6821172377095 1370.0459830313921 1485.2552140736952 1331.1190902478993 1360.9642374804243 1891.871154918801 697.04702648334205 3249.1505651511252 1843.4863634840585 1201.1473028194159 2836.1792112393305 570.3490144200623 1856.0067621767521 2344.5124720390886 2157.5082936547697 2467.3944481024519 197.14420858491212 4296.395047083497 1378.3239180184901 401.64093038765714 2112.2436727555469 5493.3125389460474 817.16638015955687 80.509799493476748 859.16799347102642 370.07083765044808 289.90315905679017 916.90879284869879 465.17924862168729 868.78280799370259 635.4094685735181
leaf_count=309983 76266 54005 101251 20773 122711 40451 107023 62905 165550 98450 14458 50965 143001 33866 54662 1807 101829 59731 37208 54468 139733 9190 1557 45249 2264 10940 55308 12784 44592 12964
internal_value=-0.000105067 0.00281821 -0.0119329 0.00623022 -5.90302e-05 0.000597202 0.00106323 0.00415135 -0.0189932 0.00209196 0.00383782 -0.000559363 -0.00656983 0.00537225 0.0112186 0.00808253 0.00640868 0.00254387 -0.0158071 0.00465162 0.00608038 0.0155593 0.00631714 -0.00448851 0.0178289 -0.00184201 -0.00612671 0.000173575 -0.00497342 0.0104249
internal_weight=48372.9 38789.7 9583.18 17743 21046.7 19676.6 18979.6 12530.3 4131.47 16218.9 9777.99 6440.92 5451.71 10686.8 5212.74 3034.61 9201.56 3604.74 2930.32 6408.64 6063.66 2178.13 1936.52 4120.59 567.215 1668.23 3261.42 3714.33 2760.65 2792.92
internal_count=2045944 1188394 857550 408733 779661 703395 662944 320037 512741 495641 273998 221643 344809 257132 88696 58733 203127 123193 347191 156297 154191 29963 52522 243558 4071 70671 198309 119807 167303 46830
is_linear=0
shrinkage=0.03


Tree=52
num_leaves=31
num_cat=0
split_feature=78 114 78 115 54 4 93 123 78 78 9 53 17 84 100 54 78 51 93 90 19 78 34 78 109 76 78 92 118 15
split_gain=1780.59 489.45 294.735 226.304 216.396 187.483 137.763 164.232 117.424 99.4286 125.668 85.6809 80.1772 71.6378 69.6448 68.005 64.6948 62.4469 58.5132 54.5789 53.1803 52.9149 49.0687 55.5859 48.4514 47.1552 45.76 45.5415 46.8602 47.3901
threshold=26.500000000000004 0.49071541838071392 6.5000000000000009 2.3043810036807617 7.5000000000000009 1.0000000180025095e-35 1.6000690994439095 1.0000000180025095e-35 234.50000000000003 569.50000000000011 -96.036196546791885 15.500000000000002 9.5000000000000018 0.12499278707443741 0.010603830080520396 15.500000000000002 887.50000000000011 383.50000000000006 0.16223688884024032 0.85923788582807836 18.500000000000004 108.50000000000001 -59.023357226217932 122.50000000000001 1.099119778409084e-05 3047.5000000000005 70.500000000000014 5.6255426604904617 -2.0453679982565673 8.5000000000000018
decision_type=2 10 2 10 2 2 10 2 2 2 2 2 2 10 10 2 2 2 8 10 2 2 2 2 2 2 2 10 10 2
left_child=2 4 -1 6 17 18 9 13 11 10 -3 -6 24 16 -9 -7 -8 -2 25 -13 -11 26 23 -12 -5 -4 -21 28 -15 -30
right_child=1 3 5 12 8 15 7 14 -10 20 22 19 -14 27 -16 -17 -18 -19 -20 21 -22 -23 -24 -25 -26 -27 -28 -29 29 -31
leaf_value=-0.024627353050461567 -0.010027423483632428 0.0094736404833014841 -0.011522638805983122 -0.00013067846410010515 -0.0012338603616123094 -0.0044415143011283546 0.0022246136177689795 0.01104003510204293 -0.0056853776733942953 -0.0093635216939317919 0.0070448430150368167 0.0090768282907991403 0.020690186330213182 -0.012755427400635965 0.026524186341669299 0.011297911818404779 -0.015022110604141542 -0.0035258125602705211 -0.015299869753277356 0.0016178208921297308 0.030735784227166479 -0.0011771063317465155 -0.0039580173216213323 -0.0019996785466585825 0.0094422214749093226 0.0027223444703827863 0.0092356308833837202 0.001276922303945049 0.0089546791630696777 0.021887024082427844
leaf_weight=1735.3000074075535 2361.200625250116 1406.6246617138386 611.66065851598978 515.10148693062365 4219.3135877288878 874.49598732730374 4320.6485375817865 1452.7064420394599 2095.3390123387799 1046.5760122891515 1133.3386436682194 1593.3793895244598 542.09209969639778 70.825850997120142 319.54802623391151 338.57668191660196 200.06506164558232 3054.9390650093555 3265.2092287037522 1487.6911386158317 25.856668835505843 1922.7193515580148 2226.430564250797 1317.8914006538689 6216.5124495942146 314.01039347052574 1356.6107506155968 676.9820779049769 1316.5633896049112 317.09846345987171
leaf_count=251040 145790 31866 57549 11563 166864 67866 122433 41400 93099 53209 29927 43082 3230 2231 8259 16018 9681 143145 323554 54840 831 54390 76262 41931 71548 27602 34059 19099 35748 7917
internal_value=-5.2734e-05 0.00234473 -0.0138789 0.00523781 -0.00135055 -0.0104078 0.00322355 0.00576437 0.000794625 0.000142032 0.00162831 0.00208009 0.0096166 0.00366719 0.0138987 -2.01917e-05 0.0014456 -0.00636687 -0.013411 0.00427771 -0.00825857 0.00266577 -0.000738465 0.00218793 0.00871015 -0.00670173 0.00526102 0.00787255 0.0104808 0.011524
internal_weight=48335.3 41196.1 7139.25 23104.9 18091.2 5403.95 15831.2 8674.44 12675.1 7156.72 6084.29 10579.7 7273.71 6902.18 1772.25 1213.07 4520.71 5416.14 4190.88 6360.4 1072.43 4767.02 4677.66 2451.23 6731.61 925.671 2844.3 2381.47 1704.49 1633.66
internal_count=2046033 1302404 743629 567135 735269 492589 480794 246768 446334 234026 179986 353235 86341 197109 49659 83884 132114 288935 408705 186371 54040 143289 148120 71858 83111 85151 88899 64995 45896 43665
is_linear=0
shrinkage=0.03


Tree=53
num_leaves=31
num_cat=0
split_feature=120 114 86 54 115 1 120 120 118 99 17 34 69 120 99 51 120 92 93 9 120 80 103 109 67 114 120 120 85 72
split_gain=1697.86 458.892 290.69 210.316 187.059 135.409 135.127 116.088 100.211 78.7283 78.2652 77.858 74.4715 68.7656 61.9471 57.5476 56.2344 53.3279 62.9695 45.6365 49.6473 46.0275 43.3264 43.9888 46.0174 42.3835 42.854 43.9281 40.4149 39.9541
threshold=2.0384615384615388 0.55333993072736287 0.01617262423714037 7.5000000000000009 2.3043810036807617 57.500000000000007 91.730769230769241 18.34615384615385 0.39362806185107774 0.026045716692586835 1.5000000000000002 -145.89644713197228 2.5000000000000004 0.3461538461538462 0.0022093359545173326 371.50000000000006 0.96153846153846168 1.2141116384419994 2.5357257426262372 -24.165161417223452 9.5769230769230784 -1639.1274383616267 0.032247665397974259 0.00085237172434435705 42.500000000000007 6.520700636942677 3.8076923076923079 23.34615384615385 0.68425027826363505 2.5000000000000004
decision_type=2 10 10 2 10 2 2 2 10 10 2 2 2 2 10 2 2 10 10 2 2 2 10 2 2 10 2 2 10 2
left_child=2 3 13 15 6 16 8 14 10 -8 17 -7 25 -1 29 -2 -4 19 -19 20 21 -3 23 24 -12 26 -6 -28 -13 -5
right_child=1 4 5 7 12 11 9 -9 -10 -11 22 28 -14 -15 -16 -17 -18 18 -20 -21 -22 -23 -24 -25 -26 -27 27 -29 -30 -31
leaf_value=-0.027477034427344869 -0.0098161134438602936 0.021044577972304267 -0.017727277109490562 -0.00078582056658670703 -0.00056828157713171407 0.026925449080276925 -0.013223488619394218 -0.0053099568728844108 -0.00021751331702610084 0.0087438487742058126 0.016106962259457673 0.0068341514797245657 0.013929550377736107 -0.017547809842046111 0.0054431377586448039 -0.0035552777482507178 -0.009071526477042598 0.014649351435408709 0.005063779318972895 -0.0027626441605209926 0.00066346457883229926 0.0057263998528654754 0.0056193299156262807 0.0011852304871285536 0.039093927740953292 0.012540309180477525 0.0084313036425545818 -0.0029749628229530159 -0.0058945298371791219 0.0040106836447990494
leaf_weight=1010.1128239864483 2275.5253548659384 225.17082707490772 1027.4080590219237 5458.3201200738549 775.34961434733123 84.417668671812862 657.9947976116091 2300.8956672521308 3829.0142638878897 184.79614091478288 628.07377213425934 311.86573255155236 2071.2964123543352 1805.2454569428228 3418.6794782886282 3164.0667080320418 2031.6559141734615 711.10074018407613 4559.7410455755889 1331.0351329287514 1527.1608904199675 787.04869480617344 601.12504340428859 147.3981873113662 89.00034970138222 1051.4968794472516 2960.4303264394403 336.08801718242466 766.91844991361722 2184.4615936931223
leaf_count=156303 142152 4650 127274 202809 19858 3220 36204 102695 123367 8064 13760 16091 18304 208412 95954 148599 176649 19002 125152 44343 45725 20286 14636 3359 2169 9593 33143 3461 54584 66083
internal_value=-7.54138e-05 0.00224729 -0.0136899 -0.0012109 0.00514015 -0.00869459 0.00326016 0.000813878 0.00394261 -0.00838362 0.00544378 1.9708e-05 0.0091275 -0.0211527 0.00208952 -0.00618096 -0.0120028 0.00440729 0.00636965 0.00173013 0.00408586 0.00922066 0.0118716 0.0161619 0.019211 0.00717442 0.00577509 0.00726566 -0.00220024 0.000586843
internal_weight=48312.9 41275.3 7037.62 18801.9 22473.3 4222.27 15278.7 13362.4 14435.9 842.791 10606.9 1163.2 7194.66 2815.36 11061.5 5439.59 3059.06 9141.26 5270.84 3870.42 2539.38 1012.22 1465.6 864.472 717.074 5123.36 4071.87 3296.52 1078.78 7642.78
internal_count=2045901 1303368 742533 758292 545076 377818 460717 467541 416449 44268 293082 73895 84359 364715 364846 290751 303923 259158 144154 115004 70661 24936 33924 19288 15929 66055 56462 36604 70675 268892
is_linear=0
shrinkage=0.03


Tree=54
num_leaves=31
num_cat=0
split_feature=78 115 1 54 78 114 0 78 78 114 78 78 77 95 93 17 91 113 72 1 97 108 1 111 54 93 80 51 101 79
split_gain=1646.95 470.775 232.794 191.764 157.045 154.76 130.692 110.189 105.253 98.1334 96.3269 82.5366 80.0475 78.1671 86.7398 76.9483 69.7342 68.911 53.6379 53.6064 52.7698 50.6344 50.3597 49.7885 49.4147 48.4837 47.2006 43.6728 42.567 42.7784
threshold=22.500000000000004 0.64987159225602542 15.500000000000002 10.500000000000002 152.50000000000003 3.2029577605917345 55.500000000000007 44.500000000000007 241.50000000000003 0.67835602400819794 69.500000000000014 5.5000000000000009 17.500000000000004 0.56099375725900125 0.82736593078611287 11.500000000000002 0.475218364786064 0.18846789525474575 10.500000000000002 33.500000000000007 0.096665506126528841 0.00015415229560313809 215.50000000000003 9.3651749297651353e-05 14.500000000000002 2.4932259477242691 536.12480309727368 707.50000000000011 0.041717854217854226 -1073.5499999999995
decision_type=2 10 2 2 2 10 2 2 2 10 2 2 2 10 10 2 10 10 2 2 10 2 2 2 2 10 2 2 10 2
left_child=2 7 11 10 6 13 12 -2 17 27 18 -1 -5 28 -15 -7 19 -9 -3 -14 25 24 -11 -18 -19 -16 -12 -4 29 -6
right_child=1 3 9 4 5 15 -8 8 -10 22 26 -13 16 14 20 -17 23 21 -20 -21 -22 -23 -24 -25 -26 -27 -28 -29 -30 -31
leaf_value=-0.026800965695667985 -0.0077040977312930574 -0.0035236884406060127 -0.014972850391150009 0.038051114235844549 -0.0057089286837491869 0.0085551167675734334 0.014121861874670643 -0.008358613156373396 -0.0075397949501287411 -0.0023748984990217756 -5.8434035523411486e-05 -0.016728718677252435 0.0036677645035276514 -0.005031096483851011 0.0091292947662160624 0.026784429509229258 0.0055767475349221092 -0.00032588307593630006 0.019903017021436004 0.011251226065311549 0.010868595219957191 -0.0048807759015473883 0.017800496999115505 -0.00087642924051061031 0.0046450166457938273 -0.00096647991498245136 0.0083711001957524223 -0.0048248702324953686 0.024149343894514751 0.0063810139218391498
leaf_weight=1135.6633061273023 2885.6781040010974 4080.395077961497 1179.7323650782928 66.161322043277323 298.06461389455944 1247.0370149742812 2410.36797604803 768.80888171680272 1901.0343711059541 535.94125405931845 1102.2697027754039 2204.3116013226099 1190.6759633906186 2419.3358124447986 511.56946264952421 247.95575013384223 4053.5281209237874 3984.3001998467371 84.98372130189091 2888.1648749839514 545.31945077609271 1135.3914441186935 135.27045627031475 1462.5642366586253 3276.7969760391861 2496.0811700113118 1301.1932442914695 572.57268701912835 102.91594972740859 2055.3021990209818
leaf_count=178264 199339 176288 131763 1807 9344 13691 23531 43656 104384 40603 27404 249687 36122 75733 12632 1481 101770 166421 1970 51220 12025 37369 5345 34093 104612 64798 30040 52787 2348 55174
internal_value=-1.27536e-05 0.00202788 -0.0150547 0.00423393 0.00557697 0.00277906 0.00787495 -0.00248844 -0.00112553 -0.00795273 -0.000263946 -0.0201884 0.0063099 0.00119825 -0.000655345 0.0116578 0.00607132 0.00020828 -0.00302244 0.0090447 0.00232713 0.0009972 0.00179264 0.00386648 0.00191904 0.000763006 0.00451307 -0.0116801 0.00569733 0.00484091
internal_weight=48279.4 42515.9 5763.49 28563.9 21995 9923.58 12071.5 13952 11066.3 2423.52 6568.84 3339.97 9661.09 8428.59 5972.31 1494.99 9594.93 9165.3 4165.38 4078.84 3552.97 8396.49 671.212 5516.09 7261.1 3007.65 2403.46 1752.31 2456.28 2353.37
internal_count=2045701 1387252 658449 731471 495769 247226 248543 655781 456442 230498 235702 427951 225012 232054 165188 15172 223205 352058 178258 87342 89455 308402 45948 135863 271033 77430 57444 184550 66866 64518
is_linear=0
shrinkage=0.03


Tree=55
num_leaves=31
num_cat=0
split_feature=78 114 54 53 115 78 1 4 78 78 54 84 55 80 59 92 78 114 67 78 1 78 69 78 69 59 17 19 2 10
split_gain=1552.16 427.842 238.319 201.427 197.891 118.003 113.854 104.907 89.9622 86.6128 82.1157 79.2399 68.3788 58.1354 96.2878 69.4907 68.6893 54.9567 53.6594 53.5996 50.1989 50.1508 47.6609 47.5775 40.3233 39.5398 39.1577 38.8392 38.5662 37.823
threshold=22.500000000000004 0.35194686211635368 3.5000000000000004 11.500000000000002 2.0532674623361382 386.50000000000006 302.50000000000006 8.5000000000000018 4.5000000000000009 238.50000000000003 2.5000000000000004 0.12499278707443741 26.500000000000004 390.31994076998342 -285.21668709781471 5.1313931033577553 107.50000000000001 5.5807142857142873 1.5000000000000002 170.50000000000003 15.500000000000002 2152.5000000000005 19.500000000000004 42.500000000000007 16.500000000000004 -721.4305405065835 7.5000000000000009 18.500000000000004 80.500000000000014 -590.29024845243896
decision_type=2 10 2 2 10 2 2 2 2 2 2 10 2 2 2 10 2 10 2 2 2 2 2 2 2 2 2 2 2 2
left_child=2 3 8 10 5 7 20 13 -1 18 -2 21 -6 14 16 -15 -3 19 25 22 -4 24 -14 -12 -7 -5 -21 -13 -19 -18
right_child=1 4 6 9 12 11 -8 -9 -10 -11 23 27 17 15 -16 -17 29 28 -20 26 -22 -23 -24 -25 -26 -27 -28 -29 -30 -31
leaf_value=-0.027210232125147647 -0.011041214740846935 0.012329886307178116 -0.014044334685504013 0.011881102676680057 0.0034143857734314506 -0.0059676325168018622 0.018497178674029901 0.011473397720936519 -0.01645710112738934 -0.0057200102276606553 -0.0075414760522670016 0.0029351103674712694 0.01023439172295864 0.0069656586059995305 -0.0043556433824456994 0.00098337386611379815 0.0077106467581633271 0.011074131804503897 0.0047781427393550242 0.0030584608183184471 -0.0050596762059287679 -0.018029797040975678 0.034424974119350131 -0.001609464251586595 0.0094684855835902026 -0.0005580569034581795 0.012870641176584574 0.040857161735528266 0.022158417773200025 -0.0019923937131003495
leaf_weight=1053.3346120114438 1776.0525012630969 684.622199841775 1021.6484698858112 237.22137496992946 2166.6683529475704 1502.5348710445687 138.17274479009211 1402.7937815710902 2221.9954821909778 1436.2217475725338 1833.913383689709 1001.7632540091872 3092.4813554715365 4204.9168579941615 2200.2110717045143 2991.0606114473194 522.94406935572624 778.84399004466832 3997.3517743805423 1976.9471311047673 1250.5681430031545 281.61790255364031 71.128456654027104 3608.5143350325525 164.93038547690958 4546.7883170228451 445.81988101452589 19.962735476903617 460.23695384711027 1142.8723533563316
leaf_count=171176 117613 17385 111574 6891 49570 67006 6557 25225 262498 65708 122877 44106 35389 119798 76733 87744 13113 5195 120024 21851 107571 17228 570 146650 7063 177291 3385 654 2227 35428
internal_value=2.92871e-05 0.0019971 -0.0146854 -0.00161293 0.00450344 0.00251312 -0.00750317 0.00373296 -0.0199515 0.00109735 -0.00544736 -0.00288333 0.00806811 0.0028041 0.000149622 0.00448149 0.00436723 0.00954181 0.00221497 0.00826015 -0.00912138 -0.00642506 0.0108317 -0.00361344 -0.00441709 7.05157e-05 0.00488682 0.0038714 0.0152637 0.00106761
internal_weight=48234.1 42548.4 5685.72 17436.1 25112.4 16120.2 2410.39 13149.4 3275.33 10217.6 7218.48 2970.81 8992.13 11746.6 4550.65 7195.98 2350.44 6825.46 8781.36 5586.38 2272.22 1949.08 3163.61 5442.43 1667.47 4784.01 2422.77 1021.73 1239.08 1665.82
internal_count=2046100 1386724 659376 757054 629670 511483 225702 375426 433674 369914 387140 136057 118187 350201 142659 207542 65926 68617 304206 61195 219145 91297 35959 269527 74069 184182 25236 44760 7422 48541
is_linear=0
shrinkage=0.03


Tree=56
num_leaves=31
num_cat=0
split_feature=56 114 77 115 54 78 78 67 14 78 78 78 99 51 78 51 78 122 92 94 122 78 54 78 118 1 109 78 55 54
split_gain=1485.9 349.084 312.401 176.979 174.765 119.008 90.2582 86.3748 78.7803 76.9825 119.925 73.1142 66.1012 60.6248 57.5045 54.2493 48.2544 47.9839 46.2609 44.7527 45.2593 45.6884 44.3118 42.5853 40.3047 40.051 39.2026 41.3754 45.9469 38.1147
threshold=21.500000000000004 0.35194686211635368 9.5000000000000018 2.3043810036807617 7.5000000000000009 742.50000000000011 27.500000000000004 14.500000000000002 1.5000000000000002 126.50000000000001 70.500000000000014 329.50000000000006 0.019503638881285527 2649.5000000000005 43.500000000000007 925.50000000000011 4.5000000000000009 22789.500000000004 3.8221234577203753 5.8120498657247639 797.00000000000011 234.50000000000003 2.5000000000000004 150.50000000000003 1.2328511163968729 361.50000000000006 1.0799794265695238e-05 198.50000000000003 26.500000000000004 24.500000000000004
decision_type=2 10 2 10 2 2 2 2 2 2 2 2 10 2 2 2 2 8 8 10 10 2 2 2 10 2 2 2 2 2
left_child=2 4 16 5 14 7 13 9 26 10 -3 15 -7 18 -2 -6 -1 -11 -4 20 21 25 -8 -17 -12 -9 -5 28 -28 -20
right_child=1 3 6 8 11 12 22 19 -10 17 24 -13 -14 -15 -16 23 -18 -19 29 -21 -22 -23 -24 -25 -26 -27 27 -29 -30 -31
leaf_value=-0.027397382668692231 -0.010137423197755471 0.00041317349976717379 -0.0085407577434892246 -0.00082637385603100447 -0.0018443786488660568 -0.0092980320888273512 -0.010644218210496922 0.0093227503374333481 0.013151953999526305 0.0066611599574370661 0.008875758374986352 -0.0076242706677652405 0.004102675066761631 0.01838962094736114 -0.003332297437836087 0.0042661108894682985 -0.017956331996787745 -0.00072487636302048352 -0.017289191746013229 -0.0022600650565108081 0.02381970754141817 0.0044845277761473012 -0.001949226172105429 -0.00097695163109730982 -0.0016702459641481312 0.031661469075145117 0.0040094287489978904 0.0016926398686938288 0.010454790342899197 0.013698193514112115
leaf_weight=954.29952231608331 1967.4775233166292 3258.2851988379844 1183.1622785939835 623.50384028814733 3195.9401096194051 1092.1231451937929 744.1767132775858 176.89088237844408 2004.6419218275696 917.5196402464062 4006.5445630997419 872.04581868927926 471.16018388792872 52.259908318985254 2596.1736803175882 5192.7318781320937 1108.1842178017832 5574.2816541828215 1453.5647091693245 201.73464598786086 264.49866064358503 563.19198998436332 1793.2124510416761 1903.0673411916941 353.44236700236797 124.86140478029847 1493.12223435333 1039.7883553076535 3036.9120754171163 33.117589847650379
leaf_count=160080 154933 119275 125153 19092 139187 58734 50965 3658 15400 26762 86278 44284 21347 4838 110415 159854 135482 161258 163136 5246 6923 16761 100554 63001 9606 1701 38266 10715 31012 2690
internal_value=-5.13932e-05 0.00217566 -0.0124936 0.00436397 -0.00133128 0.00261711 -0.00859904 0.00341594 0.00798357 0.00272445 0.00476896 0.000691161 -0.00525897 -0.0123905 -0.006274 0.00139911 -0.0223803 0.000323353 -0.0130262 0.0107078 0.0130238 0.00960452 -0.00451525 0.00286024 0.00801991 0.0189316 0.00630142 0.00709935 0.00833713 -0.0165553
internal_weight=48251.9 40929.9 7321.98 25202.5 15727.4 17004.5 5259.49 15441.3 8197.97 14110.1 7618.27 11163.8 1563.28 2722.1 4563.65 10291.7 2062.48 6491.8 2669.84 1331.18 1129.44 864.944 2537.39 7095.8 4359.99 301.752 6193.33 5569.82 4530.03 1486.68
internal_count=2046606 1303708 742898 632034 671674 517549 447336 437468 114485 403179 215159 406326 80081 295817 265348 362042 295562 188020 290979 34289 29043 22120 151519 222855 95884 5359 99085 79993 69278 165826
is_linear=0
shrinkage=0.03


Tree=57
num_leaves=31
num_cat=0
split_feature=55 4 77 78 112 78 118 88 78 78 67 3 103 111 77 78 69 62 78 78 78 30 78 100 5 114 57 80 118 90
split_gain=1392.49 414.966 226.824 215.363 212.937 160.839 100.602 89.3669 79.991 68.6542 67.9305 65.2249 66.0239 62.9105 58.5691 54.5678 59.3844 49.925 49.0344 48.8467 71.0219 46.2304 45.4484 43.0214 42.2958 41.6867 39.0713 36.684 35.9261 36.9503
threshold=3.5000000000000004 1.0000000180025095e-35 6.5000000000000009 44.500000000000007 1.3638793578175969 393.50000000000006 0.53325576735284519 5.7720779220779228 152.50000000000003 71.500000000000014 11.500000000000002 3.5000000000000004 0.032264841989974764 3.5488771117114691e-05 36.500000000000007 2152.5000000000005 9.5000000000000018 16.500000000000004 95.500000000000014 144.50000000000003 61.500000000000007 2.5000000000000004 17.500000000000004 0.0083350701681256089 1.5000000000000002 6.2272593896713619 -180.74999999999997 -991.47255038251126 0.13087025839009492 -0.59959229073472142
decision_type=2 2 2 2 10 2 10 8 2 2 2 2 10 2 2 2 2 2 2 2 2 2 2 10 2 10 2 2 10 10
left_child=2 3 -1 13 5 10 11 22 9 26 19 -6 23 14 -2 16 -7 -10 24 20 -3 -15 -4 -13 -11 -14 -5 -28 29 -21
right_child=1 4 7 8 6 15 -8 -9 17 18 -12 12 25 21 -16 -17 -18 -19 -20 28 -22 -23 -24 -25 -26 -27 27 -29 -30 -31
leaf_value=-0.025028334712113385 -0.0070955729217830506 -0.00062505828819942727 -0.012354342186034799 0.016563161079554412 0.0054799782734720392 -0.0055251193034546505 4.1072089651259421e-05 -0.016574352388512199 -0.010380741073357428 0.0037064989814469909 0.0094063495601406991 0.011311670443429404 0.0051376985648278299 -0.017648915740288387 0.0019306684859721702 -0.013796347440885325 0.0053800568765211823 -0.0015224849095142701 0.00098511271656556341 0.013181671169645809 0.0062152000809749496 -0.0067275995836575675 -0.0041492418633525116 0.019474397440709831 0.011487928471680068 0.014709020765571302 0.0061828199536800325 -0.0029173520853321188 -0.0044739104503262739 0.00051045894228881131
leaf_weight=1357.6996964723803 2727.3684676913545 2018.046394798439 1004.169331993442 100.31611692346632 3967.0045095002279 1759.9298812039196 1486.4434851203114 1536.6309026298113 854.0226079961285 1825.327003271319 1445.7147321300581 2147.1324847997166 2102.3473333301954 734.17760823853314 845.30851085204631 481.58990788646042 598.52281475998461 1723.9519995311275 3258.6367880841717 228.40788106434047 4218.3418658152223 679.1597348228097 1547.5843633236364 817.25318850204349 960.43278709426522 507.47449440788478 441.89240714162588 3709.7413814645261 1262.2939840191975 1843.3121295534074
leaf_count=214532 201501 90517 125640 2818 85929 81441 41520 166283 35653 59052 30641 33048 30908 63058 50499 28510 24170 60449 91480 5551 97630 40426 106428 10275 20543 3608 15856 135153 42081 51463
internal_value=-0.000133588 0.00168726 -0.0144132 -0.00180147 0.00419116 0.00171437 0.00730103 -0.0108617 0.000249283 0.00143284 0.00335545 0.00843146 0.0105252 -0.00709164 -0.00496022 -0.00464584 -0.0027521 -0.00447143 0.00348629 0.00243696 0.00400302 -0.012443 -0.00739597 0.0135911 0.00640504 0.00702339 -0.00148693 -0.00194247 -0.000494028 0.00193584
internal_weight=48190.2 42744.2 5446.08 17860.3 24883.8 13856.2 11027.7 4088.38 12874.3 10296.3 11016.1 9541.21 5574.21 4986.01 3572.68 2840.04 2358.45 2577.97 6044.4 9570.4 6236.39 1413.34 2551.75 2964.39 2785.76 2609.82 4251.95 4151.63 3334.01 2071.72
internal_count=2046663 1433780 612883 776488 657292 452004 205288 398351 421004 324902 317883 163768 77839 355484 252000 134121 105611 96102 171075 287242 188147 103484 232068 43323 79595 34516 153827 151009 99095 57014
is_linear=0
shrinkage=0.03


Tree=58
num_leaves=31
num_cat=0
split_feature=78 114 54 54 113 118 78 78 11 78 101 53 78 4 78 78 10 78 91 78 22 78 78 56 109 54 93 78 78 17
split_gain=1302.7 388.316 196.49 186.51 160.232 97.3586 90.0353 89.4609 85.9754 83.344 79.291 75.1989 67.0108 80.1333 62.8069 67.7856 58.2279 51.7041 50.3891 47.7683 47.4189 46.7502 69.7172 46.7378 46.0041 44.1775 42.3375 39.5967 40.2765 38.0143
threshold=20.500000000000004 0.35194686211635368 8.5000000000000018 3.5000000000000004 1.0929545323090355 0.60354500482832962 174.50000000000003 569.50000000000011 16.500000000000004 4.5000000000000009 0.0059423326093176135 16.500000000000004 1858.5000000000002 24.500000000000004 62.500000000000007 124.50000000000001 844.67362822439179 201.50000000000003 1.7383800878477309 365.50000000000006 1.5000000000000002 124.50000000000001 70.500000000000014 239.50000000000003 4.8946893749744347e-05 99.500000000000014 -4.5599389143069589 72.500000000000014 94.500000000000014 16.500000000000004
decision_type=2 10 2 2 10 10 2 2 2 2 10 2 2 2 2 2 2 2 10 2 2 2 2 2 2 2 10 2 2 2
left_child=3 2 14 9 7 10 11 20 23 -1 12 -4 13 17 24 -16 -9 27 -10 -15 21 22 -3 -5 -2 -23 -13 -6 -29 -12
right_child=1 4 6 8 5 -7 -8 16 18 -11 29 26 -14 19 15 -17 -18 -19 -20 -21 -22 25 -24 -25 -26 -27 -28 28 -30 -31
leaf_value=-0.026848561603799979 -0.0065258568893249661 -0.00059984630821690427 -0.0010618906142862111 -0.010558365582220898 0.0034327141533204066 -0.0010586750419732708 -0.0046552358621962915 -0.011432449386138086 0.027243351162100197 -0.01596919813260203 0.010251207878062375 0.02819881653396179 -0.010810083630808379 0.017937949605104232 0.00073503009825214482 -0.011722978202010853 0.0025220972073696072 0.00066492827659827398 -0.00099779917594570826 0.0062526346566843189 0.0083085281534177706 -0.0023929236837932728 0.0067168925820107151 0.037645777399773803 -0.01420716230729697 0.0083843752543104281 0.0041619779542017045 0.012569052518287065 0.0060527429521359576 0.024153370168980316
leaf_weight=978.61293150298297 3453.3771551158279 2216.8839969690889 4049.8314795736223 1742.1953081786633 2963.9875703481957 1629.3933945046738 2362.7232207367197 786.04677611961961 81.581813809461892 1912.2280031354167 2556.8214475689456 62.076288463547826 216.87643346749246 725.40385212004185 1806.8161970321089 497.19477792456746 405.51734991371632 2038.7675645845011 164.67048440873623 567.28877528570592 962.78347260318696 3255.8042856249958 2480.0220538852736 13.514867321588097 884.12974474485964 377.54884268157184 4659.6420764606446 1216.7842189799994 2912.7146689202636 188.93770355917513
leaf_count=171418 229980 93609 167656 185011 66478 40404 97192 48593 3234 243109 35708 1691 7072 4659 75495 23713 22549 40045 11577 8471 28377 108957 61893 980 60001 13151 136821 16949 39804 2095
internal_value=-0.000155766 0.00150366 -0.00189974 -0.0148202 0.0038759 0.00586241 0.000536616 0.00102921 -0.00775353 -0.0196921 0.00670485 0.00193696 0.0055274 0.0058723 -0.00598153 -0.00197291 -0.00669269 0.00487756 0.00871428 0.0128538 0.00202239 0.00129131 0.00326651 -0.0100815 -0.00810612 -0.00126305 0.00450748 0.00608701 0.00798569 0.01125
internal_weight=48170.2 43277.4 17775.8 4892.8 25501.6 15017 11134.3 10484.6 2001.96 2890.84 13387.6 8771.55 10641.8 10424.9 6641.52 2304.01 1191.56 9132.25 246.252 1292.69 9293.04 8330.26 4696.91 1755.71 4337.51 3633.35 4721.72 7093.49 4129.5 2745.76
internal_count=2046692 1431363 792549 615329 638814 261685 403360 377129 200802 414527 221281 306168 183478 176406 389189 99208 71142 163276 14811 13130 305987 277610 155502 185991 289981 122108 138512 123231 56753 37803
is_linear=0
shrinkage=0.03


Tree=59
num_leaves=31
num_cat=0
split_feature=78 113 0 88 78 78 9 53 78 78 113 94 34 78 85 1 46 113 118 22 9 122 80 95 116 55 59 80 108 113
split_gain=1279.6 314.814 246.58 142.54 122.672 140.499 102.708 98.9779 111.582 95.0473 85.0956 81.2821 80.5315 59.9223 58.9362 55.99 54.9901 51.2741 47.6452 47.3954 46.5458 44.5018 44.1378 43.7246 43.1443 41.759 41.5146 51.8787 42.4574 40.7065
threshold=23.500000000000004 0.98858837361240282 4.5000000000000009 1.2308101472995092 58.500000000000007 124.50000000000001 31.032639669904018 27.500000000000004 142.50000000000003 4.5000000000000009 0.28956812719133834 5.0773968423414173 -59.023357226217932 696.50000000000011 0.78824181557323603 10.500000000000002 9.5000000000000018 3.4127143799472299 1.3197752498041568 1.5000000000000002 -35.308926402998956 8532.5000000000018 -1940.2418167525423 0.67926228114907372 0.14816752369584255 31.500000000000004 -234.81102760854836 639.16418750963032 0.00014120071685750959 2.0409079232265408
decision_type=2 10 2 8 2 2 2 2 2 2 10 10 2 2 10 2 2 10 8 2 2 10 2 10 10 2 2 2 2 10
left_child=2 4 9 6 15 18 17 20 22 -1 -7 16 -4 19 29 -2 23 -3 25 -12 -5 -18 -9 -8 -17 26 -6 -28 -29 -14
right_child=1 3 12 7 5 10 11 8 -10 -11 13 -13 14 -15 -16 24 21 -19 -20 -21 -22 -23 -24 -25 -26 -27 27 28 -30 -31
leaf_value=-0.026557008631414827 -0.008760471048701611 0.002159262361184112 0.012977956488211264 0.0069953990302806133 0.0095003118254055139 -0.013279217317273615 0.017740414488655223 0.02078600224562787 0.00016712473462611392 -0.015328907522449989 -0.0013375810270198365 0.0041071199666923974 -0.0052104160625193584 -0.0087595290143127717 -0.011769386815900416 0.00096587656683893902 0.0057443006009600802 0.010365931449438981 -0.002739832690789062 0.0079764323979441606 -0.0024295744859731678 0.019529952047659404 0.0073567635406733669 0.009455793128529429 -0.0061739393415732903 0.0098144103719775815 -0.0032736227762775153 0.0061320689947728076 -0.0025248080057804034 0.0095917708592677259
leaf_weight=941.42067919205874 2151.1066441861913 4844.4099173676223 189.17591497814283 520.54910261929035 790.58036754373461 606.66128072049469 1385.0881612207741 238.21922626439482 2928.6881993887946 2567.8224016483873 5296.6593063939363 2178.18694298435 629.05199137981981 902.98992258217186 1127.6543361395597 1596.3539931476116 1722.7421217719093 794.03363907709718 974.53875441662967 536.98664788715541 4599.4641054486856 236.92162269167602 2576.9222555365413 1014.4971127090976 1449.8518986403942 1052.5334837883711 1184.9934907369316 2238.0175116751343 656.8325310908258 222.16690594796091
leaf_count=167725 148852 114943 12398 12664 22639 33556 20409 3738 71170 310285 194868 40887 58114 59530 119862 81540 21649 7681 40549 17852 159744 3106 51872 16307 81797 25919 41667 74360 18521 12036
internal_value=-9.41481e-05 0.00169419 -0.0134643 0.00406604 -0.00111746 0.000322697 0.00629435 0.00156686 0.00426877 -0.0183746 -0.00256443 0.0088525 -0.00549246 -0.00159039 -0.00728645 -0.00506005 0.0112162 0.00332313 0.00339606 -0.00047413 -0.00146545 0.00745644 0.00852799 0.0142648 -0.00243689 0.0044071 0.00322967 0.00200442 0.00416688 -0.00131361
internal_weight=48155.1 42477.8 5677.29 23039.7 19438.1 14240.8 12175.9 10863.8 5743.83 3509.24 7343.3 6537.44 2168.05 6736.64 1978.87 5197.31 4359.25 5638.44 6897.5 5833.65 5120.01 1959.66 2815.14 2399.59 3046.21 5922.96 4870.42 4079.84 2894.85 851.219
internal_count=2046240 1365820 680420 524170 841650 529461 224982 299188 126780 478010 305806 102358 202410 272250 190012 312189 61471 122624 223655 212720 172408 24755 55610 36716 163337 183106 157187 134548 92881 70150
is_linear=0
shrinkage=0.03


Tree=60
num_leaves=31
num_cat=0
split_feature=55 0 78 85 77 92 78 93 78 94 78 78 53 17 9 78 6 111 55 122 10 103 92 77 109 67 72 110 67 114
split_gain=1261.1 395.476 206.729 169.348 152.954 140.778 130.317 102.061 86.4855 84.8599 72.2585 69.7511 94.2133 65.114 64.0155 72.5165 64.4717 62.8117 62.0347 58.7118 53.7213 51.6671 49.7403 49.3412 46.0412 42.0968 41.4816 40.1791 60.0578 39.6183
threshold=2.5000000000000004 11.500000000000002 43.500000000000007 0.63464775964775977 9.5000000000000018 -2.6229141091367763 1135.5000000000002 1.0885409545662619 118.50000000000001 5.0243900161337995 70.500000000000014 180.50000000000003 20.500000000000004 1.5000000000000002 -20.611045673988205 601.50000000000011 2793.5000000000005 1.8535978754755789e-05 12.500000000000002 5015.5000000000009 -1705.2028016930674 0.060619374767002195 6.1351983745313854 35.500000000000007 0.0001300037315545997 7.5000000000000009 13.500000000000002 0.00088494584109453499 42.500000000000007 3.0028544243577548
decision_type=2 2 2 10 2 10 2 10 2 10 2 2 2 2 2 2 2 2 2 8 2 10 8 2 2 2 2 2 2 10
left_child=4 2 17 7 -1 -5 11 14 10 21 -4 12 -7 -13 15 20 -17 23 -19 -14 24 27 -6 -2 -3 26 -21 28 -9 -29
right_child=1 3 8 5 22 6 -8 9 -10 -11 -12 13 19 -15 -16 16 -18 18 -20 25 -22 -23 -24 -25 -26 -27 -28 29 -30 -31
leaf_value=-0.023309701069460356 -0.0067037008730532512 0.010013983315472258 -0.0011646383774077309 0.011627137674466038 -0.0090704461551850725 -0.00048607272694429343 -0.015220179535329005 0.014769775870407136 -0.0044641983628762507 0.0037397820223371626 0.0044570277588104135 -0.0037915336975625374 0.024458815202091581 0.0050001456009326848 -0.005460546196877321 -0.0074679380052902191 0.014944586736332069 -0.014654957117934117 -0.0026201185992951173 0.0031996963745344826 0.0035177616138500293 0.0074670185322099859 -0.018931436385402987 0.0017670222848547221 0.034597965599432984 0.010611517338685641 0.022399526870939629 0.0031535726796494217 0.037172812469301909 0.017614363114725362
leaf_weight=1536.7423267494887 2482.8416286660358 1096.5906756697223 4112.6082008574158 1183.0556989135221 2027.1318299085833 4570.0402659471147 433.23827270139009 1741.7007008148357 2786.9370484864339 2079.586878632661 4110.2671244768426 3356.4403510224074 135.56479777116328 974.3494867561385 679.09762456035241 661.09201793931425 134.93515844456851 1420.9593262583949 531.71541156806052 4558.7281063003466 2005.9594572130591 2079.0204300568439 601.33220330066979 821.43386221444234 69.378559909760952 931.35740477405488 98.76039479393512 515.74321449734271 112.74863899406046 251.88679672218859
leaf_count=251649 206950 12578 163422 28941 198879 150783 25910 33462 106088 45228 127219 116126 2395 25265 19491 29116 2450 131471 29186 105629 45360 35163 66320 54690 680 14702 1704 10478 3005 1850
internal_value=-2.39989e-05 0.00147229 -0.00223937 0.00365439 -0.0157903 0.00168483 0.000900121 0.00645164 9.82835e-05 0.00879791 0.0016464 0.00138269 0.00272608 -0.00181008 0.00302235 0.0044792 -0.0035992 -0.00713064 -0.0113929 0.00528867 0.00650903 0.0110291 -0.0113581 -0.00459841 0.0116183 0.00480222 0.00363041 0.0138338 0.0162282 0.00798196
internal_weight=48101.2 43936 16266.8 27669.3 4165.21 16241.5 15058.5 11427.7 11009.8 6780.69 8222.88 14625.2 10294.5 4330.79 4647.05 3967.96 796.027 5256.95 1952.67 5724.41 3171.93 4701.1 2628.46 3304.28 1165.97 5588.85 4657.49 2622.08 1854.45 767.63
internal_count=2046190 1529342 819026 710316 516848 471455 442514 238861 396729 129186 290641 416604 275213 141391 109675 90184 31566 422297 160657 124430 58618 83958 265199 261640 13258 122035 107333 48795 36467 12328
is_linear=0
shrinkage=0.03


Tree=61
num_leaves=31
num_cat=0
split_feature=78 54 112 54 78 118 113 78 0 78 65 69 78 114 56 78 95 56 78 72 93 93 94 118 18 89 72 95 53 109
split_gain=1172.09 331.482 232.59 185.259 115.856 96.9428 84.5091 80.7623 78.6385 73.3146 72.9811 64.5405 64.0746 62.6617 60.1748 107.659 58.4195 56.8695 55.6071 48.9047 62.7494 62.5588 55.195 44.6596 40.2091 39.9845 39.7222 39.5096 38.9107 38.4503
threshold=20.500000000000004 5.5000000000000009 1.1306162036940128 3.5000000000000004 696.50000000000011 0.40618288737003111 0.27544255476904905 4.5000000000000009 16.500000000000004 62.500000000000007 121.50000000000001 1.0000000180025095e-35 166.50000000000003 5.4758358159549827 64.500000000000014 146.50000000000003 0.65386055352360117 421.50000000000006 148.50000000000003 1.0000000180025095e-35 1.1906690480708282 -2.5715810193780908 5.2816327019574496 0.39362806185107774 1.0000000180025095e-35 2.2667622324159029 31.500000000000004 0.58141014261198898 14.500000000000002 8.1950430016464507e-05
decision_type=2 2 10 2 2 10 10 2 2 2 2 2 2 10 2 2 10 2 2 2 10 10 10 8 2 10 2 10 2 2
left_child=3 9 4 7 6 11 -3 -1 -5 23 14 24 -11 16 29 19 18 -17 -13 -16 21 28 26 -2 -4 -10 -22 -19 -21 -8
right_child=1 2 5 8 -6 -7 10 -9 25 12 -12 13 -14 -15 15 17 -18 27 -20 20 22 -23 -24 -25 -26 -27 -28 -29 -30 -31
leaf_value=-0.026716491908024911 -0.00448490104652429 -0.0072368244368318018 0.0036548010150769133 -0.010232333979196246 -0.0081172237141971196 0.00053287895534722871 -3.1707841478299644e-05 -0.015668639889046366 0.013756066297296976 0.0010540827708293576 0.014730236804206726 0.016152762248523869 -0.014298386207546383 0.017685931089714276 0.001386553248468164 -0.0040485383327923509 0.003464142901698975 0.0064698687332572441 0.0073495901904829537 0.00070894801577982551 0.011165170312557595 -0.0013864510085537774 0.0035636941900311784 -0.010674191972529532 0.0095969297034983626 -0.0054296584288358587 0.046306597843821511 -0.00066417779403222675 0.016219287221733655 -0.0066180158241359033
leaf_weight=909.51422917284071 2784.7648761654273 1035.2357597928494 6018.0777966277674 1568.4299077899195 1310.7821523211896 3027.7223382061347 2469.1598604368046 1834.760520264972 205.04227219102904 2369.5605034353212 365.69679239951074 994.89542781468481 267.77746105846018 658.02657616510987 3200.7500526681542 2808.1634233370423 1755.1398599008098 1077.2541258763522 1875.4915390647948 242.02191610075533 2001.7175905993208 1454.1582824373618 1194.3155105644837 1692.4542355025187 1234.5548483226448 178.99980687582865 24.943348841741681 1968.9734283015132 362.07022182177752 1173.5068732295185
leaf_count=171228 165274 56383 130293 176428 74073 88047 118102 243010 10283 86851 9214 15226 12494 5028 92479 95372 33052 34397 35160 7123 47680 38216 29606 115163 18119 14287 464 61525 8331 52925
internal_value=-0.0001224 0.00141992 0.00258189 -0.0143497 0.00049737 0.00535174 0.00108203 -0.0193721 -0.00725914 -0.0044986 0.00155338 0.0065149 -0.00052881 0.00903754 0.00128131 0.00215618 0.00778946 -0.000972495 0.0104236 0.00431546 0.00608823 0.00198991 0.00869997 -0.00683384 0.00467219 0.00485886 0.0117106 0.00186514 0.0100621 -0.00215969
internal_weight=48064 43367.2 36252.7 4696.75 20688.7 15563.9 19378 2744.27 1952.47 7114.56 18342.7 12536.2 2637.34 5283.55 17977 14334.4 4625.53 5854.39 2870.39 8479.98 5279.23 2058.25 3220.98 4477.22 7252.63 384.042 2026.66 3046.23 604.092 3642.67
internal_count=2045833 1430597 1050815 615236 725890 324925 651817 414238 200998 379782 595434 236878 99345 88466 586220 415193 83438 191294 50386 223899 131420 53670 77750 280437 148412 24570 48144 95922 15454 171027
is_linear=0
shrinkage=0.03


Tree=62
num_leaves=31
num_cat=0
split_feature=78 25 113 99 9 113 78 118 4 78 78 109 93 9 94 95 113 118 78 59 78 90 101 84 95 63 106 107 68 92
split_gain=1120.9 292.359 259.447 116.011 109.245 102.414 78.283 71.107 69.8077 65.6273 75.0072 64.4223 55.8749 82.0303 58.8132 61.4408 48.0498 46.1138 45.5704 44.6624 42.6101 40.8261 39.1358 38.2158 36.4579 36.481 35.4489 38.2256 34.1115 33.9101
threshold=27.500000000000004 12.500000000000002 0.98858837361240282 0.011930032189962452 -14.816428164179031 0.2683052681920009 4.5000000000000009 0.37060833723657732 1.0000000180025095e-35 46.500000000000007 555.50000000000011 3.6400870409209298e-05 1.1906690480708282 -25.53543346375184 4.89090356103834 0.69769341845265254 3.4127143799472299 1.381956775199592 329.50000000000006 -120.80604387243402 146.50000000000003 2.7573692941917538 0.0062715590989722439 0.42905081495685526 0.56976936892492935 83.500000000000014 0.041701446855870898 0.00013874063204220719 6.5000000000000009 5.3231948147203187
decision_type=2 2 10 10 2 10 2 10 2 2 2 2 10 2 10 10 10 10 2 2 2 10 10 10 10 2 10 2 2 8
left_child=1 6 5 7 19 20 -1 12 11 -7 17 -6 13 18 15 -14 23 24 26 -3 -2 -10 -16 -5 25 -11 27 -4 -27 -8
right_child=2 4 3 16 8 9 29 -9 21 10 -12 -13 14 -15 22 -17 -18 -19 -20 -21 -22 -23 -24 -25 -26 28 -28 -29 -30 -31
leaf_value=-0.02739798110097098 -0.0050334460564571493 0.018214179942790686 0.0038680529506533415 0.0055294912110853463 -0.0068964575616501161 -0.0047740485622180468 -0.012582662807236664 -0.0012647520044477764 0.0016408038509442124 0.0038757971249577827 -0.0065655976144030972 -0.016576420773427077 0.010482945815458427 -0.0046936113490751693 6.8454231916413542e-05 0.0033449354240661687 0.011920764178793541 -0.0039115471109316029 -0.0035398860580361361 -0.0022856071982959624 -0.015886750067542903 -0.013267805894674099 0.010403565196209828 0.028334439748949135 0.00071245996172714728 0.0066393283122727622 0.048956382757011072 0.015168567852522871 0.054923346727063262 -0.021166325108793106
leaf_weight=778.26197436545044 1576.9554458865896 202.48657225584611 2183.2018472924829 5886.0826047249138 1615.7449412979186 2328.4755640765652 1123.6612439141609 3619.9079068517312 812.82950534718111 3949.6301760040224 1186.3387430869043 1011.7966582709923 2466.8754219254479 1525.815940327011 2184.2129986807704 1946.6044865446165 1432.0994437253103 1370.298793903552 610.19021010398865 175.60436077974737 408.50425622612238 202.26078382320702 383.39987940713763 62.214850716292858 7941.6769382953644 31.932873390614986 11.916531017981468 303.64110783115029 19.516109492629766 693.14892193302512
leaf_count=151328 96264 11391 39680 118454 168897 143931 138495 107653 54569 133203 74604 111764 49047 45663 51498 42107 11092 55511 16261 14434 24256 18391 6924 1205 261023 1324 192 2440 778 94012
internal_value=-9.44214e-05 -0.0115564 0.00173709 0.00390202 -0.00647681 -0.000865789 -0.0193989 0.00240524 -0.00807106 -0.000104603 0.000646656 -0.0106484 0.00354899 0.00099383 0.00524344 0.00734201 0.00698818 0.00129157 0.00378818 0.00878749 -0.00730079 -0.00138027 0.00162893 0.00579161 0.00188996 0.00422335 0.00558117 0.0052755 0.0281974 -0.0159066
internal_weight=48045.3 6615.79 41429.5 22616.2 4020.72 18813.3 2595.07 15235.8 3642.63 16827.9 14499.4 2627.54 11615.9 4634.77 6981.09 4413.48 7380.4 13313.1 3108.95 378.091 1985.46 1015.09 2567.61 5948.3 11942.8 4001.08 2498.76 2486.84 51.449 1816.81
internal_count=2046391 763281 1283110 492216 379446 790894 383835 361465 353621 670374 526443 280661 253812 104236 149576 91154 130751 451839 58573 25825 120520 72960 58422 119659 396328 135305 42312 42120 2102 232507
is_linear=0
shrinkage=0.03


Tree=63
num_leaves=31
num_cat=0
split_feature=55 4 77 78 78 0 114 78 33 78 88 19 111 118 88 95 85 55 80 56 78 59 67 2 55 80 94 80 56 78
split_gain=1121.17 337.057 199.485 173.184 163.902 122.491 114.099 80.0423 79.4699 74.2842 72.1609 71.3159 62.2903 61.7685 55.6868 54.4174 55.4336 47.7203 47.402 46.2801 54.3847 39.4895 40.8663 38.4767 37.6826 37.6598 48.3363 40.9435 37.6488 47.3476
threshold=3.5000000000000004 1.0000000180025095e-35 5.5000000000000009 190.50000000000003 44.500000000000007 42.500000000000007 1.3222453560623315 164.50000000000003 -98.84999999999998 1192.5000000000002 5.0009803921568636 8.5000000000000018 2.9391307954717052e-05 0.26691132895298314 3.6547237076648842 0.60318956360426679 0.84445661433613251 36.500000000000007 639.16418750963032 100.50000000000001 99.500000000000014 -674.41531245009389 3.5000000000000004 73.500000000000014 12.500000000000002 414.78357679941467 4.917812539610682 -865.6595690870746 421.50000000000006 329.50000000000006
decision_type=2 2 2 2 2 2 10 2 2 2 8 2 2 10 8 10 10 2 2 2 2 2 2 2 2 2 10 2 2 2
left_child=2 4 -1 5 12 8 9 14 18 13 -4 23 -2 28 21 -7 -17 -9 -3 -10 -21 -6 25 -8 -14 27 -27 -23 -5 -30
right_child=1 3 10 6 7 15 11 17 19 -11 -12 -13 24 -15 -16 16 -18 -19 -20 20 -22 22 -24 -25 -26 26 -28 -29 29 -31
leaf_value=-0.024970063871356769 -0.0040443419916485505 0.0033182999798336311 -0.0069986609200100415 -0.0041054298855930614 0.011332293478506086 0.013639147101564367 0.00042945747233201319 -0.011707950372859452 0.00028463304864289956 -0.010786979215301947 -0.015250095254143498 0.019612589051089185 -0.014623845422175888 -0.0062897200879251814 -0.0021937890563761418 0.0088744308424107791 -0.0021109255200880239 -0.0021238114474973336 0.011457072791208622 0.0084038676314843498 0.0014998189963031966 0.0022761828141622527 0.007470771504790804 0.0066202617170339501 -0.0043060952908497508 0.0058907951088490538 -0.0010548205083848112 -0.0054616799671078917 0.0089215041897493692 7.6216140423409435e-05
leaf_weight=1055.4979310254566 3320.4759635771625 1049.3349855663255 2407.0552271544002 820.33986167889088 432.01194277964532 1860.6062063248828 1956.7741532567888 672.30231285281479 4305.0590710402466 799.17684391327202 1594.2322451518849 253.40189697593451 1028.1011304506101 1331.1658297795802 3093.72820624616 2559.9002316687256 490.8275213316083 1519.6103678308427 1685.1810926799662 1926.2789802518673 2198.4556686012074 1172.3112335950136 1059.1868115542457 1674.8389201434329 468.4867803780362 2168.9170228177682 1538.7291901502758 1285.7036275230348 859.5836924072355 1472.0774946901947
leaf_count=193044 239578 24462 231832 29152 9475 21352 44452 30454 163713 47361 187648 2836 91812 55843 117884 28456 10016 54453 33531 44130 50773 36055 26075 27378 23846 59230 46374 41144 19279 54844
internal_value=-2.96615e-05 0.00154216 -0.0133847 0.00376964 -0.00162409 0.00564564 0.000478638 0.000134774 0.00390578 -0.00239083 -0.0103012 0.00437824 -0.00634503 -0.000883773 0.00120057 0.00959265 0.00710645 -0.00508341 0.00834568 0.00246145 0.00473033 0.00257258 0.00204132 0.00328973 -0.0114191 0.0011033 0.00301072 -0.0017741 0.00140563 0.00334921
internal_weight=48059.4 43002.6 5056.79 25243 17759.6 16075.6 9167.36 12942.5 11164.3 5282.34 4001.29 3885.01 4817.06 4483.17 10750.6 4911.33 3050.73 2191.91 2734.52 8429.79 4124.73 7656.86 7224.85 3631.61 1496.59 6165.66 3707.65 2458.01 3152 2331.66
internal_count=2046482 1433958 612524 657578 776380 376433 281145 421144 316609 206479 419480 74666 355236 159118 336237 59824 38472 84907 57993 258616 94903 218353 208878 71830 115658 182803 105604 77199 103275 74123
is_linear=0
shrinkage=0.03


Tree=64
num_leaves=31
num_cat=0
split_feature=55 0 118 77 99 78 78 78 78 6 112 78 77 95 92 109 118 122 122 103 92 10 85 84 69 110 95 78 78 59
split_gain=1007 323.95 168.637 157.072 129.86 98.9745 87.1854 77.5715 70.9732 97.3811 61.0133 58.492 57.396 55.249 51.6187 44.8109 43.2227 44.3895 63.1625 61.9735 39.8492 71.0513 45.722 39.7876 38.5418 69.6202 61.8409 59.5795 39.4576 37.6353
threshold=2.5000000000000004 3.5000000000000004 0.25637813024089423 9.5000000000000018 0.011813138019401712 43.500000000000007 219.50000000000003 69.500000000000014 828.50000000000011 17.500000000000004 3.7441682847896449 107.50000000000001 62.500000000000007 0.71911231478580073 6.0459871303643276 5.1015698696520161e-05 -1.684021622689224 324.50000000000006 5752.0000000000009 0.010532478737828178 1.442869467780904 -1307.360252072245 0.74097373098953201 0.41939608943156509 8.5000000000000018 0.0006531469771732134 0.55557172422713763 234.50000000000003 696.50000000000011 -774.43103044550878
decision_type=2 2 10 2 10 2 2 2 2 2 10 2 2 10 8 2 10 8 8 10 10 2 10 10 2 2 10 2 2 2
left_child=3 5 4 -1 8 15 7 12 9 13 16 -9 -4 -3 -5 -2 -6 -18 19 -19 21 -11 -22 -14 27 26 28 -20 -26 -13
right_child=1 2 6 14 10 -7 -8 11 -10 20 -12 29 23 -15 -16 -17 17 18 24 -21 22 -23 -24 -25 25 -27 -28 -29 -30 -31
leaf_value=-0.022732595385728489 -0.0069559304079482975 0.0020677351365742482 -0.0052118862870616555 -0.0078089797231234792 -0.00045670748656776773 -0.0020334432976617622 -0.0061027363860074856 0.0063328897169999433 -0.0081485728931367483 0.0078880479162661971 0.013982185030006707 0.010696060807400661 0.0027998698132999443 -0.0026020581032146681 -0.017902286835932611 -0.015577482850948624 -0.019495743750121503 0.033272763578675105 0.0067014872020824869 0.010355774324206216 0.0087237895648876167 -0.0012245158110395632 0.00072574604714101092 0.045253915830769188 0.040803386259628767 0.002134078336250548 0.0095474164203038277 -0.00077021687015528019 0.012194250870776272 -0.0011534277611285292
leaf_weight=1416.2052307161503 1910.8662777519785 6786.960174723994 2629.2161145582795 1934.150432231836 911.13658027444035 4125.0179449664429 2328.9953549206257 2284.7116817627102 591.58363773487508 1311.4218762405217 886.70877509238198 260.35063065774739 802.05480945389718 3427.708314368967 600.02250758884475 763.63024365017191 53.864641333930194 140.52044924674556 3812.9341315538622 424.72667863732204 3133.3092480055057 1852.7844055709429 810.34134953469038 15.412778480909763 135.48656871169806 384.0115141235292 269.38457606732845 1282.090677253902 70.96628057397902 2649.2933714427054
leaf_count=251668 171141 237077 135990 195934 22187 171381 100132 56123 29121 18889 7480 6358 26621 134681 69643 72108 1531 3274 82911 11208 51912 44204 16059 550 2228 8276 7255 37027 3139 70406
internal_value=-0.000234653 0.00106708 0.00216618 -0.0147348 0.00346988 -0.00495232 -0.000957849 0.000431566 0.00202741 0.00237718 0.00655344 0.00274595 -0.00305527 0.000500199 -0.0102293 -0.00944206 0.00566466 0.00651277 0.00674241 0.0162947 0.00507233 0.00255872 0.00708335 0.00387056 0.00582278 0.0116882 0.0192962 0.00482243 0.0314901 -7.66231e-05
internal_weight=48005.9 44055.5 37256 3950.38 26285.9 6799.51 10970 8641.04 17914.1 17322.5 8371.83 5194.36 3446.68 10214.7 2534.17 2674.5 7485.12 6573.99 6520.12 565.247 7107.86 3164.21 3943.65 817.468 5954.87 859.849 475.837 5095.02 206.453 2909.64
internal_count=2046514 1529269 1114639 517245 718459 414630 396180 296048 531943 502822 186516 132887 163161 371758 265577 243249 179036 156849 155318 14482 131064 63093 67971 27171 140836 20898 12622 119938 5367 76764
is_linear=0
shrinkage=0.03


Tree=65
num_leaves=31
num_cat=0
split_feature=120 0 54 115 84 120 0 120 69 80 9 120 111 104 94 118 89 84 68 9 60 118 75 64 38 1 120 8 53 110
split_gain=994.033 316.532 164.358 150.056 120.831 129.888 77.7775 74.9745 69.9744 74.4221 114.237 100.757 69.0237 66.6081 66.1891 61.2558 54.1095 51.997 46.5035 46.4976 46.0709 45.5826 38.3081 37.8364 36.8534 52.8572 53.4217 42.2924 36.6648 36.6602
threshold=1.4230769230769231 4.5000000000000009 1.5000000000000002 0.61924558758584991 0.13183919082241927 165.57692307692312 16.500000000000004 3.4230769230769238 19.500000000000004 487.15413096936226 -28.608925340417446 21.80769230769231 7.2390047546182747e-05 0.041677388917481566 4.301070588159301 -1.6080545547637999 1.9500000000000006 0.2837358635230976 3.5000000000000004 -112.59619145277323 -6782.9852685350261 1.7167981576718503 2507.5000000000005 73.500000000000014 183.50000000000003 1111.5000000000002 15.500000000000002 1182.8500000000001 4.5000000000000009 5.9673850519867374e-05
decision_type=2 2 2 10 10 2 2 2 2 2 2 2 2 10 10 10 10 10 2 2 2 8 2 2 2 2 2 2 2 2
left_child=2 7 -1 12 5 8 -4 -2 9 10 11 20 19 14 -11 -6 -8 -14 -17 -3 -5 -9 -10 -24 25 26 -20 -27 -21 -16
right_child=1 3 6 4 15 -7 16 21 22 13 -12 -13 17 -15 29 18 -18 -19 24 28 -22 -23 23 -25 -26 27 -28 -29 -30 -31
leaf_value=-0.021728923558066552 -0.0077707151643205373 0.012838178227490931 -0.011663202054676542 0.0097246368428890052 -0.00031828748027652607 -0.017595568289524334 0.017949856911956236 -0.00075740994697839957 0.024223082531423735 0.005736073415792603 -0.0049128293415132782 -0.0046984264887535562 -0.006876529947471512 0.009911280472492635 0.0048220614092848169 0.005404834036656812 -0.0055681684610410179 0.014199562717805961 0.012694361668927187 -0.0065453975430333246 0.0023328150553066501 -0.0087200050842364124 0.0031974635864244825 0.039021358072448067 -0.00050137380915031852 0.024382688866032239 0.0031657729863070359 0.0092677605892479628 0.0007962749345585675 -0.000751160247464626
leaf_weight=1641.1812869794667 3038.0634621242061 260.55649956874549 1943.2687319829129 1421.1670158756897 990.17240398097783 286.86746671237051 137.00487144151703 4619.7624437361956 188.15482568088919 4204.9965423047543 2746.5417277812958 1125.8768727341667 1939.222975240089 1397.8349929666147 1440.2790386574343 3822.5848829913884 227.43346833996475 106.80142399482429 1352.3743740813807 678.19825263274834 1630.901947606355 747.6673201713711 267.29315067827702 24.618399215862155 259.80006433557719 424.69008455984294 875.22492878418416 287.28947357926518 5887.1593067743815 4004.3144641155377
leaf_count=286487 242215 9448 255203 21467 18821 16279 7336 185920 2358 96930 88219 37113 87983 28446 43942 79206 20885 4343 20142 39580 36194 40249 6832 587 5531 6480 22132 5742 238983 91392
internal_value=-6.72811e-05 0.00122656 -0.0144764 0.00246219 0.00358332 0.00226389 -0.00928276 -0.00400843 0.00257732 0.00227316 -0.000165378 0.00295769 -0.000918418 0.00380101 0.0029112 0.0066659 0.00339634 -0.00574443 0.00765027 0.000531296 0.00578502 -0.00187366 0.0138233 0.00682492 0.0103205 0.0112761 0.00896605 0.0183909 3.34799e-05 0.000726217
internal_weight=47977.3 44028.4 3948.89 35622.9 26751 18738.8 2307.71 8405.49 18452 17971.9 6924.49 4177.95 8871.94 11047.4 9649.59 8012.14 364.438 2046.02 7021.96 6825.91 3052.07 5367.43 480.066 291.912 3199.38 2939.58 2227.6 711.98 6565.36 5444.59
internal_count=2046445 1476534 569911 1008150 627813 469759 283424 468384 453480 443703 182993 94774 380337 260710 232264 158054 28221 92326 139233 288011 57661 226169 9777 7419 60027 54496 42274 12222 278563 135334
is_linear=0
shrinkage=0.03


Tree=66
num_leaves=31
num_cat=0
split_feature=55 29 78 114 78 78 111 78 57 95 80 113 53 78 54 55 77 91 103 34 78 0 108 80 104 6 30 59 109 59
split_gain=976.911 296.343 147.044 143.314 136.3 122.195 83.4016 79.2047 74.9306 67.2802 67.779 62.2708 60.6611 56.2088 63.4878 54.2829 53.3921 52.5624 51.9529 50.4256 46.5364 44.1408 40.8287 39.2365 38.9422 38.6038 40.0029 42.6019 37.747 48.9214
threshold=2.5000000000000004 2.5000000000000004 7.5000000000000009 1.0736537694455526 43.500000000000007 329.50000000000006 1.7809806100946188e-05 213.50000000000003 -180.74999999999997 0.58338794233289659 414.78357679941467 4.3347904057386248 11.500000000000002 107.50000000000001 84.500000000000014 75.500000000000014 30.500000000000004 1.0974266166409181 0.031754724525808874 -176.71088513499538 68.500000000000014 9.5000000000000018 0.00023803176264597636 -521.81882032377007 0.014714543061040673 1886.5000000000002 59.500000000000007 -212.54881717084996 0.00085237172434435705 1600.1513301574132
decision_type=2 2 2 10 2 2 2 2 2 10 2 10 2 2 2 2 2 10 10 2 2 2 2 2 10 2 2 2 2 2
left_child=2 4 -1 5 6 12 16 8 23 11 25 -5 -3 14 20 -15 -2 18 -12 -10 -14 -4 -19 -6 -21 26 27 -11 29 -7
right_child=1 3 21 9 7 28 -8 -9 19 10 17 -13 13 15 -16 -17 -18 22 -20 24 -22 -23 -24 -25 -26 -27 -28 -29 -30 -31
leaf_value=-0.022705358479740777 -0.0060517472590434366 -0.001449191687456753 -0.012123295473615221 0.0066933942670260836 3.8440392008250762e-05 -0.006300304253801973 -0.012156334351880389 -0.012235426767020052 0.010734222082194366 0.0033969372854142006 0.012348227634210351 0.017211377120686478 0.001686429808446341 -0.00046611603077888783 0.020391841642608051 0.0063093591509139364 0.0030822760067675597 0.0053342896657121797 0.0049733382964745618 -0.0018551117037084817 0.0077864297311561513 -0.0019758223250287317 -0.0018895806148147116 0.018515346884631103 0.0036378230132217962 0.014256888691304752 -0.008567026527819965 -0.0054998864466404597 -0.012485655181948637 0.0026659952837391823
leaf_weight=1286.6353113045916 2182.9663551696576 3164.832708847709 2086.0597953433171 4412.9312958307564 157.00275337975472 1538.0968351447955 1597.5587989571504 462.9695449275896 353.95661258883774 1597.5525558269583 1345.4685645210557 570.82169008441269 2163.3117834585719 4183.8076246138662 245.95774406939745 1421.9723140271381 778.22268659295514 1634.1818891935982 2401.5534175578505 5929.4269847357646 2349.3729927502573 475.76338140293956 1230.9122355035506 298.29196641221642 1439.4534186460078 152.96615987177938 506.93881640210748 689.30849586799741 459.13697804976255 845.43307492043823
leaf_count=248834 184695 137991 228282 93805 4292 78007 139278 22890 7581 31828 21804 3947 81832 116652 4260 31241 53449 37756 39311 223249 52031 40043 23807 7932 42997 1822 9396 19671 21430 36391
internal_value=5.00108e-05 0.00131521 -0.0144357 0.00292177 -0.00244709 0.000996139 -0.00664107 -0.000231927 0.00045466 0.00508853 0.00361197 0.00791413 0.00218434 0.00329403 0.00569026 0.00125665 -0.00365011 0.00529732 0.00763442 -0.000246025 0.00486729 -0.0102463 0.00223286 0.0122134 -0.000780371 -0.000172282 -0.000986366 0.000709097 -0.00465286 -0.00312105
internal_weight=47962.9 44114.4 3848.46 30914.6 13199.8 16371.9 4558.75 8641.1 8178.13 14542.6 9558.88 4983.75 13529.3 10364.4 4758.64 5605.78 2961.19 6612.12 3747.02 7722.84 4512.68 2561.82 2865.09 455.295 7368.88 2946.77 2793.8 2286.86 2842.67 2383.53
internal_count=2046504 1529345 517159 842982 686363 559835 377422 308941 286051 283147 185395 97752 424007 286016 138123 147893 238144 122678 61115 273827 133863 268325 61563 12224 266246 62717 60895 51499 135828 114398
is_linear=0
shrinkage=0.03


Tree=67
num_leaves=31
num_cat=0
split_feature=55 0 77 118 113 78 101 78 92 18 78 111 78 92 77 15 78 78 78 56 77 94 92 9 93 104 54 80 54 92
split_gain=911.411 295.632 146.973 129.63 112.557 104.879 93.009 70.3362 63.3394 50.8017 57.6048 47.6836 44.7582 52.0439 51.0959 44.4972 44.8828 55.9974 62.4306 40.2329 40.0819 39.2493 55.3271 51.0613 47.6725 39.7301 37.1105 36.8988 34.4452 32.2738
threshold=2.5000000000000004 4.5000000000000009 6.5000000000000009 0.6783324457840304 1.2363201464629234 37.500000000000007 0.0059423326093176135 797.50000000000011 6.0459871303643276 1.5000000000000002 742.50000000000011 3.7134017372252244e-05 174.50000000000003 -1.4597251769327879 49.500000000000007 8.5000000000000018 190.50000000000003 66.500000000000014 98.500000000000014 421.50000000000006 51.500000000000007 4.6318599515280621 1.442869467780904 -25.53543346375184 2.7066954231580111 0.032229211148941089 2.5000000000000004 8047.4010858026086 7.5000000000000009 3.8732667927921933
decision_type=2 2 2 10 10 2 10 2 8 2 2 2 2 10 2 2 2 2 2 2 2 10 10 2 10 10 2 2 2 10
left_child=2 5 -1 4 7 11 9 15 26 21 -11 28 13 -5 -15 16 17 20 -19 -18 -3 22 23 -6 -24 -26 -4 -8 -2 -17
right_child=1 3 8 12 6 -7 27 -9 -10 10 -12 -13 -14 14 -16 29 19 18 -20 -21 -22 -23 24 -25 25 -27 -28 -29 -30 -31
leaf_value=-0.023925966259760525 -0.0090501266820510358 -0.0031891676203952349 -0.01284434214112184 0.011491783919165353 0.0039938283861066983 -0.0016838468632735077 0.011366798993314206 -0.0065517935640428664 -0.01851816212652499 0.011080189767931913 -0.0033208065108314816 -0.015666466112040305 -0.006478682413160167 -0.0052338701995030745 0.0017635592425831155 0.0041074385878746931 -0.0050925869717330548 0.0077322156038152484 0.0017578986681490928 0.0014566549719085889 0.0035947135593872668 0.00031169900196561075 0.011882612619774814 -0.0033798720232720999 0.0023325057664728152 0.012244636248925364 -0.0046895918513274954 0.0031556231297831857 2.5137947200886488e-05 0.020114808577829039
leaf_weight=1010.186852873303 1309.3156874002889 2104.881558643654 836.08252846868709 306.99989954987541 2932.3756476761773 5658.5826155589893 2365.8308842303231 967.17960095126182 676.2849592640996 1417.5900461818092 300.87484508100897 700.56192828295752 1406.7498723380268 1644.4953825571574 2176.8554832884111 273.99452218227088 1532.4606100991368 2579.0754105877131 4038.5238953297958 1868.4487640755251 1242.3306127949618 3358.013467347715 1189.0829808483832 1182.2956955228001 1739.354353080038 456.47085124067962 1271.3261085143313 627.73299922980368 527.42048022616655 192.48412469681352
leaf_count=201091 133962 116305 101621 9149 49703 240575 33236 61771 86156 15966 6145 71453 60347 78728 62915 7663 59378 62940 101499 71444 46264 78714 23135 35501 37040 6723 128265 8513 43534 5174
internal_value=-3.45108e-05 0.00117994 -0.0141342 0.00235352 0.00312303 -0.00395953 0.0049033 0.00124908 -0.0105443 0.00376929 0.00855649 -0.00902137 -0.00186752 -0.000290316 -0.00125065 0.00179671 0.00147659 0.0024919 0.00409035 -0.0014976 -0.000669698 0.00300801 0.0042143 0.00187356 0.00705272 0.00441619 -0.00794761 0.0096531 -0.00645116 0.0108559
internal_weight=47893.9 44100 3793.88 35904.1 30369 8195.88 15569.6 14799.4 2783.69 12576.1 1718.46 2537.3 5535.1 4128.35 3821.35 13832.2 13365.7 9964.81 6617.6 3400.91 3347.21 10857.6 7499.58 4114.67 3384.91 2195.83 2107.41 2993.56 1836.74 466.479
internal_count=2044910 1527777 517133 1038253 827114 489524 294676 532438 316042 252927 22111 248949 211139 150792 141643 470667 457830 327008 164439 130822 162569 230816 152102 85204 66898 43763 229886 41749 177496 12837
is_linear=0
shrinkage=0.03


Tree=68
num_leaves=31
num_cat=0
split_feature=54 56 113 85 93 59 9 73 109 77 72 77 1 92 103 79 115 77 95 17 108 93 123 65 93 108 44 83 93 112
split_gain=858.312 273.226 219.402 117.336 97.8711 92.5434 81.6523 78.1143 76.538 71.384 67.1503 61.7399 58.0422 54.1197 68.9356 52.3093 51.6221 51.0363 44.7907 44.0728 52.4134 105.987 76.0329 42.5627 40.8225 48.4381 39.1769 35.3815 41.1192 34.5524
threshold=3.5000000000000004 8.5000000000000018 0.74879278278972949 0.6411415385659508 -2.5715810193780908 150.42978159212129 -17.450289126058923 159.50000000000003 0.0001009662706232629 39.500000000000007 1.0000000180025095e-35 5.5000000000000009 1.5000000000000002 5.229676678431642 0.060619374767002195 -747.39999999999986 0.26002047566545922 27.500000000000004 0.57649152187565422 3.5000000000000004 0.00027807792724998198 1.7845237537127341 1.0000000180025095e-35 117.50000000000001 4.7009758094684218 0.00011002093998846438 12.500000000000002 0.034189838115545178 -1.6080209944766994 3.8631554790590941
decision_type=2 2 10 10 10 2 2 2 2 2 2 2 2 10 10 2 10 2 10 2 2 10 2 2 10 2 2 10 10 10
left_child=1 11 8 5 26 6 15 9 10 24 17 -1 -3 14 29 -4 -10 -2 -17 20 21 27 23 -23 -6 -26 -5 -11 -29 -7
right_child=2 12 3 4 7 13 -8 -9 16 19 -12 -13 -14 -15 -16 18 -18 -19 -20 -21 -22 22 -24 -25 25 -27 -28 28 -30 -31
leaf_value=-0.025006671876593851 -0.0097245966469528735 -0.011694864102780485 -0.0054237506646335979 0.0087583680737532924 -0.00017951352310289646 0.010227311025109867 -0.0045518200738983812 -0.014925385281901573 -0.012566671887451197 0.0076382923866194921 0.0021538695840095435 -0.014517108098847849 -0.0038095180260190814 0.0029122965909265026 0.0049485752581019801 0.0093418080120073639 -0.0036446712446025747 -0.0014684915355739048 0.0023958639533840334 0.009285758951516147 -0.0019450285201651409 0.0031992224602448854 0.012347828591811567 0.054272294978723414 -0.0018446037330475179 -0.013254721481800121 0.040355461189126383 0.0041621975063169444 -0.0032096395348930841 0.019489347463696568
leaf_weight=822.91642828844488 855.20498377596959 1096.9154072003439 450.80469167977571 1090.2200701665133 2065.6707973312587 2905.7788266949356 1297.334470864851 278.51359126251191 797.69665733864531 423.4233601228334 4291.7753838985227 1396.3684758055024 3577.4556661173701 2081.0955801066011 2689.0490868473426 1472.1730382717215 2165.0932335662656 3122.3316167299636 1934.6976727494039 713.07458417583257 2780.0608635358512 2747.1178237637505 1270.172395047266 9.787645183503626 763.27394448779523 594.23896974837407 32.008453385904431 888.24074693536386 2864.2289072908461 419.00274071283638
leaf_count=171850 76247 100351 11509 29483 103901 61406 47439 14421 50717 14709 177528 180422 220874 51229 48210 28904 97233 152124 35479 12193 64679 76071 30015 331 46371 35497 533 23355 79055 3277
internal_value=-5.98923e-06 -0.00979632 0.00164105 0.00298889 0.0013015 0.00509143 0.001947 0.000676601 -0.00193105 0.000968846 -0.000447519 -0.0184541 -0.00567046 0.00709142 0.008534 0.00413562 -0.00606394 -0.00325361 0.00540663 0.00208397 0.00161238 0.00281847 0.00628778 0.00347847 -0.00283871 -0.00686959 0.00983459 -0.000530729 -0.00146145 0.0114221
internal_weight=47895.7 6893.66 41002.1 29770 16520 13249.9 5155.01 15397.8 11232.1 15119.3 8269.31 2219.28 4674.37 8094.93 6013.83 3857.68 2962.79 3977.54 3406.87 11696.1 10983 8202.97 4027.08 2756.91 3423.18 1357.51 1122.23 4175.89 3752.47 3324.78
internal_count=2045413 673497 1371916 818067 530614 287453 123331 500598 553849 486177 405899 352272 321225 164122 112893 75892 147950 228371 64383 300408 288215 223536 106417 76402 185769 81868 30016 117119 102410 64683
is_linear=0
shrinkage=0.03


Tree=69
num_leaves=31
num_cat=0
split_feature=78 0 26 8 78 1 4 80 56 109 95 60 78 59 108 92 77 5 78 18 78 89 93 83 69 109 72 78 114 99
split_gain=856.912 253.86 151.839 124.015 98.0549 110.16 76.2622 71.7738 67.527 60.93 60.859 59.3163 62.0435 68.1356 49.2609 46.8275 45.0403 44.088 40.8676 39.8749 39.2693 38.1927 36.9978 48.8296 41.535 35.8861 34.7502 34.5076 34.3718 34.0286
threshold=18.500000000000004 4.5000000000000009 31.500000000000004 -13.999999999999996 742.50000000000011 250.50000000000003 2.5000000000000004 439.12253549912265 8.5000000000000018 0.00029612997667614221 0.60519143244061113 5881.1243515689393 176.50000000000003 -463.29508590647089 5.0473598229069387e-05 5.438275348801322 34.500000000000007 37.500000000000007 288.50000000000006 3.5000000000000004 43.500000000000007 1.0627576853526224 -2.1548068848593176 0.22303495493567974 8.5000000000000018 0.00014491604455712438 4.5000000000000009 5.5000000000000009 9.2927311982727616 0.021085299665114136
decision_type=2 2 2 2 2 2 2 2 2 2 10 2 2 2 2 10 2 2 2 2 2 10 10 10 2 2 2 2 10 10
left_child=2 8 27 7 5 9 14 22 -2 11 17 12 13 -5 -4 19 26 18 -7 -9 25 -11 23 24 -3 -10 -15 -1 -25 -6
right_child=1 3 6 4 29 10 -8 15 20 21 -12 -13 -14 16 -16 -17 -18 -19 -20 -21 -22 -23 -24 28 -26 -27 -28 -29 -30 -31
leaf_value=-0.027289127427131254 -0.011406186994363318 0.0058660430958246048 -0.0079921859704370334 0.0074561634169081886 -0.0098094145368597813 0.0091134227215358236 0.0065159897833796127 0.007315103894474667 -0.0044509531576053833 0.0012503732246025581 0.0023034095561906979 0.0047493530638883594 -0.0059593455817842688 -0.0042527588136963973 -0.017450646484230545 0.0017511472541740828 0.0013653183766558609 0.023835982399179705 0.0012138980672657779 0.016422204562549052 -0.0011633890677792995 -0.00706121759617785 -0.0015191424479947563 -0.0020476776092084965 0.020834709395954103 -0.015789155610286466 0.007942248639083797 -0.017015186304718998 0.016715605671626804 0.0016733996448112859
leaf_weight=627.81383926374838 878.292683001142 1123.6234364630654 1518.1224846914411 1188.5475488100201 954.46772537473589 2130.7739930106327 240.68482478940859 4837.358169795014 2005.1169956289232 729.13251061551273 4618.0738093070686 2827.2643291791901 1420.1390215838328 2612.4101766515523 744.87319309730083 1283.2897503944114 5559.0287631191313 141.85051219724119 816.42353356722742 474.97472470253706 5118.5412992024794 1552.7334208777174 1709.762052597478 1009.3804383976385 192.80249785352498 283.87962561426684 224.09733747132123 632.30674364324659 91.203234374523163 304.71812046505511
leaf_count=142337 79364 25726 205909 28904 51833 35909 16648 96456 157562 18095 95884 79651 56337 132780 104707 31772 180439 790 25004 6197 209365 48158 46631 22703 4818 21943 7013 100175 626 12150
internal_value=-6.43709e-06 0.00116714 -0.0137367 0.00226231 0.00110738 0.00153918 -0.00943044 0.0049619 -0.00356343 0.000127883 0.0044878 0.000877594 -0.000118865 0.000749215 -0.0111371 0.00690247 -0.000204153 0.00774444 0.00693088 0.00814404 -0.00262647 -0.00440846 0.00185579 0.00424139 0.00812888 -0.00588846 -0.00327702 -0.0222215 -0.000424236 -0.00703499
internal_weight=47851.7 44087.9 3763.8 35802.1 25079.7 23820.5 2503.68 10722.4 8285.83 16113.4 7707.12 13831.5 11004.2 9584.08 2263 6595.62 8395.54 3089.05 2947.2 5312.33 7407.54 2281.87 4126.77 2417.01 1316.43 2289 2836.51 1260.12 1100.58 1259.19
internal_count=2045886 1476110 569776 1007876 772947 708964 327264 234929 468234 551377 157587 485124 405473 349136 310616 134425 320232 61703 60913 102653 388870 66253 100504 53873 30544 179505 139793 242512 23329 63983
is_linear=0
shrinkage=0.03


Tree=70
num_leaves=31
num_cat=0
split_feature=78 88 51 115 109 29 80 93 19 123 109 100 93 94 31 78 63 99 115 67 82 48 84 110 10 97 69 95 34 119
split_gain=807.608 194.004 190.438 125.992 97.6765 97.4188 74.7426 75.4128 74.0494 66.7396 64.7295 63.6066 55.4321 54.733 51.5643 61.9709 54.8904 47.7772 45.9671 43.8133 43.1616 43.1032 42.4803 40.5986 35.4219 33.8791 33.4536 33.2049 32.2136 31.8561
threshold=22.500000000000004 3.6863354037267091 113.50000000000001 1.2105846656552692 0.00030847921360682625 3.5000000000000004 414.78357679941467 -2.1009543349729416 2.5000000000000004 1.0000000180025095e-35 3.1304506494553537e-05 0.0095816042990219483 1.0885409545662619 1.2542488357139649 35.500000000000007 146.50000000000003 17.500000000000004 0.0087008138194456398 0.14145827413090845 1.0000000180025095e-35 0.068038628328963582 41.500000000000007 0.18752431906614789 8.2599746319107534e-05 1.0000000180025095e-35 0.029425508521165478 1.0000000180025095e-35 0.70594324686396315 -145.89644713197228 0.33369022127052111
decision_type=2 8 2 10 2 2 2 10 2 2 2 10 10 10 2 2 2 10 10 2 10 2 10 2 2 10 2 10 2 10
left_child=2 3 -1 4 6 10 7 -2 11 18 -4 14 24 -11 -5 16 26 -18 -8 -3 -9 27 -6 25 -13 -14 -16 -15 -7 -10
right_child=1 19 5 8 22 28 9 20 29 13 -12 12 23 21 15 -17 17 -19 -20 -21 -22 -23 -24 -25 -26 -27 -28 -29 -30 -31
leaf_value=-0.023481050517644333 0.0029369051853057222 -0.0058574334250752194 -0.0078224615807416641 -0.0019912266215268387 -0.0069564573016231406 0.019980606015833475 -0.0048108414065648423 -0.00064343857745618267 0.0071818113936786658 0.00046580071317508647 -0.017084692672811541 0.0032399178891366373 0.0068143464156205135 0.012628076835137803 0.0011095916750800208 0.00034002817638795083 0.0051934227450418239 0.013462216455783608 0.0024545125606981019 -0.00074047482058840059 -0.0063534841878579293 0.05151418641855391 0.003174070600511955 0.0068024335375147533 -0.012725693217310936 0.020403561452360428 0.0073173089223323847 0.0043664455819410726 -0.0014579091308408571 0.017311243369158326
leaf_weight=996.33134920103475 2726.1624006424099 3618.5503700841218 1824.9142079614103 2145.4830815941095 2118.7269111494534 63.623293376993388 937.99068845855072 2552.930928372778 795.96261104568839 804.08325936179608 1093.7206841763109 1104.0613322341815 274.48922142479569 1091.539126063697 3109.7420257041231 4516.483815212734 1787.2419003965333 975.37701823189855 4641.1188852265477 2579.8423276846297 2231.030385303311 17.314550069160759 448.70697734877467 1853.5227782521397 136.01510345004499 437.99048674944788 1039.5599965881556 741.57445571105927 776.03876860206947 437.71018482744694
leaf_count=199681 110647 207425 237354 77725 88674 2950 55360 104894 9785 29434 156150 17984 5738 38674 62351 77182 24481 10646 165278 107126 91204 955 17069 24801 3241 7352 17835 27285 62806 4568
internal_value=-0.00011501 0.00117924 -0.0118424 0.00200373 0.000236731 -0.00872992 0.00112196 -0.00104207 0.00374148 0.00309528 -0.0113166 0.00323527 0.00666067 0.00700634 0.0022727 0.0030737 0.00485843 0.00813187 0.00122981 -0.00373001 -0.00331021 0.00983955 -0.00518323 0.0091737 0.00144469 0.0152522 0.0026718 0.00930686 0.000275201 0.0108311
internal_weight=47877.8 43123.2 4754.63 36924.8 18311.2 3758.3 15743.7 7510.12 18613.6 8233.62 2918.63 17380 3806.08 2654.51 13573.9 11428.4 6911.92 2762.62 5579.11 6198.39 4783.96 1850.43 2567.43 2566 1240.08 712.48 4149.3 1833.11 839.662 1233.67
internal_count=2046655 1387714 658941 1073163 729474 459260 623731 306745 343689 316986 393504 329336 59116 96348 270220 192495 115313 35127 220638 314551 196098 66914 105743 37891 21225 13090 80186 65959 65756 14353
is_linear=0
shrinkage=0.03


Tree=71
num_leaves=31
num_cat=0
split_feature=78 1 51 78 4 115 78 67 90 93 104 114 85 56 95 93 72 54 78 78 76 17 60 122 80 31 99 122 60 80
split_gain=777.748 241.933 145.582 117.072 130.201 107.899 83.767 85.3423 67.6347 71.6179 65.8349 63.243 51.0783 50.1532 55.1092 46.1716 45.5522 45.0799 41.9466 50.2468 39.8774 37.641 36.9845 36.8124 36.3539 35.3993 32.8948 32.3099 31.2135 45.9798
threshold=17.500000000000004 62.500000000000007 113.50000000000001 696.50000000000011 23.500000000000004 0.12880402771155305 190.50000000000003 1.5000000000000002 1.3095643041062475 -0.53825388670841467 0.043513323983169712 1.9787498119452389 0.87851064846905857 412.50000000000006 0.58141014261198898 4.5626790833309974 13.500000000000002 5.5000000000000009 118.50000000000001 69.500000000000014 2974.5000000000005 10.500000000000002 2295.1865707221918 5752.0000000000009 536.12480309727368 5.5000000000000009 0.020695862689717251 30813.500000000004 -3565.5810768172428 414.78357679941467
decision_type=2 2 2 2 2 10 2 2 10 10 10 10 10 2 10 8 2 2 2 2 2 2 2 8 2 2 10 10 2 2
left_child=2 5 -1 4 6 15 7 12 22 20 17 26 28 -8 -15 -2 23 -7 19 -19 -10 -6 -4 -9 -12 -11 -5 -25 -3 -30
right_child=1 3 8 11 21 10 13 16 9 25 24 -13 -14 14 -16 -17 -18 18 -20 -21 -22 -23 -24 27 -26 -27 -28 -29 29 -31
leaf_value=-0.024275903448937451 -0.0035067651092761019 0.0069495996890235525 -0.0020504695545754837 -0.0089380576400347033 0.0092362099467389186 -0.0043962577132877299 -0.0036920098807267988 0.015313586202294234 -0.0067594113096086173 -0.016548694570146825 -0.0007489466213632844 0.0057283109027937264 -0.0047665441024987701 0.006615027870417978 -0.00058953294242749654 -0.010268348988884932 0.016828434737532108 -0.0012848080949023114 -0.0038834225810810627 0.0039830394430854996 0.01660015769172107 0.020493973768283335 0.024581775309593757 0.0050413199870918491 0.0076764462710022978 -0.007233800782646153 -6.6494367370257347e-05 0.024794969796864019 -0.0023804574473340338 0.0034624254764915687
leaf_weight=878.91156288655475 2392.8058377588168 1258.2403384586796 306.67039898829535 1245.4823772292584 1301.8794759996235 3064.8520281831734 2198.6001556627452 337.42869534343481 162.11673283483833 1405.9571218765341 721.55243756435812 503.42017512582242 936.06937563419342 1451.5247560329735 2776.0120015144348 1469.2901972229593 339.78329780325294 3756.9366664215922 2076.4124233797193 2870.5872662728652 103.60818621329963 339.46549252420664 50.286778882611543 7661.4609896829352 1266.9061987837777 512.41895140940323 538.09732577949762 70.611597280949354 1712.98190306779 4116.995025397744
leaf_count=188215 167648 24460 36110 69882 12137 170420 72255 5345 21592 226821 27961 8267 38241 39019 72947 110878 4096 168788 71245 74792 12175 2352 3990 143616 44944 57718 22807 1255 50835 94881
internal_value=6.10283e-06 0.00106837 -0.0137686 0.00286399 0.00346998 -0.00166169 0.00288241 0.00401773 -0.0100937 -0.0120685 -0.000417016 -0.00362156 0.00180289 -2.18095e-05 0.00188905 -0.00608908 0.00612884 -0.0012705 -0.000167965 0.000998144 0.00248703 0.0116197 0.00198912 0.00566817 0.00462491 -0.0140859 -0.00626922 0.00523762 0.00267319 0.00174508
internal_weight=47827.4 44407.4 3419.97 26788.1 24501.1 17619.3 22859.7 16433.6 2541.06 2184.1 13757.2 2287 8024.29 6426.14 4227.54 3862.1 8409.28 11768.8 8703.94 6627.52 265.725 1641.34 356.957 8069.5 1988.46 1918.38 1783.58 7732.07 7088.22 5829.98
internal_count=2045692 1499071 546621 662395 561439 836676 546950 362729 358406 318306 558150 100956 208417 184221 111966 278526 154312 485245 314825 243580 33767 14489 40100 150216 72905 284539 92689 144871 170176 145716
is_linear=0
shrinkage=0.03


Tree=72
num_leaves=31
num_cat=0
split_feature=55 4 120 120 120 4 114 111 95 101 120 54 17 84 72 55 108 59 97 120 120 116 62 94 120 59 55 72 59 64
split_gain=723.874 226.978 149.965 148.409 114.385 100.144 95.0678 68.4671 65.8337 55.2079 54.9284 50.2966 50.166 48.3504 47.2189 46.9859 43.4731 45.8315 42.993 41.6292 55.0046 38.499 38.4555 36.9537 36.8905 36.4374 33.0506 32.496 40.3772 32.4543
threshold=2.5000000000000004 1.0000000180025095e-35 3.3461538461538463 0.50000000000000011 25.34615384615385 31.500000000000004 1.4002341920374708 1.7809806100946188e-05 0.75614795404152402 0.0066239791262022339 18.88461538461539 1.5000000000000002 11.500000000000002 0.12335084787257077 1.5000000000000002 9.5000000000000018 0.0007025889317233483 6679.5493832844268 0.048279561935770314 10.346153846153848 5.6538461538461542 6.5106837606837615 52.500000000000007 5.2306627475679184 165.57692307692312 -1164.9124678190594 34.500000000000007 34.500000000000007 -590.65937323262028 66.500000000000014
decision_type=2 2 2 2 2 2 10 2 10 10 2 2 2 10 2 2 2 2 10 2 2 8 2 10 2 2 2 2 2 2
left_child=3 2 7 -1 5 8 13 -2 9 19 14 -5 -8 24 21 -9 17 -15 -10 20 23 25 -21 -3 29 -4 -12 -16 -29 -6
right_child=1 4 10 11 6 -7 12 15 18 -11 26 -13 -14 16 27 -17 -18 -19 -20 22 -22 -23 -24 -25 -26 -27 -28 28 -30 -31
leaf_value=-0.022454912647276851 -0.0031852420436019537 0.0042128883160130089 0.017433699924132247 -0.014808072502525162 -0.0063242239607515368 0.015495342087089839 0.0016094223903317662 -0.014756036487390935 -0.0025382976943439418 0.0087228465748032651 -0.018975921837456444 -0.005895520439454161 0.013100210968847713 0.0012103554705862475 0.0025644497902493871 -0.0050716523048151604 -0.008030102478483736 0.020571764712102467 0.0034830905510261478 0.00032015267475581126 0.0073504546939137305 -0.0062257799120793988 0.0077763423937192945 -0.0021538557700523323 -0.018570171568608518 -0.00024733077781541969 -0.0041385037840058151 -0.011223938296783397 0.030813282646635413 0.01835961648020594
leaf_weight=1037.141479792539 3222.1517340932041 3081.1594898509793 101.77898430544883 870.46759900590405 1705.8044091481715 649.00338598713279 1614.9195461506024 1014.1343294493854 2289.3905312516727 2327.3976626964286 161.12775387056172 1669.7661445126869 429.42966752126813 759.59343935083598 5230.2196969129145 822.49512256588787 381.32997904811054 123.82632119208574 1990.3108231695369 4041.9269723538309 4309.6956808278337 1018.8905311785638 730.98649447131902 1114.0478716655634 221.04172851052135 5956.2679623942822 750.28932018019259 25.242302434518933 70.784893499687314 44.59709164686501
leaf_count=229958 257347 96321 2282 114518 77668 3914 37143 109321 62448 40388 9528 172899 5086 34269 150229 48500 13936 5183 55159 97358 77862 49402 10729 38611 15808 193923 32391 580 1483 1673
internal_value=6.27565e-05 0.00111413 -0.00143423 -0.0129073 0.00292785 0.00394034 -0.00100935 -0.00582853 0.00355941 0.00446313 0.000236917 -0.00897269 0.00404921 -0.00420623 0.000760291 -0.0104446 0.000372786 0.00402469 0.000262796 0.00371346 0.00497143 -0.000845442 0.00146903 0.00252163 -0.00713735 6.38537e-05 -0.00685081 0.00289261 0.0197545 -0.00564482
internal_weight=47765.2 44187.8 18373.4 3577.38 25814.5 20533.9 5280.54 5058.78 19884.9 15605.2 13314.6 2540.23 2044.35 3236.19 12403.2 1836.63 1264.75 883.42 4279.7 13277.8 8504.9 7076.94 4772.91 4195.21 1971.44 6058.05 911.417 5326.25 96.0272 1750.4
internal_count=2045917 1528542 854986 517375 673556 482790 190766 415168 478876 361269 439818 287417 42229 148537 397899 157821 53388 39452 117607 320881 212794 245607 108087 134932 95149 196205 41919 152292 2063 79341
is_linear=0
shrinkage=0.03


Tree=73
num_leaves=31
num_cat=0
split_feature=55 29 77 78 78 0 118 111 78 57 95 94 57 77 6 9 67 109 93 67 93 9 56 78 9 53 93 85 67 30
split_gain=696.192 214.312 142.936 115.546 104.807 110.116 85.9472 83.8703 63.2324 62.0907 57.9241 55.8877 52.54 47.7677 44.5926 41.8819 41.1908 42.4388 42.5991 39.8153 37.8108 45.2394 36.6021 40.3883 39.9013 35.7787 34.0138 32.9816 32.6579 38.7903
threshold=2.5000000000000004 2.5000000000000004 5.5000000000000009 44.500000000000007 190.50000000000003 42.500000000000007 0.25637813024089423 1.7809806100946188e-05 216.50000000000003 -180.74999999999997 0.58141014261198898 5.8413454032050298 -237.39999999999995 30.500000000000004 2.5000000000000004 126.58709958424005 1.5000000000000002 0.0002150655729930655 4.4336591066424749 11.500000000000002 1.6960932397030075 -9.0452102293514347 421.50000000000006 601.50000000000011 -318.89585038617531 212.50000000000003 6.4925240426407429 0.72729949673412586 51.500000000000007 321.50000000000006
decision_type=2 2 2 2 2 2 10 2 2 2 10 8 2 2 2 2 2 2 10 2 10 2 2 2 2 2 10 10 2 2
left_child=2 3 -1 7 5 12 10 13 9 -5 22 -4 -3 -2 -9 -12 17 20 -19 -7 21 -14 -6 24 25 -24 27 -18 -25 -30
right_child=1 4 11 8 6 19 -8 14 -10 -11 15 -13 16 -15 -16 -17 26 18 -20 -21 -22 -23 23 28 -26 -27 -28 -29 29 -31
leaf_value=-0.024118850172198832 -0.00553883756408775 0.010583983570844816 -0.0070034183521583129 0.010951807638253451 -0.0016529150732454317 0.0060521318456897323 -0.0049994084784197434 -0.014813652561138322 -0.011281952634666133 -0.00030317750515884131 -0.0032850734854634731 -0.016657907685449821 0.0020253662293490404 0.0029886425534355809 -0.0032483574083499865 0.0023324468244898785 0.0051990152632806191 0.0069708979457870921 -0.008724652135765839 0.01312828417340434 0.0033130339249043991 -0.0050248082383086926 0.01458623064412955 -0.0042463041115068595 0.0072879149984527696 0.04406064749272344 -0.0073966115628462982 0.00075731739615097539 0.016390139188078068 -0.0020020476574712409
leaf_weight=792.1988641039934 2165.782170956023 641.40318932756782 1999.9073783713393 463.35442370269448 623.36230447795242 4437.2344753080979 2554.9178861202672 1152.9409195776097 438.70776425302029 7589.2528331456706 2547.5715304510668 742.72849528118968 1814.8430786677636 808.81795245502144 409.50525798648596 2240.3031578073278 4923.1403614049777 190.97743812855333 765.92564404103905 855.45070592686534 3532.1007453869097 1485.1085541918874 201.23326180316508 438.94062404986471 1113.5863480810076 43.808549517765641 246.4307902995497 2168.5686134854332 207.78827407211065 198.51306445803493
leaf_count=181923 187344 10788 232279 12222 19767 56720 105281 116381 22288 267324 79047 103239 50877 55219 25064 53621 120599 5991 25878 7508 119676 56925 2128 18002 25823 408 7595 62644 8397 5441
internal_value=-0.000114772 0.00090904 -0.0129171 -0.00232251 0.00225727 0.00346468 -0.000243645 -0.0061847 -0.00025646 0.000350839 0.00135418 -0.00964349 0.00220663 -0.00321902 -0.0118025 -0.000656878 0.00184804 0.000328069 -0.0055722 0.00720715 0.00115794 -0.00115029 0.00475502 0.00656713 0.00976136 0.0206314 0.00346008 0.00384228 0.00140558 0.00748888
internal_weight=47794.4 44259.6 3534.83 13028.4 31231.2 21061.2 10170 4537.05 8491.32 8052.61 7615.11 2742.64 15768.5 2974.6 1562.45 4787.87 15127.1 7788.96 956.903 5292.69 6832.05 3299.95 2827.23 2203.87 1358.63 245.042 7338.14 7091.71 845.242 406.301
internal_count=2046399 1528958 517441 685842 843116 525201 317915 384008 301834 279546 212634 335518 460973 242563 141445 132668 450185 259347 31869 64228 227478 107802 79966 60199 28359 2536 190838 183243 31840 13838
is_linear=0
shrinkage=0.03


Tree=74
num_leaves=31
num_cat=0
split_feature=78 114 51 88 118 78 67 29 103 93 92 93 6 19 93 78 112 78 59 115 122 108 67 80 109 56 54 93 122 106
split_gain=660.915 210.912 152.937 125.83 82.5865 64.542 77.2244 61.9563 57.3533 51.6573 68.2136 47.8947 47.6671 46.7503 43.8863 41.4932 39.521 38.5911 36.3675 33.0816 32.9206 38.46 45.8784 32.8561 55.5471 46.6521 34.8859 32.0261 31.4751 31.199
threshold=16.500000000000004 0.61941808440910784 389.50000000000006 5.3345238095238097 -0.079731104341846923 231.50000000000003 3.5000000000000004 3.5000000000000004 0.031754724525808874 1.7845237537127341 4.9797457807979537 5.2023681018274015 4.5000000000000009 4.5000000000000009 -1.4343540965882167 3.5000000000000004 0.07079649298411464 241.50000000000003 -899.62091529579118 5.8060410334346519 8717.5000000000018 0.0007583994650957373 33.500000000000007 747.08794159009824 9.1906187368343589e-05 82.500000000000014 68.500000000000014 -4.5599389143069589 797.00000000000011 0.10990338164251208
decision_type=2 10 2 8 10 2 2 2 10 10 10 8 2 2 10 2 10 2 2 10 8 2 2 2 2 2 2 10 10 10
left_child=3 2 11 7 8 6 16 -1 13 14 20 -2 -9 29 17 -5 -4 18 -6 28 21 22 -11 26 -25 -26 -18 -8 -10 -3
right_child=1 4 5 15 9 -7 27 12 19 10 -12 -13 -14 -15 -16 -17 23 -19 -20 -21 -22 -23 -24 24 25 -27 -28 -29 -30 -31
leaf_value=-0.011195795133756837 -0.0047968057601316498 0.005544249310422516 -0.0055146280455935226 -0.027308141878951159 0.015131036415181572 -0.0045814726954203017 0.023526689432964147 -0.0037644322725496138 0.0008648245584385977 0.018532461732683598 -8.1816333627070754e-06 -0.0123207009236683 0.019987770029276038 0.016751834307756366 -0.0052551510930413346 -0.016303623037474693 -0.0023285498222958378 -0.0045707523700750244 0.0018005260592415474 0.0079267075220123412 0.0054783766246896889 0.0010746530841472966 0.066211706042945712 0.0037924965543541466 -0.0067818820061582739 0.0022894854693886694 0.01742961189747514 0.0039224621418746533 0.0065701245207477723 0.049900014916172609
leaf_weight=1260.3533611916937 2682.9088319013827 5744.5948792756535 1355.0130623844452 496.54023859347217 233.86824440024793 2655.3749415632337 71.907063467428088 280.72380112484097 5787.3225720985793 106.37827568221837 3954.4243363235146 1065.7427736842074 98.728361069224775 360.41662547830492 1998.4605900277384 920.19109977665357 4403.5576143600047 621.17012810707092 812.28634554054588 868.93623674008995 1769.5214687502012 75.437544663436711 19.126310848630965 3472.3329293867573 1061.0008630463853 974.99208447895944 76.972451457753778 3473.7695164768957 1019.768998276908 9.3891918379813415
leaf_count=199377 194648 125635 74960 126051 3731 120559 1960 29687 134207 2567 101972 86286 5348 4336 66539 160581 178281 26493 23340 6832 39657 1507 494 133131 51031 25979 1828 95695 23137 269
internal_value=-0.000217541 0.000706461 -0.00145335 -0.013702 0.00267333 -0.00027741 0.000491449 -0.00800637 0.0041598 0.000534868 0.002266 -0.00694941 0.00259515 0.00632686 -0.00226237 -0.020243 -0.000716794 0.00132977 0.00483836 0.00243062 0.0068184 0.0181993 0.0280569 -6.3523e-05 0.00148766 -0.00244284 -0.00197007 0.00435261 0.00172373 0.00565989
internal_weight=47731.2 44674.7 21293.6 3056.54 23381.1 17544.9 14889.5 1639.81 13790.4 9590.67 5924.89 3748.65 379.452 6114.4 3665.79 1416.73 11343.9 1667.32 1046.15 7676.03 1970.46 200.942 125.505 9988.86 5508.33 2035.99 4480.53 3545.68 6807.09 5753.98
internal_count=2046118 1525074 964358 521044 560716 683424 562865 234412 294416 266300 146197 280934 35035 130240 120103 286632 465210 53564 27071 164176 44225 4568 3061 390250 210141 77010 180109 97655 157344 125904
is_linear=0
shrinkage=0.03


Tree=75
num_leaves=31
num_cat=0
split_feature=85 50 112 108 77 78 95 115 80 85 113 114 114 80 104 100 60 78 108 6 3 78 100 109 9 37 60 114 78 62
split_gain=636.453 246.846 113.823 95.0012 93.5056 91.3637 69.4116 62.5832 57.7156 68.1107 56.3242 53.3279 49.3073 42.0776 47.0716 48.8727 42.1344 49.5741 49.1983 40.6458 40.1111 38.5453 37.1366 35.5495 34.6076 37.1995 34.6485 33.2163 32.7395 31.6274
threshold=0.9604138471401098 84.500000000000014 1.0517326642667542 0.00014120071685750959 6.5000000000000009 14.500000000000002 0.58338794233289659 1.2544210094997792 414.78357679941467 0.78495746065952832 0.27544255476904905 2.1705219454329781 5.7838468720821679 747.08794159009824 0.037005913476501721 0.020018214936247728 -5072.4507946398999 569.50000000000011 2.839931260055336e-05 3022.5000000000005 8.5000000000000018 31.500000000000004 0.0097126685271805378 3.5009723835457111e-05 -88.668035872970066 15.500000000000002 -14314.268626125586 0.74317900470413478 43.500000000000007 251.50000000000003
decision_type=8 2 10 2 2 2 10 10 2 10 10 10 8 2 10 10 2 2 2 2 2 2 10 2 2 2 2 10 2 2
left_child=1 5 3 10 -2 -1 20 -5 12 22 -3 28 -8 16 15 21 17 24 -18 -14 -4 -15 -10 -6 25 26 -12 -17 -7 -19
right_child=4 2 6 7 23 11 8 -9 9 -11 13 -13 19 14 -16 27 18 29 -20 -21 -22 -23 -24 -25 -26 -27 -28 -29 -30 -31
leaf_value=-0.012909619890605312 -0.024383342155035518 -0.0064173024560758626 0.0044494069317443609 -0.0064666692979518043 -0.0081446621974330374 -0.0072889582402481399 -0.002342157424423372 0.00010563890068628156 0.0036601203126813754 -0.0013555496183814506 0.024838660894269188 0.0021338785059665747 0.0047253093256473932 -0.0056798798489889587 0.0099444235932834666 0.0054381199179881273 -0.00021795826096711373 -0.011242042534159507 -0.0085678510354803179 0.033125515129300169 0.009798729800233023 0.0024398385368105671 0.0089125814863455256 -0.017676827347012924 0.0024763280061543256 0.00087024178230670456 0.0035642982083388649 0.01957234547277371 -0.0022005016391279065 0.025514746697548208
leaf_weight=982.34368674410507 707.50458412547596 789.69464292610064 4254.8580487547442 2726.9316922200378 1102.4939736942761 2155.6840669503435 3263.9376687416807 2494.3778859097511 4576.3500381917693 1955.8760049766861 198.45483499858528 1371.1434640055522 502.00838413694873 585.73289118986577 875.87373503111303 473.74475125828758 3390.3610224586446 285.66242240276188 776.54703050781973 45.21023403480649 1800.2908858335577 4825.3528192015365 1650.6019701547921 526.38197958888486 2452.7984486827627 196.92061333730817 107.04106705728918 217.97988548642024 2417.6401008041576 18.034231354482472
leaf_count=166047 162126 47459 100375 123940 119994 193522 83544 61551 89010 64221 5581 61262 7159 58430 26166 17191 144440 17837 24771 225 29762 150784 25070 59538 78067 4547 2978 5729 113724 1144
internal_value=-3.16442e-05 0.000755039 0.00169396 0.000159349 -0.0152844 -0.00445625 0.00342924 -0.00332978 0.00210589 0.00352547 0.00135905 -0.00304962 -0.000942665 0.00178745 0.00345913 0.00252099 0.000215155 0.00276815 -0.00178245 0.00735037 0.00604662 0.00155647 0.00505844 -0.0112697 0.00395746 0.0110927 0.0175619 0.0100007 -0.00460434 -0.00868142
internal_weight=47727.8 45391.5 38464.6 20415.5 2336.38 6926.81 18049.1 5221.31 11994 8182.83 15194.2 5944.47 3811.16 14404.5 6978.68 6102.81 7425.82 3258.91 4166.91 547.219 6055.15 5411.09 6226.95 1628.88 2955.21 502.417 305.496 691.725 4573.32 303.697
internal_count=2046194 1704536 1169981 770615 341658 534555 399366 185491 269229 178301 585124 368508 90928 537665 258300 232134 279365 110154 169211 7384 130137 209214 114080 179532 91173 13106 8559 22920 307246 18981
is_linear=0
shrinkage=0.03


Tree=76
num_leaves=31
num_cat=0
split_feature=54 56 114 78 59 78 78 4 78 59 53 78 99 6 69 72 28 6 78 113 110 71 94 19 45 80 50 122 46 79
split_gain=608.744 209.523 181.328 109.835 84.6336 75.3205 72.0929 97.5782 58.9836 59.0945 57.6455 56.419 56.1891 47.3661 43.4351 41.5595 38.7915 36.9872 36.2236 35.4289 38.8256 63.9619 36.9461 33.9141 32.9643 31.6022 33.1491 31.5707 29.159 28.8877
threshold=2.5000000000000004 2.5000000000000004 0.55333993072736287 34.500000000000007 -24.952440697458691 146.50000000000003 1192.5000000000002 16.500000000000004 253.50000000000003 -1164.9124678190594 27.500000000000004 17.500000000000004 0.019503638881285527 20.500000000000004 8.5000000000000018 2.5000000000000004 4.5000000000000009 1507.0000000000002 4.5000000000000009 0.2683052681920009 4.7492777901906795e-05 48.500000000000007 -2.9843084677684462 20.500000000000004 5.5000000000000009 -726.20521928339235 101.50000000000001 797.00000000000011 3.5000000000000004 538.35000000000014
decision_type=2 2 10 2 2 2 2 2 2 2 2 2 10 2 2 2 2 2 2 10 2 2 10 2 2 2 2 10 2 2
left_child=1 18 3 4 25 10 7 8 9 24 15 -3 -8 -11 -10 -5 -6 27 -1 -7 21 -21 -23 -14 -4 29 -27 -9 -15 -2
right_child=2 11 6 5 16 19 12 17 14 13 -12 -13 23 28 -16 -17 -18 -19 -20 20 -22 22 -24 -25 -26 26 -28 -29 -30 -31
leaf_value=-0.026851862662366836 0.030646585797251841 -0.013702972433529137 0.016426876144322405 -0.0011543297356029923 -0.010160465152478431 -0.014375434936968357 -0.010920028536069243 0.0056075322527494561 -0.0027800868591688127 0.0013729949988399632 0.0048799993944057965 -0.00462123062771527 -0.00036489342465007219 0.0070421420502964254 0.0071854582918366283 0.0039503424482717139 -0.0016320971466142582 0.020617016914300155 -0.01606756609166406 -0.0012591063111617217 -0.0052935874329307041 0.039958333399540732 0.0088767393584646432 0.022407191719114723 0.00053361128009064818 -0.0059025852837180986 0.0086520504057964343 0.013313930890032119 0.003064787187104707 0.0047643338342322856
leaf_weight=519.31113111041486 57.893839578609914 770.0297615355812 449.35504058282822 6217.1365917623043 2153.0224035235588 238.55661234539002 587.69889835454524 2119.7426180308685 2674.7212556470186 8920.6078988576774 3017.5144266886637 3049.470538596157 374.89474225975573 2800.8181464369409 456.51844646316022 1860.8583680409938 620.07991343317553 201.14161065593362 689.84280498325825 1852.8512497078627 2273.3340174769983 43.342712968587875 134.93910015653819 64.788139822892845 158.86165644414723 356.10101986071095 225.88675988116302 620.10567063186318 4095.1853365683928 107.395675257314
leaf_count=138524 4727 131613 6462 249237 242636 14889 31976 23872 87933 270054 75932 188387 13279 49141 12564 56687 51151 1128 104824 71250 83038 1857 6018 846 1527 36051 17550 8290 55836 8325
internal_value=-6.1775e-05 -0.00992893 0.00110173 -0.00106483 -0.00584831 1.34959e-05 0.00286609 0.00322124 0.00245372 0.00317295 0.00134573 -0.00646767 -0.00488884 0.00281766 -0.00131802 2.3306e-05 -0.00825985 0.00831205 -0.0207907 -0.00323814 -0.00260494 0.000409927 0.017317 0.00320483 0.0123139 0.00309618 -0.000227919 0.00737279 0.00468413 0.0144634
internal_weight=47712 5028.65 42683.4 19158.9 3520.38 15638.5 23524.4 22497.1 19556.1 16424.8 11095.5 3819.5 1027.38 15816.6 3131.24 8077.99 2773.1 2940.99 1209.15 4543.02 4304.47 2031.13 178.282 439.683 608.217 747.277 581.988 2739.85 6896 165.29
internal_count=2045604 563348 1482256 919348 360440 558908 562908 516807 483517 383020 381856 320000 46101 375031 100497 305924 293787 33290 243348 177052 162163 79125 7875 14125 7989 66653 53601 32162 104977 13052
is_linear=0
shrinkage=0.03


Tree=77
num_leaves=31
num_cat=0
split_feature=86 120 120 120 67 26 114 113 95 109 1 54 72 51 72 76 109 109 68 70 59 120 56 37 50 69 93 54 62 59
split_gain=612.034 183.53 135.196 111.856 117.065 103.666 79.566 64.5458 72.9687 60.74 53.562 52.8118 51.9771 48.5926 46.6836 43.1717 39.5223 42.0457 38.2275 37.252 43.381 39.9842 36.6173 41.7985 37.6318 36.3855 35.6905 45.5315 35.1436 34.2984
threshold=1.0000000180025095e-35 3.2692307692307696 0.3461538461538462 13.884615384615387 1.5000000000000002 92.500000000000014 4.1616993464052294 0.44091357269141851 0.56255718954248379 2.8635061545733743e-05 231.50000000000003 7.5000000000000009 2.5000000000000004 103.50000000000001 6.5000000000000009 97880.000000000015 9.4053835371841622e-05 8.9977653294257225e-06 7.5000000000000009 7.5000000000000009 -520.78192038056102 8.4230769230769251 264.50000000000006 13.500000000000002 157.50000000000003 1.5000000000000002 -5.1908588021496067 14.500000000000002 218.50000000000003 414.67779449982822
decision_type=10 2 2 2 2 2 8 10 10 2 2 2 2 2 2 2 2 2 2 2 2 2 2 2 2 2 10 2 2 2
left_child=2 5 -1 4 12 -2 7 -5 -9 13 14 29 19 -4 26 18 17 -13 28 20 21 22 -3 24 -24 -8 27 -6 -10 -7
right_child=1 3 9 6 10 11 25 8 15 -11 -12 16 -14 -15 -16 -17 -18 -19 -20 -21 -22 -23 23 -25 -26 -27 -28 -29 -30 -31
leaf_value=-0.025407713034253876 -0.0086181266536649904 0.0067575929158020459 -0.016489007657740577 -0.009627358670496914 -0.0088451284773301431 -0.0018198288224108297 0.0019643537460619443 0.0032198588041529998 -0.003413548668631655 -0.016230960741359574 0.0082190472910349099 -0.005181886456163084 0.0039807751336390137 -0.004281554622690544 0.0098171139209475809 -0.0095001381763642687 -0.0033597034105984727 0.0058379837785575801 0.0022195943342714478 -0.0064761278521442795 -0.00011893415574807897 -0.0010489801757828639 -0.0024938419274793447 0.0022576737958102809 0.047984567356034437 0.014250832366874596 0.0027646736593910956 0.048152988387098396 0.016856715497715506 -0.0094612548099941504
leaf_weight=581.46034805476665 2259.8667114451528 187.49751021061093 357.13059720466845 773.25013316608965 17.861050825566053 1610.0416910089552 435.65655328892171 3026.2036048937589 4318.8569125542417 841.42150934669189 3599.8468405026942 374.81219965964556 3899.2606216948479 1583.7678067374509 1016.0743296789005 683.48646617494524 989.05700078234076 1749.7484412346967 1715.7695607412606 760.6911751460284 8195.5029964065179 223.98483778350055 15.596143718808888 40.929954465478659 69.495823198929429 430.76912092603743 7033.3476404473186 29.142878018319607 73.491443889215589 784.45452533988282
leaf_count=155539 250097 4190 52017 45587 528 130229 5109 94023 130668 100447 42241 23945 90634 159204 19998 33442 47590 83747 47496 16545 262735 4865 384 407 1317 3187 173170 620 1933 64076
internal_value=3.41955e-05 0.000971193 -0.012293 0.00186131 0.0029827 -0.0032151 -0.000594519 -0.0013109 -0.000651326 -0.00951158 0.00517491 -0.000992546 0.00106699 -0.00656436 0.00381718 -0.00237735 0.00158285 0.00388627 -0.0015732 -0.000131221 0.000424843 0.00864067 0.015471 0.0276822 0.0391077 0.00811966 0.00294983 0.0277262 -0.00305561 -0.00433771
internal_weight=47678.5 44314.7 3363.78 36546.7 25089.2 7767.98 11457.5 10591.1 9817.81 2782.32 11696.3 5508.11 13393 1940.9 8096.43 6791.6 3113.62 2124.56 6108.12 9493.7 8733.01 537.504 313.519 126.022 85.092 866.426 7080.35 47.0039 4392.35 2394.5
internal_count=2045970 1578763 467207 979079 617634 599684 361445 353149 307562 311668 236557 349587 381077 211221 194316 213539 155282 107692 180097 290443 273898 11163 6298 2108 1701 8296 174318 1148 132601 194305
is_linear=0
shrinkage=0.03


Tree=78
num_leaves=31
num_cat=0
split_feature=56 118 4 77 78 78 54 112 108 60 67 77 78 34 76 109 63 78 93 78 78 122 46 3 122 5 116 104 77 80
split_gain=556.072 185.639 138.42 126.675 86.2885 74.6713 71.8448 68.6695 52.6963 60.0641 70.4946 52.1008 58.1612 50.4082 48.4553 48.3083 47.0165 43.8114 56.2856 41.2966 40.0789 40.0175 39.6151 39.0771 36.4021 36.0022 34.6931 34.5922 34.4464 34.1505
threshold=8.5000000000000018 0.6783324457840304 1.0000000180025095e-35 6.5000000000000009 132.50000000000003 34.500000000000007 42.500000000000007 1.2383562193848874 0.00057530256645853598 7257.7974424590475 37.500000000000007 34.500000000000007 150.50000000000003 -55.700225465360155 3290.5000000000005 3.5009723835457111e-05 14.500000000000002 584.50000000000011 -2.1009543349729416 146.50000000000003 67.500000000000014 4519.5000000000009 38.500000000000007 9.5000000000000018 4343.5000000000009 1.0000000180025095e-35 -0.01625248956686853 0.054071540484583971 4.5000000000000009 -1146.5963737877416
decision_type=2 8 2 2 2 2 2 10 2 2 2 2 2 2 2 2 2 2 10 2 2 8 2 2 10 2 10 10 2 2
left_child=3 2 5 -1 6 15 16 8 9 17 27 29 13 -13 -5 28 -4 18 -6 20 -7 24 -12 -9 -8 -17 -25 -11 -2 -3
right_child=1 11 4 14 7 19 21 23 -10 10 22 12 -14 -15 -16 25 -18 -19 -20 -21 -22 -23 -24 26 -26 -27 -28 -29 -30 -31
leaf_value=-0.022962478559286435 -0.018366471561439501 0.0048016761922008494 0.0022789748122442129 -0.011376684024949374 0.0061419139564663234 -0.0010025455910752511 0.017248393994857666 0.001136396278549707 -0.0067170209950825404 0.00157045741734666 0.030023507011251931 0.011203561413291728 -0.0061675563999182637 -0.00076794629481478362 -0.0012787556646533715 -0.01455581366485958 0.0070779857153991793 -0.009191971402962516 -0.0036086769393976407 -0.0034728482117934232 0.0029941124604367119 0.0084623203555034294 -0.0029758734978683537 0.009397548603609961 0.059050544535749871 -0.00093335355083651176 0.0025130340788773837 0.018559603023508064 -0.0012500899603284999 -0.0081469783127427389
leaf_weight=769.11292162886821 108.17001483519562 196.53232522821054 6353.2478496104013 1735.3701916728169 793.18186440505087 4071.7613182198256 127.24702623207122 2635.5377736324444 1145.9561528619379 1663.4194243373349 134.35689608473331 344.59956391761079 1833.1147887967527 3344.3231620397419 568.84058137680404 651.54702027630992 2584.8327931491658 637.61959092132747 1597.705854495056 2073.307031551376 5059.6916405260563 2307.2355678989552 41.687753446400166 1457.4055481553078 19.133306656032801 238.84312451444566 1207.6766914585605 110.46127204038203 1646.6562954173423 2221.7568005553912
leaf_count=192023 14500 8421 196018 233283 21891 167228 1603 46846 38583 51174 5021 8537 77727 124929 53270 72525 36709 37449 50005 72347 131506 31023 1710 17770 186 17512 21218 2897 151125 161999
internal_value=-0.000112579 0.00073838 0.00163904 -0.0124448 0.00307489 -0.000726667 0.00492196 0.00123186 -0.000931753 0.000405327 0.00450562 -0.00341907 -0.00180784 0.000364019 -0.00889197 -0.0052552 0.00367 -0.00223775 -0.000367832 0.000344296 0.00121241 0.0094659 0.0223428 0.00373024 0.0244823 -0.0109273 0.00628839 0.00267758 -0.00235435 -0.00708692
internal_weight=47680.3 44607 36666.7 3073.32 22816.7 13850 11391.7 11425 6124.39 4978.43 1949.93 7940.33 5522.04 3688.92 2304.21 2645.22 8938.08 3028.51 2390.89 11204.8 9131.45 2453.62 176.045 5300.62 146.38 890.39 2665.08 1773.88 1754.83 2418.29
internal_count=2047035 1568459 1186846 478576 560103 626743 265539 294564 208730 170147 60802 381613 211193 133466 286553 255662 232727 109345 71896 371081 298734 32812 6731 85834 1789 90037 38988 54071 165625 170420
is_linear=0
shrinkage=0.03


Tree=79
num_leaves=31
num_cat=0
split_feature=55 4 78 78 78 78 17 78 17 111 78 55 69 59 80 93 9 104 78 78 78 80 75 54 62 18 121 5 69 108
split_gain=554.079 157.994 124.619 91.8721 84.6476 64.2629 62.8653 74.1714 61.2264 60.089 59.4112 43.6938 42.9354 42.3745 60.0764 65.4423 55.5163 41.9234 41.2166 52.262 39.8307 43.0723 39.6758 38.6494 38.1869 37.8141 35.3262 34.834 34.5208 32.5364
threshold=2.5000000000000004 1.0000000180025095e-35 4.5000000000000009 43.500000000000007 231.50000000000003 168.50000000000003 6.5000000000000009 3764.0000000000005 1.5000000000000002 1.748187138013124e-05 1135.5000000000002 12.500000000000002 10.500000000000002 -975.33688922915769 345.13293107906588 4.2014024380485759 -6.7375502188696883 0.038427976909652307 70.500000000000014 94.500000000000014 108.50000000000001 -865.6595690870746 446.50000000000006 2.5000000000000004 16.500000000000004 1.0000000180025095e-35 3.5000000000000004 1.5000000000000002 434.00000000000006 0.0014488248140914369
decision_type=2 2 2 2 2 2 2 2 2 2 2 2 2 2 2 10 2 10 2 2 2 2 2 2 2 2 2 2 2 2
left_child=2 3 -1 9 8 18 10 -8 13 -2 12 -11 26 -3 16 22 20 -17 -5 27 21 -15 -16 -4 -7 -10 -6 -20 -9 -14
right_child=1 4 23 5 6 24 7 28 25 11 -12 -13 29 14 15 17 -18 -19 19 -21 -22 -23 -24 -25 -26 -27 -28 -29 -30 -31
leaf_value=-0.022971275615175476 -0.002281400055431637 0.0090225153857834191 -0.012673809001707536 -0.0013709282396154408 -0.0023152017908903764 -0.011232140803768656 0.0098444329319402803 -0.011067285927951838 0.0056062619970521296 -0.01240792286707053 -0.0097625329575941038 -0.0022570638305145548 0.0090295649452428375 0.0089081095177581428 0.012972333042956575 0.0010848296398936379 -0.0059573673129673212 0.0087278197947564858 0.0029729770780742857 8.9458668947303214e-05 -0.0027587135961969181 -4.403888655337558e-05 0.0052235089416256004 -0.0053162473598377096 -0.0022281756463436932 0.013852665548320046 0.0061777830112236132 0.0097981764267134255 0.029217258917761398 -0.0069275639574794901
leaf_weight=708.53148191841319 3144.4826973599847 903.28419265337288 1216.0993855006527 4365.6840967042372 4492.0546819027513 593.68455224297941 951.00087987538427 244.75986206438392 2176.3127232757397 1204.3408956534695 688.66419888660312 561.39275097474456 625.46758862398565 911.41754374559969 762.29959859605879 6154.9001291571185 1242.0578798367642 716.95337026705965 1943.0551221733913 3957.0608636960387 1201.9437537649646 1024.3371082441881 2719.656345447991 1383.2716067421716 1464.368271398358 651.48405579477549 483.86165411025286 1030.4014076124877 15.966647938825188 136.76024721097201
leaf_count=187424 256513 13546 180634 164269 141994 27874 16550 11577 34852 128742 41183 29827 16841 20331 21654 158141 44082 14548 62613 110427 27628 30243 56668 149360 54112 5595 15495 20843 252 2784
internal_value=-1.17764e-05 0.000871834 -0.0118467 -0.00126815 0.00236914 2.25009e-05 -0.000286899 0.00596659 0.00346769 -0.00477477 -0.00146967 -0.00919607 -0.000466767 0.00273138 0.00234276 0.0035882 -0.000602218 0.001888 0.000911329 0.00234892 0.00152372 0.00418302 0.00693612 -0.00877616 -0.00484647 0.00752721 -0.00148397 0.00535061 -0.00809696 0.00614002
internal_weight=47675.6 44367.7 3307.9 18264.5 26103.2 13354.3 7638.54 1211.73 18464.6 4910.22 6426.81 1765.73 5738.14 15636.8 14733.6 10353.8 4379.76 6871.85 11296.2 6930.52 3137.7 1935.75 3481.96 2599.37 2058.05 2827.8 4975.92 2973.46 260.727 762.228
internal_count=2046602 1529184 517418 855220 673964 440138 246676 28379 427288 415082 218297 158569 177114 386841 373295 251011 122284 172689 358152 193883 78202 50574 78322 329994 81986 40447 157489 83456 11829 19625
is_linear=0
shrinkage=0.03


Tree=80
num_leaves=31
num_cat=0
split_feature=78 88 118 51 85 92 123 91 92 83 69 118 95 122 122 78 4 109 78 18 76 69 106 10 76 119 104 67 109 93
split_gain=531.107 193.322 124.899 114.442 67.327 67.1183 201.513 104.955 100.708 64.7259 88.7829 51.4841 54.1687 47.955 47.0808 44.6224 43.2653 46.2821 43.0758 45.4742 42.9292 41.704 40.3133 40.3072 37.2405 36.8579 33.8352 36.5379 33.0477 31.8034
threshold=15.500000000000002 3.5402380952380956 0.6783324457840304 113.50000000000001 0.93146332096961537 1.442869467780904 1.0000000180025095e-35 1.1438084681144087 -1.5598906952503182 0.12001021450459655 8.5000000000000018 -0.3703791940065449 0.63163105784262641 8532.5000000000018 8717.5000000000018 673.50000000000011 1.0000000180025095e-35 2.2290147287020296e-05 1479.5000000000002 2.5000000000000004 168779.50000000003 20.500000000000004 0.18465909090909094 -33956.170151321108 2733.5000000000005 0.25012077294685997 0.033320116309807038 15.500000000000002 0.0011752385046741832 -2.5105065267505187
decision_type=2 8 10 2 8 10 2 10 10 10 2 10 10 10 8 2 2 2 2 2 2 2 10 2 2 8 10 2 2 10
left_child=3 2 5 -1 -3 8 7 18 9 10 29 13 14 -8 -13 21 17 -5 19 26 -10 22 24 -17 -11 -12 27 -7 -9 -2
right_child=1 4 -4 16 -6 6 11 28 20 15 25 12 -14 -15 -16 23 -18 -19 -20 -21 -22 -23 -24 -25 -26 -27 -28 -29 -30 -31
leaf_value=-0.023434468602220666 0.0087560589567176744 -0.0026687133350100424 -0.0023935242304030601 -0.0067847407375416823 -0.011292704429054808 0.0018095197507660126 0.012795806660653466 -0.0001878184072818293 -0.0024025797509345283 -0.0053290701473911357 0.010840268064055142 0.032665053620267392 0.0034609192958141976 0.034583650465357774 0.010250005478441673 0.0063089925921499907 -0.00046387027419655794 -0.017263601124341398 -0.0091961655210682138 0.012060241985145728 -0.021629115456918101 0.019213627571532877 0.051881975142977758 -0.010896486420347006 0.0022025181215138676 0.032667515952545648 0.0074707964839315702 0.0091848403456743707 -0.0069456189121399519 0.0021832144720689106
leaf_weight=703.64783480227925 990.7963746599853 6202.4141249847598 5996.3027209239081 847.11788269132376 934.11274210689589 5067.7630669698119 1129.0955416173674 5880.6001021917909 4593.3037658077665 703.27846594527364 150.05356498621404 88.419897800777107 1517.6210132348351 96.506290152203292 1045.9193598418497 158.20103045925498 397.68633188563399 698.67104176268913 208.48090704344213 649.47594902850688 102.06382960174233 112.90122909005731 9.0381864923983795 499.40816988516599 3562.0739033930004 138.32888679392636 1735.7259711101651 682.18873183242977 727.44803205411881 1994.5584874334745
leaf_count=181977 26454 321142 249920 141461 83278 131017 29334 193645 153676 22393 4546 2054 39649 2148 26665 3085 44664 127678 8648 7299 7130 1579 214 24180 78692 2624 36987 12780 17673 63111
internal_value=-4.65409e-05 0.000722664 0.0015769 -0.0130925 -0.00380464 0.00232482 0.00346964 0.00188764 0.000667741 0.0026499 0.00593147 0.00955948 0.00718609 0.014645 0.0121329 0.000516659 -0.00929757 -0.0115614 0.00412349 0.00447028 -0.00284307 0.00161094 0.00112409 -0.00674099 0.000955912 0.0216885 0.00380414 0.00269177 -0.000936441 0.00437564
internal_weight=47623.2 44976.1 37839.6 2647.12 7136.53 31843.3 18829.2 14951.7 13014 8318.64 3273.74 3877.56 2651.96 1225.6 1134.34 5044.9 1943.48 1545.79 8343.63 8135.15 4695.37 4387.29 4274.39 657.609 4265.35 288.382 7485.68 5749.95 6608.05 2985.35
internal_count=2045703 1549923 1145503 495780 404420 895583 507899 408049 387684 226878 96735 99850 68368 31482 28719 130143 313803 269139 196731 188083 160806 102878 101299 27265 101085 7170 180784 143797 211318 89565
is_linear=0
shrinkage=0.03


Tree=81
num_leaves=31
num_cat=0
split_feature=78 0 78 118 88 78 79 114 29 122 78 44 92 93 59 95 93 93 43 51 78 60 108 3 60 56 76 68 78 28
split_gain=489.577 181.552 99.8104 96.876 95.212 64.5439 63.5501 49.6321 49.5178 48.2986 57.4475 47.3218 40.3981 39.0249 43.2654 38.5209 37.9825 37.1978 37.0413 36.0783 37.2736 34.1862 47.4296 33.0648 30.2696 32.8267 32.4322 30.211 30.005 29.4179
threshold=12.500000000000002 11.500000000000002 45.500000000000007 -0.079731104341846923 5.0009803921568636 216.50000000000003 3999.9500000000003 4.3398594377510049 7.5000000000000009 797.00000000000011 386.50000000000006 7.5000000000000009 5.9893012827781344 1.494421348964591 -234.81102760854836 0.63163105784262641 5.2023681018274015 4.3643486808857022 1.5000000000000002 4217.5000000000009 518.50000000000011 16043.128007352554 0.00057530256645853598 9.5000000000000018 3158.3996841578514 67.500000000000014 8018.5000000000009 5.5000000000000009 3.5000000000000004 7.5000000000000009
decision_type=2 2 2 10 8 2 2 8 2 10 2 2 8 10 2 8 8 10 2 2 2 2 2 2 2 2 2 2 2 2
left_child=4 2 16 7 8 12 15 9 -1 10 11 18 13 14 -4 19 -2 -15 -3 -5 -21 -11 -23 -9 -17 -26 -27 -18 -6 -13
right_child=1 3 5 6 28 -7 -8 23 -10 21 -12 29 -14 17 -16 24 27 -19 -20 20 -22 22 -24 -25 25 26 -28 -29 -30 -31
leaf_value=-0.00972161479930524 -0.0035120945350559795 0.0015611473828156957 0.0021426756800293255 0.0016986027663260211 -0.026916610429629676 -0.0093217341029026152 -0.003822522041808009 0.0049772212441030342 0.014055533048397545 0.0046603932849954149 -0.0031548091428494191 0.04361915841056347 -0.0048647117058700506 0.0059072564720175132 -0.0038206315106957913 -0.0031923241360050339 -0.009498404465737657 0.00061578624185123587 0.0061161389112644564 0.011648543089721915 0.0001918824278821918 0.02161297532825034 0.00412335958853716 0.011988168613747725 -0.0053691727052402449 0.0056367057656181198 -0.0015082003866967667 0.016649527157173775 -0.016236388334414046 0.011725941551612801
leaf_weight=912.34036944131367 4089.6536704800092 7171.3670605733059 2056.1428918456659 3480.9023188594729 428.1374995696824 653.53778097033501 2888.6117188427597 1924.9619712149724 81.864696084987372 1587.7163313664496 1639.3916919631884 26.493115868419409 1175.9820129973814 2077.6815983578563 2331.6589791085571 2212.9681587438099 1636.0624086852185 2810.4372904729098 2067.9772825208493 762.0141119165346 383.55753945652395 289.82042473182082 270.47016546316445 888.38710459182039 518.12172912666574 1497.1646017376333 920.33807464130223 36.359928316902369 617.77471387898549 200.53236932400614
leaf_count=160060 345927 168730 62932 92896 126958 34111 98223 29917 6752 39607 56147 353 50092 69142 97185 73890 153020 94904 34077 16161 17634 7090 5476 5782 19975 27685 23831 2396 124015 1971
internal_value=-4.88845e-05 0.000595095 -0.00187512 0.0020454 -0.0144086 -0.000212265 8.30302e-05 0.00359159 -0.00770322 0.00282142 0.00202308 0.00292099 0.000361517 0.00102635 -0.00102694 0.00123852 -0.00507704 0.00286865 0.00258342 0.00322366 0.00783015 0.00693472 0.0132813 0.00720845 -0.000546714 0.00144967 0.00291916 -0.00888199 -0.0207155 0.0163075
internal_weight=47638.4 45598.3 16867.5 28730.8 2040.12 11105.4 12663.7 16067.1 994.205 13253.8 11105.8 9466.37 10451.9 9275.92 4387.8 9775.07 5762.08 4888.12 9239.34 4626.47 1145.57 2148.01 560.291 2813.35 5148.59 2935.62 2417.5 1672.42 1045.91 227.025
internal_count=2046939 1629154 909709 719445 417785 408366 370295 349150 166812 313451 261278 205131 374255 324163 160117 272072 501343 164046 202807 126691 33795 52173 12566 35699 145381 71491 51516 155416 250973 2324
is_linear=0
shrinkage=0.03


Tree=82
num_leaves=31
num_cat=0
split_feature=85 53 78 78 67 78 112 78 78 6 17 63 53 51 78 56 93 93 93 93 93 85 95 76 10 93 78 109 2 109
split_gain=488.911 192.663 124.504 102.817 91.3308 86.3065 74.1501 67.3856 72.375 63.5449 54.5339 48.7647 45.737 43.8938 43.256 50.3706 41.7171 40.8365 62.9184 40.619 37.759 37.3995 37.2384 36.3449 33.1611 32.9579 32.7125 33.3838 32.1098 32.0542
threshold=0.96304830175797929 11.500000000000002 34.500000000000007 132.50000000000003 7.5000000000000009 5.5000000000000009 1.1135624095666339 71.500000000000014 90.500000000000014 1.5000000000000002 11.500000000000002 43.500000000000007 27.500000000000004 3852.5000000000005 1135.5000000000002 421.50000000000006 -3.541510149000151 1.3879284525809552 4.7512530075127541 0.91017516477300686 2.5357257426262372 0.7586393491565907 0.58141014261198898 2488.5000000000005 -646.41611468019471 3.8215947037819507 619.50000000000011 8.1950430016464507e-05 50.500000000000007 2.9132039628069755e-05
decision_type=8 2 2 2 2 2 10 2 2 2 2 2 2 2 2 2 10 10 10 10 10 10 10 2 2 8 2 2 2 2
left_child=1 2 9 4 7 -2 14 16 12 13 19 -10 -9 29 15 -5 23 -4 -19 24 -21 -22 -17 -3 26 -7 27 -8 -6 -1
right_child=5 3 17 6 28 25 10 8 11 -11 -12 -13 -14 -15 -16 22 -18 18 -20 20 21 -23 -24 -25 -26 -27 -28 -29 -30 -31
leaf_value=-0.0068016174418871799 -0.024964385581679703 -0.0057504883157315952 -0.0028641546623825809 -0.0037588976275374727 0.007632756373574418 -0.0062829125627019578 0.00056481079908101447 0.005345520177662458 0.001835156374282932 -0.00056890711805376404 0.01070229374155404 0.016692875235028277 0.012959177709120142 0.028814335853027062 -0.0089682904706945739 0.004886841950643774 0.00030242172206178638 0.0045197921383632106 -0.0017426732666673617 0.01043776437596414 0.0038559579829368744 -0.0050809666041042971 -0.0010593974666662721 0.020343213183211629 -0.0060155984079633363 -0.014913295947268496 -0.0068443831359603687 0.011092284295791663 0.016994712900475398 -0.013245767175186695
leaf_weight=1908.54290403286 497.0351335525047 64.105383242480457 3649.0648055756465 3452.1578371636569 1362.9768057409674 805.61188830435276 1132.1514630112797 1770.1050157146528 4624.2546373959631 1146.175248448737 649.59639065060765 202.88556221500039 1195.6902904966846 22.876451675081626 682.05018272064626 1513.1758253527805 6976.450100109214 2706.3818618645892 3084.4730212306604 616.50669979676604 2379.1087251026183 507.40797272045165 2519.646278116852 166.78784266277216 858.5677772257477 807.62124432390556 368.26196541637182 351.70329318754375 439.27296557463706 1110.8889235442039
leaf_count=229751 147303 2292 137691 116742 24502 85695 18446 38993 94063 79404 8681 2536 22344 1990 44853 50437 292649 87544 113344 10264 40371 11740 83058 4841 25334 104543 12930 4801 3429 144956
internal_value=3.6715e-05 0.000692637 -0.00229162 0.00197043 0.00358261 -0.014062 0.000167561 0.00281388 0.0047467 -0.00659301 0.00246518 0.00247626 0.00843169 -0.0088579 -0.00176361 -0.00110155 0.000722188 -0.000380614 0.00118549 0.00159614 0.00372764 0.00227891 0.00117501 0.0131302 -0.00116018 -0.0106362 0.00110073 0.0030889 0.00995531 -0.00919048
internal_weight=47571.5 45461.3 13628.4 31832.9 16802.5 2110.27 15030.3 15000.3 7792.94 4188.48 6863.3 4827.14 2965.8 3042.31 8167.03 7484.98 7207.34 9439.92 5790.85 6213.71 3503.02 2886.52 4032.82 230.893 2710.68 1613.23 1852.12 1483.85 1802.25 3019.43
internal_count=2045527 1707986 794680 913306 485649 337541 427657 457718 157936 456101 132567 96599 61337 376697 295090 250237 299782 338579 200888 123886 62375 52111 133495 7133 61511 190238 36177 23247 27931 374707
is_linear=0
shrinkage=0.03


Tree=83
num_leaves=31
num_cat=0
split_feature=120 118 0 67 120 0 54 6 120 56 120 109 57 53 80 120 120 120 99 95 97 120 114 118 120 93 77 59 71 53
split_gain=456.076 151.638 123.072 83.2743 75.1331 72.3918 64.819 54.4126 51.178 50.6375 49.4919 46.1582 61.4067 56.4923 44.6387 43.6917 39.483 39.0458 36.4352 33.6801 32.7644 32.1812 32.1172 31.328 29.3342 35.1913 29.5782 28.5517 27.1606 29.0037
threshold=1.2692307692307694 0.44188324859858713 1.5000000000000002 1.5000000000000002 55.269230769230781 143.50000000000003 5.5000000000000009 5.5000000000000009 13.730769230769232 71.500000000000014 29.192307692307697 0.00024661083349499126 -100.14999999999998 11.500000000000002 -757.91492846552171 8.2692307692307718 0.3461538461538462 5.8846153846153859 0.022729006310242012 0.55557172422713763 0.14850446428571432 12.653846153846155 1.3888277043563388 1.381956775199592 2.884615384615385 1.6960932397030075 82.500000000000014 -78.196431873676588 87.500000000000014 62.500000000000007
decision_type=2 8 2 2 2 2 2 2 2 2 2 2 2 2 2 2 2 2 10 10 10 2 10 8 2 10 2 2 2 2
left_child=2 3 16 11 5 8 14 27 9 -5 23 13 -13 24 21 17 -1 -15 22 -10 -11 -3 -6 28 -2 -26 -27 -4 -8 -30
right_child=1 6 7 4 18 -7 10 -9 19 20 -12 12 -14 15 -16 -17 -18 -19 -20 -21 -22 -23 -24 -25 25 26 -28 -29 29 -31
leaf_value=-0.025783587741359804 -0.0047530946385111392 0.0036292196543994478 0.0052576896174764357 0.00016653819677818764 -0.0090957686929638796 0.0091512625967069706 0.00069318990447901868 0.007134329668971635 0.0042681411631674653 0.0046928943184207043 -0.0082290198883717743 0.012784400662005223 -0.0074587434353845733 0.0021078800402382198 -0.0085044128204757041 -0.00070568096754850397 -0.014507893906540045 0.0078016734249126704 0.0033969403560925138 -0.0011934721850782161 0.011391259897040091 -0.01830282779677422 0.00093026141591773226 -0.0034879062829842543 -0.0034236704889042545 0.0035260549822129714 -0.0061121946331780669 -0.0099336839045013493 0.054534490343489887 -0.004286411789445113
leaf_weight=467.60840034019202 1850.6546527477913 499.47002743138 119.89709783066064 2200.108021590393 813.22919272258878 1923.1332147512585 5556.8136439314112 232.73337848088704 1443.3883173139766 7136.3370880675502 780.12566637434065 147.16733713448048 1207.280933949165 3347.1655468717217 2055.6120342989452 2846.364219525829 768.89398700254969 1602.2507187686861 597.83422193862498 3400.7989456243813 722.64637097623199 63.387121639214456 442.04615232907236 2047.4665921297856 1754.8616745732725 2036.3139095408842 328.70324976649135 1171.4381855260581 12.337014859542252 12.16052950080484
leaf_count=143131 150560 26549 14500 88878 48053 19287 181699 21823 40055 129450 43074 2951 41215 124479 149902 70410 144656 32764 18081 93859 11941 3670 11626 87694 63698 73733 11294 196927 320 300
internal_value=-1.72748e-05 0.000712083 -0.0118409 0.00170867 0.00304813 0.00367953 -0.00234197 -0.00610413 0.00297062 0.0041901 -0.00105686 5.3496e-05 -0.0052203 0.000574084 -0.00645906 0.00225529 -0.0188587 0.00395712 -0.00267948 0.000436609 0.00531567 0.0010199 -0.00557541 -0.00031852 -0.00162114 -0.000210203 0.00217641 -0.00850837 0.000846229 0.0295587
internal_weight=47588.2 44827.7 2760.57 33800.3 18679.5 16826.4 11027.4 1524.07 14903.3 10059.1 8408.9 15120.8 1354.45 13766.3 2618.47 7795.78 1236.5 4949.42 1853.11 4844.19 7858.98 562.857 1255.28 7628.78 5970.53 4119.88 2365.02 1291.34 5581.31 24.4975
internal_count=2046579 1525542 521037 1032334 461230 383470 493208 233250 364183 230269 313087 571104 44166 526938 180121 227653 287787 157243 77760 133914 141391 30219 59679 270013 299285 148725 85027 211427 182319 620
is_linear=0
shrinkage=0.03


Tree=84
num_leaves=31
num_cat=0
split_feature=85 54 112 78 78 78 95 56 78 65 109 118 69 78 114 69 94 80 59 56 55 94 59 84 85 113 8 66 55 78
split_gain=440.878 169.948 89.7457 85.4691 75.5252 68.3255 62.498 58.624 63.728 57.2506 55.8552 45.1501 41.9552 48.5782 46.7425 38.755 37.2964 51.9199 37.0724 36.4645 34.0269 33.4316 39.0238 33.1049 32.7789 32.6179 32.1303 31.8903 31.728 31.4832
threshold=0.96304830175797929 5.5000000000000009 1.2155331336666684 6.5000000000000009 16.500000000000004 365.50000000000006 0.72085347612131201 64.500000000000014 94.500000000000014 125.50000000000001 5.9277429508628155e-05 1.3509288362950773 1.0000000180025095e-35 107.50000000000001 5.3965980560320199 5.5000000000000009 5.4291719743372964 439.12253549912265 -202.25669088955635 421.50000000000006 11.500000000000002 1.7086272311602453 -975.33688922915769 0.13916179299606893 0.73561310883149889 1.6151875166956102 -201.94999999999996 22.500000000000004 70.500000000000014 132.50000000000003
decision_type=8 2 10 2 2 2 10 2 2 2 2 10 2 2 10 2 10 2 2 2 2 10 2 10 10 10 2 2 2 2
left_child=1 4 5 -2 -1 7 11 10 15 19 -3 12 -4 -14 23 28 17 18 -6 29 -20 22 -21 -15 25 27 -7 -11 -9 -10
right_child=3 2 6 -5 16 26 -8 8 9 24 -12 -13 13 14 -16 -17 -18 -19 20 21 -22 -23 -24 -25 -26 -27 -28 -29 -30 -31
leaf_value=-0.010634327490494344 -0.023923880847449119 0.00044022923543459173 0.0031193590617336303 -0.0098707779795723389 0.001593197342148762 0.0014864270719434709 0.00013959257155600669 0.0035153586589174346 0.0011790394578576366 0.0092856119295393735 -0.0064240708932016589 -0.005523509863743341 0.011765227542734307 0.0015056510038235636 0.015505354041849601 0.0154132172080264 -0.0072453868918922696 0.0019497953074157017 -0.0032326881881377233 0.0047620696255718962 -0.011391000646774761 0.0062697225106618818 -0.0043345475549242734 0.0079375145952508483 -0.012474500959014064 0.0094137021982618405 -0.0057890254872181674 0.055314237413792051 0.023707337363466186 -0.0031571487009264001
leaf_weight=1113.5083551150747 524.30103449523449 2964.0434809287544 6035.9308997422922 1537.836876610294 778.43210725253448 723.69892549980432 4218.4172523804009 5309.2818362563848 2606.3109694067389 23.731417148374021 1661.3222377179191 392.27181367715821 1324.6988465478644 1992.7972598019987 338.9840221311897 266.74802934005857 1084.1749102291651 2542.6165817272849 1320.0142455524765 790.51993026491255 706.44425434991717 1319.1859147045761 904.89730326924473 1125.5670540472493 24.075021527707577 76.502679210156202 2201.7987327463925 36.104739344678819 66.152622101828456 3560.9700372368097
leaf_count=202873 159155 172190 130824 178478 27348 31207 99137 153339 57899 552 98063 14545 20738 38335 2084 6280 72224 135260 97781 19038 28480 29118 24889 15862 493 759 114436 847 1159 112667
internal_value=5.73467e-05 0.000672763 0.00149012 -0.013493 -0.00343806 0.000283028 0.00325255 0.000921323 0.00183256 0.000311551 -0.00202954 0.00442337 0.00478644 0.00688518 0.00500108 0.00434853 -0.00218489 -0.00115309 -0.0039643 -3.57603e-06 -0.0060978 0.00269791 -9.15492e-05 0.00383621 0.0178039 0.0234027 -0.00398979 0.0391829 0.00378565 -0.00132519
internal_weight=47571.3 45509.2 37964 2062.14 7545.19 22535.3 15428.7 19609.8 14984.5 9342.3 4625.37 11210.2 10818 4782.05 3457.35 5642.18 6431.68 5347.51 2804.89 9181.88 2026.46 3014.6 1695.42 3118.36 160.414 136.339 2925.5 59.8362 5375.43 6167.28
internal_count=2046060 1708427 1144461 337633 563966 822936 321525 677293 407040 246262 270253 222388 207843 77019 56281 160778 361093 288869 153609 243611 126261 73045 43927 54197 2651 2158 145643 1399 154498 170566
is_linear=0
shrinkage=0.03


Tree=85
num_leaves=31
num_cat=0
split_feature=56 54 78 112 77 92 78 53 113 95 78 59 93 108 97 88 108 90 71 56 78 17 93 110 59 53 57 1 72 65
split_gain=429.396 188.027 92.8178 83.9135 78.8188 68.3689 64.7178 67.6084 49.1058 47.7533 47.74 47.2566 62.4631 45.8042 43.6276 42.8864 42.1827 41.0047 40.7611 40.7229 48.7981 46.9373 37.1754 35.4661 40.7397 37.4313 35.2085 33.8277 32.387 31.4384
threshold=3.5000000000000004 7.5000000000000009 45.500000000000007 3.2505667945587731 7.5000000000000009 5.0813198707144771 144.50000000000003 33.500000000000007 0.28956812719133834 0.54171369450714835 166.50000000000003 528.30544553209552 2.579879498997224 0.00051043797463340304 0.065226366998168972 3.6863354037267091 0.00057530256645853598 1.6269436813186817 33.500000000000007 412.50000000000006 555.50000000000011 15.500000000000002 -2.6315318352522761 5.6019392933840386e-05 -774.43103044550878 189.50000000000003 -330.34999999999997 518.50000000000011 15.500000000000002 1.5000000000000002
decision_type=2 2 2 10 2 8 2 2 10 10 2 2 10 2 10 8 2 10 2 2 2 2 10 2 2 2 2 2 2 2
left_child=4 2 5 6 -1 -2 7 15 -8 19 28 23 13 18 -14 22 -16 -9 -13 -10 -21 -22 -3 24 -11 -26 -24 -19 -4 -30
right_child=1 3 10 -5 -6 -7 8 17 9 11 -12 12 14 -15 16 -17 -18 27 -20 20 21 -23 26 -25 25 -27 -28 -29 29 -31
leaf_value=-0.02318594184196977 -0.0037997710326773417 0.0070195665979945997 -5.0590032776762067e-05 0.0061530607228448553 -0.0098762014156873763 -0.011620776145424939 -0.012264750448839021 0.008921151138536235 -0.0015016583117701374 0.0042243889333293764 -0.010868000404405925 0.0032413944320136461 -0.0031450432675199287 -0.010229526940489297 0.0069307798877244753 -0.0025965302604980854 -0.0033801120351502384 0.0018552877604596238 0.016105704060771324 0.0088481174014973917 -0.004314150789933407 0.016820081354821992 0.013107818683174626 -0.0066809913159450972 -0.0049079453609025226 0.034533556694034531 0.0010744702773322437 0.011047887722229808 0.00067612756765575964 0.029332982408219702
leaf_weight=609.82568050338887 3437.8229117356241 1133.5429978580214 4975.7795332735404 3189.9393479921855 1192.9266575372312 1422.2766171386465 310.16268387623131 1745.9169955826364 1194.9983001258224 804.23117853887379 361.03109544049948 457.03405821043998 2968.9071563389152 115.41517439857125 954.19583243876696 2312.1318486398086 565.02415288519114 2593.1886494015343 431.34222529549152 1323.5506015662104 588.38210748694837 107.52425676397979 218.46967177186161 1960.0949840815738 1332.7715607527643 17.072622080333531 10689.138509150362 414.06262536393479 70.95576208177954 62.423619013279676
leaf_count=176666 319940 29371 186786 36007 169426 165134 18851 28036 36289 29368 17008 11142 84328 3096 25705 115986 12745 60181 11636 30500 27433 3251 3028 64666 46425 704 324715 5432 1434 1209
internal_value=-8.96139e-05 0.000476893 -0.0030835 0.00151537 -0.0144302 -0.00609813 0.00105558 0.00216968 -0.000565757 -0.000278056 -0.000401979 -0.00133722 0.0004842 0.00722988 -0.00103087 0.00114187 0.00309747 0.00526891 0.00954271 0.00288431 0.00547697 -0.000952014 0.0018605 -0.00376623 -0.00110462 -0.00428349 0.00132138 0.00313724 0.000347489 0.0146633
internal_weight=47560.1 45757.4 10330.3 35427.1 1802.75 4860.1 32237.2 19106.5 13130.7 12820.5 5470.19 9606.09 5491.92 1003.79 4488.13 14353.3 1519.22 4753.17 888.376 3214.46 2019.46 695.906 12041.2 4114.17 2154.08 1349.84 10907.6 3007.25 5109.16 133.379
internal_count=2046498 1700406 691511 1008895 346092 485074 972888 566749 406139 387288 206437 289815 148652 25874 122778 473100 38450 93649 22778 97473 61184 30684 357114 141163 76497 47129 327743 65613 189429 2643
is_linear=0
shrinkage=0.03


Tree=86
num_leaves=31
num_cat=0
split_feature=78 114 94 54 78 17 51 78 53 109 80 57 93 78 19 51 90 59 80 92 95 99 46 95 6 80 79 93 83 93
split_gain=405.029 151.012 103.54 94.2846 61.5363 86.1487 58.6072 55.2868 68.397 51.508 47.4562 43.4302 41.8897 41.4733 41.4442 37.5172 36.7371 36.2977 40.5306 54.51 34.7814 34.0187 33.353 35.1868 33.0234 32.7063 32.341 32.2022 30.7939 39.8299
threshold=14.500000000000002 0.35194686211635368 7.4181194536901538 2.5000000000000004 1396.5000000000002 4.5000000000000009 455.50000000000006 192.50000000000003 36.500000000000007 8.9795660553377489e-05 487.15413096936226 -237.39999999999995 -1.8930664862888735 33.500000000000007 19.500000000000004 365.50000000000006 1.1764961636828646 -463.29508590647089 414.78357679941467 5.229676678431642 0.25082781456953646 0.043451095445716702 7.5000000000000009 0.70594324686396315 104.50000000000001 -865.6595690870746 -413.34999999999997 5.2023681018274015 0.090897955547637091 0.74998672510750597
decision_type=2 10 8 2 2 2 2 2 2 2 2 2 10 2 2 2 10 2 2 10 10 10 2 10 2 2 2 10 10 10
left_child=2 3 6 -2 5 7 -1 8 11 10 12 20 26 -11 -6 -12 -8 -13 25 22 -3 -10 23 -20 -9 -19 -5 -15 29 -14
right_child=1 4 -4 9 14 -7 16 24 21 13 15 17 28 27 -16 -17 -18 18 19 -21 -22 -23 -24 -25 -26 -27 -28 -29 -30 -31
leaf_value=-0.013282294450382042 -0.007098868201730172 0.043225874542786008 -0.024827877885789707 -0.0089233013297310166 -0.0074133270483211283 0.0089475700029202267 0.021604050665412919 -0.0019191405525099362 0.0054384830637691046 -0.0112592142058421 -0.0029227520193691298 0.0061836875466287885 4.617379916940816e-05 0.00020529900293274407 0.014522772820019382 0.0034807849154417148 -0.0041413193355369984 0.0016383283967070616 0.0072764970096641634 -0.0014673246321097913 0.0074486080331950446 0.018780609020902506 -0.0010078321931373054 0.0017709461112807895 0.0027141143762162987 -0.0044362873564816755 0.0025229790003517467 -0.0053079767501624468 -0.0071032559523395954 -0.013890452915026625
leaf_weight=1121.3370101437904 2375.9403246298898 20.643038783222437 471.73146195407026 240.99743499606848 867.96331679169089 1627.4712829617783 49.077130956342444 4591.9173478633165 4081.7564087831415 535.29609911097214 999.12053911527619 1205.9841204113327 1870.6113851564005 2038.0423340499401 80.44382069632411 4591.8674521134235 644.05389267695136 1307.0897763338871 2372.1154380519874 2882.6211330741644 707.72305331472307 175.65392940770835 1098.0495825810358 1871.43065886572 1976.3194926055148 2033.4555491441861 2295.9139294386841 1786.1030807066709 1386.8956167381257 199.75768979126588
leaf_count=230283 205183 336 137107 10564 45499 18467 4541 151391 64221 48553 76082 20019 89379 73957 1318 182929 98051 35723 58971 79761 7857 2537 14357 52932 37573 70250 92016 62048 59767 13236
internal_value=-5.31334e-05 0.000570283 -0.0123587 -0.00153019 0.00200082 0.00227544 -0.00905759 0.00182728 0.00269695 -0.000698426 0.000347829 0.00165012 -0.00150596 -0.00347605 -0.0054863 0.00233487 -0.00217675 0.0012419 0.000724114 0.00185575 0.00875039 0.00601034 0.00364876 0.00485346 -0.000524034 -0.00206051 0.00142021 -0.0023733 -0.00365211 -0.00132871
internal_weight=47507.4 45221.2 2286.2 18320.5 26900.6 25952.2 1814.47 24324.8 17756.5 15944.6 11585.2 13499.1 5994.18 4359.44 948.407 5590.99 693.131 12770.7 11564.8 8224.22 728.366 4257.41 5341.6 4243.55 6568.24 3340.55 2536.91 3824.15 3457.26 2070.37
internal_count=2044908 1574926 469982 913714 661212 614395 332875 595928 406964 708531 523973 340206 264962 184558 46817 259011 102592 332013 311994 206021 8193 66758 126260 111903 188964 105973 102580 136005 162382 102615
is_linear=0
shrinkage=0.03


Tree=87
num_leaves=31
num_cat=0
split_feature=78 118 94 112 1 8 109 14 51 53 94 93 123 94 78 34 78 73 77 90 118 101 85 71 122 93 78 72 110 93
split_gain=392.591 127.838 118.612 79.3032 69.2291 57.6255 59.0547 55.104 51.4927 47.7152 48.9744 48.2893 46.7787 38.1395 37.134 75.739 36.8037 35.6011 35.4169 33.7708 29.7583 29.4999 29.381 27.4844 27.3461 27.0047 26.3382 28.2305 25.9948 30.2294
threshold=16.500000000000004 0.58866554483557021 6.0796643432928041 1.3993103853104123 86.500000000000014 -1.0000000180025095e-35 0.00028551362341333635 1.0000000180025095e-35 389.50000000000006 12.500000000000002 1.6477911274163894 -2.5105065267505187 1.0000000180025095e-35 1.2542488357139649 174.50000000000003 -55.700225465360155 34.500000000000007 1.5000000000000002 4.5000000000000009 2.0715692901979725 -2.3287560880656524 0.0040767794619509827 0.78824181557323603 308.50000000000006 6201.5000000000009 5.3696355691183681 99.500000000000014 7.5000000000000009 7.2538656122863678e-06 -4.8331942384972324
decision_type=2 8 8 10 2 2 2 2 2 2 10 10 2 10 2 2 2 2 2 8 10 10 10 2 8 10 2 2 2 10
left_child=2 3 4 5 18 13 9 -5 19 16 11 -11 20 17 15 24 -7 -2 -1 -3 -12 23 -6 -8 -10 26 27 -15 29 -26
right_child=1 8 -4 7 22 6 21 -9 14 10 12 -13 -14 25 -16 -17 -18 -19 -20 -21 -22 -23 -24 -25 28 -27 -28 -29 -30 -31
leaf_value=-0.019478026826621475 0.010687818622730983 -0.0046727180364911211 -0.020825875611117421 0.0020382443086243399 0.018441943754040801 -0.0072047486106219362 -0.0055654046268128693 0.0062681608975397813 0.052505160666963473 0.004826256651295535 -0.013093611674546989 -0.0021884871608485153 0.0083497858359920778 0.0078075520392841477 -0.0052634646213159204 -0.0013875545952818692 -0.00071722308422299068 -0.0010922369275334198 -0.0073700329858120625 -0.014279079188526613 0.0022607521754608832 0.00071825091235159697 -0.0012253891538347571 -0.021851868722882337 0.061074852093506993 0.00054822053703217598 0.0035312526208075312 0.023795695314853933 0.0048928654350553404 0.014545109824683409
leaf_weight=259.83271716721356 248.99822024675086 1309.0696930531412 799.47510130121373 8825.6485789390281 109.59226053906605 1072.3860578546301 1967.5962982443161 4041.5856728726067 8.6015550112351757 1144.2087292652577 113.55732295522466 3811.5952282538638 1380.3466143114492 1212.4641232676804 1706.5950640328228 5044.1891615916975 2924.8753493959084 2533.2384289442562 1310.3355012638494 439.40744958026335 2745.7432345594279 712.24558895453811 168.0309923866298 93.720542006194592 9.7129071457311493 1131.4306425219402 1734.9469262035564 105.17648565210402 404.00144178513438 145.06624849559739
leaf_count=67781 11792 91305 201966 207745 8153 104802 69809 51968 205 35927 4302 128461 40219 40083 75842 199092 129535 78742 221916 43745 86905 22249 21287 6461 336 35925 43928 1986 8983 4921
internal_value=1.54565e-05 0.000678374 -0.0111999 0.00148427 -0.00699011 0.000426384 -0.000567048 0.00336878 -0.00250278 0.000270038 0.00145945 -0.000565673 0.00382452 0.00270205 -0.00139534 -0.000215321 -0.00246452 -2.0691e-05 -0.00942914 -0.00712071 0.00162916 -0.00454205 0.00672724 -0.00635698 0.0101273 0.00451045 0.00597573 0.00916889 0.00901505 0.0192849
internal_weight=47513.7 44866.4 2647.27 35799.8 1847.79 22932.5 15966.3 12867.2 9066.64 13192.7 9195.45 4955.8 4239.65 6966.25 7318.17 5611.57 3997.26 2782.24 1570.17 1748.48 2859.3 2773.56 277.623 2061.32 567.382 4184.02 3052.59 1317.64 558.781 154.779
internal_count=2046371 1525268 521103 1100839 319137 841126 628670 259713 424429 530151 295814 164388 131426 212456 289379 213537 234337 90534 289697 135050 91207 98519 29440 76270 14445 121922 85997 42069 14240 5257
is_linear=0
shrinkage=0.03


Tree=88
num_leaves=31
num_cat=0
split_feature=56 88 95 78 78 1 80 94 92 78 78 78 75 69 84 95 78 80 54 37 54 63 109 109 69 94 48 39 109 53
split_gain=383.829 162.943 80.4001 77.1849 68.7747 81.0708 68.0143 85.3082 65.9967 54.9382 44.6353 49.5028 43.8486 47.9919 40.7895 37.1436 35.9109 59.0773 31.461 49.1373 31.1675 30.9673 40.0665 39.497 30.5244 34.0153 32.2443 31.9016 29.3529 29.345
threshold=3.5000000000000004 4.6160256410256419 0.72225843836013337 2.5000000000000004 1257.5000000000002 555.50000000000011 414.78357679941467 5.0512039800878439 -2.1916627329651837 12.500000000000002 241.50000000000003 59.500000000000007 509.50000000000006 1.5000000000000002 0.12784988284592444 0.52728824076946956 107.50000000000001 -1091.5282865600473 36.500000000000007 11.500000000000002 2.5000000000000004 10.500000000000002 5.9277429508628155e-05 0.00062066137529460128 11.500000000000002 -2.4937264190905863 85.500000000000014 4.5000000000000009 7.6553260306718614e-05 9.5000000000000018
decision_type=2 8 10 2 2 2 2 10 10 2 2 2 2 2 10 10 2 2 2 2 2 2 2 2 2 10 2 2 2 2
left_child=3 2 4 -1 5 6 8 12 16 -3 11 -4 29 -14 -6 24 17 -2 -18 -20 -5 22 -9 -23 -7 26 27 -26 -11 -8
right_child=1 9 10 20 14 15 7 21 -10 28 -12 -13 13 -15 -16 -17 18 -19 19 -21 -22 23 -24 -25 25 -27 -28 -29 -30 -31
leaf_value=-0.025763083718494579 0.011112353661897648 -0.015611686418745236 -0.0028519466461031629 -0.01459085412479779 -0.011264438614450509 0.0080155580987461231 0.0051713581817640466 0.002481606496230256 -0.0027164353122129904 -0.0024449812004223139 -0.0062952048371862886 0.00132216133707619 0.0016239427636253799 0.0076101680443575433 0.00038216391374490817 0.0042400377179431029 -0.0039887510112258879 0.0003907038398528818 0.011565792681644826 -0.0022807150349131813 -0.0054447008826779327 0.0040301508164229541 -0.0053087520629075549 -0.0034226097872915189 0.015509479691544073 0.007718143848869259 0.0030879828583103997 0.057200618330467384 -0.0084018118546194849 0.012130926419882598
leaf_weight=376.06546500092372 875.46776205650531 376.63257707562298 4139.7426283995155 733.24715919909067 532.35104383714497 1049.1097647366114 1164.038458666997 946.22260053642094 5153.0095443336759 3456.8515420029871 1230.9529034141451 6670.6592661682516 3877.2064385793637 1746.6222322424874 544.62825781758875 4048.404554503737 1017.8458125898615 975.206177709857 396.21567910350859 539.4852144960314 631.3509711783845 2378.2502981643192 1581.2523837164044 870.63476295070723 32.158219738863409 101.19699682015926 26.564156947657466 44.601409068331122 946.65885393391363 1043.2565059978515
leaf_count=126154 21314 78780 249415 138573 32506 17991 55903 50902 204182 225462 42171 152659 102526 39058 21341 70178 29543 38322 12411 14665 81385 57317 69395 20927 539 1609 199 540 59810 30864
internal_value=2.72654e-05 0.000553836 0.00116533 -0.0137792 0.00202226 0.00231004 0.00152497 0.0028609 -0.000504972 -0.00468486 -0.00089445 -0.000276854 0.00489993 0.00348822 -0.0054002 0.00564656 0.0024902 0.00547889 -0.000347868 0.0036128 -0.0103946 9.46908e-05 -0.0023931 0.00203077 0.0101538 0.0206693 0.0324121 0.0417509 -0.00373365 0.00848071
internal_weight=47505.9 45765.2 40985.1 1740.66 28943.7 27866.7 22564.7 13607.5 8957.23 4780.14 12041.4 10810.4 7831.12 5623.83 1076.98 5302.04 3804.22 1850.67 1953.55 935.701 1364.6 5776.36 2527.47 3248.89 1253.63 204.521 103.324 76.7596 4403.51 2207.29
internal_count=2046641 1700529 1336477 346112 892232 838385 747329 426892 320437 364052 444245 402074 228351 141584 53847 91056 116255 59636 56619 27076 219958 198541 120297 78244 20878 2887 1278 1079 285272 86767
is_linear=0
shrinkage=0.03


Tree=89
num_leaves=31
num_cat=0
split_feature=85 53 95 78 78 8 91 80 53 1 79 85 78 51 78 51 78 15 56 93 93 107 59 77 104 69 110 17 78 69
split_gain=378.959 143.708 84.8058 79.2148 70.2184 68.838 68.0235 62.087 50.7706 43.6592 50.3439 44.5699 40.7697 42.2648 39.8569 38.7691 35.9726 64.2181 34.6437 33.6753 33.0072 32.5569 31.4392 30.8826 29.6675 29.2262 31.9367 29.1709 29.9115 28.7859
threshold=0.96304830175797929 6.5000000000000009 0.58141014261198898 4.5000000000000009 213.50000000000003 -31.999999999999989 0.84402970297029711 665.09941298193132 27.500000000000004 507.50000000000006 955.55000000000018 0.42414304949226539 34.500000000000007 4987.5000000000009 122.50000000000001 293.50000000000006 1722.0000000000002 8.5000000000000018 104.50000000000001 3.8215947037819507 5.2217858663170666 0.0005834182495306927 -721.4305405065835 126.50000000000001 0.014937769623642587 1.0000000180025095e-35 6.3823657066719151e-05 16.500000000000004 1135.5000000000002 84.500000000000014
decision_type=8 2 10 2 2 2 10 2 2 2 2 10 2 2 2 2 2 2 2 8 10 2 2 2 10 2 2 2 2 2
left_child=1 5 9 -2 6 -1 7 22 20 10 15 -11 13 -7 18 21 17 29 -12 -5 -8 -3 -4 -13 25 26 -9 28 -25 -6
right_child=3 2 4 19 16 12 8 24 -10 11 14 23 -14 -15 -16 -17 -18 -19 -20 -21 -22 -23 -24 27 -26 -27 -28 -29 -30 -31
leaf_value=0.0016613956630234952 -0.025157351398589434 -0.0077352946213974276 0.005697188410288349 -0.0055368458779080651 -0.0040121667801948447 -0.0083200607370615617 -0.0005847579767627334 0.0053130944906200385 0.0019274389343701822 -0.0055064243470255448 -0.0004245275167002091 0.013400182762024674 -0.0028553867908207116 0.045221542178896096 -0.002891357341325233 0.0050871942115882796 -0.011006702151454075 0.0038214057279903507 0.0061102730498057735 -0.014346985288894687 -0.0050562422829011702 0.030726444725199847 -0.0024092309230602715 0.0061485671517445073 0.0087680896803769108 0.0080663045945763012 -0.0022237945995856024 0.015766352388724692 -0.0043731309884238534 0.036458050091167697
leaf_weight=1874.0466166427359 384.48940720409155 317.33790187980048 558.57166106859222 790.11046735337004 4099.1149870511144 2306.1178576266393 4754.0922749727033 1034.7675676881336 5255.96492454689 252.14790493156761 1667.755677188281 628.02678403910249 3379.6785283088684 8.4590881664771569 2199.7058679023758 4684.9994993743021 429.96964261960238 1280.9541566669941 1292.863923936151 787.28757084510289 2157.219451604411 16.216169895138592 1820.0247849400621 1448.5357972001657 1599.9239191790111 931.7289640228264 981.56979774939828 226.43671617191285 288.27907227631658 10.92496871575713
leaf_count=69319 135271 23835 7789 89763 142400 295038 209548 34293 121441 3603 71157 8135 152289 617 67745 155682 23177 24788 27129 112645 101886 671 52899 28412 28443 17692 18393 5108 16871 254
internal_value=-0.00010658 0.000450628 0.0012037 -0.0129991 0.00017808 -0.00332256 0.00105749 0.00342957 -0.000293736 0.00316514 0.00224502 0.00644926 -0.00496285 -0.00802733 0.000163703 0.00438285 -0.002705 -0.0020333 0.00243463 -0.00996547 -0.00198308 -0.00543925 -0.000497623 0.00762099 0.00548178 0.00368647 0.00164765 0.00574293 0.00439462 -0.00386042
internal_weight=47467.3 45505.4 37937.1 1961.89 24914.8 7568.3 19093.9 6926.59 12167.3 13022.3 10178.9 2843.43 5694.26 2314.58 5160.33 5018.55 5820.96 5390.99 2960.62 1577.4 6911.31 333.554 2378.6 2591.28 4547.99 2948.07 2016.34 1963.25 1736.81 4110.04
internal_count=2046293 1708614 1191351 337679 783003 517263 592384 159509 432875 408348 346219 62129 447944 295655 166031 180188 190619 167442 98286 202408 311434 24506 60688 58526 98821 70378 52686 50391 45283 142654
is_linear=0
shrinkage=0.03


Tree=90
num_leaves=31
num_cat=0
split_feature=54 78 8 53 78 17 109 56 14 78 67 121 114 109 92 78 56 83 78 10 6 119 95 80 92 114 78 78 21 99
split_gain=356.949 168.154 100.642 97.6738 75.1039 65.7441 70.5286 47.8144 45.0161 43.5673 37.0732 37.7078 36.7205 34.1076 34.7259 33.9991 33.9686 33.1292 31.5422 31.4239 30.5637 30.1362 29.6658 36.531 27.9381 27.8108 26.7228 50.496 25.8521 26.9357
threshold=2.5000000000000004 6.5000000000000009 -20.000000000000004 6.5000000000000009 329.50000000000006 1.0000000180025095e-35 0.00030847921360682625 9.5000000000000018 1.5000000000000002 210.50000000000003 1.0000000180025095e-35 5.5000000000000009 1.6236552466070839 9.3065503680949197e-06 5.7983782195639728 27.500000000000004 47.500000000000007 0.19697714609219036 98.500000000000014 610.10819145211178 172.50000000000003 0.98750000000000016 0.58338794233289659 2482.6768323157712 5.7234742724656646 6.520700636942677 126.50000000000001 63.500000000000007 21.500000000000004 0.010257957693081412
decision_type=2 2 2 2 2 2 2 2 2 2 2 2 10 2 10 2 2 10 2 2 2 10 8 2 8 10 2 2 2 10
left_child=1 -1 8 24 5 6 10 -3 9 13 11 -5 28 -2 18 -7 -13 19 -15 -10 -17 -18 -12 -24 -4 -19 27 -25 29 -6
right_child=2 7 3 4 12 15 -8 -9 17 -11 22 16 -14 14 -16 20 21 25 -20 -21 -22 -23 23 26 -26 -27 -28 -29 -30 -31
leaf_value=-0.022668410778616241 -0.0018182270868492088 -0.011510538151606955 -0.0029783451112570304 -0.0005592725858689962 -0.0070506153280965097 0.02173656934343567 -0.00406328277915985 -0.0038615440179031292 0.0059164306069229948 -0.0013629409953255444 0.0047382947527138501 -0.014694468992964596 0.0022559869244129422 0.0069878343666305758 -0.0023919510698815465 0.0037616841933951674 0.016894012861280366 -8.826752165875493e-05 0.0025312907163306448 0.015537080614460122 0.014995741080340312 0.072067661075780609 -0.00074517978477574688 -0.0012682318712866651 -0.0088714998476844033 0.013737434452229021 0.00039133834564290484 0.0096094813914793156 -0.016780377293930147 -0.00090531984165433945
leaf_weight=604.90138133941218 970.36958021135069 972.12575178500265 3590.0014333461877 7236.2232827895787 1458.5954489503056 103.57193943951279 2555.4078348297626 3016.1035117479041 692.08592106029391 2233.7471644813195 3385.8101059366018 14.006257563363759 785.18515935353935 3120.216262407368 642.48593229637481 2880.0703979572281 36.579698163550347 687.21737437136471 2650.0235273055732 557.21258198749274 231.75983303040266 9.3090999065898341 3618.0857123658061 564.65169087285176 905.52168265869841 156.74753233417869 1262.681657330133 1189.0008241403848 155.82650834787637 1146.3997423741966
leaf_count=198542 38000 147318 242106 299150 72307 4590 73149 218256 16746 64935 101958 898 15797 72434 19831 50287 1041 13288 44435 7775 1249 337 118236 23412 83255 788 32028 24306 9088 50677
internal_value=-4.6742e-05 -0.00798996 0.000805754 -8.62212e-05 0.000604413 0.00122891 0.000584355 -0.00573805 0.0031759 0.00230576 0.00127119 -0.000355484 -0.00345753 0.00341589 0.00420871 0.00520528 0.0224113 0.00715844 0.0049451 0.0102523 0.00462108 0.0340678 0.00245522 0.00128739 -0.00417393 0.00254533 0.00372265 0.00611336 -0.00508361 -0.00435312
internal_weight=47431.9 4593.13 42838.8 31128.7 26633.2 23087.2 19871.8 3988.23 11710.1 9616.84 17316.3 7296.12 3546.01 7383.1 6412.73 3215.4 59.8951 2093.26 5770.24 1249.3 3111.83 45.8888 10020.2 6634.42 4495.52 843.965 3016.33 1753.65 2760.82 2605
internal_count=2046219 564116 1482103 1203871 878510 730641 674515 365574 278232 239635 601366 301426 147869 174700 136700 56126 2276 38597 116869 24521 51536 1378 299940 197982 325361 14076 79746 47718 132072 122984
is_linear=0
shrinkage=0.03


Tree=91
num_leaves=31
num_cat=0
split_feature=56 0 77 99 78 78 78 78 78 78 4 78 56 34 122 122 57 78 1 95 59 8 69 54 62 86 69 118 72 111
split_gain=325.035 144.199 78.0344 75.5238 61.3168 60.9782 53.7778 50.1036 61.8279 45.7263 52.7152 51.8013 42.6431 38.4415 37.1788 37.0537 30.8817 30.5667 39.8237 30.4446 29.1312 28.6723 34.273 27.5199 27.5057 28.0192 27.2601 26.7983 26.4225 33.4678
threshold=3.5000000000000004 2.5000000000000004 6.5000000000000009 0.0097124371355061644 23.500000000000004 318.50000000000006 45.500000000000007 107.50000000000001 69.500000000000014 3764.0000000000005 53.500000000000007 144.50000000000003 484.50000000000006 -73.327282622879082 5282.5000000000009 14305.000000000002 66.550000000000026 2152.5000000000005 420.50000000000006 0.61112954361129557 -24.952440697458691 -307.5499999999999 1.5000000000000002 7.5000000000000009 34.500000000000007 0.24189158372505318 434.00000000000006 0.2786179327857437 6.5000000000000009 3.7993100155553881e-05
decision_type=2 2 2 10 2 2 2 2 2 2 2 2 2 2 8 8 2 2 2 10 2 2 2 2 2 10 2 10 2 2
left_child=2 4 -1 5 -2 6 13 8 -8 10 11 14 15 16 -5 -9 -3 18 -7 -14 -4 22 -13 -15 -16 -26 -11 -23 29 -6
right_child=1 3 20 9 28 17 7 12 -10 26 -12 21 19 23 24 -17 -18 -19 -20 -21 -22 27 -24 -25 25 -27 -28 -29 -30 -31
leaf_value=-0.02281439522395682 -0.010176333721428506 -0.0077109276873725124 0.0022195090588281435 0.015146563269381528 -0.0013419801259385619 -0.0075605747533571844 0.00025146962039928781 0.0056949416446444657 0.0049122511874879577 -0.01139444445823792 0.011115083466630687 -0.0011697440780350473 0.0073796864844310871 -0.0049911039422808577 0.0036033382157942689 -0.002192079230674022 0.0091829391558275117 -0.017818191160194757 -9.5640598245348929e-05 0.00045005191533607877 -0.010652051687096785 0.0008404439115301508 0.0089121706910682431 -0.00038958056767842271 0.024737234580130212 0.0068313609382777401 0.025335080022662951 -0.0047475301186078742 0.0050317963598713209 -0.0071827944012023449
leaf_weight=497.36451927688904 1127.1063841483556 120.87634715531021 185.93889985303394 285.2009513603989 2985.610003980808 1103.3118501072749 4533.7761877290905 585.76561182178557 5885.4073847606778 258.51340962201357 731.11452236678451 524.67393112555146 951.02700764033943 2487.120412473334 5785.8258971374016 5809.1806283788756 435.57882616831921 131.29135954193771 1532.8673999495804 1417.0786913568154 1001.3728391414043 3084.5959064560011 711.39521332643926 2206.1478564292192 103.94226198270917 306.7042886801064 14.873173070140181 1024.9519141754135 391.35362984566018 1250.5695175761357
leaf_count=165637 184234 4529 22061 5174 178496 52779 132982 14756 126722 13344 9009 9000 18591 222295 134877 150538 18937 9812 51229 26136 158697 81968 14583 117687 1139 2732 279 38469 14780 65694
internal_value=4.50082e-05 0.000521809 -0.0128766 0.00116026 -0.00391659 0.000265077 0.000743394 0.00147968 0.00288526 0.00305691 0.00332235 0.00283615 -0.000192241 -0.0019458 0.00463815 -0.00146576 0.00547717 -0.00395136 -0.00322831 0.00324267 -0.00863545 0.000648889 0.00464523 -0.0028308 0.00414266 0.0116067 -0.00897709 -0.000557314 -0.0023826 -0.00307269
internal_weight=47470.5 45785.9 1684.68 40031.2 5754.64 27199.4 24432 19182.2 10419.2 12831.8 12558.4 11827.3 8763.05 5249.72 6481.67 6394.95 556.455 2767.47 2636.18 2368.11 1187.31 5345.62 1236.07 4693.27 6196.47 410.647 273.387 4109.55 4627.53 4236.18
internal_count=2047166 1700771 346395 1257567 443204 946993 833173 469725 259704 310574 296951 287942 210021 363448 143922 165294 23466 113820 104008 44727 180758 144020 23583 339982 138748 3871 13623 120437 258970 244190
is_linear=0
shrinkage=0.03


Tree=92
num_leaves=31
num_cat=0
split_feature=85 120 120 0 120 53 8 120 56 92 95 80 80 67 93 56 67 93 35 74 77 14 43 120 93 1 63 53 115 99
split_gain=316.846 114.501 83.0551 77.4054 76.6529 62.8863 57.5668 54.1687 50.1843 48.8813 48.2088 45.5232 107.263 51.5768 46.0597 41.329 39.423 37.5343 42.7806 36.7059 35.0229 33.0223 32.3462 32.2798 31.9844 31.2302 31.0436 31.0416 30.1737 29.8748
threshold=0.9604138471401098 3.3461538461538463 0.50000000000000011 4.5000000000000009 11.576923076923078 30.500000000000004 -750.89999999999986 87.346153846153854 421.50000000000006 5.9310769609222644 0.58141014261198898 414.78357679941467 -865.6595690870746 22.500000000000004 4.4003292359540005 8.5000000000000018 7.5000000000000009 1.7845237537127341 -245.65390424469322 5.5000000000000009 58.500000000000007 1.5000000000000002 3.5000000000000004 8.9615384615384635 4.6749507928270102 518.50000000000011 36.500000000000007 66.500000000000014 0.30963555097129108 0.018438362241418271
decision_type=8 2 2 2 2 2 2 2 2 10 10 2 2 2 10 2 2 10 2 2 2 2 2 2 8 2 2 2 10 10
left_child=1 3 -2 15 5 9 21 8 28 11 -10 12 26 14 -13 -1 17 18 -7 20 -14 -6 -5 -16 -4 27 -3 -18 -8 -9
right_child=2 4 24 22 6 16 7 29 10 -11 -12 13 19 -15 23 -17 25 -19 -20 -21 -22 -23 -24 -25 -26 -27 -28 -29 -30 -31
leaf_value=-0.012147437195987005 -0.023111548708783736 0.0028905763083951022 -0.0048737522699843208 -0.000913879164689846 0.00067652507591076756 0.0037215300111826432 -0.0080556529142451396 -0.01321702524876929 0.0045000956982019927 -0.0034250347189077853 -0.0010227588373848699 0.0055094237393890598 -0.0066266800692347857 0.030916387092882944 0.0021015830853542516 -0.0043468850081287693 0.009891873710552208 0.0059786757058745343 -0.0047527835598497829 0.04904954363518918 0.0010838713744354422 0.0083334815709950032 0.010576370611235269 -0.0048755963084487442 -0.013864258480700862 0.016600459462906867 0.017820121477768996 -0.0025882037419463241 -0.0019524561691191674 -0.0010281929459951568
leaf_weight=812.31646275403909 450.80503564071842 3244.6355184977874 914.02767770597711 4925.2954396223649 1142.9998812787235 1568.1186101110652 873.9788887584582 509.58005594369024 2256.5415816130117 1777.6028132047504 3830.1943157054484 3795.4470944935456 2088.2474064901471 55.257707724347711 4052.9684739746153 2471.9317715473007 619.21301899477839 2758.4570696409792 808.45383703242987 6.5270046815276137 708.30749021656811 907.29529060330242 225.82917808555067 694.84019076172262 588.21989655029029 385.86360482312739 125.67046334221959 249.21249797008932 4310.5574747817591 280.54259964730591
leaf_count=142532 159982 89698 101832 319186 22080 28685 44168 33936 62408 56002 107581 92868 72122 646 104559 247113 9358 49307 20390 124 18604 16388 6213 15545 80478 2763 1965 3618 123785 12764
internal_value=-5.16199e-05 0.000456992 -0.0118679 -0.00269652 0.00117523 0.00224532 -0.000564408 -0.00135474 -0.000820485 0.00126859 0.00102675 0.00183437 -0.000131243 0.00324487 0.00304791 -0.00629178 0.00477224 0.00360116 0.000834843 -0.0044631 -0.00467531 0.00407691 -0.00040037 0.00107642 -0.00842839 0.00953331 0.00347284 0.00631615 -0.00298807 -0.00892291
internal_weight=47438.9 45485.9 1953.05 8435.37 37050.5 22938.8 14111.7 12061.4 11271.3 16549.5 6086.74 14771.9 6173.39 8598.51 8543.26 3284.25 6389.32 5135.03 2376.57 2803.08 2796.55 2050.3 5151.12 4747.81 1502.25 1254.29 3370.31 868.426 5184.54 790.123
internal_count=2046700 1704408 342292 715044 989364 566254 423110 384642 337942 452133 169989 396131 182513 213618 212972 389645 114121 98382 49075 90850 90726 38468 325399 120104 182310 15739 91663 12976 167953 46700
is_linear=0
shrinkage=0.03


Tree=93
num_leaves=31
num_cat=0
split_feature=56 1 78 78 118 78 72 85 78 101 122 114 78 2 92 59 92 83 122 92 122 111 59 57 58 92 17 26 115 62
split_gain=308.433 120 92.2195 78.0433 60.4659 54.2334 54.0224 53.0841 53.0078 44.8161 45.9209 40.8149 37.913 45.787 32.3526 32.2267 45.5621 31.9413 39.8941 30.8918 35.7115 29.4984 29.4433 33.3246 33.1964 29.2473 28.5885 28.4356 28.1662 27.9612
threshold=3.5000000000000004 62.500000000000007 16.500000000000004 2.5000000000000004 -0.079731104341846923 245.50000000000003 1.5000000000000002 0.6411415385659508 696.50000000000011 0.055652342237708097 797.00000000000011 10.117030965391622 401.50000000000006 98.500000000000014 4.5516999109501404 110.2472868043664 5.3462825405287795 0.22900181641286818 1957.5000000000002 1.8466324990282803 36583.500000000007 7.5391601972625015e-06 -20.533166639598402 332.35000000000008 4170.2500000000009 5.229676678431642 11.500000000000002 48.500000000000007 1.7339687194525906 46.500000000000007
decision_type=2 2 2 2 10 2 2 10 2 10 10 10 2 2 8 2 8 10 10 10 10 2 2 2 2 10 2 2 10 2
left_child=3 2 -2 -1 9 6 14 19 -9 10 11 12 13 -3 -4 -8 -17 18 28 20 -6 -16 23 -5 -25 -21 -14 -23 -12 -19
right_child=1 4 5 22 7 -7 15 8 -10 -11 17 -13 26 -15 21 16 -18 29 -20 25 -22 27 -24 24 -26 -27 -28 -29 -30 -31
leaf_value=-0.025546448954856339 -0.0095579383107396547 0.0017578728858591484 -0.00065020143038386124 -0.0037502627924784048 -0.0012938919132459816 -0.0099518943325770971 -0.0012352999788645923 -0.00073715298752791993 -0.011194921824749753 0.013850512859072475 0.037204626059295837 0.01154390445760147 -0.0042986706024245157 0.0093585875676010025 0.0034535434721789052 0.0057015111909442025 -0.0013822375891542546 0.0090049491061089688 0.0068580026563673921 0.0078662103491111864 0.04178079419543896 -0.011447372797111383 -0.011301300668809361 0.057183294298570039 -0.0048273219885486248 0.0014562623186731185 0.0064409374341035698 -0.0038508696082210111 0.0089583379335317782 -0.0076240484753883359
leaf_weight=338.74812441691756 1185.8431985771749 10214.406371282879 6746.134872332681 174.76700381818227 1346.771227151854 572.78272782545537 2121.2641802751459 7639.354972127825 457.70901690423489 323.47516364208423 64.683612952474505 382.16259017842822 1387.53524817992 762.35368752991781 406.74728085938841 2504.598943633493 1209.2868557106704 140.11773328669369 1834.1883119947743 1354.988841961138 12.548731754999606 525.68145317723975 1106.5948233755771 12.496331184636803 12.685350915417073 1216.4311605880503 261.03989073913544 2778.6766912266612 66.096346406731755 239.32325121387839
leaf_count=126131 211669 216747 346283 21984 44076 31047 80840 227261 29637 5132 2330 5433 48743 7143 33969 80425 46623 2079 41727 27081 318 44346 195744 1316 1353 26849 4974 128787 677 5360
internal_value=-4.57566e-05 0.000413775 -0.00148929 -0.0127875 0.00165383 -0.000919293 -0.000598783 5.36688e-05 -0.00133485 0.00288123 0.00264567 0.00194756 0.00165263 0.00228978 -0.0018889 0.00171288 0.0033962 0.0065066 0.00804207 0.00291199 -0.00074458 -0.00413672 -0.00939467 0.00117567 0.0303205 0.00484264 -0.0025838 -0.00507485 0.0237845 -0.00144614
internal_weight=47399.5 45754.2 18051 1645.29 27703.2 16865.2 16292.4 12027.8 8097.06 15675.4 15351.9 13007.5 12625.3 10976.8 10457.2 5835.15 3713.89 2344.41 1964.97 3930.74 1359.32 3711.11 1306.54 199.949 25.1817 2571.42 1648.58 3304.36 130.78 379.441
internal_count=2046084 1699556 1003989 346528 695567 792320 761273 355222 256898 340345 335213 283040 277607 223890 553385 207888 127048 52173 44734 98324 44394 207102 220397 24653 2669 53930 53717 173133 3007 7439
is_linear=0
shrinkage=0.03


Tree=94
num_leaves=31
num_cat=0
split_feature=78 88 118 4 78 17 78 51 106 93 101 68 78 122 9 78 81 110 62 34 2 54 9 54 102 64 93 75 84 78
split_gain=303.919 160.849 92.9076 58.4624 53.3554 58.2546 56.5843 49.3769 47.3724 45.4846 45.3225 43.1674 41.8751 40.1614 36.9332 37.6677 33.7875 33.7501 38.3834 33.2954 32.2885 27.6195 27.3545 26.7529 26.7256 27.046 26.5705 25.8269 25.2554 25.1973
threshold=6.5000000000000009 4.7753378378378395 0.58866554483557021 1.0000000180025095e-35 3251.5000000000005 11.500000000000002 192.50000000000003 737.50000000000011 0.29583333333333339 4.7259703800142701 0.005489483094601926 5.5000000000000009 56.500000000000007 869.50000000000011 -9.0452102293514347 132.50000000000003 0.071355833575792851 0.00028612467097780767 215.50000000000003 -81.942258829731088 67.500000000000014 6.5000000000000009 188.72142380552395 1.5000000000000002 0.054092554092554097 20.500000000000004 5.2579634324001079 1873.5000000000002 0.12227306389567939 1135.5000000000002
decision_type=2 8 10 2 2 2 2 2 10 8 10 2 2 10 2 2 10 2 2 2 2 2 2 2 10 2 10 2 10 2
left_child=7 2 3 8 5 6 10 16 -2 23 11 24 -11 29 15 19 -1 18 22 -4 -7 -16 -15 -3 25 -5 -9 -23 -6 -8
right_child=1 9 14 4 28 20 13 26 -10 12 -12 -13 -14 17 21 -17 -18 -19 -20 -21 -22 27 -24 -25 -26 -27 -28 -29 -30 -31
leaf_value=-0.02235521454651444 -0.00025020058360550296 -0.0080734506238951727 0.016501088345732419 0.00232489299973533 -0.018775541696039077 -0.0048232891521168032 -0.00046205894142834061 0.011731176620147169 0.060960229157952038 -0.012383662775899444 0.0074868383243305286 0.0071724538101416149 -0.0024978450474332204 0.0033622396122914198 -0.0064820719145533418 -0.002445752393997368 0.0092526530646067657 -0.00071394105105209717 0.040711870855313012 0.0028093412054373216 0.014298018000252778 -0.00083214407236458638 0.014651305739283816 -0.0013402197785824786 -0.0028728698276519957 0.016109086787822201 -0.019515153701937644 -0.006870980542966575 -0.0025439946982318043 -0.008384554719781754
leaf_weight=676.71562538901344 11150.616147128865 665.35948802647181 212.74576394353062 9784.7131264954805 137.62578102760017 90.379239114932716 5155.8893909007311 68.750253766775131 6.3909982354380181 1069.5135289672762 2135.6502234488726 1717.3048488711938 606.228562282864 628.50498822703958 1640.5299265768845 894.31047863420099 29.266819571144879 683.13931604195386 26.507878567092121 611.92647955962457 545.49084612540901 3565.1577472388744 276.75913087558001 2570.4883299306966 903.0348249298986 124.97840529866517 31.694195583462715 771.66655434761196 223.1299197897315 383.59805610310286
leaf_count=223100 478010 77121 4452 253103 9977 1061 135255 14254 167 132028 31735 25984 27105 21688 123166 38907 6131 16329 1631 23787 6187 131308 7418 169513 17502 1558 7021 29284 9092 21249
internal_value=-4.85609e-06 0.000312184 0.00091759 0.00159181 0.00246189 0.00264649 0.00238404 -0.0182071 -0.000187846 -0.0048198 0.00345076 0.00276013 -0.00882537 0.000196487 -0.00205771 0.00181365 -0.020989 0.00435184 0.00804986 0.00641964 0.0115638 -0.00317163 0.00687508 -0.00273504 0.00205637 0.00250677 0.00141387 -0.00191333 -0.00890823 -0.00101774
internal_weight=47388.1 46581.6 41670.1 33973.7 22816.7 22456 21820.1 806.427 11157 4911.59 14665.7 12530 1675.74 7154.4 7696.34 1718.98 705.982 1614.91 931.772 824.672 635.87 5977.35 905.264 3235.85 10812.7 9909.69 100.444 4336.82 360.756 5539.49
internal_count=2045123 1794617 1388850 1037946 559769 540700 533452 250506 478177 405767 329882 298147 159133 203570 350904 67146 229231 47066 30737 28239 7248 283758 29106 246634 272163 254661 21275 160592 19069 156504
is_linear=0
shrinkage=0.03


Tree=95
num_leaves=31
num_cat=0
split_feature=86 76 1 95 78 78 112 93 80 59 91 108 93 95 72 105 60 108 6 95 0 94 93 92 79 44 82 115 93 78
split_gain=303.531 105.288 93.7222 62.0671 59.8705 56.64 45.7041 43.054 51.6224 57.4178 53.5931 48.3367 40.5235 35.9077 32.4839 30.5275 29.7002 38.274 39.9778 39.5507 29.4875 28.7262 67.0086 68.1577 60.8332 48.3683 37.3925 29.5679 31.0289 27.7347
threshold=1.0000000180025095e-35 1230.5000000000002 21.500000000000004 0.58338794233289659 238.50000000000003 12.500000000000002 5.2444736842105266 6.4925240426407429 536.12480309727368 -202.25669088955635 1.0745822890559735 0.00019887059206059925 5.2767454004145167 0.7428774350649352 2.5000000000000004 0.055570260572907482 7500.0602463698124 0.00030106030427849576 38.500000000000007 0.67052168502343557 24.500000000000004 5.0773968423414173 1.494421348964591 -2.1916627329651837 -1073.5499999999995 8.5000000000000018 0.10931824986656601 1.4861200707522633 5.2217858663170666 146.50000000000003
decision_type=10 2 2 10 2 2 10 10 2 2 10 2 8 10 2 10 2 2 2 10 2 10 10 10 2 2 10 10 10 2
left_child=1 -1 5 6 7 -2 21 8 9 -5 -10 13 -3 20 29 -13 -6 19 -19 -18 -12 22 23 24 -4 -26 -27 28 -24 -7
right_child=2 12 3 4 16 14 -8 -9 10 -11 11 15 -14 -15 -16 -17 17 18 -20 -21 -22 -23 27 -25 25 26 -28 -29 -30 -31
leaf_value=-0.01843606232886931 -0.012326810963027558 -0.0034070498702705372 -0.0096270775905584333 0.0016318874597732553 -0.0049906506029673819 -0.0021995211666679393 0.012339343998262451 -0.0060279472909935952 0.0048144920452104526 -0.0042955492954628071 0.0018026486303291088 -0.0040859622338315412 -0.013302275959813958 -0.00039974645767266748 0.0018548580060898435 0.0074762089955616043 0.009938302413873638 -0.013021526391124838 -0.00086325816987671653 -0.00093806853199576614 0.0083159659796049976 -0.00024560308817918937 0.011709689906981813 -0.0015547170481291714 0.0047482086391947504 0.040534629216711672 0.011731474020855847 0.004160909626516422 -0.00027209721640211721 -0.01063063181835542
leaf_weight=828.91033745650202 471.13783248048276 1569.6771320828702 242.66938108671457 3504.6996093085036 2387.1579394387081 5641.0027729088906 446.3307942727115 723.50501569872722 5266.3146348556038 2527.1146650433075 1303.37522373721 1963.8167081666179 485.79532112856396 2062.2017822929192 1808.2468332187273 224.86188885895535 495.65478596277535 322.0718681961298 954.58546099811792 752.26225218549371 1204.2911425440107 2509.8699890901335 1289.4331617183052 3163.686336877523 2697.2997291723732 51.730375774204731 168.4572522342205 1735.2589380012359 228.65850980626419 370.03539422806352
leaf_count=216468 97513 180870 10527 74270 91179 348353 6667 29715 103185 104284 50339 53178 69529 78986 69279 4945 15503 11994 23607 23739 24731 75123 44796 109359 70319 899 3210 26933 8231 18418
internal_value=-1.47207e-05 -0.00943721 0.000596798 0.00125534 0.000351946 -0.00227973 0.00296219 0.00112325 0.00141138 -0.000852998 0.0025471 0.000778082 -0.00577232 0.0025331 -0.00166687 -0.00288375 -0.00259532 -0.000324976 -0.00396935 0.00340429 0.00494095 0.00261097 0.00335932 0.00155712 0.00466998 0.00587361 0.0192482 0.00685466 0.00991 -0.00272694
internal_weight=47400.1 2884.38 44515.7 36225.3 23691.9 8290.42 12533.4 18780.2 18056.7 6031.81 12024.9 6758.55 2055.47 4569.87 7819.29 2188.68 4911.73 2524.57 1276.66 1247.92 2507.67 12087.1 9577.19 6323.84 3160.16 2917.49 220.188 3253.35 1518.09 6011.04
internal_count=2046149 466867 1579282 1045719 689655 533563 356064 523633 493918 178554 315364 212179 250399 154056 436050 58123 166022 74843 35601 39242 75070 349397 274274 194314 84955 74428 4109 79960 53027 366771
is_linear=0
shrinkage=0.03


Tree=96
num_leaves=31
num_cat=0
split_feature=85 78 78 78 78 0 113 19 78 122 78 6 122 53 40 109 54 78 63 80 80 94 75 78 67 109 94 58 78 63
split_gain=281.164 107.541 74.3578 83.4802 73.8549 66.5366 60.6804 55.9631 52.705 52.4002 63.6593 47.1032 46.707 44.3849 43.0491 37.2283 44.9783 36.3046 37.7292 35.2362 40.4328 55.2127 36.3539 35.1282 31.7527 34.8571 30.776 34.4883 30.6245 46.343
threshold=0.9604138471401098 42.500000000000007 126.50000000000001 69.500000000000014 4.5000000000000009 4.5000000000000009 0.24789186026968676 8.5000000000000018 95.500000000000014 14937.500000000002 1722.0000000000002 106.50000000000001 324.50000000000006 27.500000000000004 19.500000000000004 2.4815032733783283e-05 1.5000000000000002 386.50000000000006 63.500000000000007 -1091.5282865600473 414.78357679941467 4.9979415949707438 370.50000000000006 12.500000000000002 1.5000000000000002 0.00012060203837644945 5.6565239582756401 2322.1500000000005 85.500000000000014 40.500000000000007
decision_type=8 2 2 2 2 2 10 2 2 8 2 2 10 2 2 2 2 2 2 2 2 10 2 2 2 2 10 2 2 2
left_child=1 5 3 19 -2 23 -4 9 13 12 11 17 -8 28 -10 16 -6 18 -11 -3 -21 22 -22 -1 25 -7 27 -14 -5 -30
right_child=4 2 6 8 15 24 7 -9 14 10 -12 -13 26 -15 -16 -17 -18 -19 -20 20 21 -23 -24 -25 -26 -27 -28 -29 29 -31
leaf_value=-0.01265461923925623 -0.02407686319926634 0.0062484518389487164 -0.012720688451824343 0.0023810755518989847 -0.011737110507635 -0.00065598023103147858 -0.016885035083135245 0.011315226825244766 0.0010327451504384103 -0.0013994131447017794 -0.012653135334268019 0.0026963318957605961 0.0027719095748275371 0.0093635122080372949 0.011748424438375803 -0.014663069263988564 0.0011152310599716637 -0.0056160294440654986 0.005782386685590276 -0.0041090143330721144 0.0084119266420715679 -0.0028269231774342312 0.0012182139156729204 -0.0045546695903267258 0.0033103840709303705 -0.0084754900119503093 -0.0037866216384335864 0.011126398792929227 0.0065710758007966981 0.036761080776578574
leaf_weight=593.52940285298973 335.06102838437073 724.39474594127387 343.88942179828882 3197.8945969957858 460.22927275951952 2928.38477365789 88.262964529916644 374.12415987625718 5219.8449039701372 8363.2718400899321 406.01106346398592 2934.0871781809255 1055.3860435597599 2039.7600340377539 355.85951127298176 565.09953325451352 516.18183721695095 1692.1865309244022 709.63973358087242 2156.819962372072 913.58202310185879 2187.1934861191548 2035.2128283949569 2543.893572694622 1392.9563340386376 617.3225392231252 315.26504654902965 769.41462216991931 1518.469045442529 42.506346156820655
leaf_count=132350 135980 21100 21909 78660 72785 211933 3185 6163 111150 225133 25266 46452 29147 34587 3062 78123 54651 80576 13823 77921 27783 70382 55211 252051 63250 43186 9437 24165 36328 549
internal_value=-2.3021e-05 0.000446686 0.00112394 0.00234624 -0.0113874 -0.00269203 -0.000338028 -7.94294e-05 0.00389077 -0.00034381 -0.00101952 -0.000670236 0.0039261 0.00566311 0.00172657 -0.00856031 -0.00497163 -0.00158864 -0.000834812 -3.86507e-05 -0.000667002 0.000781036 0.0034574 -0.00610469 -0.000520051 -0.00202741 0.00482177 0.0063153 0.00406887 0.00750792
internal_weight=47395.7 45519.2 37443.1 20391.5 1876.57 8076.09 17051.5 16707.6 12374.3 16333.5 14105.2 13699.2 2228.33 6798.63 5575.7 1541.51 976.411 10765.1 9072.91 8017.2 7292.81 5135.99 2948.79 3137.42 4938.66 3545.71 2140.07 1824.8 4758.87 1560.98
internal_count=2046298 1704759 1001989 516733 341539 702770 485256 463347 264336 457184 391250 365984 65934 150124 114212 205559 127436 319532 238956 252397 231297 153376 82994 384401 318369 255119 62749 53312 115537 36877
is_linear=0
shrinkage=0.03


Tree=97
num_leaves=31
num_cat=0
split_feature=56 67 78 77 78 78 78 114 1 109 90 43 59 118 91 109 68 1 77 78 121 90 70 59 96 72 102 63 58 112
split_gain=276.725 107.237 79.973 75.7215 61.5656 57.2828 57.0395 47.4546 45.6812 44.2731 46.1112 40.171 38.7959 37.8422 37.5807 36.3438 36.0308 34.5458 34.1629 32.3707 33.6283 33.9438 31.6061 31.0281 29.485 29.2441 28.9421 28.2829 27.9441 27.6514
threshold=3.5000000000000004 1.5000000000000002 190.50000000000003 5.5000000000000009 45.500000000000007 112.50000000000001 71.500000000000014 4.1616993464052294 231.50000000000003 4.9942669413673308e-05 1.3805942063874179 3.5000000000000004 -463.29508590647089 0.26691132895298314 0.475218364786064 0.00011172634128672004 2.5000000000000004 79.500000000000014 4.5000000000000009 90.500000000000014 2.5000000000000004 -0.44233620683153468 3.5000000000000004 -20.533166639598402 0.014089731265933884 16.500000000000004 0.071492461027344759 32.500000000000007 676.45000000000016 0.32106107327211325
decision_type=2 2 2 2 2 2 2 10 2 2 10 2 2 10 8 2 2 2 2 2 2 10 2 2 10 2 8 2 2 10
left_child=3 4 8 -1 9 6 16 13 14 11 -11 18 -8 -4 -3 -16 22 -7 -2 20 -14 -22 -6 -5 -10 -17 -20 -24 -13 -27
right_child=1 2 7 23 5 17 12 -9 24 10 -12 28 19 -15 15 25 -18 -19 26 -21 21 -23 27 -25 -26 29 -28 -29 -30 -31
leaf_value=-0.023620872816938681 -0.013581762967839282 0.0044540727473154681 0.00010233343878775771 0.0023879765321309422 -0.00095679573735158146 -0.0054792669210640497 0.01107080177508101 0.0072268169719780333 0.0041783717846058336 -0.00050729566550444219 -0.01075964889858484 -8.5347230010471286e-06 0.0039236636239698636 -0.0045890380969785989 0.0022592447880574852 -0.0030024880791592865 0.0058563070678383095 -0.00051032495375378259 -0.0012453620953016373 -0.0002907180428836763 0.055191466734072631 0.012336520530492801 -0.0092817518681075194 -0.010647811166814583 0.0096857879417296591 -0.01165914091465442 -0.011408355766804681 0.027110352157484714 0.032405107840377097 0.03857553648365597
leaf_weight=398.61543588829227 229.42711021285504 3762.843631552998 6367.4367704326287 195.08512579044327 3802.0828484669328 2213.7821567263454 530.05424644239247 670.52808538172394 3088.3299653665163 579.23926513246261 1238.5649706088006 45.120560305658728 2519.7446514442563 2039.1863498324528 4345.3116578108165 2097.4072715546936 592.58388425130397 2914.4593887450173 4347.224602577975 2052.2273820713162 15.52753102686256 118.17263886053115 612.82947392016649 984.99171416182071 1225.517848235555 12.024371015839277 262.88674037833698 15.105413558892904 45.980897516943514 24.225954350084066
leaf_count=152165 40073 93969 190015 24037 138371 83802 9448 5311 39742 43704 123748 1843 66445 90295 148559 64744 15632 68604 362931 51995 333 3044 17110 169986 12478 307 24595 273 1951 423
internal_value=-4.549e-05 0.000381081 0.00178629 -0.0123744 -0.00111927 -7.11748e-05 0.00122296 -0.000423558 0.00316406 -0.00350714 -0.00750311 -0.00202781 0.00341253 -0.0010377 0.00207158 0.000685519 -0.00106063 -0.00265859 -0.00240687 0.00253905 0.00472408 0.0191237 -0.00199144 -0.00849181 0.00575237 -0.00251725 -0.00183663 -0.00819907 0.0171861 0.022519
internal_weight=47346.5 45767.8 23632.8 1578.69 22135 15386.6 10258.3 9077.15 14555.7 6748.44 1817.8 4930.64 5235.73 8406.62 10241.8 6478.97 5022.6 5128.24 4839.54 4705.67 2653.44 133.7 4430.02 1180.08 4313.85 2133.66 4610.11 627.935 91.1015 36.2503
internal_count=2045933 1699745 645843 346188 1053902 455057 302651 285621 360222 598845 167452 431393 131265 280310 308002 214033 171386 152406 427599 121817 69822 3377 155754 194023 52220 65474 387526 17383 3794 730
is_linear=0
shrinkage=0.03


Tree=98
num_leaves=31
num_cat=0
split_feature=85 53 77 78 65 114 53 59 108 67 95 92 47 69 78 71 115 77 92 80 99 121 91 92 108 2 46 40 75 38
split_gain=242.938 92.9578 73.444 64.2116 58.2837 51.6447 49.5306 43.0221 81.7142 102.614 59.0476 45.9048 48.2774 47.0516 45.4908 46.375 49.2716 52.2312 40.7797 41.3975 39.8228 37.158 36.2936 36.0785 34.61 34.4312 34.2461 34.1863 33.5193 31.6022
threshold=0.96304830175797929 11.500000000000002 8.5000000000000018 132.50000000000003 1.0000000180025095e-35 4.1616993464052294 27.500000000000004 518.44453398522921 0.00057530256645853598 38.500000000000007 0.64221528693265906 -1.709715540372762 12.500000000000002 13.500000000000002 569.50000000000011 61.500000000000007 1.2746974042606924 227.50000000000003 5.2545076164782349 414.78357679941467 0.016108401828574922 3.5000000000000004 0.50655569957023006 5.8498349983529208 6.268918964364078e-05 498.50000000000006 37.500000000000007 15.500000000000002 15240.500000000002 183.50000000000003
decision_type=8 2 2 2 2 10 2 2 2 2 10 10 2 2 2 2 10 2 10 2 10 2 10 10 2 2 2 2 2 2
left_child=1 4 -2 6 -1 7 23 11 9 21 26 12 13 14 15 -5 17 -17 19 -6 -15 -9 -8 -3 -20 -7 -11 -23 -13 -22
right_child=2 3 -4 5 18 25 22 8 -10 10 -12 28 -14 20 -16 16 -18 -19 24 -21 29 27 -24 -25 -26 -27 -28 -29 -30 -31
leaf_value=-0.0059132976671030105 -0.019662314882404327 0.0019526733360626439 -0.0065931922524935915 9.1044517837255421e-05 -0.0020035260072269875 0.0043052722406053097 0.0086828372577339389 0.0011704548105161874 -0.0039610918656743533 0.035977785512630527 0.0011510224350844808 -0.0045534584078959651 -0.0083434231407869819 0.0010296894485668036 -0.0089535563142697627 0.00815980817588461 0.0053049401180712301 0.059072929953752552 -0.00057360881272303349 0.0022083768296467521 0.025565216576717498 0.0037428791941235061 0.0034171649877406569 -0.0033747750783932442 -0.00755700962751088 0.022468790406953022 0.0032226366792746353 0.021256319405001726 -0.020990596665930991 -0.016757502010995528
leaf_weight=2341.928209631471 565.37580179446377 8699.3055396191776 1231.923632819904 2074.0033984761685 3840.3396747775842 1105.7698457343504 1491.9054569115397 4523.9504760019481 2137.4369684597477 152.13266182225198 96.940567801706493 2714.6435879431665 545.35387556441128 160.69062033854425 425.8556295176968 38.84123769775033 207.59892655164003 32.417494488880038 1293.2972860464361 4622.8034609917086 157.6271213805303 268.95550034753978 5607.9681948067155 1312.56708762981 1258.6813860984985 98.226091796532273 36.433045442216098 157.63058535661548 111.98889912758023 14.179973425343631
leaf_count=226242 182322 281694 155282 56965 197359 9933 23026 123228 52069 4311 3217 98944 17133 5335 22355 1487 3166 1373 89662 211779 4568 8462 127263 53635 69676 497 1122 4095 9229 229
internal_value=5.50711e-05 0.000482641 -0.0107475 0.00135603 -0.00162077 -7.26449e-05 0.00261311 -0.000591269 0.000975946 0.00299318 0.0203236 -0.00237307 -0.000152263 0.00129462 9.8837e-06 0.00164777 0.0130203 0.0336761 -0.000705861 0.000297078 0.0118721 0.0019742 0.00452898 0.0012529 -0.00402599 0.00587391 0.0298958 0.0103857 -0.0052406 0.021697
internal_weight=47326.8 45529.5 1797.3 32172.4 13357.1 15060.7 17111.7 13856.7 7373.48 5236.04 285.506 6483.2 3656.57 3111.21 2778.72 2352.86 278.858 71.2587 11015.1 8463.14 332.498 4950.54 7099.87 10011.9 2551.98 1204 188.566 426.586 2826.63 171.807
internal_count=2045658 1708054 337604 913336 794718 427718 485618 417288 196504 144435 8650 220784 112611 95478 85346 62991 6026 2860 568476 409138 10132 135785 150289 335329 159338 10430 5433 12557 108173 4797
is_linear=0
shrinkage=0.03


Tree=99
num_leaves=31
num_cat=0
split_feature=56 88 78 95 118 106 92 93 83 69 100 108 105 54 109 78 114 50 78 71 78 53 90 121 114 104 93 118 86 93
split_gain=242.436 108.876 67.0602 58.7247 56.2771 53.9142 54.5864 43.947 44.7613 50.878 43.0576 45.0432 54.2418 50.9227 42.1783 43.254 35.077 34.0379 31.9279 39.3016 31.7675 39.9345 34.845 29.4309 28.3733 28.2319 29.0158 33.3563 28.7435 28.1508
threshold=3.5000000000000004 3.9005882352941184 2.5000000000000004 0.68969365763546808 0.10021946792305837 0.26136363636363641 1.442869467780904 -2.0453032819481289 0.11640716507128722 7.5000000000000009 0.010603830080520396 0.00057530256645853598 0.35307172964303041 324.50000000000006 8.1950430016464507e-05 35.500000000000007 3.4699745547073797 17.500000000000004 555.50000000000011 93.500000000000014 238.50000000000003 27.500000000000004 1.6529448667798363 1.0000000180025095e-35 0.41967741935483877 0.035686600221483948 3.0966526739846212 -1.7258858237709349 0.40012870012870022 4.2460576312464982
decision_type=2 8 2 10 10 10 10 8 10 2 10 2 10 2 2 2 10 2 2 2 2 2 10 2 10 10 10 10 10 8
left_child=2 3 -1 4 5 6 7 8 9 23 11 13 16 25 17 -16 -13 -3 19 -6 21 24 -23 -2 -5 26 27 -8 -29 -4
right_child=1 14 29 20 18 -7 10 -9 -10 -11 -12 12 -14 -15 15 -17 -18 -19 -20 -21 -22 22 -24 -25 -26 -27 -28 28 -30 -31
leaf_value=-0.024295176671139836 0.0039513226613667983 -0.014907868736711486 -0.0041248331648867046 -0.0031152506607588638 0.00026814716689211552 0.064379775862030392 -0.0064554982001575186 -0.0012172349346583941 0.0011233265633927843 0.02366936663912866 0.0084167221741774257 -0.004391414126321087 0.032835187086829094 0.028701888682797844 -0.016715648308387839 -0.0046572411925109363 0.0071797039216289936 -0.0015346755388620451 -0.0058864137628319609 0.023534062371726911 -0.0041700751051961917 0.0054997375263196573 -0.00019891652503118754 0.021210561809541079 0.00031158469111999387 0.0096079157868322156 0.0017446608818273571 0.010957024000996633 -0.0037010681779486737 -0.013177327204462273
leaf_weight=301.17195149254985 939.50416569877416 173.08679079334252 642.60789367929101 3726.601061809808 7898.4668118704576 7.8282333347015074 137.43282556696795 3932.727159171598 2673.0639986901078 158.75356450909749 1938.2911449517123 1196.9131414175499 36.043189563788474 73.436565089039505 371.2319120883476 950.84705356834456 288.58826409629546 4564.8824359972496 778.41996824741364 60.891838618554175 1898.8089625313878 1847.7518007876351 2016.2788471570238 93.803959394339472 5209.4291022403631 761.52370088291354 2982.9701960303355 924.30847591673955 135.84169674757868 603.05346623109654
leaf_count=125905 24715 30040 100793 211911 273816 172 4717 129013 63663 3031 36432 26756 532 2322 53560 38691 2646 310507 44434 1426 65205 31538 47644 2615 152389 17685 98137 23164 2786 118989
internal_value=-1.63777e-05 0.000378902 -0.011678 0.000950487 0.00183455 0.00287664 0.00282729 0.00101487 0.00328465 0.00810624 0.00449324 0.00332435 -0.00119391 0.00469488 -0.00336498 -0.00809339 -0.00212695 -0.00203842 -0.000107693 0.000460802 -0.000554383 -1.65992e-05 0.00252972 0.00561272 -0.00111845 0.0043095 0.00333402 0.00726912 0.00907026 -0.00854252
internal_weight=47324.6 45777.7 1546.83 39717.7 25018.8 16281 16273.2 7797.85 3865.13 1192.06 8475.35 6537.06 1521.54 5015.51 6060.05 1322.08 1485.5 4737.97 8737.78 7959.36 14698.9 12800.1 3864.03 1033.31 8936.03 4942.08 4180.55 1197.58 1060.15 1245.66
internal_count=2045234 1699547 345687 1266749 758062 438386 438214 223037 94024 30361 215177 178745 29934 148811 432798 92251 29402 340547 319676 275242 508687 443482 79182 27330 364300 146489 128804 30667 25950 219782
is_linear=0
shrinkage=0.03


Tree=100
num_leaves=31
num_cat=0
split_feature=112 78 118 95 80 85 112 93 9 112 50 109 104 106 19 108 60 64 69 78 99 48 50 113 71 76 78 65 72 35
split_gain=248.004 123.959 74.5361 65.3136 48.2328 48.9122 42.0903 38.7358 37.8051 37.2733 35.6846 37.3444 34.0517 32.7076 32.8051 32.3931 80.1274 46.0845 38.6209 52.6304 38.4382 42.8819 35.819 34.9713 32.5204 31.4703 31.3622 48.225 32.8621 30.8595
threshold=0.07079649298411464 12.500000000000002 0.6783324457840304 0.60684888257447633 414.78357679941467 0.82091608075325861 5.2444736842105266 5.0216189157710103 -24.165161417223452 1.4956955604102642 78.500000000000014 0.00030847921360682625 0.052682976973684216 0.29583333333333339 18.500000000000004 0.00057530256645853598 17128.481464091765 29.500000000000004 8.5000000000000018 584.50000000000011 0.016196854465423089 80.500000000000014 280.50000000000006 0.74287354581472242 58.500000000000007 1437.5000000000002 114.50000000000001 8.5000000000000018 26.500000000000004 7786.8691956287239
decision_type=10 2 10 10 2 10 10 8 2 10 2 2 10 10 2 2 2 2 2 2 10 2 2 10 2 2 2 2 2 2
left_child=1 -1 3 6 8 9 13 -3 -5 12 -4 -12 -6 14 15 16 18 29 19 24 -20 22 -22 -24 26 -7 27 28 -2 -18
right_child=2 7 10 4 5 25 -8 -9 -10 -11 11 -13 -14 -15 -16 -17 17 -19 20 -21 21 -23 23 -25 -26 -27 -28 -29 -30 -31
leaf_value=-0.019027048194027944 0.00074998290983233919 -0.0027856492402513048 -0.0066475539797630958 -0.00021983821603720994 -0.00013881890826771364 -0.012856428197649433 0.011003901199922596 -0.010255970090847515 -0.0050403202161767172 0.0038854061620551311 -0.0003829625294249353 -0.0080352487155269346 0.0064357220575111743 0.051210574796613048 0.019733722924695041 -0.0013779733555292781 0.015170357266322491 0.028132588615746381 0.0028475189024173043 -0.0097740921726759532 -0.01157917802315736 -0.0045427902114167076 -0.002099671730731039 0.031084429261246913 0.01223081237958229 -0.0017082791684852518 -0.00054557197687956033 0.0062489701251887322 0.039811144564317856 0.0032565239627906127
leaf_weight=677.48806255077943 4059.7834693181794 2231.1575094468426 1327.1878592357971 3528.1815337333828 7332.6349717343692 247.52244005934335 517.34239580412395 866.00547104026191 2498.605474914657 4562.0866503578145 5295.8728165603243 638.81649150559679 779.87936305673793 7.3216624367050818 91.454814763739705 1990.4817136176862 346.74501767777838 121.64134189952165 432.25269193667918 349.27590632252395 22.380816603079438 65.464657370001078 32.914667326025665 185.39010464213789 266.70035143848509 2365.1591850854456 3583.3512063380331 2468.84882899886 14.479978350922464 449.07733398466371
leaf_count=224259 212483 164613 126269 87828 250218 37224 8966 78475 123649 90740 221660 25313 21868 157 1186 43779 9677 3449 12480 17988 401 2434 1916 3555 5276 111941 90767 58525 238 8476
internal_value=-7.55512e-05 -0.00744722 0.000563709 0.00111851 5.09646e-05 0.000947028 0.00263441 -0.00488761 -0.00222085 0.00171753 -0.0022099 -0.00121273 0.000496785 0.00233185 0.00228947 0.00217177 0.00274199 0.0112498 0.00205751 0.00159905 0.0086716 0.0167167 0.0224739 0.0261461 0.00198578 -0.00278698 0.00171005 0.00294483 0.000937434 0.00850977
internal_weight=47355.5 3774.65 43580.9 36319 21314.1 15287.3 15004.9 3097.16 6026.79 12674.6 7261.88 5934.69 8112.51 14487.6 14480.2 14388.8 12398.3 917.464 11480.8 10742.4 738.403 306.15 240.686 218.305 10393.2 2612.68 10126.5 6543.11 4074.26 795.822
internal_count=2045810 467347 1578463 1205221 723468 511991 481753 243088 211477 362826 373242 246973 272086 472787 472630 471444 427665 21602 406063 385277 20786 8306 5872 5471 367289 149165 362013 271246 212721 18153
is_linear=0
shrinkage=0.03


Tree=101
num_leaves=31
num_cat=0
split_feature=86 76 88 114 78 67 6 53 78 78 80 78 37 78 48 69 108 94 118 104 113 78 92 108 94 76 77 64 108 97
split_gain=239.224 101.108 75.2528 49.63 48.3816 61.9021 40.4387 39.7822 59.6162 46.853 42.0401 35.9616 34.6153 33.9654 31.3622 31.4567 30.7832 29.7832 29.7263 28.0599 27.8315 27.7423 27.704 38.5994 34.0344 32.3209 27.9624 27.4121 36.6006 36.256
threshold=1.0000000180025095e-35 1230.5000000000002 4.0006172839506187 5.007142857142858 742.50000000000011 14.500000000000002 3022.5000000000005 6.5000000000000009 124.50000000000001 71.500000000000014 -1091.5282865600473 12.500000000000002 17.500000000000004 98.500000000000014 132.50000000000003 12.500000000000002 4.7424350243906393e-05 5.8413454032050298 -1.5708035417556199 0.13363095238095241 0.24789186026968676 4.5000000000000009 1.591791436258718 7.3754671799156857e-05 5.0773968423414173 1800.5000000000002 65.500000000000014 28.500000000000004 0.00045693928135039091 0.14288285508587886
decision_type=10 2 8 10 2 2 2 2 2 2 2 2 2 2 2 2 2 10 10 10 10 2 10 2 10 2 2 2 2 10
left_child=1 21 3 4 5 7 -5 -2 9 10 -9 -4 -6 19 15 -14 -3 18 -7 -11 -10 -1 -12 26 25 -25 -24 -20 29 -29
right_child=2 16 11 6 12 17 -8 8 20 13 22 -13 14 -15 -16 -17 -18 -19 27 -21 -22 -23 23 24 -26 -27 -28 28 -30 -31
leaf_value=-0.025799741833043649 -0.0021736995767936474 -0.0036955344636524848 -0.01342984352182172 0.0035882921628968435 -0.017705400355101011 -0.0038339648650597769 0.021865368351114078 0.0083486254430401897 -0.013605816729293112 0.0049816223855249035 -0.0028707384568318057 -0.0024361760941244955 -0.003630186527019848 0.0013595452905989553 -0.0086606285443867944 0.0063245085543801446 -0.015436984431992765 -0.0034419159329522435 0.0053936840322529227 0.021288311540308195 -0.00068543558225275293 -0.013494710380413078 0.002036817575780532 0.0099519198829886579 -0.0050936975651642647 -0.0015850244028919951 0.0099589776153050508 0.01728726720453139 0.0051530484825825784 0.05581949856619621
leaf_weight=262.24026418663561 4573.0818498602603 1776.9837464038283 280.30142862140201 3756.2621526708826 148.50625753495842 253.67350394977257 107.46950261108577 546.09899795684032 147.23753600288182 4483.3326564077288 2402.5589575234335 4465.963677450316 822.55584722943604 3357.1039968477562 569.2370068714954 431.32744146790355 222.672468255274 343.12494824873284 2054.1937447562814 92.583368940278888 10534.691195159219 504.90185359795578 2026.2176361770835 329.66398295108229 1239.8227514671162 626.7019640954677 496.22876270255074 192.90204973611981 231.9244338599965 21.83055441826582
leaf_count=121242 263725 220536 62635 91022 11730 4421 551 15711 8654 88806 106725 250996 43346 64394 19900 20772 30333 7848 39773 1587 280250 95297 96981 11921 47627 17176 15100 3981 2889 357
internal_value=-6.24752e-05 -0.00861378 0.000469699 0.000895723 0.000547963 0.000813472 0.00412427 0.000407237 0.000856645 0.00203869 0.000365853 -0.00309888 -0.0040148 0.00365425 -0.00285423 -0.000194319 -0.00503825 0.00485276 0.00589037 0.00533443 -0.00086981 -0.0178409 -0.000251746 0.00108338 -0.00182241 0.00242289 0.00361192 0.00688244 0.0135938 0.0223856
internal_weight=47301.4 2766.8 44534.6 39788.3 35924.6 33953 3863.73 30855.3 26282.2 15600.3 7667.29 4746.27 1971.63 7933.02 1823.12 1253.88 1999.66 3097.65 2754.52 4575.92 10681.9 767.142 7121.19 4718.64 2196.19 956.366 2522.45 2500.85 446.657 214.733
internal_count=2046286 467408 1578878 1265247 1173674 1077926 91573 1018657 754932 466028 311241 313631 95748 154787 84018 64118 250869 59269 51421 90393 288904 216539 295530 188805 76724 29097 112081 47000 7227 4338
is_linear=0
shrinkage=0.03


Tree=102
num_leaves=31
num_cat=0
split_feature=77 88 118 95 106 120 69 10 108 64 114 72 120 95 19 120 72 93 122 67 63 33 108 83 67 93 113 69 120 59
split_gain=227.495 118.494 62.7485 60.0328 56.5425 46.8329 60.2566 42.1341 72.449 64.9827 55.1866 40.4854 40.4456 39.524 37.9882 40.1929 37.6903 36.7238 35.3831 34.145 32.9582 32.008 31.4 32.742 31.6552 29.6017 29.3898 27.7741 30.9552 31.6424
threshold=5.5000000000000009 5.1472916666666668 0.58866554483557021 0.69769341845265254 0.29583333333333339 8.2692307692307718 1.0000000180025095e-35 880.50693994370374 0.0007025889317233483 28.500000000000004 3.0028544243577548 1.5000000000000002 18.34615384615385 0.24019230769230773 18.500000000000004 341.23076923076928 282.50000000000006 3.3072491670140232 8717.5000000000018 8.5000000000000018 42.500000000000007 5389.7500000000009 0.00014120071685750959 0.3156959289448828 1.5000000000000002 -1.5192673991900818 0.19581364418713817 11.500000000000002 43.807692307692314 -1281.312415752732
decision_type=2 8 10 10 10 2 2 2 2 2 10 2 2 10 2 2 2 8 8 2 2 2 2 10 2 10 10 2 2 2
left_child=13 2 3 4 5 6 -2 14 9 -9 -10 17 18 -1 15 16 27 -3 19 -5 22 -8 -20 24 -24 -4 -19 28 29 -7
right_child=1 11 25 12 -6 7 21 8 10 -11 -12 -13 -14 -15 -16 -17 -18 26 20 -21 -22 -23 23 -25 -26 -27 -28 -29 -30 -31
leaf_value=-0.024644222184151993 0.0022731486305759452 -0.002951250165659509 0.0018514526044424093 0.0050003045088423811 0.063482017787957506 0.0038054196854072908 0.0065215295249700309 0.0048500771295951978 -0.0050175934711026758 0.020089570527377601 0.0091280686018844343 0.00058689138311448141 -0.0051195427478705948 -0.010750740866128403 0.019040071081214791 -0.017977592961173169 0.051102329153376265 -0.01642415271867231 0.00024950228524082686 0.028957485745273792 0.0070703010351726315 0.018802280650939144 -0.0094008010662561588 0.01683316628728131 -0.0013058993562592516 -0.0026868930714844075 -0.0070053961676943425 0.0050938446884689036 -0.0068968108673956386 -0.0013500789961022051
leaf_weight=267.11412058013957 7895.3697273929138 1624.0855239068624 1636.6656959382817 410.48147861263715 8.5333643266931158 1337.8701103823259 2439.9488807714079 2035.6428501596674 1101.3707808041945 283.55216585658491 315.1520558828488 1059.7375802893657 1471.334268043749 625.66391760727856 85.024982943199575 112.45993291586637 7.8174721039831629 395.74915115907788 7492.5850664570462 57.229441767092794 526.57235153950751 204.38902909890749 777.42478887387551 59.88297054474242 982.80465586250648 6110.0442764123436 1238.1222167445812 750.7533687595278 705.61857791803777 5296.4426749339327
leaf_count=105165 297518 144758 69035 14504 166 26340 57735 38453 25394 7859 2052 56164 47223 123928 1045 7840 156 60611 280020 851 6516 2515 32968 931 21386 292784 131116 21245 34542 135367
internal_value=-6.40234e-05 0.000225222 0.000710758 0.00126068 0.00216621 0.00212898 0.00358858 0.000849415 0.0034927 0.00675252 -0.00184939 -0.00450494 -0.000475484 -0.0150217 -0.000342255 -0.000554425 -0.000301535 -0.00615956 0.000189622 0.00820701 -0.000195461 0.00750444 -0.000609866 -0.00413849 -0.0048976 -0.00172749 -0.00932991 -0.000382734 -0.000945984 -0.000308342
internal_weight=47315.4 46422.7 42105 34358.3 22579.9 22571.4 10539.7 12031.7 3735.72 2319.2 1416.52 4317.69 11778.3 892.778 8295.99 8210.96 8098.5 3257.96 10307 467.711 9839.27 2644.34 9312.7 1820.11 1760.23 7746.71 1633.87 8090.68 7339.93 6634.31
internal_count=2046187 1817094 1424445 1062626 658227 658061 357768 300293 73758 46312 27446 392649 404399 229093 226535 225490 217650 336485 357176 15355 341821 60250 335305 55285 54354 361819 191727 217494 196249 161707
is_linear=0
shrinkage=0.03


Tree=103
num_leaves=31
num_cat=0
split_feature=78 53 90 78 122 95 51 0 52 8 0 79 122 52 75 80 94 94 81 53 78 63 90 109 83 80 10 79 96 95
split_gain=211.989 95.3822 77.7327 57.0727 59.6999 54.6468 47.0253 46.8254 38.3778 36.2501 35.8992 33.936 33.2015 41.9353 31.4361 30.4188 29.7043 29.4512 28.3476 27.1767 32.1543 35.1351 33.0697 31.7111 32.9536 28.7063 29.2805 26.9524 37.3401 26.8985
threshold=6.5000000000000009 11.500000000000002 2.0333424757725367 386.50000000000006 5752.0000000000009 0.62090100704087081 769.50000000000011 54.500000000000007 53.500000000000007 -246.34999999999997 7.5000000000000009 1156.0500000000004 8431.5000000000018 238.50000000000003 258.50000000000006 1255.4770505068632 5.6815781937593863 5.5539614876741288 0.071355833575792851 27.500000000000004 160.50000000000003 72.500000000000014 1.6269436813186817 0.00027515982773506877 0.18469437481067177 487.15413096936226 -116.70100751543409 -1073.5499999999995 0.0076947747569941294 0.69769341845265254
decision_type=2 2 8 2 8 8 2 2 2 2 2 2 10 2 2 2 8 8 10 2 2 2 10 2 10 2 2 2 10 8
left_child=6 2 10 4 8 7 18 11 -3 27 -2 12 -6 -14 -4 -8 -10 -16 -1 23 22 -22 -21 25 -25 26 -7 -5 -29 -11
right_child=1 3 14 9 5 19 15 -9 16 29 -12 -13 13 -15 17 -17 -18 -19 -20 20 21 -23 -24 24 -26 -27 -28 28 -30 -31
leaf_value=-0.020487468523026898 -0.0022618310934321845 0.032172403664163775 -0.012183550630546667 -0.0032872781816505252 0.0030023002814266835 0.00094595985094894587 0.017455081392117572 0.0062964157523448432 0.01024708475371286 -0.0025440814933591514 0.0011649171313249467 3.0987458002441562e-05 0.0085481357880986385 0.040563284717637968 -0.0025622462079683767 -0.016220060983771739 -0.0016416369037040239 -0.0098364632668153512 0.0086295758439866223 0.005901519644465599 -0.0021926080525180068 0.0075779621634755878 0.00086083055546574451 -0.009342522834790222 0.0066977202472285153 0.0010901721647281755 -0.0058614690448973716 -0.0022723658693381268 0.010115616130747953 -0.0099158357231290788
leaf_weight=597.88062266423367 5932.6534013869241 54.313758591189981 599.46199456369504 551.81504143122584 3952.7303101539146 955.6285808342509 54.222514240536839 2747.70390604157 729.76904028537683 2616.6336786351167 5123.1658049898688 4608.6790676652454 263.71283666742966 38.804714228026569 1847.0580011142883 35.935690972488374 253.02484533679672 685.30967064481229 29.042839490575716 1934.3567032022402 2773.9369810633361 371.13812037091702 2963.2188509190455 692.66422750800848 134.33815443981439 3927.6400494335685 1394.9024363113567 365.65198939666152 535.24313946347684 533.60791598120704
leaf_count=224408 401950 2128 96510 16980 122908 21781 11749 33643 14444 114981 153937 134238 7821 894 156113 8252 5982 70000 6168 31223 70617 5273 72329 20930 2766 129324 60419 10757 13228 24878
internal_value=-5.60951e-05 0.000193898 -0.00185703 0.00109214 0.00160453 0.00132992 -0.0161865 0.00287788 0.00864971 -0.00200049 -0.000674098 0.00181523 0.00374536 0.0132476 -0.00602523 0.00388568 0.00719346 -0.0045463 -0.019081 0.000142767 0.00133673 -0.00102942 0.0028557 -0.00120872 -0.00671236 -0.00047898 -0.00309772 0.00191549 0.00510284 -0.00380649
internal_weight=47304.2 46587.2 14187.6 32399.5 27796.6 26759.5 717.082 11611.6 1037.11 4602.95 11055.8 8863.93 4255.25 302.518 3131.83 90.1582 982.794 2532.37 626.923 15147.8 8042.65 3145.08 4897.58 7105.17 827.002 6278.17 2350.53 1452.71 900.895 3150.24
internal_count=2046631 1796054 878510 917544 736720 714166 250577 299504 22554 180824 555887 265861 131623 8715 322623 20001 20426 226113 230576 414662 179442 75890 103552 235220 23696 211524 82200 40965 23985 139859
is_linear=0
shrinkage=0.03


Tree=104
num_leaves=31
num_cat=0
split_feature=78 84 95 80 91 108 51 95 1 90 28 74 83 93 90 114 78 78 98 86 68 2 78 6 53 93 66 66 51 102
split_gain=195.901 109.603 52.1952 48.4142 55.1069 58.7955 43.232 42.4715 42.0945 39.6674 38.4052 34.4956 34.1649 42.6673 42.7559 32.2625 32.1282 31.148 35.1651 31.1454 30.7338 30.4797 30.3589 35.6287 35.0775 31.3126 29.0451 28.5396 32.3657 26.2007
threshold=6.5000000000000009 0.0092771563919858569 0.58338794233289659 487.15413096936226 1.1200183262064758 0.00025715243003387452 108.50000000000001 0.77589783946201185 197.50000000000003 1.9706202046035808 1.5000000000000002 16.500000000000004 0.060414319003028287 -1.2214193669871132 1.7945516388373535 10.417105263157897 241.50000000000003 120.50000000000001 0.028180043455722593 0.39747571269310406 11.500000000000002 23.500000000000004 213.50000000000003 39.500000000000007 36.500000000000007 4.4003292359540005 17.500000000000004 12.500000000000002 9641.5000000000018 0.074146412037037049
decision_type=2 10 10 2 10 2 2 10 2 8 2 2 10 10 10 10 2 2 10 10 2 2 2 2 2 10 2 2 2 10
left_child=6 9 8 12 22 7 -1 21 17 11 -11 16 27 14 15 -14 -2 18 -3 -10 -19 -6 24 -24 25 26 -5 -4 -29 -27
right_child=1 2 3 4 5 -7 -8 -9 19 10 -12 -13 13 -15 -16 -17 -18 20 -20 -21 -22 -23 23 -25 -26 29 -28 28 -30 -31
leaf_value=-0.024508421736134524 -0.0011255196230873629 0.0036314625406622236 0.00016099036338747253 0.0060763125228499703 0.00051833692861030887 -0.0044866350640317895 -0.0093122524724097034 -0.0027262363255007504 0.0053781557239784127 -0.010100027292482109 -0.0030558760836528888 0.058163851050588862 -0.0025301641115152572 -0.0062061877126400739 0.0079838659515431652 0.015645473204150703 -0.016911515721938612 -0.0026628707389182789 -0.0014442681710724473 -0.00056936862845977001 0.010392547826736065 0.0058212722248173025 -0.0060209772011312768 0.002263681508626499 0.0086006490560757397 0.0015455555146628164 -0.014091648418377806 0.021033165383690596 0.00049146449519018199 -0.0084125629837045589
leaf_weight=291.80448331439402 4267.7592624446843 4166.1014009732753 1325.9087558395695 2044.9021515008062 2503.450018978212 2687.8627990640234 414.40209715848323 2017.1442618535366 4438.6431876011193 1186.5627954064403 1692.8389947079122 3.7251768354326478 3788.3904640155379 2281.5103380428627 413.37159107555635 85.0499048801139 114.32429064624012 2436.2650674465112 1738.0595801603049 963.32376140262932 168.94955532159656 1594.4069193771575 701.14749283902347 1375.7785246344283 1061.9369335235097 2888.0163889715914 61.73637920152396 133.09698784118518 138.52345291431993 254.12162429606542
leaf_count=135455 264187 168946 65019 50515 99851 78240 115302 93575 101906 155546 126070 69 108493 86382 12686 617 6723 79047 69009 14729 5149 37702 25746 29406 14282 86765 913 3533 3551 6950
internal_value=-9.34544e-05 0.000145357 0.000771716 -3.85103e-05 0.000864949 -0.00079292 -0.0157195 0.000833 0.00224801 -0.00323825 -0.00597115 -0.00143927 -0.00193981 -0.00289645 -0.00112978 -0.00211142 -0.00155617 0.00093216 0.00213732 0.004318 -0.00179793 0.0025862 0.00260432 -0.000540872 0.00363905 0.00262799 0.00545331 0.00199024 0.0107554 0.000728103
internal_weight=47239.1 46532.9 39267.7 25356.4 17190.5 8802.86 706.207 6115 13911.3 7265.21 2879.4 4385.81 8165.85 6568.32 4286.81 3873.44 4382.08 8509.38 5904.16 5401.97 2605.21 4097.86 8387.64 2076.93 6310.71 5248.78 2106.64 1597.53 271.62 3142.14
internal_count=2046364 1795607 1243012 804226 523945 309368 250757 231128 438786 552595 281616 270979 280281 208178 121796 109110 270910 322151 237955 116635 84196 137553 214577 55152 159425 145143 51428 72103 7084 93715
is_linear=0
shrinkage=0.03


Tree=105
num_leaves=31
num_cat=0
split_feature=85 0 77 78 78 67 122 2 113 122 108 105 95 78 4 59 108 109 67 93 68 77 9 76 56 78 106 56 78 34
split_gain=203.683 88.6121 56.8855 48.8186 48.0721 66.3159 50.2783 44.6315 42.5987 42.6581 42.4192 40.3467 40.0009 38.6454 46.5493 34.8024 34.7696 33.7514 34.5218 31.3183 44.415 34.7132 29.919 28.3181 28.189 31.9483 27.273 26.9847 32.1597 26.7809
threshold=0.96304830175797929 4.5000000000000009 9.5000000000000018 12.500000000000002 156.50000000000003 1.0000000180025095e-35 324.50000000000006 39.500000000000007 0.28956812719133834 3219.5000000000005 8.3232414929797788e-05 0.021750958035672046 0.55557172422713763 1722.0000000000002 31.500000000000004 -436.4171511310708 2.5020639905523349e-05 1.3391442957453648e-05 1.0000000180025095e-35 1.7845237537127341 3.5000000000000004 35.500000000000007 -28.608925340417446 684.50000000000011 140.50000000000003 99.500000000000014 0.0047022059094493709 474.50000000000006 569.50000000000011 61.602451846006133
decision_type=8 2 2 2 2 2 8 2 10 8 2 10 10 2 2 2 2 2 2 10 2 2 2 2 2 2 10 2 2 2
left_child=1 3 -2 -1 5 10 -6 24 -8 26 15 -12 27 14 -14 -3 29 18 -4 22 -21 -22 -17 -13 -7 -26 -10 -11 -29 -5
right_child=2 4 17 16 6 7 8 -9 9 12 11 23 13 -15 -16 19 -18 -19 -20 20 21 -23 -24 -25 25 -27 -28 28 -30 -31
leaf_value=-0.011042344943388693 -0.01804409673514118 0.0066704394602131005 -0.0044064026922849909 -0.0016244157852366734 -0.022568712359110812 0.0009459618003801151 -0.014303191159951635 0.0066681946442538565 0.0059699020774587981 -0.00122276489387223 -0.0075450472152378979 0.028060571518736199 -0.0019253506634987177 -0.010505650560960337 0.0056930689838342024 0.002326123511284502 -0.0048548000079868085 -0.011517572204814785 0.01533760280141927 0.001215710943717513 0.032615058270944949 0.0076409624265089777 -0.0035651656897893332 -0.00029919677106972456 0.0062406049281294425 0.001615835702024908 0.03447244232466419 0.0068528487384096224 -0.00092035563414536489 0.0036191037072053119
leaf_weight=557.37268474278972 558.52961514121853 831.25967395305634 485.19299127231352 4010.1089808891993 87.480233397334814 6574.1164786212612 189.48392128106207 2504.6457393227611 592.96775451116264 1302.0103618912399 1192.224493634887 27.760264270706102 7426.4520397521555 416.10320940474048 794.61557311844081 1119.7898936807178 2396.517565456219 564.90925903851166 90.202594529138878 3087.539355216315 61.490087078185752 223.92472519306466 2500.2996226802934 965.91844550566748 2624.6571730775759 2760.1327104624361 27.201676123775542 1423.0835756193846 719.17277285363525 1116.5732229179703
leaf_count=133131 192120 16222 63514 262120 3373 213368 12456 29174 18276 38839 57295 1522 216768 23781 9441 33928 139245 72684 9288 136205 2416 5210 119009 24796 43494 46578 853 29443 30012 61628
internal_value=-4.73832e-05 0.000333655 -0.0102311 -0.00251459 0.000948435 0.00173101 -0.000527366 0.00302982 -0.000369099 -0.000155682 -0.000146189 -0.00383602 -0.000550871 -0.00164077 -0.00118597 0.000886443 -0.00187588 -0.00634222 -0.00120574 0.000194627 0.0022728 0.0134903 -0.00174214 0.000629608 0.00226533 0.00387374 0.00748578 0.00218069 0.00424725 -0.000479982
internal_weight=47231.7 45532.9 1698.83 8080.57 37452.3 24473.8 12978.6 14463.6 12891.1 12701.6 10010.2 2185.9 12081.4 8637.17 8221.07 7824.3 7523.2 1140.3 575.396 6993.04 3372.95 285.415 3620.09 993.679 11958.9 5384.79 620.169 3444.27 2142.26 5126.68
internal_count=2046189 1708583 337606 596124 1112459 729217 383242 332614 379869 367413 396603 83613 348284 249990 226209 312990 462993 145486 72802 296768 143831 7626 152937 26318 303440 90072 19129 98294 59455 323748
is_linear=0
shrinkage=0.03


Tree=106
num_leaves=31
num_cat=0
split_feature=78 88 80 92 92 82 101 56 111 78 95 53 62 78 51 80 92 101 44 32 18 110 78 122 75 105 83 54 80 108
split_gain=192.625 103.282 50.178 96.5817 94.7828 61.7664 47.6551 38.3534 54.8425 44.6005 37.7563 36.9089 39.3423 36.8309 35.5763 34.425 32.2068 30.8798 30.8248 30.178 31.8565 30.7127 29.5298 32.1252 29.4743 37.2503 29.1731 28.3641 27.8393 26.5637
threshold=5.5000000000000009 4.7753378378378395 414.78357679941467 -1.5072745972127397 5.229676678431642 0.13335502060290613 0.0068522496507847077 60.500000000000007 4.2355756591824216e-05 201.50000000000003 0.7368930062099156 27.500000000000004 7.5000000000000009 27.500000000000004 759.50000000000011 -15426.903402813663 3.6610963440912347 0.042603609962690338 8.5000000000000018 2807.2500000000005 1.5000000000000002 0.0001006103063564109 303.50000000000006 9423.5000000000018 503.50000000000006 0.030307669468722747 0.056452798512771393 6.5000000000000009 1047.6061992085736 1.3675866539650509e-05
decision_type=2 8 2 10 10 10 10 2 2 2 10 2 2 2 2 2 8 10 2 2 2 2 2 8 2 10 10 2 2 2
left_child=14 2 3 5 10 6 -2 8 27 11 19 12 -9 16 -1 -5 -3 22 -8 20 24 -22 23 -7 25 -4 -17 -6 -27 -19
right_child=1 13 4 15 7 17 18 9 -10 -11 -12 -13 -14 -15 -16 26 -18 29 -20 -21 21 -23 -24 -25 -26 28 -28 -29 -30 -31
leaf_value=-0.019953035661839452 0.0029294671814367405 -0.0032085855478975077 0.0022688160971214336 -0.019880401791115873 -0.0048469363193146256 0.017954654150318584 0.0082448470033936704 0.0056712828759799888 -0.0090918539435397138 -0.0038596842483962996 0.00070396835877533119 0.004637160416267049 -0.0027078753011495092 -0.0023680759393033823 0.0026910163165174889 0.00012740286006052677 -0.01277643313114772 -0.003823493356418288 0.025793141219964417 -0.010320660969986576 0.015900660356238609 0.0055009121689177723 -0.0052359673009001453 -0.00043219174801881058 0.0024550992587882414 0.016000057342948265 -0.0044037563834535901 0.0034049271262443803 0.0066548358001309437 0.015035240422364616
leaf_weight=504.28821695665829 3574.8964663422666 598.92728820582852 1183.37643328798 107.9165632519871 674.58228312106803 82.575396159896627 336.50211245263927 667.39350204356015 1102.2908574398607 1729.3155480995774 5164.2153458786197 2180.364107417874 2012.9166537583806 3507.6550593161955 69.908956589177251 1765.2933351765387 677.46865445212461 99.706478728447109 122.55921849608421 130.27159835956991 351.83635105285794 937.1870240047574 1306.24453475466 3641.0306974994019 7667.533677905798 415.68423379701562 4632.7862984684762 831.19874157942832 950.56727456836961 190.99195604585111
leaf_count=205348 122569 90642 66591 9101 73073 1806 8493 21940 59576 58083 180649 39059 46604 200427 16554 94994 130414 3362 2273 3422 7146 13772 46200 85735 186311 12799 183779 47446 24854 3366
internal_value=-2.33963e-06 0.00021115 0.000688542 -0.000641176 0.0014997 0.00131101 0.00410823 -0.000948052 -0.00402363 0.000271273 0.00283969 0.00174343 -0.000614802 -0.00396227 -0.0171967 -0.00344693 -0.00831692 -0.00081167 0.0131573 0.0037868 0.00395094 0.00838997 -0.0013643 -9.11448e-07 0.00338707 0.0061795 -0.00315444 -0.000295672 0.00954611 0.00861162
internal_weight=47217.5 46643.3 41859.2 15860.5 25998.7 9354.51 4033.96 9198.06 2608.07 6589.99 16800.7 4860.67 2680.31 4784.05 574.197 6506 1276.4 5320.55 459.061 11636.5 11506.2 1289.02 5029.85 3723.61 10217.2 2549.63 6398.08 1505.78 1366.25 290.698
internal_count=2046388 1824486 1403003 561678 841325 273804 133335 345781 180095 165686 495544 107603 68544 421483 221902 287874 221056 140469 10766 314895 311473 20918 133741 87541 290555 104244 278773 120519 37653 6728
is_linear=0
shrinkage=0.03


Tree=107
num_leaves=31
num_cat=0
split_feature=88 78 118 4 122 78 63 96 114 93 106 93 72 78 108 34 69 94 78 54 78 72 63 28 54 41 100 66 122 108
split_gain=178.546 113.099 61.8663 40.3227 37.6475 51.6712 36.0389 34.9555 35.6194 34.2836 33.0647 30.5274 30.4118 29.1807 28.0445 56.9698 27.6757 26.9144 26.4798 26.1091 36.8371 43.2447 25.6492 25.4162 24.2331 28.0453 23.8919 22.7696 28.7197 22.5343
threshold=5.0009803921568636 12.500000000000002 0.60354500482832962 1.0000000180025095e-35 797.00000000000011 238.50000000000003 61.500000000000007 0.016919980177181253 4.1616993464052294 4.7259703800142701 0.29583333333333339 -1.4343540965882167 1.0000000180025095e-35 3.5000000000000004 0.00065521682477776022 821.05545715509777 1.0000000180025095e-35 5.6565239582756401 1722.0000000000002 6.5000000000000009 174.50000000000003 13.500000000000002 1.0000000180025095e-35 1.5000000000000002 210.50000000000003 7.5000000000000009 0.0059196627919782946 105.50000000000001 14811.500000000002 0.00037477528468910274
decision_type=8 2 10 2 10 2 2 10 10 8 10 10 2 2 2 2 2 10 2 2 2 2 2 2 2 2 10 2 8 2
left_child=2 13 3 10 5 6 16 8 18 -3 12 -4 23 -2 15 -6 29 -9 24 -13 21 -21 -11 -1 -7 26 -26 -17 -29 -5
right_child=1 9 11 4 14 7 -8 17 -10 22 -12 19 -14 -15 -16 27 -18 -19 -20 20 -22 -23 -24 -25 25 -27 -28 28 -30 -31
leaf_value=-0.0049599408519456316 -0.024646639031664891 -0.0017098662715136484 0.0016261937186589079 0.001449046707822782 0.0035905006023235811 -0.0042109896824704543 0.010449640888652072 0.0043500467926384572 0.0067788855190145953 -0.016746084426112584 0.047741681385031084 -0.0062128686972197757 0.0010144157211319834 -0.011799071953997192 0.00024321783056246448 0.012199942115020991 0.003820480536465159 -0.011814712044279672 -0.012066133605572776 -0.00073287538078618038 -0.006866382178624131 0.022750403508875673 -0.005648849975737627 -0.00060953485018622894 0.0038654229494273981 -0.00025026163506935512 0.035181560848396694 0.058790224765982252 -0.0053105345849283891 -0.0033655761757516835
leaf_weight=1813.8487144405954 255.31492249143776 2754.7883533502463 1696.2489260828588 8561.4261661779601 2190.600654813461 2466.0413099015132 450.44171627238393 1100.416799002327 308.86863941885531 223.81865583732724 7.8373609294649205 1592.7004100696649 6133.6141730637755 463.23567165725399 1042.2843058784492 673.62344004469924 4460.6461110024247 96.392772413790226 311.20947521971539 3283.5938196869101 965.75070927431807 67.124484290368855 1106.9942675365601 3607.5405101617798 51.157318058423698 476.90618343930691 35.326165271922946 15.692959121428428 7.9280785303562906 969.67149584414437
leaf_count=158227 127010 196143 72347 225980 63957 78550 4041 28923 2582 32356 179 138730 201713 123983 21214 14244 77523 2998 19596 119105 41668 1386 83598 174319 1986 12811 1338 510 305 18598
internal_value=-8.89926e-05 -0.00556705 0.000532477 0.00106844 0.00178915 0.00124319 0.00214249 -0.00143618 -0.00289453 -0.00362592 -0.000378927 -0.00191771 -0.000432201 -0.0165028 0.00446366 0.00598385 0.00187142 0.00300438 -0.0037977 -0.00293551 -0.00172044 -0.000229241 -0.0075709 -0.00206829 -0.00292982 0.00266579 0.0178809 0.0134242 0.0401065 0.00095771
internal_weight=47191 4804.15 42386.9 34781.5 23218.6 19288.5 14442.2 4846.32 3649.51 4085.6 11562.8 7605.42 11555 718.551 3930.13 2887.85 13991.7 1196.81 3340.64 5909.17 4316.47 3350.72 1330.81 5421.39 3029.43 563.39 86.4835 697.244 23.621 9531.1
internal_count=2045920 563090 1482830 1109594 575156 474926 326142 148784 116863 312097 534438 373236 534259 250993 100230 79016 322101 31921 114281 300889 162159 120491 115954 332546 94685 16135 3324 15059 815 244578
is_linear=0
shrinkage=0.03


Tree=108
num_leaves=31
num_cat=0
split_feature=77 53 78 67 118 92 78 78 122 83 80 114 76 79 7 63 58 71 122 122 122 111 102 55 40 122 111 36 63 122
split_gain=173.996 91.3871 54.2524 71.9338 46.2144 45.5865 42.587 49.465 42.048 41.6878 35.5166 33.1963 31.3724 64.9674 31.0114 27.5966 32.2133 25.3241 25.2723 24.7644 43.4256 26.0989 24.486 24.4601 23.9395 23.8819 27.4486 23.32 23.2863 22.0394
threshold=5.5000000000000009 7.5000000000000009 134.50000000000003 3.5000000000000004 0.14127226584948363 6.4225840483375558 71.500000000000014 98.500000000000014 324.50000000000006 0.01352494626606302 -1146.5963737877416 7.0924519344884898 11792.500000000002 3287.7000000000003 -14.949999999999999 41.500000000000007 1438.4500000000003 1.5000000000000002 1.0000000180025095e-35 4519.5000000000009 4427.5000000000009 8.6401469744202346e-05 0.052716651542649734 30.500000000000004 22.500000000000004 2418.5000000000005 5.713025151231519e-05 171.50000000000003 15.500000000000002 6562.5000000000009
decision_type=2 2 2 2 8 8 2 2 10 10 2 8 2 2 2 2 2 2 10 8 10 2 8 2 2 10 2 2 2 10
left_child=9 5 3 6 8 14 10 17 11 -1 12 18 13 -3 -2 22 -17 -8 -4 20 -5 -21 24 -23 -9 26 -10 28 -19 -16
right_child=1 2 4 19 -6 -7 7 15 25 -11 -12 -13 -14 -15 29 16 -18 27 -20 21 -22 23 -24 -25 -26 -27 -28 -29 -30 -31
leaf_value=-0.022067857526228581 0.0020440710474884868 0.0083372996769370093 -0.00059321508176296838 0.0099648629315215783 -0.0029186734974225889 -0.008807571610821404 0.011201684316169663 -0.00054092995294307221 0.042967746850622664 -0.0082267910086578355 -0.0010999265880515014 0.01013966880776279 -0.0069417208155471213 0.072721990258812472 -0.0021608316817022977 0.01940430258097214 -0.0087578415003197931 0.0026445750233250664 -0.020284086105052907 0.0058514207389285594 0.054798311526845937 -0.0031402131662102888 -0.011016592384746568 0.004372025679450043 0.016976530312267812 0.0028265171568031084 0.0088826024133188287 -0.0076184340860703586 0.0078543625943413593 -0.0085393596013623434
leaf_weight=317.18512683734298 1545.0731954679359 403.05549822701141 7882.3764892057516 192.12647636188194 4916.117175004445 920.47332568955608 467.06250884989277 3081.5829952326603 18.171426398679614 526.5250307964161 8185.6253410914214 255.69179410859942 111.93968328414485 9.7567686454858613 6256.9845939078368 121.98227139376104 47.927319265902042 2448.00246535521 54.108737985603511 3521.6310384559911 17.233261942863464 668.07310857763514 193.11186761688441 923.55727189872414 66.847375800833106 1889.5405343347229 358.73140753991902 149.7256456874311 1129.1158005259931 524.71357568260282
leaf_count=145973 41589 13523 198473 3145 181108 117641 13056 67864 493 83275 412134 1556 3393 336 474198 1617 598 56918 1717 72790 150 15139 3883 11178 713 47710 9801 1684 18463 45896
internal_value=-6.8739e-05 0.000177667 0.000842576 0.00180704 -0.00052122 -0.00248991 0.000823742 0.00244763 0.000606569 -0.0135296 -0.000613356 -0.000394593 0.00691543 0.0107111 -0.00178666 -0.000179713 0.0114372 0.00464503 -0.000740148 0.00483604 0.0148474 0.00441202 -0.00078661 0.00121887 -0.000142672 0.00421822 0.011067 0.00380941 0.00429771 -0.00266028
internal_weight=47204 46360.3 37113.1 21738.4 15374.7 9247.24 16415.7 7705.36 10458.6 843.71 8710.38 8192.18 524.752 412.812 8326.77 3511.45 169.91 4193.91 7936.49 5322.62 209.36 5113.26 3341.54 1591.63 3148.43 2266.44 376.903 3726.84 3577.12 6781.7
internal_count=2046014 1816766 1137442 696584 440858 679324 594182 164796 259750 229248 429386 201746 17252 13859 561683 74675 2215 90121 200190 102402 3295 99107 72460 26317 68577 58004 10294 77065 75381 520094
is_linear=0
shrinkage=0.03


Tree=109
num_leaves=31
num_cat=0
split_feature=78 54 92 93 92 118 123 83 122 122 118 97 82 53 78 109 51 101 117 80 93 53 80 56 114 47 69 17 83 78
split_gain=173.533 85.1689 53.7914 96.2717 96.7836 77.4998 56.6637 56.5023 53.146 66.7979 47.7643 46.6585 46.4406 42.9249 44.6688 42.519 40.6375 34.9562 33.6445 33.6227 31.6435 36.609 31.2062 30.6191 30.0101 33.2715 33.0168 32.1915 29.7174 28.4088
threshold=6.5000000000000009 1.5000000000000002 5.229676678431642 1.494421348964591 -1.4597251769327879 -2.2105625669818152 1.0000000180025095e-35 0.059706183100837744 8717.5000000000018 8532.5000000000018 -0.45452872814296036 0.083364083640836417 0.13332544005051702 25.500000000000004 140.50000000000003 7.3232347827250163e-05 93.500000000000014 0.0087783514422953447 -0.25431863980027719 -15426.903402813663 -4.5599389143069589 14.500000000000002 390.31994076998342 12.500000000000002 10.417105263157897 12.500000000000002 21.500000000000004 50.500000000000007 0.10294467916844398 887.50000000000011
decision_type=2 2 8 10 10 10 2 10 8 10 10 10 10 2 2 2 2 10 10 2 10 2 2 2 10 2 2 2 10 2
left_child=16 23 3 4 12 -5 11 -6 9 18 -10 28 17 15 -15 -4 -1 20 -8 -9 21 -3 -12 -2 25 26 -14 -27 -7 -30
right_child=1 2 13 5 7 6 8 19 10 -11 22 -13 24 14 -16 -17 -18 -19 -20 -21 -22 -23 -24 -25 -26 27 -28 -29 29 -31
leaf_value=-0.024746521206743255 -0.010340976982735598 -0.00023118111165270665 -0.00056809693371862935 -0.0066285153143324886 0.00071697377614535532 -0.0020599555357560138 -0.00018849066683534007 -0.022491607034471745 0.010006338331173816 0.060370698350814905 -0.014184476826659938 0.0050357659557408556 -0.00033757715129297076 0.0039531339803110938 -0.0021115217582188032 -0.0058377459475964641 -0.0092918366933000211 0.011697913788187747 0.024649856285643392 -0.0043743134354030794 0.0022282968796266066 0.024842437640411847 0.0037561359891243539 -0.0030336398730768425 0.013038469628839942 -0.0093190169534227308 0.012927956778702754 0.015076024240775225 0.002497988721163 -0.0093681755394627864
leaf_weight=249.03577154420782 749.43867098866031 91.65174661600031 2714.5304955467582 753.18647315050475 2561.2312566402834 2509.2639034867752 92.455556430388242 89.174071615561843 1309.1444758402649 27.164132660720497 84.655996376182884 2974.6077160933055 4894.5853671396617 2052.8009537653998 2326.7323319446295 2796.430271373596 412.65558284230065 439.60381613345817 99.436359606217593 5283.943777148379 3954.4799521043897 117.11076383385807 3515.1928628566675 1655.3341584301088 142.21963186282665 562.14805604238063 169.88818128407001 48.781520741991699 4352.6613062613178 184.63368628360331
leaf_count=128746 127804 4350 156392 36308 123606 108644 2072 7987 39834 394 6888 77881 136434 43617 68166 131988 122031 10319 2969 200192 140746 2979 102697 124923 1641 15149 4368 743 108908 7400
internal_value=-5.32306e-05 0.000164394 0.000464123 0.00102679 -0.000453526 0.002735 0.00320256 -0.00294907 0.00576619 0.0200742 0.00510794 0.00188848 0.00144713 -0.00148429 0.000732406 -0.00324495 -0.0152504 0.00369696 0.0129816 -0.00469562 0.00283911 0.0140866 0.00331515 -0.00532768 -0.000334553 -0.000680848 0.000119728 -0.00726455 0.000557266 0.00200534
internal_weight=47214.2 46552.5 44147.7 34257.2 18354.8 15902.4 15149.2 7934.35 5128.05 219.056 4908.99 10021.2 10420.5 9890.49 4379.53 5510.96 661.691 4602.85 191.892 5373.12 4163.24 208.763 3599.85 2404.77 5817.62 5675.4 5064.47 610.93 7046.56 4537.29
internal_count=2046176 1795399 1542672 1142509 648514 493995 457687 331785 154854 5435 149419 302833 316729 400163 111783 288380 250777 158394 5041 208179 148075 7329 109585 252727 158335 156694 140802 15892 224952 116308
is_linear=0
shrinkage=0.03


Tree=110
num_leaves=31
num_cat=0
split_feature=54 120 113 95 120 18 93 116 120 120 120 109 6 69 109 79 62 98 35 97 122 37 53 58 115 66 109 48 109 110
split_gain=165.526 109.121 60.5982 52.7003 42.4087 56.5825 37.0438 36.9916 34.3085 97.0189 32.9421 31.7668 30.4938 29.9931 27.8568 27.0039 26.9615 26.3409 27.277 26.3263 24.4332 29.024 34.3615 43.014 27.315 26.8703 25.1522 24.2697 23.6947 26.3746
threshold=2.5000000000000004 0.3461538461538462 0.27544255476904905 0.76002008032128521 87.346153846153854 1.5000000000000002 6.4925240426407429 -0.18131678819339778 8.2692307692307718 5.6538461538461542 4.8846153846153859 6.1547700268217476e-06 8.5000000000000018 26.500000000000004 2.8635061545733743e-05 67.049999999999983 38.500000000000007 0.04073236132059662 -8636.087279799176 0.022737612705765575 8908.5000000000018 11.500000000000002 18.500000000000004 -377.64999999999998 8.5323404709614454 14.500000000000002 8.3664710397074463e-05 15.500000000000002 0.0011752385046741832 0.00024772326083095941
decision_type=2 2 10 10 2 2 10 10 2 2 2 2 2 2 2 2 2 10 2 10 8 2 2 2 10 2 2 2 2 2
left_child=1 -1 11 4 5 6 8 -6 9 16 14 -2 -10 20 -3 19 17 18 -4 -16 -14 22 -22 25 26 -24 27 -23 29 -15
right_child=2 10 3 -5 7 -7 -8 -9 12 -11 -12 -13 13 28 15 -17 -18 -19 -20 -21 21 24 23 -25 -26 -27 -28 -29 -30 -31
leaf_value=-0.022278512835747454 0.0036924535481221983 -0.0042430931443504906 0.012953149680974222 -0.001357226533035819 0.00163233590148026 0.0056295104106313621 -0.005357030669984073 -0.0089918707205563896 -0.0018541909085836225 0.0055163722519315705 0.00032682439855006234 -0.0072914115188048856 0.0056574576151008924 0.0049615802506285927 -0.0017480235355083825 -0.012930791076119132 0.020793796864468247 -0.0030354273096667244 0.00079713035609285015 0.045598995872310387 -0.0037523040339295928 -0.0013316042026654113 0.008761045671938774 0.0023407161057431079 0.010913988043450928 0.028182600855214419 0.00034091830129707491 -0.0082007300417136966 -0.0072071156717787551 0.025893129373117302
leaf_weight=326.37435920815915 287.20754402864259 2126.2372480891645 164.99046540958807 8668.5490335361101 527.93833925202489 2702.2221554825082 774.88325095491018 659.57913634646684 4443.2390576219186 5300.7274636114016 1010.8029189570807 1281.6279350860277 861.43995251506567 115.08304988406599 54.453205440193415 646.59594726329669 53.182964824140072 1722.0397209868534 7392.7544151935726 8.0166495770681632 662.12093462795019 1071.1475656675175 306.08354751765728 2458.4707049615681 154.49053218960762 79.33567847777158 2343.2166781816632 813.43607824202627 49.374282705597579 102.61127277929336
leaf_count=162756 27794 251743 2801 344448 22495 44673 34931 37798 140466 103603 45465 100446 19019 2629 7634 95335 642 75885 343402 792 15890 21204 8144 64301 868 2219 51386 14294 890 1199
internal_value=-5.10155e-05 -0.00575218 0.000502853 0.000722279 0.00127268 0.00148225 0.00109314 -0.00428159 0.00127197 0.00227717 -0.00432267 -0.00527525 0.000178684 0.0011809 -0.00597791 -0.0111139 0.000435472 0.000307663 0.00107089 0.00725688 0.000875361 0.000349881 0.00238258 0.003815 -0.00127722 0.0130686 -0.00173507 -0.00431035 0.010991 0.0151876
internal_weight=47168.2 4172.48 42995.8 41426.9 32758.4 31570.8 28868.6 1187.52 28093.7 14633.7 3846.11 1568.84 13460 9016.81 2835.3 709.066 9332.97 9279.78 7557.74 62.4699 8749.74 7888.3 3506.01 2843.89 4382.29 385.419 4227.8 1884.58 267.069 217.694
internal_count=2045152 563725 1481427 1353187 1008739 948446 903773 60293 868842 526333 400969 128240 342509 202043 355504 103761 422730 422088 346203 8426 197325 178306 90554 74664 87752 10363 86884 35498 4718 3828
is_linear=0
shrinkage=0.03


Tree=111
num_leaves=31
num_cat=0
split_feature=120 95 113 106 93 123 34 91 120 93 31 122 122 69 42 108 10 51 102 46 120 63 3 118 90 48 122 48 120 63
split_gain=159.957 79.5267 52.4837 47.9155 49.2791 89.7909 76.3208 64.4826 50.2163 42.8317 41.8695 41.3951 75.102 38.8317 48.9363 37.3543 37.3464 36.7689 36.4642 40.6902 35.3362 34.9431 34.8542 33.3505 35.3259 33.2239 30.0382 31.049 29.311 43.002
threshold=0.42307692307692318 0.76002008032128521 0.51213772257359869 0.29583333333333339 1.6000690994439095 1.0000000180025095e-35 -65.833554932336128 0.86865141563417436 43.807692307692314 5.1640743703427967 32.500000000000007 8717.5000000000018 8532.5000000000018 10.500000000000002 7.5000000000000009 0.00023803176264597636 -33956.170151321108 98.500000000000014 0.066732154551408004 10.500000000000002 44.961538461538467 10.500000000000002 1.5000000000000002 -0.21398848727274919 0.43704219539874151 13.500000000000002 5839.5000000000009 5.5000000000000009 15.961538461538463 41.500000000000007
decision_type=2 8 10 10 10 2 2 10 2 8 2 8 10 2 2 2 2 2 10 2 2 2 2 10 10 2 8 2 2 2
left_child=17 2 20 4 6 7 8 18 13 28 -11 12 -7 26 -15 -9 -10 -1 19 21 -2 22 -6 24 -13 -23 -4 -28 29 -3
right_child=1 9 3 -5 5 11 -8 15 16 10 -12 23 -14 14 -16 -17 -18 -19 -20 -21 -22 25 -24 -25 -26 -27 27 -29 -30 -31
leaf_value=-0.025345289984814515 -0.0015160877535119108 -0.00069304780594204543 0.01781354868741369 0.058457719950470978 -0.00107272190008759 0.011786869871133159 -0.003306837735000288 0.001448390355997819 0.0067366594865603821 -0.0075774759891678884 -0.00022150750904891835 0.0016460169861824427 0.064034693616270177 0.0039921818234538737 0.025105316413789526 -0.002815863461279712 -0.0063110473182624461 -0.0092444847458674831 -0.0038423074405301021 0.00047232350160477624 -0.014607060123087025 0.010638215717244633 0.0097672181186170461 0.0033234310665663331 0.012188158682885546 0.0036930996329642835 0.0033076046138320646 -0.00051297828386796752 -0.0066330327694138179 0.011501792438450037
leaf_weight=224.24662430712488 4328.9336380125023 6841.9562087415252 100.00088746659458 8.2333450785372388 954.00194523949176 167.85950836748816 4279.0497680515982 3861.2089091127273 237.21624290663749 1981.2009463072754 1072.8862425056286 395.65930813550949 24.87621292588301 306.53116707410663 142.53411000780761 3538.5374634198379 1076.2973919250071 309.82833065092564 545.14792116568424 1771.0454433797859 189.01391805941239 1602.4115796424448 365.25012311665341 2017.9916879229713 1044.4361501941457 1021.5095081208274 4419.7096658756491 3372.2462196205743 702.45182806346565 265.52717068139464
leaf_count=123732 276679 355797 2266 130 43193 4124 195807 169302 5221 164644 25413 6930 332 5595 1342 99810 55838 97987 11030 28598 15642 32590 8869 58874 29391 14886 118106 65460 24617 3981
internal_value=7.08848e-05 0.000258682 0.000941448 0.00137841 0.00135402 0.00242272 2.595e-05 0.00130453 0.00150404 -0.00198872 -0.00499795 0.0065988 0.0199791 0.00236289 0.0108962 -0.000591288 -0.00393806 -0.0161772 0.00354443 0.00425188 -0.00207931 0.00594669 0.00195399 0.00582528 0.00930747 0.0079466 0.00187074 0.00165484 -0.00080951 -0.000229698
internal_weight=47167.8 46633.7 35769.7 31251.8 31243.5 17309.9 13933.6 13659.1 9654.54 10864 3054.09 3650.82 192.736 8341.02 449.065 7399.75 1313.51 534.075 6259.37 5714.22 4517.95 3943.17 1319.25 3458.09 1440.1 2623.92 7891.96 7791.96 7809.94 7107.48
internal_count=2046186 1824467 1250015 957694 957564 507929 449635 408278 253828 574452 190057 99651 4456 192769 6937 269112 61059 221719 139166 128136 292321 99538 52062 95195 36321 47476 185832 183566 384395 359778
is_linear=0
shrinkage=0.03


Tree=112
num_leaves=31
num_cat=0
split_feature=85 50 77 120 113 95 93 80 93 83 108 18 83 105 105 120 104 122 95 113 91 114 118 93 69 97 108 108 108 112
split_gain=158.164 67.4862 59.0386 45.4573 43.5886 43.6836 44.3762 43.1654 52.3355 52.5713 50.5379 51.1647 44.2492 43.3691 39.8388 37.797 37.5923 37.2333 35.1812 33.5242 31.8055 31.6864 31.1536 31.0563 28.3747 28.076 27.4738 27.026 25.2402 27.6788
threshold=0.96304830175797929 84.500000000000014 5.5000000000000009 3.3461538461538463 0.26069175401558087 0.5156522212543555 6.4925240426407429 719.57425981891208 -1.9939860895136705 0.071442073994058886 0.00039300181728030016 1.5000000000000002 0.21350559781482212 0.35307172964303041 0.3797958983416741 9.2692307692307718 0.0465533049929149 36583.500000000007 0.70835758634070645 0.69336707546557663 1.1438084681144087 2.6784414796846581 -0.02011615267900901 0.82736593078611287 3.5000000000000004 0.033366077275704002 0.00010182721097578785 2.5982819666204057e-05 4.3662395062575247e-05 1.1135624095666339
decision_type=8 2 2 2 10 10 10 2 10 10 2 2 10 10 10 2 10 10 10 10 10 10 10 10 2 10 2 2 2 10
left_child=1 3 -2 21 -3 17 7 8 12 23 11 16 -7 20 -11 -5 18 22 19 -9 -12 -1 -6 25 -21 -10 -20 -4 -24 -30
right_child=2 4 27 15 5 6 -8 10 9 14 13 -13 -14 -15 -16 -17 -18 -19 26 24 -22 -23 28 -25 -26 -27 -28 -29 29 -31
leaf_value=-0.0064275086523576221 -0.020400461285791937 -0.0064022032461522969 -0.003707911236041383 0.0013198840162735586 0.0044683379527192786 0.0037589017070605571 -0.0059217416074009545 -0.0016489698473720789 0.0049464844550686296 -0.0048370720527462028 0.0010733250551684178 0.008736283152528555 -0.0026408591658060305 0.02221427416282085 0.028239678257240657 -0.0088714904154393696 0.0066687639599065981 0.036268621519620313 0.0010226687799909768 0.0030265709176298975 -0.0039772646221764192 0.0010188401539224304 0.0032022285289193017 -0.0088851503887083412 0.0093369742092527918 -0.0018633923595748161 -0.0035835223763183446 -0.013796949888703955 -0.0057348812028973472 0.0023665983398681138
leaf_weight=2609.4238433000864 329.2042124302825 727.82125662104227 977.74032528686803 2746.6585508338176 4516.3507736861939 3025.0029957240913 939.96098963927943 1178.8794994034106 1291.4398220528383 4090.2955666016787 2151.1872436315753 1068.0495056242216 1427.5973640247248 65.159611246548593 28.133560915011913 366.76798604335636 1343.2138892661314 25.209225015249103 3849.0034630934242 4388.4368063819129 2337.0950539263431 638.71197252208367 1602.8062387568643 254.18391877599061 748.59634362882935 936.30460612499155 1665.6294764518971 314.02934003737755 857.8516615726985 673.74416000791825
leaf_count=346939 148521 47213 141883 119099 121075 78637 39870 48069 51886 133325 39161 18359 32762 1066 641 18529 28742 518 127785 111402 64496 51497 59641 17859 15517 33142 54280 46860 32907 14485
internal_value=5.27121e-05 0.000380838 -0.00914127 -0.00248402 0.000846113 0.000984081 0.000479055 0.000681583 -0.000805886 -0.00250064 0.0015563 0.00243572 0.00170634 -0.00119389 -0.00457715 0.00010702 0.00192178 0.0030081 0.00138023 0.00290799 -0.00155807 -0.00496395 0.00287489 0.000947318 0.00395434 0.00208658 -0.000370563 -0.0062043 0.000575436 -0.00217496
internal_weight=47174.5 45553.5 1620.97 6361.56 39192 38464.1 30788.2 29848.2 11053 6600.36 18795.3 14241.8 4452.6 4553.44 4118.43 3113.43 13173.8 7675.96 11830.5 6315.91 4488.28 3248.14 7650.75 2481.93 5137.03 2227.74 5514.63 1291.77 3134.4 1531.6
internal_count=2046166 1708902 337264 536064 1172838 1125625 896999 857129 348252 236853 508877 404154 111399 104723 133966 137628 385795 228626 357053 174988 103657 398436 228108 102887 126919 85028 182065 188743 107033 47392
is_linear=0
shrinkage=0.03


Tree=113
num_leaves=31
num_cat=0
split_feature=78 67 78 3 78 122 72 26 122 95 95 108 78 51 109 92 108 53 113 9 122 19 109 105 78 53 75 78 4 99
split_gain=148.554 76.4244 52.001 57.5353 51.7191 42.8742 42.3103 42.1355 39.0483 38.3061 35.2747 33.2893 36.9873 33.3075 32.4257 36.4316 43.7635 31.618 30.8689 30.7069 29.3346 29.1648 29.0391 28.958 28.5776 28.195 28.9832 27.7584 27.3833 25.9802
threshold=6.5000000000000009 1.0000000180025095e-35 329.50000000000006 7.5000000000000009 45.500000000000007 324.50000000000006 36.500000000000007 28.500000000000004 8807.5000000000018 0.9049356969065 0.66673397953688751 0.00014984785952525337 160.50000000000003 9148.5000000000018 8.7636139715118841e-05 -3.691331359099586 0.00051043797463340304 78.500000000000014 1.3867169212722283 -37.467720155660288 254.50000000000003 3.5000000000000004 1.9109963325672751e-05 0.018022291741456833 99.500000000000014 27.500000000000004 442.50000000000006 86.500000000000014 61.500000000000007 0.012660602527371148
decision_type=2 2 2 2 2 10 2 2 8 8 8 2 2 2 2 10 2 2 10 2 8 2 2 10 2 2 2 2 2 10
left_child=7 4 3 6 9 20 10 -1 -6 19 24 12 -10 -14 -7 -16 -17 18 -8 22 -4 -22 -2 -13 25 27 -27 -3 -5 -18
right_child=1 2 5 28 8 14 17 -9 11 -11 -12 23 13 -15 15 16 29 -19 -20 -21 21 -23 -24 -25 -26 26 -28 -29 -30 -31
leaf_value=-0.022945297240287873 0.0021888773861166344 0.0013671289678661655 -0.025663385692217898 0.0045777369468715202 0.0084366142066680267 -0.0069432970669070313 0.042186385640003161 -0.0072594727694031726 0.00068826114185356602 -0.0088128626141732325 -0.00054095740859054216 -0.01062232233281315 -0.0058393302501285656 0.016681800152343943 -0.011174193259460121 0.01127970194199561 -0.0092745641159659668 -0.0081677928014407992 0.010699332269591961 -0.0032114490053348856 -0.0039574754507780956 0.0047663083138373852 0.026099273557994806 -0.0012311567843623623 0.0004776223774477293 0.021537263574847674 0.0058581201387606884 0.0084224923152145838 0.017734650629544789 0.0042333842307260708
leaf_weight=285.87131409300491 253.17960914387368 3835.1720747172367 47.517300041858107 3454.1868667323142 439.22480749851093 269.86715177726001 43.987793946638703 342.68750563135836 8277.1607114747167 1088.985031638993 8743.5362097744364 521.17337787430733 1227.3202487556264 57.326550578698516 118.91236943844706 642.8223890135996 182.8195290225558 34.247126488946378 77.022688208147883 4576.4796100480016 3339.0584276728332 380.32587275886908 51.098351520020515 677.53768513444811 5695.4792089210823 111.97707966645248 1271.5409192061052 573.02895604632795 144.30746914912015 398.33698152843863
leaf_count=150184 10963 152197 1968 46573 13566 10739 1246 100602 262199 152643 277575 14846 46118 1704 3595 25878 7065 700 851 425450 132998 8844 1442 14530 129845 3399 25848 11554 671 10948
internal_value=-8.9333e-05 0.000107106 0.00103671 0.00163458 -0.00148259 -0.00162787 0.00101661 -0.0145182 -0.000280029 -0.00373658 0.000894756 -0.00063958 -4.76561e-05 -0.00477356 0.00245999 0.00436842 0.00591774 0.0163714 0.0233648 -0.0025961 -0.00337899 -0.00306022 0.00656125 -0.00534139 0.00198732 0.00347023 0.00720012 0.00229277 0.00512923 -5.87963e-05
internal_weight=47162.2 46533.6 29364.1 23984.5 17169.5 5379.66 20386 628.559 11199.7 5969.74 20230.7 10760.5 9561.81 1284.65 1612.76 1342.89 1223.98 155.258 121.01 4880.76 3766.9 3719.38 304.278 1198.71 11487.2 5791.72 1383.52 4408.2 3598.49 581.157
internal_count=2046741 1795955 852494 650459 943461 202035 603215 250786 352963 590498 600418 339397 310021 47822 58225 47486 43891 2797 2097 437855 143810 141842 12405 29376 322843 192998 29247 163751 47244 18013
is_linear=0
shrinkage=0.03


Tree=114
num_leaves=31
num_cat=0
split_feature=53 90 99 78 53 76 90 94 75 31 93 93 34 57 110 111 53 78 17 78 78 34 72 78 27 86 113 122 111 118
split_gain=138.799 89.1429 45.8592 48.7874 42.0378 39.5883 38.2372 37.7521 33.2908 31.833 28.6282 33.0033 37.6305 31.6342 29.8355 29.5601 27.1039 27.0866 36.8344 27.8776 26.9206 26.8611 26.758 26.001 25.656 25.3526 25.039 24.7317 25.2538 23.819
threshold=6.5000000000000009 2.8105767467449119 0.0097124371355061644 386.50000000000006 27.500000000000004 1437.5000000000002 1.8074555506313428 6.7936542912807214 1368.5000000000002 96.500000000000014 -3.8880249733688408 1.8687458175482659 -69.502652189350769 1038.8500000000004 3.5295675373112348e-05 1.3544822187712238e-05 36.500000000000007 3764.0000000000005 12.500000000000002 152.50000000000003 1135.5000000000002 67.863439677590719 31.500000000000004 23.500000000000004 9.5000000000000018 0.16668559315618139 0.60750175861722455 19858.500000000004 7.2841088772314248e-06 -2.2105625669818152
decision_type=2 8 10 2 2 2 10 8 2 2 10 10 2 2 2 2 2 2 2 2 2 2 2 2 2 10 10 8 2 10
left_child=1 7 3 4 6 -3 8 -1 22 -5 14 12 25 16 24 -14 21 18 19 -4 -11 26 27 -9 -6 29 -13 -2 -29 -12
right_child=2 5 17 9 10 -7 -8 23 -10 20 11 13 15 -15 -16 -17 -18 -19 -20 -21 -22 -23 -24 -25 -26 -27 -28 28 -30 -31
leaf_value=-0.0018873551814813745 0.0061897577059274577 -0.020466539515519033 0.0033341674430846639 -0.01466498508650195 -0.0088533941580465608 -0.0071685888105233221 -0.0028121333615698132 -0.01700228444189902 -0.0059735661961538402 -0.0012918415232591432 0.018621297261980502 0.0079821807129691284 0.00074908595416871423 -0.00033690963319995952 0.0021172371240332712 -0.0071289188483092108 0.006737608080173426 -0.0072805299355630012 0.0095380200638932339 0.00038685389526169208 -0.010688056904328251 0.00038055565569238963 0.017368991614488571 -0.0044976156256981781 0.024083298369765221 -0.00068006942472952179 0.053408938325244244 0.0050692084836219146 -0.00031455354916695412 0.0038296410843142691
leaf_weight=7034.4945187249687 693.58531134971417 349.32799898181111 6424.7325971371029 239.49659293424338 22.298946281662211 487.63452791376039 4975.2556775675621 248.28849462373182 668.36322880536318 1432.9148843530566 104.00503754429519 41.546818024944514 743.73974619084038 1601.701033541467 195.8551911553368 1004.0654285238124 2243.3643821456935 261.67730042058975 611.37882753275335 5246.6370888822712 334.97706778114662 1255.7862357624108 83.466497587971389 378.52805999713019 140.02231623092666 1491.6476962454617 11.050571656553073 879.59741080913227 6901.5819303169847 1028.9410478384234
leaf_count=498158 21242 133591 137120 15604 908 77068 316246 73542 19572 52772 2441 2384 27560 33702 2421 27973 48010 13555 7171 141615 23203 30904 1403 30527 3688 30421 567 50969 196569 25358
internal_value=-6.98942e-05 -0.00353991 0.000693688 -2.30264e-05 0.000351828 -0.0128074 -0.00069369 -0.00251979 0.000449542 -0.00451046 0.00185367 0.00153762 -0.000379463 0.00316294 0.0101223 -0.00378403 0.00473949 0.00218392 0.00238843 0.00200999 -0.00309734 0.00130091 0.000954355 -0.0095462 0.0194293 0.00189064 0.0213341 0.000782544 0.0002969 0.00526338
internal_weight=47136 8498.27 38637.7 26093.3 24085.9 836.963 14201.9 7661.31 9226.59 2007.39 9884.02 9525.85 4372.4 5153.45 358.176 1747.81 3551.75 12544.4 12282.7 11671.4 1767.89 1308.38 8558.23 626.817 162.321 2624.59 52.5974 8474.76 7781.18 1132.95
internal_count=2046264 812886 1233378 933917 842338 210659 606001 602227 289755 91579 236337 229320 113753 115567 7017 55533 81865 299461 285906 278735 75975 33855 270183 104069 4596 58220 2951 268780 247538 27799
is_linear=0
shrinkage=0.03


Tree=115
num_leaves=31
num_cat=0
split_feature=88 78 3 78 90 18 76 93 34 19 62 78 53 72 122 92 110 6 78 122 9 93 61 97 75 80 53 122 54 90
split_gain=145.387 92.4278 43.8866 49.0481 43.1335 40.7119 39.3444 37.0903 30.1168 26.7308 25.7092 24.5173 38.9204 30.7367 24.2794 24.0793 30.3007 25.6593 22.4307 32.8733 28.2844 32.6991 28.4435 27.2362 27.6773 25.9115 22.3874 22.3241 21.988 26.8822
threshold=5.1472916666666668 6.5000000000000009 1.5000000000000002 1192.5000000000002 1.7039194171348315 1.0000000180025095e-35 1538.5000000000002 5.2023681018274015 2551.313865105998 19.500000000000004 227.50000000000003 102.50000000000001 14.500000000000002 18.500000000000004 19858.500000000004 1.442869467780904 0.0001006103063564109 1573.5000000000002 124.50000000000001 3219.5000000000005 -35.308926402998956 1.7845237537127341 29.500000000000004 0.20012322858903267 2304.5000000000005 -865.6595690870746 19.500000000000004 18293.500000000004 40.500000000000007 2.1227671451355667
decision_type=8 2 2 2 10 2 2 8 2 2 2 2 2 2 8 10 2 2 2 8 2 10 2 10 2 2 2 8 2 10
left_child=2 -2 4 5 11 8 -6 -3 10 -5 18 12 13 -1 26 17 27 -7 20 -20 -4 25 -23 24 -24 -22 -14 -17 -26 -30
right_child=1 7 3 9 6 15 -8 -9 -10 -11 -12 -13 14 -15 -16 16 -18 -19 19 -21 21 22 23 -25 28 -27 -28 -29 29 -31
leaf_value=9.0289760553012281e-05 -0.019844296338547309 -0.0022378434885588559 0.0061179724812853971 -0.0059496030005628539 -0.0091597776737295262 0.00053795468697175725 -0.0016051980101020897 -0.0087615744558576861 -0.0049896442962953438 0.010893980400961029 0.019294324811134137 -0.0010389553895275218 0.027880777348008284 0.022703978864514019 0.0039630572421465171 0.030107061230340546 0.0044005562949208897 0.017385140968523435 0.010980247576874672 -0.00013012016211354498 0.0037244965076747307 0.018630554473960347 0.0018166710807375746 0.015757365960553504 0.00084792975665034891 -0.0038180234235277947 0.0059782971316761097 0.010274673695335726 0.0020326234538247459 0.038265348154713275
leaf_weight=6044.4645762779983 347.13363906729501 3208.8516505691223 1546.3748626958113 1037.3895661379211 682.9509640801698 1296.5055092514958 6368.4113097969675 1035.6027557330672 672.2127194290515 87.74618065636605 67.517426899634302 5387.2679268866777 71.18367175408639 49.58388751372695 2143.9247243667487 53.149753916077316 1584.2484201220796 81.84086901973933 242.55952709540725 7525.9021665984765 573.80002474505454 96.949890537536703 4571.1232282260899 132.81036664452404 55.52102426905185 1402.6684970477363 101.68423570552841 586.17344270762987 29.326463382691145 47.41966574639082
leaf_count=276789 174239 267169 25745 57004 107806 27612 334119 116802 12380 1337 1453 152584 1691 842 50930 1168 20734 510 6272 195693 15786 8346 117150 2833 1133 53815 2024 11713 397 713
internal_value=2.33185e-07 -0.00506838 0.00054784 0.00149238 -0.000434955 0.00182637 -0.00234286 -0.003838 0.00121055 -0.00459363 0.00146783 0.000540553 0.00155227 0.000292747 0.00485752 0.00472101 0.00664929 0.0015975 0.00138772 0.000223625 0.00245641 0.00163312 0.00293858 0.00260509 0.00221737 -0.00162444 0.0155275 0.0121443 0.0154949 0.0253912
internal_weight=47132.3 4591.59 42540.7 21691.2 20849.5 20566.1 7051.36 4244.45 16964.2 1125.14 16292 13798.1 8410.84 6094.05 2316.79 3601.92 2223.57 1378.35 16224.5 7768.46 8455.99 6909.62 4933.15 4836.2 4703.39 1976.47 172.868 639.323 132.267 76.7461
internal_count=2046789 558210 1488579 561794 926785 503453 441925 383971 441716 58341 429336 484860 332276 277631 54645 61737 33615 28122 427883 201965 225918 200173 130572 122226 119393 69601 3715 12881 2243 1110
is_linear=0
shrinkage=0.03


Tree=116
num_leaves=31
num_cat=0
split_feature=77 88 100 78 78 78 83 93 19 55 65 78 72 56 75 69 92 59 93 73 122 98 122 53 122 27 108 65 75 59
split_gain=126.729 69.4731 44.3243 38.397 58.4827 79.4349 38.379 36.8407 36.4052 31.6971 31.3912 30.8503 37.8208 31.8028 30.7038 30.4128 30.3222 25.9343 28.2297 27.7313 26.1973 25.3705 23.8484 29.6758 26.0424 31.2075 23.8071 29.6612 37.239 34.7929
threshold=5.5000000000000009 5.0009803921568636 0.011907488602403858 225.50000000000003 69.500000000000014 94.500000000000014 0.01352494626606302 5.0216189157710103 8.5000000000000018 75.500000000000014 15.500000000000002 3251.5000000000005 277.50000000000006 155.50000000000003 2240.5000000000005 2.5000000000000004 -2.1356309008854013 -520.78192038056102 1.0885409545662619 9.5000000000000018 9612.5000000000018 0.035650315711433213 608.50000000000011 187.50000000000003 3219.5000000000005 269.50000000000006 0.00090607221090364151 7.5000000000000009 2304.5000000000005 6679.5493832844268
decision_type=2 8 10 2 2 2 10 8 2 2 2 2 2 2 2 2 10 2 10 2 8 10 10 2 10 2 2 2 2 2
left_child=6 2 3 4 10 -6 -1 -3 11 17 21 12 13 -5 16 -4 -12 20 19 -19 -7 -2 -15 24 25 -24 27 -17 -29 -30
right_child=1 7 15 8 5 9 -8 -9 -10 -11 14 -13 -14 22 -16 26 -18 18 -20 -21 -22 -23 23 -25 -26 -27 -28 28 29 -31
leaf_value=-0.020786219932255625 -0.00086828888205348856 -0.0016899764598641736 0.0016698310696334729 -0.012381470973120378 0.0048492865346534183 0.025674845024327288 -0.0068686180060383217 -0.007881153124815023 0.0090122709727673816 0.0044581327553943999 0.012698309692899215 -0.013437605985713459 0.03607673708746488 -0.0026384445418221871 0.034951934783280236 -0.0040972877526402936 0.00064203146167191765 -0.00035282621932570401 0.00025458001742470775 -0.0065975266680616982 0.0025451264332578215 -0.0048035750370881251 0.016751755196612639 0.0093009385184427331 -0.002840604524588672 -0.0089243767655579915 7.0916195217432697e-05 0.015832764093392647 0.0005109933764256765 0.019410925532478359
leaf_weight=279.39529390481766 8662.5238388570724 3052.2466004757443 5449.4977272343822 252.6141784209758 5209.6485167257488 40.45642289891839 500.40821263601538 1204.351099795429 262.04202319076285 1463.1687869178131 219.65851490665227 211.20266844378784 18.514130229130387 4798.0833026366308 22.006202645599842 145.26412446470931 1146.5295199474785 1243.6316603664309 5395.3494551829062 1314.9229980697855 1552.8302861033008 1772.7389330349397 136.75292776711285 349.29077253118157 900.94155166205019 57.182415917515755 403.91183978691697 527.84330719150603 416.13294788729399 106.15514925867319
leaf_count=146236 524717 256513 142453 13717 109824 761 82905 141346 4781 18390 4672 15233 344 161382 437 3513 30574 37258 115750 32805 30270 92750 4614 12729 28535 1475 6592 8357 13499 2923
internal_value=-1.27286e-06 0.000201184 0.000570782 0.000133869 0.000629668 0.00179911 -0.0119558 -0.00344888 -0.00185523 0.00035435 -0.000974717 -0.0022851 -0.00191344 -0.0020494 0.00325584 0.00274045 0.0026197 -0.000276585 -0.000976762 -0.00356879 0.00321091 -0.00153879 -0.0016217 0.00175376 -0.000685305 0.00914705 0.00637192 0.00849181 0.0102444 0.00450005
internal_weight=47115.3 46335.5 42078.9 35030.1 28043.5 16220 779.804 4256.6 6986.62 11010.4 11823.5 6724.58 6513.38 6494.87 1388.19 7048.81 1366.19 9547.19 7953.9 2558.55 1593.29 10435.3 6242.25 1444.17 1094.88 193.935 1599.31 1195.4 1050.13 522.288
internal_count=2045355 1816214 1418355 1241018 998208 345058 229141 397859 242810 235234 653150 238029 222796 222452 35683 177337 35246 216844 185813 70063 31031 617467 208735 47353 34624 6089 34884 28292 24779 16422
is_linear=0
shrinkage=0.03


Tree=117
num_leaves=31
num_cat=0
split_feature=77 94 92 9 95 78 78 88 95 94 118 108 51 105 19 108 67 3 108 78 107 37 113 88 9 84 61 71 46 80
split_gain=133.695 66.8707 58.0107 83.026 69.4384 52.9868 49.8522 41.2196 38.6224 38.3014 36.798 34.5392 35.7392 33.4002 30.899 30.8335 64.9014 34.9673 30.0424 29.8753 29.5482 38.6962 29.0136 28.7338 28.562 28.5263 27.3125 27.1617 26.4325 26.427
threshold=5.5000000000000009 5.8120498657247639 1.591791436258718 -28.608925340417446 0.67442084078711995 569.50000000000011 20.500000000000004 0.60019280205655556 0.24019230769230773 4.97129292059455 -2.2674407959356229 0.00014525396143945366 437.50000000000006 0.033343085625121914 45.500000000000007 0.00051043797463340304 26.500000000000004 1.0000000180025095e-35 0.0001370131743356647 45.500000000000007 0.00013874063204220719 12.500000000000002 0.81560404681739496 1.2750358166189115 -96.036196546791885 0.097579514864774688 896.50000000000011 6.5000000000000009 53.500000000000007 -7862.5702472737903
decision_type=2 8 10 2 10 2 2 8 10 10 10 2 2 10 2 2 2 2 2 2 2 2 10 10 2 10 2 2 2 2
left_child=8 2 3 5 9 20 -3 25 -1 10 -4 12 -8 -5 -7 16 17 -12 19 -9 21 24 -20 28 29 -6 -25 -19 -18 -2
right_child=1 6 4 13 7 14 11 18 -10 -11 15 -13 -14 -15 -16 -17 23 27 22 -21 -22 -23 -24 26 -26 -27 -28 -29 -30 -31
leaf_value=-0.023283916188010088 0.023030380165389878 -0.011142077654011921 -0.0068085932592041459 -0.0011109603461924823 -0.00063420992669953118 -0.0046401866573246714 -0.005223696348025021 -0.0041330684155169864 -0.0081872715136443557 0.00069967228322807308 0.0024092550617051188 -0.0047413314144773983 0.0021347462789806596 -0.004638844312714459 0.025618980672181425 0.001075002918716211 0.028625554148818639 0.011131923760465217 -0.012216990787048713 0.001472560404590401 0.0073143212746968785 -0.001914568048416254 -0.0029965928252316523 0.024353420991758513 0.0014930549498949667 0.0044690726754273167 -0.0095918736908165315 0.0051806966720820526 -0.0020669777412507858 0.0054452583878809831
leaf_weight=209.61799696146045 76.58307124581188 583.88816018158104 248.2794583379291 6177.9686081296531 1788.3104736991227 1350.0767813394777 806.41142576979473 1239.3481514233863 564.40963846328668 3583.8366149283247 2465.1856798672816 2253.184141641017 2212.4887725720182 3965.2443575318903 26.158209172077477 1554.3835321719525 193.19707254646346 1047.0951304170303 379.73042195721064 2734.5415152176283 960.69473741715774 1911.6752036130056 1552.4258664926747 29.695958688855171 3298.5427138260566 2188.729552912293 50.75263031758368 2064.6956885284744 28.199088442139328 1567.5626766253263
leaf_count=105223 2867 120171 12646 336012 53389 66510 67395 132753 123908 120403 119997 65551 80244 153061 253 28953 3865 35432 19704 82636 9190 32166 50728 535 98713 54130 1392 39267 625 28074
internal_value=-7.39816e-05 0.000133204 0.000566743 -0.000620899 0.00165241 0.0014439 -0.00286182 -0.000182993 -0.0123989 0.00326198 0.00445621 -0.00193508 0.000163765 -0.00249171 -0.00397439 0.00483679 0.00582966 0.00508523 -0.00177228 -0.00027868 0.00239999 0.00170638 -0.00483555 0.0192771 0.00310736 0.00217642 0.00363017 0.00719789 0.024757 0.0063317
internal_weight=47112.9 46338.9 40482.9 19334.5 21148.4 9191.29 5855.97 9883.09 774.028 11265.3 7681.48 5272.08 3018.9 10143.2 1376.23 7433.2 5878.82 5576.98 5906.05 3973.89 7815.06 6854.36 1932.16 301.845 4942.69 3977.04 80.4486 3111.79 221.396 1644.15
internal_count=2045793 1816662 1483301 726846 756455 237773 333361 393340 229131 363115 242712 213190 147639 489073 66763 230066 201113 194696 285821 215389 171010 161820 70432 6417 129654 107519 1927 74699 4490 30941
is_linear=0
shrinkage=0.03


Tree=118
num_leaves=31
num_cat=0
split_feature=50 1 78 78 4 78 78 78 78 92 100 69 78 122 92 53 52 90 122 101 94 107 78 41 53 103 90 102 79 79
split_gain=138.498 62.5947 40.2678 37.8379 46.2413 36.3846 39.9097 33.3504 36.1388 32.3342 31.438 30.7782 29.4746 28.9211 28.7293 34.0375 35.5805 28.4341 26.2292 26.6909 25.3559 26.3955 24.332 23.8962 24.4092 31.1803 25.1172 23.5523 23.397 22.9874
threshold=17.500000000000004 64.500000000000014 16.500000000000004 3764.0000000000005 70.500000000000014 118.50000000000001 67.500000000000014 150.50000000000003 69.500000000000014 -2.1916627329651837 0.035785429709732509 526.50000000000011 4.5000000000000009 869.50000000000011 5.4147311596224288 37.500000000000007 10.500000000000002 2.9058881312839486 324.50000000000006 0.03924135099065805 5.8413454032050298 0.00010393708095289222 94.500000000000014 14.500000000000002 30.500000000000004 0.020415475398328449 2.5964695027195028 0.052716651542649734 620.5500000000003 845.1500000000002
decision_type=2 2 2 2 2 2 2 2 2 10 10 2 2 10 10 2 2 10 8 10 10 2 2 2 2 10 10 10 2 2
left_child=12 2 17 4 7 6 14 8 9 29 -11 -5 -1 18 15 16 -4 -2 -9 -20 21 -15 23 24 -10 -26 -27 -8 -17 -3
right_child=1 3 5 11 -6 -7 27 13 22 10 -12 -13 -14 20 -16 28 -18 -19 19 -21 -22 -23 -24 -25 25 26 -28 -29 -30 -31
leaf_value=-0.025327765009419075 -0.003228732137174391 0.0016363501382283406 0.017296455455108665 -0.011505051219650862 0.0092378564025326852 -0.0036201307876768734 0.0024749536836388545 -0.020910833209318695 0.0035714726680710503 -0.0013200314610669213 0.0074353840865914742 0.028479998439274401 -0.010107173801161716 -0.00071844404536014212 -0.004672682619479414 0.028508356451834308 -0.0011704907922308943 -0.01248039825158035 -0.001188728112800953 0.0083422210689118748 -0.0070226302656132885 0.0062076679020089849 0.0018582909501170045 -0.0090396008252122406 0.013241944692929341 0.0062133197322608042 -0.011412428990101043 -0.0048860598645342713 0.0055863323292851264 0.011605533890707441
leaf_weight=166.64605557662435 999.15643992892001 541.36194217507727 90.322908824542537 294.79423576919362 621.13901219656691 3287.6204923400655 4994.0735091022216 54.340650197118521 2250.3884389447048 5140.2972030218225 392.66007929365151 13.688873615115879 385.60976639867295 775.62609291635454 1869.1669224710204 45.867350400891155 6337.1987777992617 425.03625044354703 8621.3925466458313 267.85372435860336 214.30482598394156 1360.1375227938406 5636.1899407617748 101.28180078417063 661.91005191020668 489.36141068302095 80.614290591329336 419.80671311635524 207.67541651055217 335.25808419380337
leaf_count=109181 204345 13044 6871 17801 6898 125161 146355 1936 37659 189949 9219 180 72345 25708 134847 1725 403029 115676 242078 5481 6571 34556 89080 814 9983 6010 1392 10783 8610 7547
internal_value=-1.88802e-05 0.000159162 -0.00118441 0.00106012 0.00117787 -0.000783276 -0.000114328 0.000990236 0.00188756 0.000157098 -0.000692529 -0.00930477 -0.0148861 -0.000251862 -0.00139025 -0.000469113 -0.000897741 -0.0060238 -0.00103023 -0.00089701 0.00270624 0.00369657 0.00308984 0.00502153 0.00544288 0.00883327 0.00364286 0.00190018 0.0102042 0.0054932
internal_weight=47080.8 46528.5 18675.9 27852.6 27544.1 17251.7 13964.1 26923 15629.3 6409.58 5532.96 308.483 552.256 11293.7 8550.23 6681.06 6427.52 1424.19 8943.59 8889.25 2350.07 2135.76 9219.75 3583.56 3482.27 1231.89 569.976 5413.88 253.543 876.62
internal_count=2044834 1863308 1157402 705906 687925 837381 712220 681027 364697 219759 199168 17981 181526 316330 555082 420235 409900 320021 249495 247559 66835 60264 144938 55858 55044 17385 7402 157138 10335 20591
is_linear=0
shrinkage=0.03


Tree=119
num_leaves=31
num_cat=0
split_feature=55 112 59 95 78 67 48 122 97 79 78 78 94 92 92 5 78 78 79 66 76 121 64 50 78 1 122 51 105 82
split_gain=121.271 59.5517 44.698 40.1398 38.1333 36.7575 45.3976 36.2963 35.2907 35.0932 33.7391 33.3538 33.3527 37.8356 35.4073 30.6976 30.6221 42.2687 29.3056 27.9921 27.8582 26.6587 31.9912 26.1616 25.8111 25.6114 25.4306 24.2709 24.2186 24.1045
threshold=1.0000000180025095e-35 0.20805549626467454 -38.42703984234889 0.5675760240841593 156.50000000000003 39.500000000000007 137.50000000000003 5015.5000000000009 0.0175456705347183 -1073.5499999999995 2.5000000000000004 13.500000000000002 5.0243900161337995 1.591791436258718 -2.4901954515050915 30.500000000000004 71.500000000000014 94.500000000000014 28599.750000000007 8.5000000000000018 733.50000000000011 3.5000000000000004 15.500000000000002 85.500000000000014 27.500000000000004 7845.0000000000009 9326.5000000000018 11646.500000000002 0.025502133225755192 0.35823394189765462
decision_type=2 10 2 10 2 2 2 8 10 2 2 2 10 10 8 2 2 2 2 2 2 2 2 2 2 2 8 2 10 10
left_child=2 11 -1 5 7 9 15 -5 25 29 -4 -2 13 14 23 -7 -9 -18 21 -19 -15 -10 -23 -11 -25 -6 -26 -24 -16 -3
right_child=1 3 10 4 8 6 -8 16 18 12 -12 -13 -14 20 28 -17 17 19 -20 -21 -22 22 27 24 26 -27 -28 -29 -30 -31
leaf_value=0.0079745950713025638 -0.011952189807083213 -0.01265999829227217 -0.02337234960321118 0.0084033314683600521 -0.0064571131933026469 0.0072071898714435242 -0.0029034667363725388 -0.00075722247140209281 -0.0011945740067466478 -0.0033874203859882773 -0.0092923428137453457 -0.0022212259023004356 -0.0011802520918016016 0.025133622950070586 0.0016937500728859075 0.022107509988054327 0.0041447480386636948 -0.0011485942155579308 -0.01307939093111361 0.0037161627795599473 0.0049720500392947814 0.010110848416531171 -0.012585812782247871 0.024472718500463432 0.018514321357414824 0.02175873018970307 0.0039121683213029224 0.0039738938835846968 -0.0032544293675824342 0.0034915261409646328
leaf_weight=104.05118396726903 335.05440262227785 251.80102601740509 197.00411853613332 525.93701457756106 1465.3667755057104 325.82341893110424 224.77363581582904 9458.305692827329 6273.5214262199588 362.24001106410287 701.37830316997133 4769.9046276977751 2569.5738774603233 58.337897887802683 1908.5966433305293 204.5015693907626 3720.3923044512048 4343.5847062570974 167.1782377534546 1404.5867654886097 3017.1021688326728 427.93721155356616 122.41159646585584 56.616296400083229 109.03663920331746 24.762329513207078 1986.6511366749182 208.17848124960437 1659.8987033979502 120.3037151391618
leaf_count=14981 92301 10193 119285 16348 47236 9750 7266 483467 177068 19207 155070 295173 95860 4659 80281 5506 73749 90155 11030 21142 87688 11875 3586 3063 2853 227 43222 6521 54310 3199
internal_value=-4.2024e-05 0.000182961 -0.0103387 0.000563537 -7.09779e-05 0.00195208 0.0083525 0.000667091 -0.00172272 0.00154938 -0.0124922 -0.00287097 0.00183832 0.00268541 0.00131237 0.0131058 0.000449954 0.00165559 -0.000851058 4.23235e-05 0.00539467 -0.000551257 0.00474237 0.00403522 0.00528943 -0.00591704 0.00471416 -0.00225403 -0.000609247 -0.00746106
internal_weight=47104.8 46102.4 1002.43 40997.4 28142.2 12855.3 755.099 19452.8 8689.36 12100.2 898.382 5104.96 11728.1 9158.48 6083.04 530.325 18926.9 9468.56 7199.23 5748.17 3075.44 7032.05 758.527 2514.54 2152.3 1490.13 2095.69 330.59 3568.5 372.105
internal_count=2046271 1756935 289336 1369461 942404 427057 22522 684861 257543 404535 274355 387474 391143 295283 202936 15256 668513 185046 210080 111297 92347 199050 21982 68345 49138 47463 46075 10107 134591 13392
is_linear=0
shrinkage=0.03


Tree=120
num_leaves=31
num_cat=0
split_feature=77 113 109 60 88 109 107 106 9 60 108 118 115 89 48 67 78 50 122 122 62 108 37 69 63 103 101 78 108 48
split_gain=117.834 55.2643 47.1732 39.7806 39.4576 39.445 37.7514 37.8288 37.5894 43.4831 40.0654 36.5246 34.4955 33.5862 33.334 37.3208 29.0905 28.4919 27.3317 46.7918 26.4416 43.6792 35.5995 31.5558 31.3067 25.9963 26.4064 24.4961 24.1518 29.9352
threshold=5.5000000000000009 0.51213772257359869 0.0002012493276366717 6629.8943160669323 0.66666666666666685 0.00027515982773506877 0.00016460374078471404 0.29583333333333339 -77.572056169743533 2389.4116398676542 4.1884324379943825e-05 -2.2105625669818152 5.121944350568886 5.0452991452991469 137.50000000000003 51.500000000000007 569.50000000000011 18.500000000000004 8717.5000000000018 8532.5000000000018 190.50000000000003 0.00014525396143945366 13.500000000000002 4.5000000000000009 3.5000000000000004 0.014085674137633225 0.0024132732211118823 62.500000000000007 0.00011002093998846438 1.5000000000000002
decision_type=2 10 2 2 8 2 2 10 2 2 2 10 10 8 2 2 2 2 8 10 2 2 2 2 2 10 10 2 2 2
left_child=13 2 3 16 6 8 7 20 -6 10 -10 -11 25 -1 15 -8 17 -2 19 -13 22 23 -3 -22 -24 26 -7 -15 -20 -30
right_child=1 4 -4 -5 5 12 14 -9 9 11 -12 18 -14 27 -16 -17 -18 -19 28 -21 21 -23 24 -25 -26 -27 -28 -29 29 -31
leaf_value=-0.0080975060662001556 -0.010435331157875158 0.0015815644577622827 -0.0090908836237435387 0.0069709095908125733 0.0039231746601895642 -0.0033009340031457494 0.0040162674770160738 0.051457825819211031 -0.00041311487036713819 -0.010524040686598134 -0.00509792034074244 0.0070311864538631502 0.0074176527351461985 -0.025022227653855259 -0.0034549435946170134 0.014685201832901812 -0.018107600012527793 -0.0012604523297447333 0.0026533332513161683 0.053132009810969737 0.0067906646327325427 -0.0023264171065416903 0.017077745387125677 0.057144629394520599 -0.002867820732373844 -0.0059618617923271593 0.0046700926103763725 0.027692669666132087 -0.0056168096161057215 0.0014368427471801502
leaf_weight=574.77097974799108 319.10761901328806 8255.8640404300531 809.39895383932162 466.74976720334962 2374.9047304862179 1282.394109928282 4041.6646025551017 8.2514658500440401 7068.4732699390734 215.11113689222839 2135.912533243536 365.56863869866356 269.7296672728844 173.33109744591638 485.79524203808978 314.47663092846051 95.45296544348821 5116.3744796923129 4946.7997999765212 16.175821792567149 21.102272572927177 55.449751002714038 67.804548559710383 23.213670508004725 2696.9245988614857 1986.1050111176446 522.3787408946082 4.3247697222977868 826.5920896056341 1548.1337410861161
leaf_count=126961 56501 250994 50569 22278 53877 49708 66856 112 360956 7367 117007 9989 3689 101803 11799 6962 8252 376334 168381 272 883 1922 903 1150 45730 63827 12583 387 35839 32458
internal_value=-1.13954e-05 0.000180447 -0.00231522 -0.00139402 0.000610453 -0.000169986 0.00176138 0.000798534 0.000390413 -0.000100578 -0.00150242 0.00152885 -0.00285801 -0.0117486 0.00397125 0.00480243 -0.00210558 -0.00180819 0.00187203 0.0096463 0.000737834 0.0157387 0.00059496 0.0362867 -0.00234871 -0.00359795 -0.000987248 -0.023016 0.00146038 -0.00102503
internal_weight=47088.3 46335.9 6807.08 5997.68 39528.8 23558.3 15970.5 11128.6 19497.7 17122.8 9204.39 7918.38 4060.61 752.427 4841.94 4356.14 5530.94 5435.48 7703.27 381.744 11120.4 99.7657 11020.6 44.3159 2764.73 3790.88 1804.77 177.656 7321.53 2374.73
internal_count=2046349 1817198 513934 463365 1303264 915953 387311 301694 786146 732269 477963 254306 129807 229151 85617 73818 441087 432835 246939 10261 301582 3955 297627 2033 46633 126118 62291 102190 236678 68297
is_linear=0
shrinkage=0.03


Tree=121
num_leaves=31
num_cat=0
split_feature=92 54 78 122 122 78 69 78 63 92 38 47 108 85 80 123 92 61 109 109 59 105 72 75 91 78 75 73 104 51
split_gain=120.656 60.27 47.6752 43.2053 52.878 47.9936 42.9659 50.268 41.406 37.8257 56.4493 41.6462 35.0358 50.5493 44.0851 51.7932 51.274 51.029 70.9565 51.3512 50.1199 38.2063 35.6499 34.6662 32.6314 31.5987 35.1014 33.2666 31.9263 31.0472
threshold=7.1282061932012111 3.5000000000000004 6.5000000000000009 5660.5000000000009 376.50000000000006 3251.5000000000005 11.500000000000002 365.50000000000006 70.500000000000014 4.4181131041826154 10.500000000000002 1.5000000000000002 0.00016893958849430643 0.66166218544219235 613.87462062351733 1.0000000180025095e-35 3.1415417595330548 110.50000000000001 7.6553260306718614e-05 1.5815115365175495e-05 -234.81102760854836 0.35307172964303041 34.500000000000007 609.50000000000011 -1.1488999324519924 107.50000000000001 1133.5000000000002 2.5000000000000004 0.0060920216588575314 2265.5000000000005
decision_type=8 2 2 8 10 2 2 2 2 10 2 2 2 10 2 2 10 2 2 2 2 10 2 2 10 2 2 2 10 2
left_child=1 -1 -2 4 -3 6 7 8 12 10 11 23 14 21 20 16 -16 19 -19 -17 25 -14 -18 -6 -12 26 -5 -27 -28 -24
right_child=2 3 -4 5 9 -7 -8 -9 -10 -11 24 -13 13 -15 15 17 22 18 -20 -21 -22 -23 29 -25 -26 27 28 -29 -30 -31
leaf_value=-0.0028423908602603076 -0.023582935646800644 -0.011452989071223149 -0.0066936451326382179 0.0019686796802466456 0.026251332558709768 -0.0129099123322354 0.0052019914817271265 -0.003321961531278725 0.0073528110129486846 0.0026319008276068996 -0.0045560719930854941 0.04124749773343659 0.0010178872481512336 -0.0037832286713221116 -0.0070239528586021503 0.0062615088137950694 0.0012676792841011611 0.001317029133340276 0.014601149910719298 0.020149003644502672 -0.0025613449191320276 0.023301637860032972 0.04140204601187774 0.0047342234719955989 0.011122219126377703 0.010083101628328241 0.0062426267017443209 -0.0012743238185679258 0.023181795214648412 -0.0023237646956458928
leaf_weight=4870.2031010099454 171.20916275959462 159.59018303779885 1093.7973805470392 2941.1262877129484 122.74729248683434 235.12987658148631 1698.510627543088 3103.8056054795161 808.00828809756786 1098.6849146668101 204.38093440979719 65.91886612190865 2668.0731611864176 3680.2676456958288 694.26747252407949 986.37467975437175 8153.9776890118374 3284.9347218812909 401.88637423585169 315.24969778908417 5196.4726570483763 66.115708484314382 32.199217643588781 148.40608766674995 275.43678816966712 242.51401349995285 476.78900649212301 3727.3516891580075 124.12880034931004 23.237566760741174
leaf_count=508173 109515 5813 107128 74990 6173 15390 39219 125165 11085 32569 4326 1827 49862 108626 25128 45654 307627 75847 7797 9320 249207 1188 505 4629 8618 6878 9429 92169 1998 389
internal_value=5.79467e-05 0.000310808 -0.00906333 0.000686253 0.00489859 0.000460711 0.000543764 0.000328826 0.000664286 0.00628715 0.0111574 0.0204782 0.000499503 -0.00148988 0.000979413 0.00214721 0.000775182 0.00459285 0.00278289 0.00968925 -0.0002975 0.00159828 0.00143863 0.0147737 0.00446585 0.00126921 0.00332701 -0.000568702 0.00990409 0.0243975
internal_weight=47070.8 45805.8 1265.01 40935.6 2075.17 38860.4 38625.3 36926.8 33823 1915.57 816.89 337.072 33015 6414.46 26600.5 13892.1 8903.68 4988.45 3686.82 1301.62 12708.4 2734.19 8209.41 271.153 479.818 7511.91 3542.04 3969.87 600.918 55.4368
internal_count=2046244 1829601 216643 1321428 63955 1257473 1242083 1202864 1077699 58142 25573 12629 1066614 159676 906938 472267 333649 138618 83644 54974 434671 51050 308521 10802 12944 185464 86417 99047 11427 894
is_linear=0
shrinkage=0.03


Tree=122
num_leaves=31
num_cat=0
split_feature=50 85 100 93 77 78 10 102 78 78 80 60 108 72 108 77 78 80 93 79 93 76 10 115 111 69 59 110 123 115
split_gain=114.618 59.5004 41.5322 42.2828 38.506 37.0641 41.5247 37.1446 35.1058 97.0896 38.0911 37.715 41.2814 39.2069 34.5933 32.8482 32.0474 30.8111 57.1702 35.2536 30.5145 29.9967 29.1651 27.6973 26.0332 25.5189 42.8596 25.4889 25.4028 25.3753
threshold=17.500000000000004 0.93348082595870219 0.01515789742411478 6.4925240426407429 23.500000000000004 3251.5000000000005 -11912.417620272669 0.066732154551408004 107.50000000000001 69.500000000000014 -865.6595690870746 7500.0602463698124 0.00057530256645853598 5.5000000000000009 7.2102147121711415e-05 12.500000000000002 4.5000000000000009 299.80861321549435 4.7009758094684218 1566.2500000000002 2.4518039953275803 12778.500000000002 1447.5997842849115 0.65033539731682166 7.1437844480759954e-06 1.5000000000000002 1489.4646566956158 7.3613467353769726e-05 1.0000000180025095e-35 3.0026881720430114
decision_type=2 8 10 10 2 2 2 10 2 2 2 2 2 2 2 2 2 2 10 2 10 2 2 10 2 2 2 2 2 10
left_child=16 2 3 5 -3 6 -2 8 9 10 15 -10 13 -13 -6 24 -1 -12 19 -19 25 -20 27 -14 -8 -15 -27 -4 -28 -30
right_child=1 4 22 -5 14 -7 7 -9 11 -11 17 12 23 20 -16 -17 -18 18 21 -21 -22 -23 -24 -25 -26 26 28 -29 29 -31
leaf_value=-0.025151868822907104 0.0075617825948125486 -0.0094143939404334274 0.0033137947877699765 -0.0055561295309133566 0.0026056852360505007 -0.010039602649684632 0.050002376326311916 -0.0038416412040494646 -0.0018674895455865175 0.003942110711915945 -0.0035057371110417375 -7.8699411511681122e-05 -0.014135959734248265 0.0038872120310014546 -0.010454133784153084 0.0036745828671626447 -0.0088720176697300781 0.004345045676841134 -0.0027105548439138464 -0.0026384240397511068 0.00401477195146653 0.026048714231808542 0.0072476974491978673 -0.0014223699604533956 0.0059647375003494818 -0.0065968452163160645 -0.013223682471599756 -0.0010425914890178703 0.03482494149189598 0.0073050344533323146
leaf_weight=154.45623585046269 685.41362143307924 924.86778332223184 3319.2041293535149 1186.1092342868214 696.73987649567425 311.31286386493593 20.367979172151536 1992.7931418227963 9484.4879969526082 7290.6939169485122 3132.9311550140847 1988.554107456468 167.48788562603295 157.29112346470356 241.75266582740005 1060.26042055781 375.75209845521022 2807.9900347280782 3917.2350387823535 842.61302161798812 1581.1590630561113 27.952292354311794 1029.5094664087519 1472.4743869975209 26.04299820959568 43.432023794390261 11.302392127923666 1896.3930471224012 133.24140645377338 42.568614009767771
leaf_count=109536 8963 176590 112392 73558 59360 19056 1612 63722 288548 157215 208968 45838 7874 3525 16263 39620 72655 166584 244611 36630 42531 747 13681 27322 861 970 387 41873 3878 283
internal_value=-1.32192e-06 0.000157569 0.000377107 7.82895e-06 -0.00508746 0.000185968 0.000273619 0.000134602 0.000366766 0.00122005 -0.000457722 -0.000715359 0.00123675 0.00289427 -0.000796055 0.00482877 -0.0138052 -0.00100502 2.80417e-05 0.00273175 0.00588937 -0.00247408 0.00264494 -0.00275982 0.0282746 0.0133835 0.0196424 0.00173033 0.0257462 0.0285479
internal_weight=47022.4 46492.2 44628.8 38383.7 1863.36 37197.6 36886.3 36200.9 34208.1 19126.1 11835.4 15082 5597.51 3957.55 938.493 1106.67 530.208 10728.7 7595.79 3650.6 1968.99 3945.19 6245.11 1639.96 46.411 387.836 230.544 5215.6 187.112 175.81
internal_count=2045653 1863462 1611249 1443303 252213 1369745 1350689 1341726 1278004 856848 699633 421156 132608 97412 75623 42093 182191 657540 448572 203214 51574 245358 167946 35196 2473 9043 5518 154265 4548 4161
is_linear=0
shrinkage=0.03


Tree=123
num_leaves=31
num_cat=0
split_feature=113 120 95 112 93 123 93 86 93 91 122 122 109 83 69 119 99 83 31 93 9 120 120 116 80 120 48 97 122 46
split_gain=108.546 58.5118 57.7793 51.3139 41.8572 95.3792 73.5866 45.8451 44.8918 42.2814 41.5186 63.5909 38.4829 36.9121 36.3748 39.1044 34.5391 34.1495 33.365 33.2069 32.4001 31.9367 35.1335 30.1306 29.4289 29.1496 28.5353 27.4727 27.3363 26.629
threshold=0.26069175401558087 0.3461538461538462 0.70004397537379071 5.2444736842105266 1.494421348964591 1.0000000180025095e-35 -1.9939860895136705 0.40012870012870022 2.8035002734256942 0.79102800603722978 8717.5000000000018 8532.5000000000018 0.0011752385046741832 0.20340053749049761 8.5000000000000018 0.40012239902080787 0.013700976596413674 0.11428702148380056 1035.5000000000002 -4.5599389143069589 -5.2390697942309687 11.269230769230772 2.884615384615385 1.2792680315803562 -282.97028280270689 165.57692307692312 118.50000000000001 0.10205628486867209 324.50000000000006 10.500000000000002
decision_type=10 2 10 10 10 2 10 10 10 10 8 10 2 10 2 8 10 10 2 10 2 2 2 8 2 2 2 10 8 2
left_child=1 -1 3 4 6 8 13 10 -6 28 11 -7 27 14 19 16 -16 -17 -18 -2 25 22 24 -4 -3 -8 -15 -11 -10 -30
right_child=2 21 23 -5 5 7 20 -9 9 12 -12 -13 -14 26 15 17 18 -19 -20 -21 -22 -23 -24 -25 -26 -27 -28 -29 29 -31
leaf_value=-0.02488526516964842 0.013063011600459964 0.0049720562777758283 -0.00037883916731114222 0.0078632220077971358 -0.012624291083778409 0.014031715987564497 -0.00045698082644604745 -0.0023563897108022191 -0.017607975703677507 -0.00049407504397861184 0.0070801001177432559 0.068801475293914754 -0.006822849031086999 -0.00032761888967825886 -0.0062280019903565133 0.041054011071516176 0.026571264798124671 0.011327205629219479 0.0038419844633120286 0.0017847570802792185 -0.0049334293220322598 -0.013913576251686094 -0.00018449873639457242 -0.0033757565344884962 -0.011477494109299697 -0.017691621536419577 -0.014507896087662939 0.0064367983272358154 0.0045016629466235218 -0.00038220506053718604
leaf_weight=140.34783892240375 248.74801914335694 114.26405475731008 11560.077839274891 970.39414719876368 218.51490428310353 115.7874838396674 4346.204797985265 450.30758142354898 52.579089742503129 5125.310144018149 2648.3749908519676 18.969194139237516 795.6352215076331 1707.5877994328039 135.48766046902165 57.704553636256605 88.870686316397041 90.775148028507829 158.10590189928189 3217.2400126807624 2790.4430913357064 314.22737654997036 1080.3902228684165 4082.346447137068 588.19520253036171 85.163804580457509 133.06727771228179 567.12007953214925 3755.7840925491182 1370.0810132101178
leaf_count=98897 7045 15529 436548 16993 7735 3361 143899 9918 1552 234524 87805 258 20414 49959 4811 886 2471 1938 4353 101123 143827 22977 70239 270059 116566 7692 4241 25006 112470 23011
internal_value=-1.36218e-05 -0.00645474 0.000308815 0.00109809 0.000863754 0.00193812 -0.000380278 0.00650228 0.000694187 0.000948945 0.00793726 0.0239271 -0.000664517 0.00212347 0.00374087 0.0110181 0.00579655 0.0238412 0.0123857 0.00261183 -0.0024042 -0.00516501 -0.00358848 -0.0011618 -0.00878553 -0.000807769 -0.00138929 0.00020147 0.00296914 0.00319716
internal_weight=47028.1 2237.42 44790.7 29148.3 28177.9 15118.5 13059.4 3233.44 11885 11666.5 2783.13 134.757 6488.07 5837.59 3996.93 530.944 382.464 148.48 246.977 3465.99 7221.81 2097.08 1782.85 15642.4 702.459 4431.37 1840.66 5692.43 5178.44 5125.87
internal_count=2046107 324208 1721899 1015292 998299 526054 472245 101342 424712 416977 91424 3619 279944 176827 122627 14459 11635 2824 6824 108168 295418 225311 202334 706607 132095 151591 54200 259530 137033 135481
is_linear=0
shrinkage=0.03


Tree=124
num_leaves=31
num_cat=0
split_feature=77 113 67 120 83 109 105 17 25 90 59 79 59 29 3 80 80 120 108 120 61 38 96 67 120 116 112 109 50 120
split_gain=110.643 57.5874 47.2864 45.9496 38.1074 37.9554 66.2242 36.1895 36.5448 33.6312 30.9839 34.2341 36.8116 41.0935 29.9242 27.7592 60.5745 51.9755 42.5056 29.5617 26.8655 26.1383 26.2354 26.0149 36.4304 26.8277 25.5229 25.0135 32.8016 24.7548
threshold=5.5000000000000009 0.1806125851056363 1.5000000000000002 14.653846153846155 0.01352494626606302 0.0001410789365962547 0.02128821594989368 8.5000000000000018 2195.5000000000005 -1.539075114075114 1077.7685806235409 -481.2000000000001 -721.4305405065835 4.5000000000000009 6.5000000000000009 390.31994076998342 -865.6595690870746 8.2692307692307718 2.1654433659372582e-05 1.3461538461538465 386.50000000000006 173.50000000000003 0.0038409845667218929 42.500000000000007 87.346153846153854 -0.50635642135642145 5.0331503088538101 3.5822821743710156e-06 18.500000000000004 2.4230769230769238
decision_type=2 10 2 2 10 2 10 2 2 10 2 2 2 2 2 2 2 2 2 2 2 2 10 2 2 8 10 2 2 2
left_child=4 27 5 14 -1 10 -7 8 23 -8 11 -3 13 -13 -4 16 17 29 -17 -20 -12 22 -9 24 -5 -25 -23 28 -2 -14
right_child=1 2 3 7 -6 6 9 21 -10 -11 20 12 15 -15 -16 18 -18 -19 19 -21 -22 26 -24 25 -26 -27 -28 -29 -30 -31
leaf_value=-0.021030798984128636 -0.00939894941275813 -0.0074945489574019175 0.0016994791193284747 -0.00086474726205104701 -0.0065397471796511718 -0.0081649446718102345 0.014800554645660866 -0.0065577395233750732 -0.015933249611917479 -0.00069977356182192687 0.0051316189529142424 0.014080237578021494 0.020510306619691943 0.0011257547663507052 0.0053802098206822404 0.0028780911892770113 -0.0043225342337743344 -0.0036230669884337935 -0.0099306326653602842 -0.00077377822668285069 -0.0053285154368949809 -0.0041099753749118447 0.01070901196929102 0.014505217058123795 -0.010695909371437315 0.0011059770251676628 0.023898489788214999 -0.0086454429615752358 0.012476630831181107 0.0037786270041956743
leaf_weight=247.40474269643892 111.68615929316729 614.98128767102025 12378.752509690356 6853.9603787790984 484.03632493852638 1529.2596149063902 134.47191959735937 88.280383023433387 141.8118315115571 1298.7701106034219 1503.1539910433348 316.30927308066748 79.028662973549217 704.75025514233857 2365.7968012769707 3704.8724408954149 4237.5103657791624 1146.9248943170533 340.90225894085597 3853.6784460269846 254.73740282305516 328.05589787568897 575.49996995739639 181.03515135496855 351.98761830898002 488.72535023745149 27.125064253807068 921.80354234355036 126.11877871153411 1646.5851455125958
leaf_count=146087 19901 20946 333358 205056 83288 92451 2884 1443 5880 40344 40946 8525 6768 14334 27293 235925 260774 37901 67264 145168 5674 9923 10793 5804 23836 20420 121 105430 15305 53364
internal_value=-1.38923e-05 0.000169567 0.000339439 0.0012596 -0.0115508 -0.000684785 -0.00383327 -0.000424761 -0.00110243 0.000800921 -0.000177053 -0.00057743 -0.000309814 0.00518792 0.00229168 -0.000685415 -0.00204464 0.00131733 0.000538502 -0.00152891 0.00360502 0.00488667 0.00838074 -0.000825439 -0.00135205 0.00480842 -0.00166891 -0.00641712 0.00222069 0.00460194
internal_weight=47038 46306.6 45147 23781 731.441 21365.9 2962.5 9036.48 8017.52 1433.24 18403.4 16645.5 16030.6 1021.06 14744.5 15009.5 7110.05 2872.54 7899.45 4194.58 1757.89 1018.96 663.78 7875.71 7205.95 669.761 355.181 1159.61 237.805 1725.61
internal_count=2047206 1817831 1677195 643927 229375 1033268 135679 283276 260996 43228 897589 850969 830023 22859 360651 807164 358807 98033 448357 212432 46620 22280 12236 255116 228892 26224 10044 140636 35206 60132
is_linear=0
shrinkage=0.03


Tree=125
num_leaves=31
num_cat=0
split_feature=50 54 122 122 111 67 78 63 54 114 51 72 9 71 72 98 66 67 109 109 78 78 58 80 78 80 92 96 108 60
split_gain=104.549 57.0642 37.5716 50.8998 36.5644 53.0051 33.4359 52.9034 37.6634 34.4325 33.813 32.2523 35.6369 30.0715 33.3239 29.2859 29.2449 29.1943 38.9017 29.0204 45.4216 29.6736 27.8295 27.1711 48.0441 44.0097 26.9272 26.527 26.1384 28.3831
threshold=17.500000000000004 3.5000000000000004 5752.0000000000009 324.50000000000006 6.2371224410446947e-05 8.5000000000000018 329.50000000000006 63.500000000000007 239.50000000000003 1.3222453560623315 3333.5000000000005 1.5000000000000002 -20.611045673988205 6.5000000000000009 1.5000000000000002 0.014929659571184859 6.5000000000000009 1.0000000180025095e-35 0.00012693637035176937 2.0790188883553207e-05 31.500000000000004 150.50000000000003 -2481.6499999999992 -991.47255038251126 31.500000000000004 299.80861321549435 5.9599681229886396 0.026708293189060997 0.0007583994650957373 9642.404717377196
decision_type=2 2 8 10 2 2 2 2 2 10 2 2 2 2 2 10 2 2 2 2 2 2 2 2 2 2 10 10 2 2
left_child=-1 19 3 -3 5 -5 7 11 10 28 -9 12 -4 14 16 -16 -6 18 22 21 -21 23 -14 24 -2 -25 -22 -26 29 -8
right_child=1 2 6 4 13 -7 9 8 -10 -11 -12 -13 17 -15 15 -17 -18 -19 -20 20 26 -23 -24 25 27 -27 -28 -29 -30 -31
leaf_value=-0.013440944610579417 0.045274778421802095 -0.013458774169118583 0.0022855682945859745 0.0095741654803619368 -0.0039267231491068059 0.044432376861761221 -0.0054070660057920893 0.013610530036669196 0.024985420108072538 0.00095022635192654886 0.001644622686356673 0.0013912889358306865 -0.013855425994537179 0.0011523951266087643 0.031176274233812806 0.0080886412777045648 0.01511600727262041 4.0573855512513119e-05 -0.0079012489554559431 -0.01219562326607828 0.0011076624565656648 -0.015423301467249826 -0.0012143765532200133 -0.0056185297696678847 0.0017996235472937936 0.0018025174068473425 -0.012519979417147487 0.039726809578768785 -0.011152094627708055 0.0012909203760600235
leaf_weight=513.24862354400102 21.990967990714125 130.88823610823601 3415.2596977700014 271.33874928380828 185.45800192165188 41.982963011134416 1572.6279804049991 301.87193297408521 91.714944132603705 2002.0011854036711 696.86798137333244 15255.839030427393 156.71829229104333 1189.6246316449251 92.526799272978678 110.12187426863238 112.68709758808836 8507.9285575791728 1052.1107131267199 672.31201187323313 645.44418993266299 126.11507753422484 5173.3308213056298 1414.8363226709189 341.97146443231031 1453.819034663029 158.35752469860017 12.481721093878148 409.08318734494969 888.39586593769491
leaf_count=182126 2572 4880 81147 12430 8026 1081 86188 4202 806 43762 9356 362257 4876 31859 2593 2421 2723 299326 60032 147155 30632 6919 291481 135236 15520 149592 10530 544 18736 37528
internal_value=-4.08973e-05 0.000108418 0.000466999 0.004339 0.0055322 0.0148695 0.000257354 0.000584613 0.00707237 -0.0020684 0.00531113 0.000372794 -0.000476177 0.00376277 0.00989096 0.019127 0.00340129 -0.00111018 -0.00264305 -0.00297056 -0.00647148 -0.00143035 -0.0015987 -0.000863643 0.00666132 -0.00186099 -0.00163793 0.00366922 -0.00417199 -0.00299147
internal_weight=47019 46505.7 41658.4 2134.63 2003.74 313.322 39523.8 34651.6 1090.45 4872.11 998.74 33561.2 18305.3 1690.42 500.794 202.649 298.145 14890.1 6382.16 4847.33 1476.11 3371.21 5330.05 3245.1 376.444 2868.66 803.802 354.453 2870.11 2461.02
internal_count=2046536 1864410 1365710 66013 61133 13511 1299697 1113483 14364 186214 13558 1099119 736862 47622 15763 5014 10749 655715 356389 498700 188317 310383 296357 303464 18636 284828 41162 16064 142452 123716
is_linear=0
shrinkage=0.03


Tree=126
num_leaves=31
num_cat=0
split_feature=85 61 8 78 53 93 109 83 95 1 79 14 30 109 46 76 46 6 6 94 102 77 80 108 91 73 80 78 53 78
split_gain=100.036 46.4684 42.8665 39.5606 46.2471 42.5019 36.313 35.177 35.0464 33.2427 39.9988 30.763 33.9444 34.6805 28.1976 25.6808 29.2307 25.485 25.4366 25.183 24.8731 24.5996 24.4788 34.782 28.8521 25.8757 24.2178 23.6037 25.3841 23.5972
threshold=0.9604138471401098 3.5000000000000004 -201.94999999999996 329.50000000000006 11.500000000000002 -4.5599389143069589 1.978216465027542e-05 0.29172568460812093 0.57823978446340385 887.50000000000011 911.65000000000009 13.500000000000002 300.50000000000006 0.0001621175832627267 3.5000000000000004 16216.500000000002 1.0000000180025095e-35 1448.5000000000002 23.500000000000004 -4.0911354805023157 0.02820693645799429 4.5000000000000009 414.78357679941467 0.00013309371273425593 0.73610881883699186 1.5000000000000002 -495.65946305515104 5244.5000000000009 2250.0000000000005 122.50000000000001
decision_type=8 2 2 2 2 10 2 10 8 2 2 2 2 2 2 2 2 2 2 8 10 2 2 2 10 2 2 2 2 2
left_child=2 -2 11 4 21 7 -3 -6 9 10 15 12 13 14 -1 -7 -17 -16 -5 -18 -15 -4 25 -24 -25 -10 -27 28 -20 -12
right_child=1 6 3 18 5 8 -8 -9 22 -11 29 -13 -14 20 17 16 19 -19 27 -21 -22 -23 23 24 -26 26 -28 -29 -30 -31
leaf_value=0.0041880798030879849 -0.023456706685642661 -0.0016187395559620187 -0.011013655995307516 -0.006822208433995316 0.01675763921637622 0.0044036849960792223 -0.01139876807661523 -0.0038579934193605846 0.0040096689744550705 0.0093857273547269093 0.0019172275250388135 0.01315737670985926 -0.0092315407872324909 0.0086660168288269484 -0.0012896981065603521 -0.011991430161618461 -0.0021323766243243787 0.010875549572145732 -0.0011388135493460361 0.053456891326693297 -0.00088951422775136778 -0.0011687607308761081 0.0020812081411864017 0.0029618193200071307 -0.002853028003185347 -0.0013132118083986754 -0.00656265810577917 -0.016398368419266788 0.039889240844092615 -0.0025952743850717625
leaf_weight=1806.226665773429 144.30140045180451 803.91867754363921 228.21139317157213 1117.7601865171455 262.53034015907906 2568.06024900591 591.81005314842332 100.98258037213236 594.46004015288781 572.43067010701634 2624.4916269255336 229.70798566797748 224.8977882838808 1121.170465762727 2702.3680875366554 10.977353076450525 9.405840212479232 159.40744317881763 2627.1047854893841 23.228394281119108 312.27452917769551 11363.718062485568 6771.3510139702121 1016.1441932884045 3097.2873731744476 3090.1856792934705 1059.7721930397674 86.906894345302135 8.6448587263002974 1723.5942697725259
leaf_count=35271 84040 134668 53239 61336 5902 80111 122632 2489 30674 6352 76712 3517 5343 21469 41951 415 247 1363 97790 683 4402 710251 204288 16756 75049 81427 36411 6698 172 44279
internal_value=-1.00062e-05 -0.00751729 0.000244815 -0.000132984 0.000183324 0.000947496 -0.00579151 0.011056 0.000786493 0.00246676 0.00189135 0.00248816 0.00209067 0.00251522 0.0012587 0.00482202 0.0264688 -0.00059428 -0.00302178 0.0392803 0.0065885 -0.00136724 -2.38071e-05 0.000760027 -0.00141473 -0.00182101 -0.00266004 -0.00145191 -0.000928976 0.000127532
internal_weight=47053.3 1540.03 45513.3 38957.2 35116.8 23524.9 1395.73 363.513 23161.4 7532.19 6959.76 6556.05 6326.34 6101.45 4668 2611.67 43.6116 2861.78 3840.42 32.6342 1433.44 11591.9 15629.2 10884.8 4113.43 4744.42 4149.96 2722.66 2635.75 4348.09
internal_count=2045937 341340 1704597 1591281 1425285 661795 257300 8391 653404 208799 202447 113316 109799 104456 78585 81456 1345 43314 165996 930 25871 763490 444605 296093 91805 148512 117838 104660 97962 120991
is_linear=0
shrinkage=0.03


Tree=127
num_leaves=31
num_cat=0
split_feature=77 93 115 108 93 123 9 78 64 19 104 84 110 88 83 93 106 53 76 90 6 78 78 60 44 115 37 59 47 95
split_gain=92.3684 53.6524 42.0317 62.7119 44.7488 89.1872 70.9189 41.9467 35.67 34.4949 34.1577 40.2585 35.0025 33.4732 31.2479 30.9163 30.1818 28.7407 36.1377 33.063 28.1172 27.1351 26.5809 27.0257 26.5725 26.2525 26.0393 25.1622 24.9445 24.6684
threshold=5.5000000000000009 6.4925240426407429 0.14145827413090845 4.4564796933922224e-05 1.6000690994439095 1.0000000180025095e-35 -9.0452102293514347 569.50000000000011 29.500000000000004 18.500000000000004 0.035686600221483948 0.18752431906614789 4.479319795225702e-05 1.3429532351057019 0.01352494626606302 3.6129653716305112 0.29583333333333339 35.500000000000007 7281.5000000000009 -2.3351686507936509 1886.5000000000002 156.50000000000003 112.50000000000001 -5856.5707685257194 6.5000000000000009 1.5622950181503221 7.5000000000000009 -1409.9759855778273 21.500000000000004 0.58338794233289659
decision_type=2 8 10 2 10 2 2 2 2 2 10 10 2 8 10 10 10 2 2 10 2 2 2 2 2 10 2 2 2 10
left_child=14 2 3 21 6 10 7 8 16 -9 11 12 15 -13 -1 -6 20 19 -19 -14 22 -2 24 28 -4 27 -26 -10 -24 -7
right_child=1 -3 4 -5 5 29 -8 9 25 -11 -12 13 17 -15 -16 -17 -18 18 -20 -21 -22 -23 23 -25 26 -27 -28 -29 -30 -31
leaf_value=-0.019518242518506253 0.00014710318288792341 -0.0055474126190818273 0.0023176309809875098 -0.0087207436660518608 -0.0080779563625607807 0.0084125416583139181 -0.0032784733723762367 -0.0052100703184250006 0.040187386877925564 0.015554539162367917 0.0036574656946603071 0.0048134673688383636 0.01028144223036948 -0.0028556930390269235 -0.0061687419950740355 0.0026707344353447313 0.046288400268680689 0.0049490363588408299 -0.001635795899030314 -0.0036369608687255297 0.016018464349009123 -0.0094979457892636308 0.001605195186529323 -0.0034989730114983724 0.040136964587883142 0.0065271618580931305 0.0048867903986993949 -0.0042342538173948526 -0.012809159247793847 0.00372401076831585
leaf_weight=236.85904569388367 3725.6341236991575 1443.9992341387551 4696.4482865079772 1061.1581685109995 256.48577504709829 1420.0213269316591 5606.550057821325 1300.1987293460406 44.023822619579732 71.422122715972364 2657.6693107655738 2298.5902743723709 153.72553796099965 655.01794486748986 476.59583007264882 3067.8312727782177 8.3750404259189946 1048.4119249705691 2600.0911484155804 5026.7598128165118 108.72067471593618 277.41141921235248 3135.4732870459557 1762.7860261853784 28.193081183359027 144.75680312514305 47.463163358159363 13.821583630517123 106.9321972746402 3532.6158470964292
leaf_count=146138 373499 104038 120951 107785 9875 37461 239077 66795 1281 1062 67541 48725 4099 25414 82992 129539 128 16535 67986 158193 682 18006 70616 49530 334 1199 423 373 1173 95017
internal_value=-3.13069e-05 0.000134314 0.000317815 -0.00225504 0.000645492 0.00151756 -0.000514829 0.000837047 0.00150618 -0.00407626 0.000524498 -2.76944e-05 -0.00079139 0.00311074 -0.0107056 0.00183054 0.0012473 -0.00177908 0.000260565 -0.00321443 0.00118576 -0.000532314 0.00101272 -0.000514575 0.00261348 0.0138145 0.0196965 0.0300809 0.00111083 0.00507544
internal_weight=47014 46300.6 44856.6 5064.2 39792.4 22717.2 17075.2 11468.6 10097 1371.62 17764.6 15106.9 12153.3 2953.61 713.455 3324.32 9894.39 8828.99 3648.5 5180.49 9886.02 4003.05 9777.3 5005.19 4772.1 202.602 75.6562 57.8454 3242.41 4952.64
internal_count=2046467 1817337 1713299 499290 1214009 660385 553624 314547 246690 67857 527907 460366 386227 74139 229130 139414 243837 246813 84521 162292 243709 391505 243027 121319 121708 2853 757 1654 71789 132478
is_linear=0
shrinkage=0.03


Tree=128
num_leaves=31
num_cat=0
split_feature=92 78 67 78 109 48 64 70 78 80 80 78 6 109 102 70 72 26 114 107 122 71 60 83 79 76 69 72 97 122
split_gain=87.6321 48.2925 41.2364 52.6218 33.4384 47.2313 35.0199 28.5199 27.3643 63.1247 65.273 53.9585 37.0074 42.0487 31.6225 30.7308 29.2203 28.6229 27.3091 29.4559 29.1995 25.8501 34.6282 25.4721 25.3359 26.4039 24.7701 28.1355 26.1862 27.3193
threshold=6.83619394703247 13.500000000000002 1.5000000000000002 190.50000000000003 0.0003211402522096686 3.5000000000000004 4.5000000000000009 2.5000000000000004 112.50000000000001 -946.70753091667677 390.31994076998342 34.500000000000007 2.5000000000000004 3.0184751941373145e-05 0.010485845391505771 6.5000000000000009 18.500000000000004 986.50000000000011 4.1616993464052294 0.0024564864370048805 324.50000000000006 2.5000000000000004 253.94911519722373 0.241673963806188 1649.2000000000003 2059.5000000000005 2.5000000000000004 12.500000000000002 0.12919007490636708 28903.500000000004
decision_type=8 2 2 2 2 2 2 2 2 2 2 2 2 2 10 2 2 2 8 2 8 2 2 10 2 2 2 2 10 10
left_child=2 -2 4 26 6 -6 8 -8 9 14 -11 12 13 -12 -1 16 21 -18 20 -20 -5 22 24 -7 25 -13 27 28 -4 -30
right_child=1 -3 3 18 5 23 7 -9 -10 10 11 15 -14 -15 -16 -17 17 -19 19 -21 -22 -23 -24 -25 -26 -27 -28 -29 29 -31
leaf_value=0.0066993368270415092 -0.017832394679992335 -0.0044159138371784572 0.00079091811032676838 -0.020484587094713017 -0.0097122688035223385 -0.0018376563024417238 0.0061497288176658059 -0.0012917803561808836 -0.0031272944983124309 -0.003966154804318724 -0.0013402262845673165 0.0091254206159807078 0.0031530365642030225 -0.010346332282701988 -0.0036338166285723741 -0.0063349504633748175 0.026914799871150977 -0.013007251459505832 0.0023288400987815068 0.01951701778257002 -0.0010461853083265197 0.0010730340884346345 0.0043962323826316381 0.013840177858092252 -0.0035100667716979929 0.044787330620732452 0.0049608988848949256 0.0082311569660675366 0.0045784775406984566 0.035348373070757708
leaf_weight=1531.2916512762895 288.83216637372971 1390.6409531661775 10240.829558979836 65.161496543325484 830.86760253412649 392.96712654433213 1229.655432636966 739.7429131178651 3760.4406331535429 4405.6159743376775 1087.3577803446678 35.980838902294636 630.08086228137836 814.5516372587299 319.1513810728211 360.69871649425477 73.52969784475863 17.106230337172747 578.64052375638857 101.62813195772469 8238.5377450217493 3959.7858063722961 1429.044660050422 116.93676462769508 25.581826662179083 42.589908922091126 2405.8038079119287 549.94065483380109 1358.7499284950318 21.620517917908728
leaf_count=54435 149299 97788 275618 3165 45729 8882 37176 17842 115981 329089 160745 2979 43092 138610 8020 8070 1180 146 4753 570 275159 115564 66378 2156 992 2262 39225 7544 33843 400
internal_value=-5.03396e-05 -0.00676933 0.000199131 0.00106912 -0.000741035 -0.00532176 -0.000439659 0.00335837 -0.00084493 -0.000261492 -0.00100629 0.000533556 -0.00313006 -0.00521439 0.00491216 0.0020954 0.00264517 0.019094 -0.000736595 0.00502032 -0.00121096 0.00235664 0.00565756 0.00185724 0.0219697 0.0299793 0.00218188 0.00163076 0.001315 0.00518626
internal_weight=47043.4 1679.47 45363.9 23560.9 21803 1340.77 20462.2 1969.4 18492.8 14732.4 12881.9 8476.31 2531.99 1901.91 1850.44 5944.32 5583.62 90.6359 8983.97 680.269 8303.7 5492.98 1533.2 509.904 104.153 78.5707 14576.9 12171.1 11621.2 1380.37
internal_count=2046692 247087 1799605 640277 1159328 56767 1102561 55018 1047543 931562 869107 540018 342447 299355 62455 197571 189501 1326 283647 5323 278324 188175 72611 11038 6233 5241 356630 317405 309861 34243
is_linear=0
shrinkage=0.03


Tree=129
num_leaves=31
num_cat=0
split_feature=77 95 93 93 123 105 75 80 111 93 79 69 119 110 93 53 64 89 83 70 108 40 33 102 46 68 73 55 97 121
split_gain=94.0149 52.046 33.9264 74.7459 60.2505 36.2105 40.9587 34.7181 41.9139 36.094 32.8962 31.9251 35.5997 35.3398 36.8842 46.7981 33.3161 31.3792 30.2518 29.9151 28.7822 35.4689 29.1703 27.5861 28.2296 35.0714 27.1457 26.8047 26.726 25.8245
threshold=5.5000000000000009 0.76194156178700234 1.6000690994439095 -1.6080209944766994 1.0000000180025095e-35 0.012200847360586284 316.50000000000006 691.23357865847913 0.00029281529786988027 2.75327289909082 -413.34999999999997 8.5000000000000018 0.40743504698728583 5.2674650942977645e-05 -4.1763676805938514 35.500000000000007 24.500000000000004 1.1220318006376913 0.01352494626606302 12.500000000000002 6.8793792018402472e-05 1.0000000180025095e-35 272.25000000000011 0.083499335989375839 10.500000000000002 4.5000000000000009 9.5000000000000018 39.500000000000007 0.04494858526079043 1.0000000180025095e-35
decision_type=2 8 10 10 2 10 2 2 2 10 2 2 10 2 10 2 2 10 10 2 2 2 2 10 2 2 2 2 10 2
left_child=18 2 3 10 7 6 -5 8 29 -9 -2 13 -13 14 15 -12 19 23 -1 -16 22 -22 -19 24 25 -11 -17 -28 -18 -4
right_child=1 -3 4 5 -6 -7 -8 9 -10 17 11 12 -14 -15 16 26 28 20 -20 -21 21 -23 -24 -25 -26 -27 27 -29 -30 -31
leaf_value=-0.019720355241511774 -0.0037448005310399702 -0.0017378121614467755 0.03160112662196355 -0.0094963185429649856 0.0047077926435719897 -0.0042709770576560106 0.0011672849636084647 -0.010168875857902436 0.043502388600262995 0.0023701541769504766 0.0055205934434612771 0.0036953777958345421 0.01781798128156728 -0.0021356665999801225 0.0023058761682450005 0.0039823035517880983 -0.0024527868435514706 -0.0023050115515478274 -0.0064298312389812085 -0.006789127707817446 -0.0073944521989799819 -0.00078391069497325372 0.0049740463663961575 -0.0047958399898635736 -0.00052732947040989419 0.0083197142160146686 0.065153544080717482 0.023147043714933559 0.041587434293282315 -0.0074013500052356835
leaf_weight=230.01686985744163 925.0262405059766 10409.494764095522 16.076346325688064 361.56229462032206 4160.0604831237579 4417.3133353051962 2798.5420112546999 273.59878296474926 32.128273238660768 4407.5461751432158 521.66263082146179 524.7636109800078 228.91253060195595 1715.3773462316021 4040.4295987633523 37.217273673508316 18.765446308534592 790.1700741245877 472.25662857980933 349.13772812578827 878.05581499252003 4237.4088284249883 1313.0495333790313 498.37720270361751 2070.8904562504031 1115.3970009994227 17.357885194942355 65.624908533878624 28.755290880799294 51.041287015890703
leaf_count=146238 33286 562899 2580 42646 125788 152185 121454 8525 1403 142539 17784 15580 4211 34512 143080 889 603 71880 83076 9531 57938 124791 59535 12649 35171 22677 334 1766 685 9467
internal_value=-3.64218e-05 0.000129372 0.000671031 -0.000354453 0.00150036 -0.00251847 -6.58619e-05 0.000648374 0.017904 0.000532778 0.00158116 0.00223592 0.00807397 0.00158286 0.00283963 0.00953381 0.00186162 0.000727269 -0.0108915 0.00157558 -0.000710471 -0.0019247 0.00224036 0.00200946 0.00245895 0.00357815 0.0260349 0.035137 0.0256185 0.00348396
internal_weight=47006 46303.7 35894.2 16050.4 19843.8 7577.42 3160.1 15683.7 99.2459 15584.5 8473.03 7548 753.676 6794.33 5078.95 641.863 4437.09 15310.9 702.273 4389.57 7218.68 5115.46 2103.22 8092.21 7593.83 5522.94 120.2 82.9828 47.5207 67.1176
internal_count=2045702 1816388 1253489 578546 674943 316285 164100 549155 13450 535705 262261 228975 19791 209184 174672 20773 153899 527180 229314 152611 314144 182729 131415 213036 200387 165216 2989 2100 1288 12047
is_linear=0
shrinkage=0.03


Tree=130
num_leaves=31
num_cat=0
split_feature=50 67 78 118 53 78 78 78 122 80 109 105 85 92 57 122 110 19 110 71 115 60 123 57 0 31 63 71 104 69
split_gain=91.5874 45.5931 41.9387 36.7914 34.5811 30.3403 43.4309 29.8832 29.0718 41.1259 38.0393 47.3166 29.2294 30.2102 26.8501 29.9693 27.1251 26.3148 29.1996 43.0272 36.5435 36.6109 35.3653 26.095 27.2473 25.1051 23.9422 23.4441 24.1929 23.3975
threshold=17.500000000000004 1.0000000180025095e-35 134.50000000000003 0.2786179327857437 27.500000000000004 78.500000000000014 94.500000000000014 4.5000000000000009 7376.0000000000009 -726.20521928339235 0.00012693637035176937 0.014299345692475466 0.57904897378581599 2.92482783940474 250.10000000000122 24324.500000000004 0.00031011576545625271 8.5000000000000018 3.5295675373112348e-05 32.500000000000007 0.74098004397399497 8017.9721166690097 1.0000000180025095e-35 -237.39999999999995 32.500000000000007 106.50000000000001 37.500000000000007 10.500000000000002 0.020764290560003121 1.0000000180025095e-35
decision_type=2 2 2 8 2 2 2 2 8 2 2 10 8 10 2 10 2 2 2 2 10 2 2 2 2 2 2 2 10 2
left_child=7 8 4 17 5 23 26 -1 9 25 -10 -12 13 -11 -6 -16 29 18 19 -4 -20 -22 -23 24 -3 -2 -7 28 -15 -17
right_child=1 2 3 -5 14 6 -8 -9 10 12 11 -13 -14 27 15 16 -18 -19 20 -21 21 22 -24 -25 -26 -27 -28 -29 -30 -31
leaf_value=-0.02467621544819144 0.046645132607527298 0.019923012016503081 0.0018960301661931132 -0.0032096158534365314 0.0082915388478082379 0.0061137904025637914 0.00042017913719536582 -0.008113624891017952 -0.00084097300972234279 -0.011343844478718593 -0.0097336585317227119 -0.00055151134293791274 -0.0026393111614094415 0.01445456545796401 0.0023535905039677204 0.034719772769472725 -0.009654756658472612 0.0087906718248718357 -0.0061609695877720633 0.016029318070326742 -0.0019809321343598678 0.00055397539286521286 0.0073060162096913409 -0.00066534100117108391 -0.0064808797700583003 0.00082034514827328112 0.025544734821356687 -0.0017448104122821993 0.04522742807387161 0.0049979716346516267
leaf_weight=134.86168096971232 28.220485149882734 105.32828056160361 1515.0632887324318 3244.1165835638531 980.79848412657157 1469.857696339488 2386.2585998144932 358.72764002776239 14408.060270510963 36.909513154998422 1026.3013758352026 991.14669464610051 316.1007559557911 86.142634620191529 4198.4641876749229 60.634578221477568 24.846625066362321 324.46108739916235 927.04108130885288 217.65608908236027 3679.6255141198635 2810.6256973105483 924.30563071509823 6536.8691492176149 48.691863944754004 16.182928193360567 55.04845118522644 41.416154836304486 31.290235272841528 40.448852025903761
leaf_count=109123 1039 2021 48325 126509 14385 30268 49105 72723 839711 1866 89840 33887 25099 5679 77745 1166 317 4872 49675 7782 80736 52930 17038 300685 245 359 683 947 991 685
internal_value=-5.15494e-05 8.54808e-05 0.000797321 -0.000423002 0.00184374 0.000853505 0.00295076 -0.012841 -0.00115307 0.00556211 -0.00138211 -0.0052351 0.00300827 0.0119663 0.00381998 0.0027974 0.0169389 0.000447466 0.000174531 0.0037124 -0.00056214 0.000141561 0.00223248 -0.000373733 0.0116344 0.0317175 0.00689643 0.0175634 0.0241662 0.0236226
internal_weight=47025.5 46531.9 29550.1 13642.9 15907.2 10602.1 3911.16 493.589 16981.8 556.263 16425.5 2017.45 511.859 195.759 5305.19 4324.39 125.93 10398.8 10074.3 1732.72 8341.6 7414.56 3734.93 6690.89 154.02 44.4034 1524.91 158.849 117.433 101.083
internal_count=2046436 1864590 865172 387867 477305 383007 80056 181846 999418 35980 963438 123727 34582 9483 94298 79913 2168 261358 256486 56107 200379 150704 69968 302951 2266 1398 30951 7617 6670 1851
is_linear=0
shrinkage=0.03


Tree=131
num_leaves=31
num_cat=0
split_feature=61 95 94 122 122 80 93 83 69 105 77 78 37 76 95 108 54 72 100 75 93 90 64 79 75 95 74 112 72 99
split_gain=84.3719 50.843 32.9025 40.4279 45.4853 34.8331 66.1023 40.4621 46.4758 36.6325 36.5847 40.5144 35.4931 33.3916 32.2028 31.9299 35.3599 31.3583 29.5468 32.3732 33.7022 29.4548 29.3208 29.0284 28.0351 32.2323 26.9827 26.9555 25.9596 25.0901
threshold=2.5000000000000004 0.9049356969065 5.6815781937593863 5936.0000000000009 376.50000000000006 299.80861321549435 -1.6080209944766994 0.15818454134066987 10.500000000000002 0.012200847360586284 47.500000000000007 84.500000000000014 11.500000000000002 1182.5000000000002 0.67744687878454257 5.9946521129599311e-05 2.5000000000000004 1.5000000000000002 0.010274898686442878 503.50000000000006 4.7009758094684218 2.0082020916005296 1.5000000000000002 -72.549999999999983 23507.500000000004 0.59916052253728325 2.5000000000000004 1.1965304106477261 21.500000000000004 0.025371980529345899
decision_type=2 8 10 8 10 2 10 10 2 10 2 2 2 2 10 2 2 2 10 2 10 10 2 2 2 10 2 10 2 10
left_child=-1 2 3 4 17 6 7 8 12 10 -8 -12 -5 23 18 -15 -17 -2 19 20 22 -3 26 -4 25 29 -7 -18 -13 -10
right_child=1 21 13 5 -6 14 9 -9 24 -11 11 28 -14 15 -16 16 27 -19 -20 -21 -22 -23 -24 -25 -26 -27 -28 -29 -30 -31
leaf_value=-0.022248682736504367 0.0085669669088619307 -0.0016487585388111963 0.012421799992782595 0.0035987397290395849 0.0064701573846490685 0.0040602058188850161 -0.0037261366827196747 -0.0010408389309973991 0.013901585989671911 -0.0046213480352961965 0.0086107592178163595 -0.0016739438525366385 -0.0027412946479044606 0.0020722444190176179 -9.340292984944779e-05 -0.02035325443184929 -0.004419814672062863 -0.021431068293450421 0.0053936963915138655 0.00043650004841909554 3.1151213353102702e-05 -0.0080249088893593681 0.01359625380930217 -0.013206697239119916 -0.0076543032379711362 -0.00036288424557381807 0.045740202685406864 0.00076127192242841761 0.034374965932603085 0.034615895069377192
leaf_weight=147.53545157250483 43.854942414676771 2071.7561096464051 41.058889881707728 3451.4779136922443 1643.3436993937939 1214.9153402831871 1458.1272858022712 4129.2464892478893 161.56327386479825 4008.7158048319397 646.15067444811575 977.01850345637649 1027.9288175464608 1884.215311404434 8479.1289356618654 94.537927233963273 2125.9111531897215 88.390797770116478 2285.7461043485673 6486.1615028290544 1009.3981849224074 948.97931617393624 438.72889419551939 335.49107608385384 48.024280625861138 79.640415183734149 9.2018537358380836 1567.0911730459193 13.318019560538231 83.799059296958148
leaf_count=84289 1356 159977 2098 128656 51708 74606 129446 119899 3371 149432 25902 29432 22467 107275 289726 12517 81858 3532 48871 169083 69305 168113 14887 53908 2594 1857 230 38140 520 1291
internal_value=2.69074e-05 9.94177e-05 0.000359014 0.000687907 0.00510062 0.000469636 -0.000568723 0.00114137 0.0029975 -0.0027303 -0.000277155 0.00279791 0.0021424 -0.00169446 0.00130788 -0.0011155 -0.00270198 -0.0115335 0.00234571 0.00158246 0.00435797 -0.00366181 0.00697652 -0.010286 0.0131016 0.0162382 0.00455831 -0.00222321 -0.00101891 0.0215262
internal_weight=47000.5 46852.9 43832.2 37783.9 1775.59 36008.3 16085 8981.68 4852.43 7103.33 3094.61 1636.49 4479.41 6048.31 19923.3 5671.76 3787.54 132.246 11444.2 9158.41 2672.24 3020.74 1662.85 376.55 373.027 325.003 1224.12 3693 990.337 245.362
internal_count=2046346 1962057 1633967 1338171 56596 1281575 614867 280135 160236 334732 185300 55854 151123 295796 666708 239790 132515 4888 376982 328111 159028 328090 89723 56006 9113 6519 74836 119998 29952 4662
is_linear=0
shrinkage=0.03


Tree=132
num_leaves=31
num_cat=0
split_feature=78 53 102 26 122 122 122 83 94 78 14 108 85 90 10 78 80 38 79 69 37 93 63 53 109 113 118 93 123 118
split_gain=78.1824 48.3964 32.4357 30.2135 29.1458 40.8371 66.2601 39.9125 32.0726 30.0926 29.208 33.9319 34.2982 28.7148 28.3506 27.3661 29.1972 26.9056 26.1342 23.9972 30.4219 30.7737 27.956 26.6428 25.9167 36.0788 26.2092 25.4511 47.583 41.6001
threshold=3.5000000000000004 5.5000000000000009 0.071492461027344759 84.500000000000014 324.50000000000006 4519.5000000000009 4343.5000000000009 0.16259852293179425 5.6815781937593863 5244.5000000000009 2.5000000000000004 0.00024770087329441698 0.63102650928144011 2.8105767467449119 -18263.929801984032 365.50000000000006 1067.9945124708061 29.500000000000004 342.85000000000008 5.5000000000000009 10.500000000000002 -4.1763676805938514 102.50000000000001 32.500000000000007 0.0001621175832627267 1.0929545323090355 -0.39323575407377992 1.7845237537127341 1.0000000180025095e-35 -1.1853083248458265
decision_type=2 2 8 2 8 8 10 10 10 2 2 2 10 8 2 2 2 2 2 2 2 10 2 2 2 10 10 10 2 10
left_child=3 13 4 -1 -3 6 8 -8 -6 10 11 19 15 -2 -4 16 -13 -17 -5 20 21 23 27 -7 26 -26 -22 -23 29 -29
right_child=1 2 14 18 5 9 7 -9 -10 -11 -12 12 -14 -15 -16 17 -18 -19 -20 -21 24 22 -24 -25 25 -27 -28 28 -30 -31
leaf_value=-0.021828103125604164 -0.0017057567349244255 -0.014703263335413665 0.018390532763115631 0.043791734833835923 0.0063328794864359094 0.0042206904863054144 0.04474950972778953 -0.001531615424475413 -0.0052943165689498112 -0.01441608406326513 0.0035453940105000335 0.020058438872487046 -0.0037384972497073342 -0.0089210732211399951 -0.0039369555442541311 -0.018132583361828797 0.0020600292516822442 -0.0011464834617551526 -0.0059746503845314663 0.0039402324518482967 -0.00010209905666884023 -0.00033865126178712565 0.023020362879635371 0.019483733958021398 -0.0030376137589535343 0.015954634328749672 -0.004562249168410696 -0.0050469686340959908 0.0050984812063191521 0.0014155638703582201
leaf_weight=199.33293719915673 6213.2368661591318 105.90666596870869 47.734064426273108 5.9678770321188486 1083.4108582063345 452.83688087551855 54.541868295287713 22.896496534114704 261.56246792757884 116.26289389142767 2713.0133010910358 80.84378870553337 3343.3567628978053 535.06389582005795 1873.7715175226331 106.19802374858409 1516.4978887329344 345.34094112738967 65.865102779702283 1944.2170045492239 2560.8718646569178 10036.059329669457 45.829658932518214 129.92143274284899 182.74406708357856 169.9003731738776 2203.621779600624 1029.7979136146605 2826.1151840798557 6702.7791353655048
leaf_count=140885 479298 3988 364 2277 30393 15093 988 482 8226 8144 51636 1823 99672 105742 51863 4696 25201 7874 22000 53276 42670 394892 2045 3563 8794 3802 52161 48977 100043 274716
internal_value=-2.92324e-05 6.4868e-05 0.000461817 -0.0159444 0.000654097 0.000698911 0.00567688 0.0318025 0.00406046 0.0005042 0.000553843 0.000312353 -0.00186754 -0.00228403 -0.00333601 0.00118715 0.0030307 -0.0052963 0.000740673 0.000728189 0.000490402 0.000991031 0.000798078 0.00776027 -0.0015849 0.00620778 -0.00216758 0.000743051 0.00177089 0.000552201
internal_weight=46975.5 46704.3 39956 271.166 38034.5 37928.6 1422.41 77.4384 1344.97 36506.2 36389.9 33676.9 5392.24 6748.3 1921.51 2048.88 1597.34 451.539 71.833 28284.7 26340.5 21223.3 20640.6 582.758 5117.14 352.644 4764.49 20594.8 10558.7 7732.58
internal_count=2045584 1880422 1295382 165162 1243155 1239167 40089 1470 38619 1199078 1190934 1139298 139266 585040 52227 39594 27024 12570 24277 1000032 946756 839329 820673 18656 107427 12596 94831 818628 423736 323693
is_linear=0
shrinkage=0.03


Tree=133
num_leaves=31
num_cat=0
split_feature=78 72 10 93 123 93 93 79 78 82 122 117 117 51 95 80 95 48 76 109 109 48 62 38 76 77 110 78 94 76
split_gain=80.0522 47.1541 44.0514 43.9542 68.2065 47.1182 45.3437 41.3629 40.8853 35.9193 35.2468 35.2399 34.7403 33.1435 30.5978 27.5189 27.0996 25.6544 25.1793 24.4076 24.3203 29.3385 28.4173 22.9996 22.6438 33.9978 35.6539 43.3069 32.2446 29.6259
threshold=6.5000000000000009 1.0000000180025095e-35 -1021.7632688988175 1.494421348964591 1.0000000180025095e-35 -2.7008465482323856 2.4932259477242691 -413.34999999999997 329.50000000000006 0.097091089932009156 324.50000000000006 -0.96942693020502824 -0.20200906635041985 93.500000000000014 0.91693205944798317 4137.9289741686543 0.61112954361129557 7.5000000000000009 1340.5000000000002 0.0001300037315545997 0.00054890537661526353 74.500000000000014 240.50000000000003 155.50000000000003 14321.000000000002 63.500000000000007 4.1456776382629773e-05 102.50000000000001 6.14473596230554 9254.5000000000018
decision_type=2 2 2 10 2 10 10 2 2 10 10 8 10 2 8 2 10 2 2 2 2 2 2 2 2 2 2 2 10 2
left_child=13 2 19 5 6 7 -5 -3 14 -7 18 -8 -12 -1 24 17 -14 -13 -6 -2 21 22 -9 -22 25 28 27 -27 29 -4
right_child=1 3 8 4 10 9 11 20 -10 -11 12 15 16 -15 -16 -17 -18 -19 -20 -21 23 -23 -24 -25 -26 26 -28 -29 -30 -31
leaf_value=-0.022529112504383417 0.00408741288893609 -0.0040050287638089023 -0.00064085692989660024 -0.01347334518157082 0.022717456389265655 0.00018415706677973008 0.0035363661695188508 0.0035994980152960496 -0.015588176061460318 -0.0038703403124834548 0.0046417530433140062 0.0010686041167660366 0.030667783714438211 -0.0063461352088083544 -0.0053128221048940041 -0.0011827082609256801 0.010355892098908784 0.0082232917751313261 0.0038589542691704745 0.02864436682087752 0.046762863477992404 -0.010196895178603589 0.028623222608533311 0.0086116407324049234 -0.0047623303467724479 0.0062388828293336871 -0.0014295005284213258 -0.001898312923347743 -0.0069226523225687743 -0.0091406412788371961
leaf_weight=166.66140768449986 938.61297797667794 775.53079495811835 7671.0122932731174 192.43361674272455 60.279888876713812 3815.7117456384003 3593.606202427065 2794.2471994294319 178.07678748806939 4051.8315226081759 242.33929427294061 2858.7879051268101 120.44252899941057 357.26149536296725 1569.1975008205045 5968.1223302257713 126.48192669940181 531.03434836352244 3188.7018162840977 33.118342633824795 17.11335635650903 133.20832678722218 36.577743074391037 48.619198323693126 1259.0677887010388 1888.1647665493656 2174.1100312354974 851.44175567850471 935.1522824150743 382.7860621502623
leaf_count=128523 15390 26427 483331 5480 2989 136575 84176 71252 9334 129705 4547 112365 2986 122047 180893 156075 3446 6031 77509 535 595 2349 1367 1281 35871 67333 46671 27110 86750 15553
internal_value=-5.31034e-05 7.9076e-05 -0.00112884 0.00083552 0.00181402 -0.000579837 0.000796233 0.00215901 -0.00148628 -0.00190507 0.00538679 0.00101337 0.012861 -0.0116583 -0.00133157 4.31233e-05 0.0206755 0.00219989 0.00424321 0.00506671 0.00374082 0.00331983 0.00397273 0.0211477 -0.00091791 -0.00056816 0.00143745 0.00371107 -0.0016647 -0.00105026
internal_weight=46959.7 46435.8 17880.7 28555.1 16882.2 11672.8 13144 3805.3 16909 7867.54 3738.25 12951.6 489.264 523.923 16730.9 9357.94 246.924 3389.82 3248.98 971.731 3029.77 2964.03 2830.82 65.7326 15161.7 13902.7 4913.72 2739.61 8988.95 8053.8
internal_count=2044496 1793926 968771 825155 455604 369551 364127 103271 952846 266280 91477 358647 10979 250570 943512 274471 6432 118396 80498 15925 76844 74968 72619 1876 762619 726748 141114 94443 585634 498884
is_linear=0
shrinkage=0.03


Tree=134
num_leaves=31
num_cat=0
split_feature=77 95 114 92 78 113 78 77 95 78 110 122 122 32 92 109 110 109 80 75 80 78 76 108 80 78 40 6 78 19
split_gain=78.7659 41.0574 33.5041 29.3736 31.1438 40.7479 39.3432 28.987 28.5517 28.3602 27.3758 27.3519 36.0427 26.5196 30.0165 26.3161 26.0406 30.4683 32.6155 35.0838 34.3114 33.6541 40.7711 30.6908 26.1195 25.3953 35.3452 24.9884 24.8878 33.124
threshold=5.5000000000000009 0.9049356969065 6.2272593896713619 7.1282061932012111 126.50000000000001 0.2278229186743071 69.500000000000014 63.500000000000007 0.24019230769230773 37.500000000000007 3.2280532481719724e-05 324.50000000000006 14937.500000000002 43.750000000000014 5.7474879156053698 1.5293429798126858e-05 0.0019461481332312741 7.6553260306718614e-05 461.77286258107051 539.50000000000011 -991.47255038251126 33.500000000000007 3010.5000000000005 5.2692925689512094e-05 937.57627939376232 94.500000000000014 19.500000000000004 5077.5000000000009 3251.5000000000005 3.5000000000000004
decision_type=2 8 10 10 2 10 2 2 10 2 2 8 8 2 10 2 2 2 2 2 2 2 2 2 2 2 2 2 2 2
left_child=8 2 3 4 6 -6 7 16 -1 15 -9 -7 13 -13 -15 -3 17 18 20 23 -2 22 -22 -20 -19 -8 -27 -4 29 -14
right_child=1 9 27 -5 5 11 25 10 -10 -11 -12 12 28 14 -16 -17 -18 24 19 -21 21 -23 -24 -25 -26 26 -28 -29 -30 -31
leaf_value=-0.020931878137543974 0.0044804635731503515 -0.0027992746182453569 0.0032833602308132725 -0.0060656958717909505 -0.013449514162115509 -0.017147343068989809 0.0034711097036130099 0.0046993139290138408 -0.0066072700150619492 -0.0011152848371389014 -0.0011595199299211025 -0.00066178588241136297 -0.0013087029021503569 0.0079184379438210599 -0.004459927869321101 -0.012280773324254785 0.019330225856888771 0.0080954399512112446 0.0047661051686225166 -0.0027770881647599453 -0.0037125723617124871 -0.0058792922981729155 0.0074245743470308379 -0.0039322876727105717 -0.0054281032443892485 5.2062481295870173e-06 0.0099590132422332812 0.027086997080344531 -0.012073996312675687 0.0062866366011324962
leaf_weight=164.45459822140401 568.12604381237179 558.10457620257512 2417.3901190496981 684.08145483769476 222.46951325889677 85.060911253560334 6052.3751647262834 1757.1734296373324 514.08145666099153 1766.3879050696269 1208.2829457037151 1021.3579910062253 12800.930977316573 1042.326554291416 208.60556220356375 500.67217544652522 51.023052068892866 133.74329899379518 2342.705998091842 1165.5465778557118 804.92261857143603 2016.6961564337835 461.08355755219236 428.36771509808023 1849.9759185204748 5045.4189074900933 337.88646002113819 35.475815426558256 180.3272760855034 533.58609790960327
leaf_count=105476 23295 89080 54902 50494 16067 3451 129755 66902 124004 81180 29042 25814 363723 32436 6575 86021 687 13149 175017 54205 96322 92362 44475 28280 124485 105369 2921 166 12948 8424
internal_value=-9.73864e-05 5.19193e-05 0.000279913 7.59644e-05 0.00018091 -0.000841835 0.000860485 -0.000282882 -0.0102068 -0.00344925 0.00231418 -0.000660943 -0.000566713 0.0029251 0.00584468 -0.00731951 -0.00106775 -0.0011841 -0.000337522 0.00158173 -0.00229904 -0.00347737 0.000356863 0.0034168 -0.00449828 0.00213859 0.000638625 0.00368203 -0.00115467 -0.00100253
internal_weight=46958.6 46280.1 43454.9 41002.1 40318 16094.7 24223.3 12787.6 678.536 2825.16 2965.46 15872.2 15787.1 2272.29 1250.93 1058.78 9822.19 9771.17 7787.45 3936.62 3850.83 3282.7 1266.01 2771.07 1983.72 11435.7 5383.31 2452.87 13514.8 13334.5
internal_count=2047027 1817547 1561266 1506198 1455704 469438 986266 748221 229480 256281 95944 453371 449920 64825 39011 175101 652277 651590 513956 257502 256454 233159 140797 203297 137634 238045 108290 55068 385095 372147
is_linear=0
shrinkage=0.03


Tree=135
num_leaves=31
num_cat=0
split_feature=53 93 90 67 78 3 72 85 19 46 6 108 59 72 36 76 44 52 105 109 111 53 78 78 80 80 78 83 108 82
split_gain=68.0986 35.708 34.1475 31.1106 46.7231 28.818 28.2925 30.4172 27.161 27.6579 30.594 39.5368 26.0805 38.9614 36.057 33.5765 28.2109 26.4683 26.0008 25.9244 40.647 30.2005 29.614 36.7594 27.802 43.3519 33.4824 30.0771 28.2024 29.0828
threshold=1.0000000180025095e-35 6.4925240426407429 3.257167318982388 1.5000000000000002 201.50000000000003 6.5000000000000009 31.500000000000004 0.46669405642289791 42.500000000000007 137.50000000000003 106.50000000000001 0.0005409754413176303 -721.4305405065835 26.500000000000004 122.50000000000001 12438.500000000002 14.500000000000002 126.50000000000001 0.04839014574059395 0.0003211402522096686 0.00029281529786988027 32.500000000000007 87.500000000000014 76.500000000000014 -1091.5282865600473 299.80861321549435 103.50000000000001 0.032795559025067228 4.3662395062575247e-05 0.020655062288207907
decision_type=2 10 8 2 2 2 2 10 2 2 2 2 2 2 2 2 2 2 8 2 2 2 2 2 2 2 2 10 2 10
left_child=2 3 -1 12 5 6 -5 -8 9 10 11 18 14 15 16 19 -2 -17 -6 21 -21 24 23 -23 26 -26 -14 -28 -27 -30
right_child=1 -3 -4 4 8 -7 7 -9 -10 -11 -12 -13 13 -15 -16 17 -18 -19 -20 20 -22 22 -24 -25 25 28 27 -29 29 -31
leaf_value=-0.0053627224903808526 0.0062241449543894017 -0.0045457617934529428 -0.021983543858605285 0.0013725446923884197 0.0013848961753270047 0.0050528106060830982 -0.002918740742072338 0.032827354405107652 0.020842575784999644 -0.0096657369274668319 0.0019381600448098674 -0.007432042413798641 0.0068906714592144617 0.012560344698786911 -0.0049062839940529355 -0.013297855156238032 0.050473892902495883 -0.0032489118567041197 -0.0033203382808010052 -0.012309131897044892 -0.0008258267831824051 0.0041445376703608972 -0.00021246061422811732 0.019112255319728804 -0.0036624903517035513 0.0013259804392174021 0.041230809753604478 -0.0028633439051912713 -0.0084328228092949813 -0.00090080204779492245
leaf_weight=1039.6264626468183 859.47423685668036 1398.5114432590199 120.67334249336272 12360.654580116214 2433.1695214728825 2447.7451886560302 34.746889347210526 47.868001731112599 47.34127829503268 302.71267815073952 2949.2188153187744 940.91355573898181 893.84136907733046 190.06953803263605 311.0090180085972 277.8545107258833 8.2902264054864627 1459.9884878310841 1861.1528759696521 414.42695439583622 821.72472797043156 706.33642921445426 989.96426559798419 183.25722781009972 4136.6733871728065 5709.1624748364557 9.229788647964595 661.29768337775022 546.5652473072987 2831.6315503725782
leaf_count=164786 22126 105524 75512 329811 94364 28085 423 792 410 9685 71961 28024 32172 3588 5203 13764 83 43482 68947 28823 23847 24322 21215 3323 284156 362123 545 23109 69590 106049
internal_value=-1.64573e-05 0.000165605 -0.00717823 0.000314377 0.00106604 0.0020801 0.00149353 0.0184844 -0.000703473 -0.000835857 -0.000503571 -0.00187963 -0.000523727 -0.000781747 0.00380224 -0.000914019 0.00693363 -0.00488912 -0.000655835 -0.000526922 -0.00470975 -0.00021539 0.00336142 0.00731749 -0.000670973 -0.00111864 0.00310474 -0.00195571 4.07344e-05 -0.00213008
internal_weight=46995.1 45834.8 1160.3 44436.3 23425.5 14891 12443.3 82.6149 8534.51 8487.17 8184.45 5235.24 21010.8 19832 1178.77 19642 867.764 1737.84 4294.32 17904.1 1236.15 16668 1879.56 889.594 14788.4 13224 1564.37 670.527 9087.36 3378.2
internal_count=2045844 1805546 240298 1700022 632502 359111 331026 1215 273391 272981 263296 191335 1067520 1040108 27412 1036520 22209 57246 163311 979274 52670 926604 48860 27645 877744 821918 55826 23654 537762 175639
is_linear=0
shrinkage=0.03


Tree=136
num_leaves=31
num_cat=0
split_feature=61 53 90 91 111 67 101 80 46 114 72 105 47 107 93 69 110 109 6 46 122 76 31 66 38 102 53 84 104 102
split_gain=79.9037 49.8652 35.2881 33.1633 38.0406 36.3548 28.9192 27.806 32.9952 31.0267 29.9229 32.3943 28.4976 31.7442 29.5835 49.0623 36.7089 29.0391 27.7658 32.3193 25.4602 29.3649 25.1266 24.7754 28.3502 24.7116 26.3617 24.3982 23.9197 23.148
threshold=2.5000000000000004 6.5000000000000009 2.8105767467449119 0.53876760006328106 0.00026701604603903832 3.5000000000000004 0.0040767794619509827 639.16418750963032 10.500000000000002 10.417105263157897 31.500000000000004 0.11540874432969793 12.500000000000002 0.0012168772867480612 -2.7716946253952046 21.500000000000004 3.4631313819658947e-05 2.3119390684079533e-05 85.500000000000014 39.500000000000007 6562.5000000000009 733.50000000000011 320.50000000000006 22.500000000000004 13.500000000000002 0.07702113055841546 91.500000000000014 0.11024680789277062 0.040020800832033292 0.0062897906330027552
decision_type=2 2 10 8 2 2 10 2 2 10 2 10 2 2 10 2 2 2 2 2 10 2 2 2 2 10 2 10 10 10
left_child=-1 2 20 7 5 -5 28 9 10 12 25 27 14 -14 15 16 17 -3 -8 -20 21 -2 -19 -16 -25 26 -9 -12 -6 -10
right_child=1 3 -4 4 6 -7 18 8 29 -11 11 -13 13 -15 23 -17 -18 22 19 -21 -22 -23 -24 24 -26 -27 -28 -29 -30 -31
leaf_value=-0.022338400520050043 0.01069558973198287 0.0041217403737814828 -0.0086275393173792323 -0.00047368888049159445 -0.0058627663735654574 0.0021448671645443226 -0.0019656194895083263 0.0038392807411172475 -0.002647229817792003 0.015519354586266937 0.035518103760886266 0.0006298893866656239 -0.0096960357034062174 0.011812264662942161 -0.0024701059604752538 0.024767575987384254 -0.0014568015041599382 0.013408324160273558 0.018078347068663361 -0.003165535365907982 -0.0072890235508644118 -0.0012177078286035542 0.051144033203327811 0.021063980698508435 0.00042785676346327931 -0.0031992206807222451 0.015341472991572914 0.0075952896393577151 0.0070814146036538746 0.0029461246511050723
leaf_weight=137.76378118811408 186.62204305530759 682.55484001617879 659.63871720322641 14705.92494546267 2045.803344450891 7057.9488752470352 680.53025103430264 4983.3253961076261 1367.5968046407215 109.67737542337272 71.584061743691564 82.787982524372637 456.85696693556383 66.963534306269139 2495.3148705682252 86.110508827958256 1073.0670769996941 146.24934046715498 153.3008419261314 106.52096497360617 603.62918145413278 6624.8544666686794 14.162667975760995 82.923664155881852 188.76519539766014 429.83812858792953 181.75508994050324 49.850108657497913 132.93884760467336 1288.374124892056
leaf_count=84590 37427 20899 151454 620903 65335 188663 16020 122215 22751 1244 1406 2017 12262 1422 76029 2060 21582 4206 3570 3815 70886 468990 363 2090 5795 9705 4249 1193 3286 20058
internal_value=7.12335e-05 0.000139557 -0.0020043 0.000586602 -6.84906e-05 0.000375797 -0.00316421 0.00176249 0.00283618 8.10905e-05 0.00410355 0.0152566 -0.000253156 -0.0068608 0.000479021 0.0032524 0.00222352 0.0068894 0.00122843 0.00947352 -0.00140969 -0.000883699 0.0181852 -0.00152998 0.00699315 0.00368319 0.00425848 0.0248091 -0.00505855 6.64653e-05
internal_weight=46953.2 46815.5 8074.74 38740.7 24883 21763.9 3119.09 13857.8 8455.11 5402.65 5799.14 204.222 5292.97 523.821 4769.15 2002.14 1916.03 842.967 940.352 259.822 7415.11 6811.48 160.412 2767 271.689 5594.92 5165.08 121.434 2178.74 2655.97
internal_count=2046485 1961895 728757 1233138 901592 809566 92026 331546 183594 147952 140785 4616 146708 13684 133024 49110 47050 25468 23405 7385 577303 506417 4569 83914 7885 136169 126464 2599 68621 42809
is_linear=0
shrinkage=0.03


Tree=137
num_leaves=31
num_cat=0
split_feature=98 65 122 122 18 78 99 78 9 72 55 111 0 75 78 93 93 31 83 122 117 64 121 72 66 108 69 67 59 31
split_gain=75.7568 43.5208 31.3676 42.3458 30.4342 37.8913 29.4907 29.1172 46.3899 40.1678 30.3316 30.5828 27.2508 27.0441 28.0787 30.2604 26.7295 31.2111 31.1222 31.7309 30.6214 29.3505 29.6939 25.5946 24.85 24.2442 34.0712 25.0317 23.8617 25.7307
threshold=0.28730158730158734 1.0000000180025095e-35 324.50000000000006 2182.5000000000005 1.0000000180025095e-35 742.50000000000011 0.019870634372787157 253.50000000000003 -96.036196546791885 1.5000000000000002 83.500000000000014 1.1080193547672366e-05 1.5000000000000002 280.50000000000006 160.50000000000003 6.5851634065462816 4.2460576312464982 63.500000000000007 0.071416542366357125 797.00000000000011 0.20633648466932422 1.0000000180025095e-35 10.500000000000002 34.500000000000007 1.5000000000000002 0.00057530256645853598 8.5000000000000018 74.500000000000014 -520.78192038056102 116.50000000000001
decision_type=8 2 8 8 2 2 10 2 2 2 2 2 2 2 2 10 10 2 10 10 10 2 2 2 2 2 2 2 2 2
left_child=1 13 -3 16 7 -6 -7 8 -5 10 11 -10 -13 -1 15 -15 17 21 19 -18 -21 -4 -23 -11 -9 26 -26 -28 -25 -30
right_child=-2 2 3 4 5 6 -8 24 9 23 -12 12 -14 14 -16 -17 18 -19 -20 20 -22 22 -24 28 25 -27 27 -29 29 -31
leaf_value=-0.006504410709867842 -0.012772004693214496 -0.014190920832287197 0.0079502392772446816 0.004643227005634693 0.0035642770370560833 -0.0074778549009156337 0.0034406168113726887 -0.0098466137443591287 0.00061288028780482359 0.0011560888996631513 0.0093041195613163107 -0.0068781373094248619 -0.0015653789387454879 0.00042336500736857595 -0.015306150255947004 -0.014849786304357052 -0.0097193619514182265 0.0076767933562744079 -0.0013879204090618967 0.041955883605311148 0.0037131259926055163 0.050650334172520746 -0.0091385117541876153 -0.0100579950427121 -0.0018801725605854952 -0.0066305192770297373 0.0032608062410614778 0.02045495033062663 0.031799386554604084 0.0073213269670192585
leaf_weight=1275.6604066487635 407.60573568521068 127.01960343227256 42.474916775012389 2104.8308936008252 4469.8278753180057 550.85039579169825 367.52919890126213 343.95578902773559 6155.5855070346151 12203.64174663648 252.71428173966706 951.12263477640226 9612.7363244225271 2202.255397680332 114.36604458047077 118.27473201981047 27.071871403953992 254.07262012781575 387.80732447595801 42.174528359319083 33.13631636032369 43.885808049701154 7.1935797464102498 34.063384731300175 3245.661764101591 707.33145872456953 580.99010164942592 83.278319464996457 57.52258958760649 112.42411286383867
leaf_count=215669 136601 5004 2150 26016 80580 29325 10071 15347 431302 316750 4025 74693 304631 171971 6002 17815 1178 7605 11547 1551 1707 1470 188 822 125130 20684 20342 3111 1235 1022
internal_value=2.61325e-05 0.000139655 0.000409988 0.000455108 0.000320937 0.00242429 -0.00311339 9.6844e-06 0.000346382 3.78092e-05 -0.000910532 -0.00106766 -0.00204674 -0.00297482 -0.0011161 -0.000385344 0.00711292 0.0134163 0.00255246 0.0168476 0.0264081 0.0278231 0.0421661 0.00133487 -0.00212525 -0.00154003 -0.000611831 0.00555312 0.0117458 0.0162786
internal_weight=46917.1 46509.5 42798.9 42671.9 41834.1 5388.21 918.38 36445.9 31484.6 29379.8 16972.2 16719.4 10563.9 3710.56 2434.9 2320.53 837.817 347.627 490.19 102.383 75.3108 93.5543 51.0794 12407.7 4961.22 4617.26 3909.93 664.268 204.01 169.947
internal_count=2045544 1908943 1497486 1492482 1465086 119976 39396 1345110 1160496 1134480 814651 810626 379324 411457 195788 189786 27396 11413 15983 4436 3258 3808 1658 319829 184614 169267 148583 23453 3079 2257
is_linear=0
shrinkage=0.03


Tree=138
num_leaves=31
num_cat=0
split_feature=113 95 93 9 123 104 78 18 78 78 19 69 42 80 90 75 80 6 95 73 60 90 93 108 105 44 69 115 43 53
split_gain=70.2551 38.8189 37.9151 58.533 55.8926 39.3757 36.5511 32.0907 29.7392 28.9361 34.6069 31.0495 29.5337 28.0493 26.8182 26.4225 25.7122 24.3039 24.2393 23.4811 30.7315 24.7969 23.4101 23.1433 33.3166 22.139 24.3183 24.6919 34.1687 21.9932
threshold=0.19581364418713817 0.76194156178700234 1.6000690994439095 -5.2390697942309687 1.0000000180025095e-35 0.038427976909652307 26.500000000000004 4.5000000000000009 216.50000000000003 555.50000000000011 18.500000000000004 6.5000000000000009 7.5000000000000009 691.23357865847913 2.8479061536305026 940.50000000000011 -132.13452498288603 1507.0000000000002 0.57953307585660541 30.500000000000004 17128.481464091765 1.7039194171348315 -3.1602522397907662 5.9946521129599311e-05 0.015159439584125778 8.5000000000000018 1.5000000000000002 1.0585132716969878 1.5000000000000002 23.500000000000004
decision_type=10 10 10 2 2 10 2 2 2 2 2 2 2 2 10 2 2 2 10 2 2 10 10 2 10 2 2 10 2 2
left_child=6 2 3 9 5 7 16 -4 23 11 -11 17 29 -7 25 -8 -1 -2 22 20 -15 -22 -14 -3 -25 26 -6 -28 -29 -13
right_child=1 8 4 -5 14 13 15 -9 -10 10 -12 12 18 19 -16 -17 -18 -19 -20 -21 21 -23 -24 24 -26 -27 27 28 -30 -31
leaf_value=0.0043683299567202185 0.00050996135561276652 -9.8746639467437206e-05 -0.00024856880501639622 -0.0033996284136620738 0.0041173614466797782 0.038516101920248055 -0.00084770511039249856 0.0075113112606522599 -0.0071937239946449887 -0.0045812849377485833 0.015925672660674718 0.015092146708887477 0.0021153809463353612 0.0049863609974419984 -0.0040391856903316918 -0.01267478640477189 -0.016836924903831745 0.014072898423677458 0.0014791246660015177 -0.0017469160945514583 0.033025949205466816 -0.0037240735854213946 0.030522655526968503 -0.0066678206501369951 -6.1568210393098306e-05 -0.0056333942709853079 0.016237361321254955 0.00042583472216994802 0.013618794194308255 0.00058310335706100182
leaf_weight=57.542675658944063 9022.5042851335602 6408.881956538884 13118.671418484417 4569.1391624011449 2706.8477982564364 16.823791706818156 767.74404220748693 492.83098410395905 774.00034818099812 1309.7259840676561 73.641746998764575 111.73884812789038 35.559249736368656 1355.4323401454603 303.83141593227629 213.66105294646695 370.22218533710111 115.50823008082807 66.590629460290074 447.69643494160846 58.649819656275213 21.047603539656848 102.11279663257301 1379.5362821213785 1364.0384956109338 160.05152827547863 331.92446042480879 398.03306293301284 313.18297521723434 485.58563632704318
leaf_count=11506 255154 370845 502197 233566 80520 1300 65518 6631 27057 67526 1073 2287 294 34789 21403 14813 163983 768 717 8590 1075 416 985 99278 38014 3021 12023 6417 4526 9928
internal_value=-0.000111954 9.25126e-05 0.000554914 -0.000535478 0.00143334 0.000600385 -0.00669716 3.50478e-05 -0.00156607 0.000621279 -0.0034362 0.00118743 0.00682996 0.00464046 0.00449506 -0.00347377 -0.0139669 0.000689005 0.0165393 0.00423655 0.00610271 0.0236736 0.0235166 -0.00108649 -0.00338944 0.00516253 0.00563019 0.00951748 0.00628985 0.0034
internal_weight=46952.8 45543.6 35617.1 15892.1 19725 15511.2 1409.17 13611.5 9926.46 11323 1383.37 9939.6 801.587 1899.65 4213.87 981.405 427.765 9138.01 204.263 1882.83 1435.13 79.6974 137.672 9152.46 2743.57 3910.04 3749.99 1043.14 711.216 597.324
internal_count=2046220 1790400 1255206 572298 682908 554998 255820 508828 535194 338732 68599 270133 14211 46170 127910 80331 175489 255922 1996 44870 36280 1491 1279 508137 137292 106507 103486 22966 10943 12215
is_linear=0
shrinkage=0.03


Tree=139
num_leaves=31
num_cat=0
split_feature=78 88 109 95 32 2 78 22 80 78 77 6 18 9 90 94 75 35 96 97 53 80 90 32 1 96 37 80 54 122
split_gain=66.8599 41.383 38.9576 33.9454 35.9567 33.9092 33.3811 26.8191 27.9838 27.3567 27.0083 26.1535 25.2371 24.8355 27.9091 28.6054 27.8359 24.6568 27.2756 24.0348 22.5893 21.8837 25.1026 21.6246 23.4105 38.0441 31.1254 21.4329 21.3986 29.6105
threshold=4.5000000000000009 4.1289915966386568 5.2106089434422682e-05 0.5929508135472904 2807.2500000000005 3.5000000000000004 34.500000000000007 1.5000000000000002 563.60339018195816 156.50000000000003 49.500000000000007 3883.5000000000005 1.0000000180025095e-35 -24.165161417223452 2.6105572755417961 -3.5734660077501479 829.50000000000011 3269.1110714135834 0.009175587553959039 0.052644529631164526 6.5000000000000009 299.80861321549435 2.6746415356151716 -285.89999999999992 507.50000000000006 0.019241658681069782 12.500000000000002 -946.70753091667677 89.500000000000014 10699.500000000002
decision_type=2 8 2 10 2 2 2 2 2 2 2 2 2 2 10 10 2 2 10 10 2 2 10 2 2 10 2 2 2 10
left_child=5 3 -3 20 7 -1 -4 9 11 10 12 -9 13 14 -5 -16 21 -10 -19 -11 -2 27 -23 -22 26 -26 28 -15 -25 -30
right_child=1 2 6 4 -6 -7 -8 8 17 19 -12 -13 -14 16 15 -17 -18 18 -20 -21 23 22 -24 24 25 -27 -28 -29 29 -31
leaf_value=-0.019274740421776355 -0.0013189142198386263 -0.00083885389119685229 -0.013639539798027261 0.0013704016652410932 -0.011834856530828343 0.0022057066371106524 -0.0036379221749285075 -0.002957935102638498 0.0079557261955982405 -0.0039167460593308029 0.0011900288983957721 0.019316966373177938 0.006512950680965246 0.0033877766267229265 0.051303216785756479 0.009090889420283136 -0.0085605631958398532 -0.0027252762982685696 0.0060574808779497499 9.2689355471267337e-05 -0.0026853449598910036 0.0002919898988740024 -0.0067233548585040499 0.0019387258407352421 0.0029029348228784705 0.0115562659588491 -0.0022257614802886167 -0.0064567204654929836 0.0058106308017008296 0.030129736468133515
leaf_weight=237.0834563554381 2176.7044309035409 4032.8235047251219 420.27597962261643 759.05762778921053 234.46710054809228 89.693754898617044 1042.4409116427414 921.54036338324659 939.34209839464165 3397.3961007208563 9071.3057509053033 45.036639629397541 354.45976976153906 235.0482197587844 14.876229630084707 64.614308540476486 572.68325253960211 651.35448063584045 613.35328806098551 2225.5473640244454 836.15309923281893 3750.4310085353209 518.02404836914502 7646.7583665006096 2186.2343869886827 575.21790100960061 1600.2196557964198 1202.5960653970251 480.10818882472813 45.355221895501018
leaf_count=163831 129775 354843 79600 20471 8483 31059 47572 23992 17888 112301 213361 417 11532 9506 669 3105 21012 11599 10574 65501 14639 189938 60146 248444 48685 10647 35049 86911 12979 1338
internal_value=-1.47596e-05 8.07479e-05 -0.00236308 0.000407621 -0.00026451 -0.0134344 -0.00654832 -0.000155123 0.00242338 -0.000524415 9.02064e-05 -0.00182599 -0.00124496 -0.00163563 0.00320033 0.0195592 -0.00228351 0.00428684 0.00154123 -0.00233115 0.00151286 -0.00164658 -0.00056627 0.00197421 0.002286 0.00472308 0.00159528 -0.00484103 0.00234439 0.00817394
internal_weight=46940.2 46613.4 5495.54 41117.9 25571.1 326.777 1462.72 25336.7 3170.63 22166 16543.1 966.577 7471.79 7117.33 838.548 79.4905 6278.78 2204.05 1264.71 5622.94 15546.8 5706.1 4268.46 13370 12533.9 2761.45 9772.44 1437.64 8172.22 525.463
internal_count=2045867 1850977 482015 1368962 867406 194890 127172 858923 64470 794453 616651 24409 403290 391758 24245 3774 367513 40061 22173 177802 501556 346501 250084 371781 357142 59332 297810 96417 262761 14317
is_linear=0
shrinkage=0.03


Tree=140
num_leaves=31
num_cat=0
split_feature=78 95 106 114 53 79 94 99 78 33 110 57 73 61 68 92 78 68 85 64 75 78 122 63 84 98 64 115 30 77
split_gain=61.6631 40.7393 32.9366 28.8358 31.0524 28.0773 27.5813 26.4558 29.922 26.1533 24.4569 23.9469 25.7082 25.3206 24.2669 19.9184 26.2343 41.272 19.6776 19.3978 19.372 19.3425 23.227 20.7978 20.7204 20.8671 20.0244 19.0023 22.9494 19.8853
threshold=3.5000000000000004 0.73172876847501989 0.26136363636363641 6.2272593896713619 1.0000000180025095e-35 -1073.5499999999995 -4.3348897462467333 0.014295932965460863 2343.5000000000005 383.84999999999985 0.00096262288122440031 -237.39999999999995 340.50000000000006 61.500000000000007 30.500000000000004 5.229676678431642 24.500000000000004 4.5000000000000009 0.37514845605700714 1.0000000180025095e-35 401.50000000000006 210.50000000000003 2035.5000000000002 42.500000000000007 0.11905338071730484 0.012660008690510961 1.5000000000000002 0.70274178516670183 20.500000000000004 174.50000000000003
decision_type=2 8 10 10 2 2 10 10 2 2 2 2 2 2 2 8 2 2 10 2 2 2 8 2 10 10 2 10 2 2
left_child=9 2 3 4 -2 6 -6 8 11 -1 -5 13 -13 19 -14 21 17 -17 -15 -7 -8 22 26 -24 25 -25 -3 -20 29 -29
right_child=1 15 -4 10 5 7 20 -9 -10 -11 -12 12 14 18 -16 16 -18 -19 27 -21 -22 -23 23 24 -26 -27 -28 28 -30 -31
leaf_value=-0.019385517440210734 -0.0071770005360899366 0.0011239900170246435 0.042043585628980258 0.0031576390323023082 -0.013996690337862758 0.0074538344660225499 0.025027085956791203 0.0022676498639118562 -0.014343244026194565 0.0044831850780886993 0.014508636885430245 8.0146961933580697e-05 0.048940280615462246 -0.0040355563380097418 -0.0080427982613870842 -0.010774096336884569 -0.002084061900419668 0.034122837029172674 -0.0049410598375954386 0.03867860222235029 -0.0025220299478928235 -0.0043999696036732738 -0.00057703690060108867 0.0062490358793793471 -0.0032351236691632755 0.026762394154141764 0.027955423032001232 0.013559368085523795 0.0053357514641064795 0.046672190538433959
leaf_weight=200.28945662255865 465.44423862488475 52.112282525631599 12.33915055496618 1607.8806185390567 200.83537826966494 44.354254683479667 18.594736099243164 7781.6230485903798 120.99387067789212 49.653427962271962 187.00076203397475 21178.659663986298 13.4760237201117 219.00866105593741 8.6292265434749407 525.09304542612517 2841.2833728380501 14.318357831332831 104.65697459038347 28.994563657790422 898.32337841903791 1059.9792885542847 8451.3845000866568 158.37125315796584 114.46829356998205 59.809578282758594 43.966457985225134 85.976551063358784 369.27404835540801 17.861413480713964
leaf_count=147432 52054 3567 319 38897 7633 1041 456 190687 11020 17624 1195 827757 428 3453 272 119070 121737 1371 4199 643 32741 36191 413426 2310 1361 782 1167 1759 5696 324
internal_value=6.51365e-05 0.000145473 0.000705434 0.00068384 0.000473106 0.000588765 -0.00406921 0.000763117 0.000235158 -0.0146489 0.00437727 0.000318308 0.000117535 0.00518157 0.0293155 -0.00125677 -0.00324421 -0.00927989 0.00355683 0.0214775 -0.00183064 -0.000579539 -0.000121292 -0.000285671 0.0070158 0.0123459 0.0141778 0.00644473 0.00898871 0.0211376
internal_weight=46934.7 46684.7 33363.9 33351.6 31556.7 31091.3 1117.75 29973.5 22191.9 249.943 1794.88 22070.9 21200.8 870.126 22.1053 13320.8 3380.69 539.411 796.778 73.3488 916.918 9940.09 8880.11 8784.03 332.649 218.181 96.0787 577.769 473.112 103.838
internal_count=2046612 1881556 1180574 1180255 1140163 1088109 40830 1047279 856592 165056 40092 845572 828457 17115 700 700982 242178 120441 15431 1684 33197 458804 422613 417879 4453 3092 4734 11978 7779 2083
is_linear=0
shrinkage=0.03


Tree=141
num_leaves=31
num_cat=0
split_feature=61 95 93 101 108 115 80 93 105 123 121 72 61 109 9 115 83 69 79 60 108 57 31 41 64 83 3 62 28 28
split_gain=64.0496 39.9132 32.1324 28.2926 27.6526 41.2736 34.952 44.246 45.4074 36.2731 39.7874 38.2625 34.1402 45.1627 33.6226 32.6069 30.7978 28.516 31.9054 26.008 28.9755 35.8459 30.6918 25.4834 25.0504 24.9144 24.33 26.1348 23.4493 23.2694
threshold=2.5000000000000004 0.9049356969065 5.0216189157710103 0.0055559366473072061 0.00057530256645853598 5.5765399737876811 414.78357679941467 -2.1009543349729416 0.025502133225755192 1.0000000180025095e-35 1.0000000180025095e-35 1.5000000000000002 109.50000000000001 2.8100054541136983e-05 -112.59619145277323 1.5497852728776367 0.12651124428389468 3.5000000000000004 620.5500000000003 1384.509192606816 1.0873419231256473e-05 97.950000000000045 24.500000000000004 22.500000000000004 46.500000000000007 0.62528538812785406 6.5000000000000009 47.500000000000007 120.50000000000001 61.500000000000007
decision_type=2 8 10 10 2 10 2 10 10 2 2 2 2 2 2 8 10 2 2 2 2 2 2 2 2 10 2 2 2 2
left_child=25 3 19 4 6 -6 7 16 14 11 12 23 13 -11 -9 -15 24 -14 -19 -3 21 22 -21 -8 -2 -1 -5 -28 -12 -13
right_child=1 2 -4 26 5 -7 9 8 -10 10 28 29 17 15 -16 -17 -18 18 -20 20 -22 -23 -24 -25 -26 -27 27 -29 -30 -31
leaf_value=-0.024756317666378196 0.0032921655651672894 -0.0036428812994903567 -0.0080275799322374799 0.00072800134138315475 -0.0039691791150217341 0.0065064528597163426 -0.0012194145090157224 0.0069414272448656451 -0.0048826048674154732 0.0047534006065311548 0.0088388913771256135 0.0021885072412161106 -0.00023886374242155641 0.049691035577026005 -0.0012989693420794777 0.00060181626639325872 -0.00062640047585860561 0.030453565624715326 0.0048754266943885696 0.038608018098855966 -0.00022324181600179578 0.000932772900763497 -0.00070766901762025157 -0.023515625337431029 0.023632132703888364 0.016893044682847577 0.0083191665420083195 0.0017527801784281041 0.035183333510839361 -0.0073625332982078795
leaf_weight=118.45917188795283 2141.7028624913655 1369.1168592824833 913.63402391574346 4237.0057422682876 2858.0138482952025 379.32128417200875 7266.7344515307923 494.78931027371436 3659.5282994537847 1663.8639315412147 534.8659094569739 6059.8509695866378 3573.1216584841022 30.24617259693332 4108.6264682181645 18.796435856842436 3874.3328554846812 46.703050975222141 311.63350403727964 58.270857726340182 498.07933748094365 95.3108724814374 24.656844710698351 41.44928871281445 51.099572153296322 10.945135657791978 960.22813879488967 1262.5834443178028 28.100922500248998 233.80606217589229
leaf_count=80745 73966 162960 128149 109409 79547 4020 425306 10169 141306 94077 13754 167092 89265 1045 247732 333 114356 1204 7972 3584 22347 10773 795 530 1565 3799 13882 30089 618 5957
internal_value=-5.61993e-05 3.19672e-06 -0.00336602 0.000230985 -8.59554e-05 -0.0027336 0.000165477 -0.000962927 -0.00239076 0.000981809 0.00288113 0.000114296 0.00211742 0.00564555 -0.000406696 0.0326731 0.000982033 0.00057503 0.00858231 -0.00126935 0.00352704 0.0137271 0.0275428 -0.00136186 0.00381884 -0.0207362 0.00206346 0.00460169 0.010452 0.00182813
internal_weight=46924.9 46795.5 2959.07 43836.4 37376.6 3237.34 34139.3 14330.1 8262.94 19809.2 6207.33 13601.8 5644.36 1712.91 4603.42 49.0426 6067.14 3931.46 358.337 2045.43 676.318 178.239 82.9277 7308.18 2192.8 129.404 6459.82 2222.81 562.967 6293.66
internal_count=2046346 1961802 328608 1633194 1479814 83567 1396247 589094 399207 807153 208268 598885 193896 95455 257901 1378 189887 98441 9176 200459 37499 15152 4379 425836 75531 84544 153380 43971 14372 173049
is_linear=0
shrinkage=0.03


Tree=142
num_leaves=31
num_cat=0
split_feature=94 95 32 1 76 122 78 114 102 54 78 78 65 79 19 70 83 76 108 113 80 10 66 90 88 101 93 66 72 21
split_gain=62.97 30.8882 31.0925 28.7788 30.711 28.3561 27.9434 26.5164 25.6166 24.4455 23.6555 23.22 21.7748 20.5812 25.7841 19.8593 18.5728 19.3014 18.5691 43.0196 29.97 24.5535 26.5763 29.9773 25.1239 24.8935 23.2874 22.6761 22.2072 23.7313
threshold=8.7945953701578183 0.5929508135472904 2807.2500000000005 238.50000000000003 34425.500000000007 6112.5000000000009 20.500000000000004 6.2272593896713619 0.090761988820241266 3.5000000000000004 7.5000000000000009 1596.5000000000002 168.50000000000003 -1073.5499999999995 8.5000000000000018 159.50000000000003 0.17394379189471745 32769.000000000007 5.9946521129599311e-05 0.69836772102522482 487.15413096936226 56.723634189400485 17.500000000000004 1.7039194171348315 -5.3190909090909075 0.058947629684785313 -1.2214193669871132 8.5000000000000018 1.5000000000000002 3.5000000000000004
decision_type=8 10 2 2 2 8 2 10 10 2 2 2 2 2 2 2 10 2 2 10 2 2 2 10 8 10 10 2 2 2
left_child=1 3 5 4 8 -3 -5 9 12 -7 -2 18 -1 16 -15 -13 17 -8 20 -20 27 22 24 -24 -21 -23 -25 -11 -22 -30
right_child=10 2 -4 6 -6 7 13 -9 -10 11 -12 15 -14 14 -16 -17 -18 -19 19 21 28 25 23 26 -26 -27 -28 -29 29 -31
leaf_value=0.00066035633861781051 -0.023525370568188965 0.0038754878858399933 -0.011301305488107297 0.023092237853030623 -0.010889673541393918 -0.0035529247202454308 -0.011135458848206594 0.0029536062745143853 -0.006276619200754863 -0.0020568000675832117 -0.0071985390251039982 -0.013809110782935789 0.029594666644422955 0.0027253355707665431 0.014366152740056936 0.011744203622078574 -0.0062458191421697956 0.023040357620819549 -0.0068474864739512262 0.015530789393518171 5.4190505829141371e-05 -0.00015980518360241431 -0.0025896838356589684 0.02872787533615517 -0.0074248768564113121 0.014822902347461522 0.0033149512781841237 0.0030436483347866037 0.0043790385935715366 -0.0041727858969898037
leaf_weight=11384.447714827314 105.56452193768928 1294.2501427220413 234.86704168748111 55.682325948728248 214.63748225476593 2785.6995260213153 19.108414212241769 1707.4560004300438 486.24263444007374 5104.7699556156294 317.25213879579678 186.70462144678459 18.459606377407908 4916.6227581240237 172.81083121523261 28.0144512061961 364.18407373316586 37.652605400886387 1172.5009212794248 40.07872945885174 3694.3527154451003 6805.4424057425931 398.70247679296881 50.198393236845732 1102.191513991449 96.288416845723987 82.455749745480716 922.2266911722254 2796.5654137679376 322.06610689964145
leaf_count=540001 98436 53089 8602 3591 11057 324950 419 44849 19921 201660 50309 12284 460 99358 2258 936 11715 1619 58649 1280 171096 161680 11088 1159 39556 1777 2745 28005 78612 5426
internal_value=-4.51764e-05 6.02375e-05 -0.000545146 0.00104767 0.000226303 -0.000454823 0.002832 -0.000660821 0.000431475 -0.000902535 -0.0115022 -0.000578039 0.000720147 0.00260652 0.00313431 -0.0102838 -0.00373659 0.0115651 -0.000483521 -0.00147037 0.000265959 -0.000731604 -0.00398568 0.00154782 -0.00655526 5.98032e-05 0.0136258 -0.00127447 0.00162861 0.00349061
internal_weight=46917.5 46494.7 28824.8 17669.8 12103.8 28590 5566.06 27295.7 11889.1 25588.3 422.817 22802.6 11402.9 5510.38 5089.43 214.719 420.945 56.761 22587.8 9747.86 12840 8575.36 1673.63 531.357 1142.27 6901.73 132.654 6027 6812.98 3118.63
internal_count=2046587 1897842 1207443 690399 571439 1198841 118960 1145752 560382 1100903 148745 775953 540461 115369 101616 13220 13753 2038 762733 277934 484799 219285 55828 14992 40836 163457 3904 229665 255134 84038
is_linear=0
shrinkage=0.03


Tree=143
num_leaves=31
num_cat=0
split_feature=77 88 109 78 111 122 106 78 77 80 80 90 10 31 67 78 116 92 111 80 63 68 52 57 98 111 78 108 29 60
split_gain=66.2856 31.5584 35.8318 39.2569 29.194 37.5432 27.1811 26.1775 31.053 34.4355 46.3972 35.3218 28.109 28.0884 30.7287 26.6647 25.5963 24.5246 36.5352 28.4838 27.6248 33.8504 24.3534 26.0811 24.1214 28.6093 25.0257 28.2106 26.1244 32.0136
threshold=5.5000000000000009 3.6863354037267091 8.1950430016464507e-05 35.500000000000007 1.9294037865521088e-05 31386.000000000004 0.29583333333333339 150.50000000000003 65.500000000000014 -1146.5963737877416 390.31994076998342 2.9643623234575771 -33956.170151321108 3979.0000000000005 41.500000000000007 1135.5000000000002 -0.3000000000000001 4.1872769735809232 8.7183696024576433e-06 719.57425981891208 10.500000000000002 5.5000000000000009 273.50000000000006 683.25000000000011 0.12515060240963857 0.00042542098150779841 99.500000000000014 0.00015882098524895797 38.500000000000007 42113.156677385719
decision_type=2 8 2 2 2 10 10 2 2 2 2 10 2 2 2 2 10 10 2 2 2 2 2 2 10 2 2 2 2 2
left_child=4 6 -3 -4 5 -1 7 8 9 -2 -11 17 -9 14 15 -14 -16 -12 -19 -20 21 -21 23 -22 26 -26 27 -10 29 -28
right_child=1 2 3 -5 -6 -7 -8 12 24 10 11 -13 13 -15 16 -17 -18 18 19 20 22 -23 -24 -25 25 -27 28 -29 -30 -31
leaf_value=-0.01434101325660473 0.0046275941356242432 -0.00071222105588222145 -0.014504660593542652 -0.0031183379053327429 0.00080291735167978945 0.057202127887353654 0.03900862913877378 0.0079780279502819074 0.0050107815000716384 -0.0030456211783660998 0.0029692006602710127 -0.006595848074238693 -0.00089447754412950997 -0.0085522557810615869 0.0096632550439811633 -0.0094400132564100379 0.00041297644693230915 0.0074370246521015529 0.024060790685885295 -0.0038808030835121589 0.0021174286238555967 0.013875942042000863 -0.0087518242585446979 0.026965144016710716 -0.0090097043843838601 0.022005538760961976 -0.00029455666475945805 0.00057813333657987626 0.0070754802176290479 0.026184662258776231
leaf_weight=468.24265073769493 1324.0218059539329 5186.570323544147 364.63692936126608 1053.1122778314166 176.74505112878978 1.8749232285190363 11.378696871688588 321.21952626109123 4142.2282248575939 4219.7123456461122 3911.5036645754008 552.3151646645274 11267.187752491329 416.98699216544628 437.77106011053547 333.58897725353017 688.06238751299679 502.71357399388216 35.311869864584878 2570.360753051471 1620.1168133467436 95.566289098234847 180.68478359747678 33.991335740778595 279.1622725588968 24.787614828906953 4266.8596972106025 1879.1201937117148 515.57411975227296 36.49198473058641
leaf_count=194922 33166 418036 65400 44021 33410 504 217 5859 98408 211000 135270 52715 318104 11257 11720 23925 26262 53324 3391 135797 31647 3063 2854 625 7333 464 82766 36097 3706 526
internal_value=-8.44042e-05 4.9423e-05 -0.00186987 -0.00608752 -0.00958422 -0.0134567 0.000369171 0.000353168 0.000905776 1.66373e-05 -0.000429784 0.000732797 -0.000721653 -0.000937219 -0.000684452 -0.00114417 0.00403669 0.00118847 -0.000195451 -0.00104859 -0.00127208 -0.00321949 0.00155854 0.00270777 0.00210569 -0.00616516 0.00234034 0.00362908 0.000727926 -3.98879e-05
internal_weight=46917.9 46271 6604.32 1417.75 646.863 470.118 39666.7 39655.3 26190.5 15046.3 13722.3 9502.56 13464.8 13143.6 12726.6 11600.8 1125.83 8950.25 5038.75 4536.03 4500.72 2665.93 1834.79 1654.11 11144.2 303.95 10840.3 6021.35 4818.93 4303.35
internal_count=2045789 1816953 527457 109421 228836 195426 1289496 1289279 892152 662852 629686 418686 397127 391268 380011 342029 37982 365971 230701 177377 173986 138860 35126 32272 229300 7797 221503 134505 86998 83292
is_linear=0
shrinkage=0.03


Tree=144
num_leaves=31
num_cat=0
split_feature=78 116 6 38 72 69 75 67 76 26 18 78 91 36 72 85 111 96 109 78 60 93 87 93 70 59 65 106 72 92
split_gain=57.2525 33.853 28.7974 43.6427 55.5125 36.984 32.7875 34.6239 29.6 28.2078 27.6977 28.7408 25.191 25.2474 23.739 29.2461 24.8213 23.0906 23.011 30.6605 25.7701 23.7227 28.6475 28.0198 23.1642 22.9704 30.2008 23.0632 21.9896 24.0822
threshold=6.5000000000000009 1.6725069633322491 3484.5000000000005 188.50000000000003 269.50000000000006 19.500000000000004 2435.5000000000005 40.500000000000007 138836.00000000003 6.5000000000000009 1.0000000180025095e-35 225.50000000000003 -2.3621795121951217 67.500000000000014 31.500000000000004 0.60419106167057002 7.8189173723177248e-05 0.018776118247949235 0.00011463335708561659 38.500000000000007 2749.6337264526874 5.2023681018274015 0.44504335260115613 1.494421348964591 11.500000000000002 -1281.312415752732 65.500000000000014 0.26136363636363641 44.500000000000007 -2.6229141091367763
decision_type=2 8 2 2 2 2 2 2 2 2 2 2 10 2 2 10 2 10 2 2 2 8 10 10 2 2 2 10 2 10
left_child=9 2 3 4 5 8 12 -8 10 -1 11 14 -7 -14 25 16 -16 -10 20 -20 21 22 23 -3 -21 26 -2 -27 29 -9
right_child=1 18 -4 -5 -6 6 7 28 17 -11 -12 -13 13 -15 15 -17 -18 -19 19 24 -22 -23 -24 -25 -26 27 -28 -29 -30 -31
leaf_value=-0.023525271684181018 0.0086687708867888066 -0.0017266591642771301 0.011078107817730633 -0.010705328494503539 0.056090457574663112 0.03665140956256277 -0.005056646218599305 0.028641846075477383 -0.013341497608851652 -0.0061708873522493841 0.002642400893858044 -0.0019627756086700722 -0.0082422822947690599 0.015779249280972053 -0.011657911411262559 0.031147287834721656 0.013551541766950354 0.011590290705548022 -0.013314590014890715 -0.0011133664774449258 0.0024369192627498237 -0.0071317602595216793 -0.0074603743962304543 0.0034765105632206879 -0.011948593637258944 0.00030286168779801166 -0.0071567980832637776 0.039026535758454328 -0.0019658968687497557 0.0075443364302163101
leaf_weight=105.62064506037859 582.98669563606381 3304.5981731178472 227.66823604144156 305.74665246112272 11.210137751419095 37.613045001402497 279.90251174941659 68.052071842364967 218.10232685087249 381.04506465920713 4640.9598873993382 4843.9014576300979 46.009555473923683 189.41281317919493 52.280811604112387 43.955637011677027 86.805674463510513 35.35855234740302 296.54027832392603 1184.4762635184452 1736.9753660430433 643.66634821181651 553.13359932159074 1291.3478156380588 204.18009150261059 25093.48865882575 129.08809201791883 8.8503324456978572 109.23636978073046 163.09370861714706
leaf_count=103527 7995 194660 3475 10859 385 444 8647 1591 15404 147050 94112 167133 995 1757 587 654 812 1990 44515 42735 70498 86165 28382 111953 6903 880912 1472 187 5813 5216
internal_value=4.52102e-05 0.000153126 0.000556648 0.000490322 0.000585193 0.000560553 0.00657266 0.0027112 0.000409364 -0.0101382 0.000482982 0.00015766 0.0151387 0.0110108 0.000553046 0.0111739 0.00399992 -0.0097065 -0.00147413 -0.00463769 -0.000763498 -0.00172443 -0.00104222 -0.000262507 -0.00274367 0.000475587 0.00576994 0.000324284 0.00907958 0.0142306
internal_weight=46875.3 46388.6 37173.7 36946.1 36640.3 36629.1 893.32 620.285 35735.8 486.666 35482.3 30841.4 273.035 235.422 25997.5 183.042 139.086 253.461 9214.92 1685.2 7529.72 5792.75 5149.08 4595.95 1388.66 25814.4 712.075 25102.3 340.382 231.146
internal_count=2046828 1796251 1210440 1206965 1196106 1195721 24463 21267 1171258 250577 1153864 1059752 3196 2752 892619 2053 1399 17394 585811 94153 491658 421160 334995 306613 49638 890566 9467 881099 12620 6807
is_linear=0
shrinkage=0.03


Tree=145
num_leaves=31
num_cat=0
split_feature=83 59 102 93 118 122 108 122 106 90 32 97 79 78 19 78 72 23 105 109 72 37 0 109 79 92 93 118 76 100
split_gain=58.8984 45.313 34.3306 31.0557 28.2577 36.6898 29.9958 29.3004 26.2567 25.5653 26.8701 27.1453 26.578 25.137 27.2787 23.9063 23.7238 23.4066 23.3489 22.5022 21.1546 24.2048 38.2098 29.2629 46.5126 40.7868 47.4902 42.6358 37.5105 27.1685
threshold=1.0000000180025095e-35 -29.397536412058646 0.051306424880569378 -2.5105065267505187 0.76018284362693711 20018.000000000004 0.00022087889250445495 324.50000000000006 0.26136363636363641 1.7685509231081358 -80.850000000000009 0.031237489991993599 13385.150000000001 3251.5000000000005 8.5000000000000018 2.5000000000000004 75.500000000000014 301.50000000000006 0.033343085625121914 0.00037961751007726071 169.50000000000003 16.500000000000004 52.500000000000007 0.00012060203837644945 202.15000000000006 1.3663307489623431 -2.1009543349729416 -2.2105625669818152 3205.5000000000005 0.040053475935828885
decision_type=10 2 8 10 10 8 2 10 10 10 2 10 2 2 2 2 2 2 10 2 2 2 2 2 2 10 10 10 2 10
left_child=1 3 4 -1 5 7 16 -2 13 10 -9 -12 19 14 20 -3 -6 -15 -14 -11 21 22 23 25 -25 26 28 -27 -7 -29
right_child=2 15 -4 -5 6 8 -8 9 -10 12 11 -13 18 17 -16 -17 -18 -19 -20 -21 -22 -23 -24 24 -26 27 -28 29 -30 -31
leaf_value=-0.014436054891914931 -0.012259682391832094 -0.021498296126308346 -0.0026950256118260232 0.018876228811680232 -0.00092556914765114901 -0.0032416331942749089 -0.0077022977276041647 0.00042090946654285851 0.036797644136778614 0.0014291808991583664 0.0017773229101912553 0.008844947949240416 0.0052856754383059559 -0.01636608934858606 0.010577414026314902 -0.0077681046076480721 0.035262658518562043 0.015059664552230708 0.042666454524856685 -0.0086093274910609679 0.020392274542661914 -0.001586853464870552 0.0033799968039200925 0.0049752439738455136 -0.0036807601418780349 -0.0068603670939812594 -0.0023977495570332869 0.0021050641673495568 0.0040483845278269804 0.009014061119864589
leaf_weight=31.081522700784262 101.54487154853996 138.91375019424595 3670.369304141379 82.922839318984188 5813.3545149544952 859.13898198248353 627.98914011695888 847.71966290287673 12.73733415303286 569.21875035460107 709.96033382834867 1588.5854497792898 53.911868768744171 131.5041295918636 227.81693945778534 620.14891239540884 11.352381570264695 21.224244168959558 16.859592717606574 304.69309005502146 41.952592168934643 5396.1731789684854 3841.6123172281077 669.2944458250422 3265.0893104859861 451.96374806156382 5810.7845581863075 8058.5987989369314 2399.2200725369621 542.76733879651874
leaf_count=4777 3800 118953 136556 12503 334729 39611 28580 16933 323 29763 34328 46944 1828 10835 2062 153128 606 451 616 9777 900 105786 72153 21450 132114 27262 260088 349320 71868 18841
internal_value=-6.04531e-05 -0.0077572 8.63113e-05 0.0095692 0.00032751 0.000655879 -0.00149963 0.00329175 0.000307136 0.00369225 0.00499 0.00667054 -0.000633397 0.000286684 0.000346328 -0.0104051 -0.000824855 -0.01166 0.0164186 -0.00209985 0.000270272 0.000240044 0.000620927 0.000139726 -0.00220381 0.000648974 -0.000772834 0.00207291 0.00212419 0.00254602
internal_weight=46918.5 873.067 46045.4 114.004 42375.1 35922.4 6452.7 4192.49 31729.9 4090.95 3146.27 2298.55 944.683 31717.1 31564.4 759.063 5824.71 152.728 70.7715 873.912 31336.6 31294.6 25898.5 22056.9 3934.38 18122.5 9069.14 9053.33 3258.36 8601.37
internal_count=2046885 289361 1757524 17280 1620968 1257053 363915 143989 1113064 140189 98205 81272 41984 1112741 1101455 272081 335335 11286 2444 39540 1099393 1098493 992707 920554 153564 766990 371567 395423 111479 368161
is_linear=0
shrinkage=0.03


Tree=146
num_leaves=31
num_cat=0
split_feature=113 61 93 114 53 37 93 80 93 83 33 53 122 61 75 122 111 93 118 58 72 101 6 55 90 0 113 58 75 76
split_gain=51.984 31.9961 31.0856 27.567 32.7186 36.1982 44.9171 46.4384 35.8898 39.1475 31 33.936 30.3425 29.9273 29.074 28.91 28.8507 31.7142 34.3203 27.7653 31.7614 25.8029 25.015 29.2888 27.5879 24.5189 24.1558 23.7141 25.5193 28.5905
threshold=0.2683052681920009 2.5000000000000004 6.4925240426407429 5.1891364902506973 7.5000000000000009 13.500000000000002 -2.1009543349729416 390.31994076998342 0.74998672510750597 0.050859775325187241 97.150000000000034 31.500000000000004 376.50000000000006 50.500000000000007 204.50000000000003 6652.0000000000009 0.0003239745381442267 0.6019977428843537 -2.3287560880656524 -8936.0999999999985 20.500000000000004 0.095619047619047631 2793.5000000000005 13.500000000000002 0.48697007692568367 33.500000000000007 0.78793330481678125 259.35000000000008 767.50000000000011 8877.5000000000018
decision_type=10 2 10 10 2 2 10 2 10 10 2 2 10 2 2 10 2 10 10 2 2 10 2 2 10 2 8 2 2 2
left_child=1 -1 3 4 15 6 -6 8 9 13 19 -12 21 -8 -10 -2 17 -13 -19 -9 -21 -7 23 24 -5 -26 -18 28 29 -3
right_child=2 27 -4 22 5 12 7 10 14 -11 11 16 -14 -15 -16 -17 26 18 -20 20 -22 -23 -24 -25 25 -27 -28 -29 -30 -31
leaf_value=-0.020802998375450198 -0.0011581376907905806 0.00099072109027778629 -0.0042837330858463314 0.017749464814318227 0.004246039255001526 -0.0023352952553106175 -0.013017268492159778 -0.017299872967247571 0.032619996330279399 -0.0024877070808601619 -0.00075168726858718549 -0.0042954750173299621 0.0020662930223197778 0.0045822989840678136 -0.014173118245475234 -0.0082662249770610857 -0.012265852534368004 -0.011794731222477688 0.0050387131436830292 0.0035959987250701372 0.01878867839832923 0.018005093509853624 0.016409492771473091 0.00061954926653152542 0.0018171158253987862 0.013802734407841554 0.00019240403597354678 -0.006545048138868771 -0.010909946274662904 0.031574759670537633
leaf_weight=98.281424489454366 6194.0899387727259 759.64352190558566 1320.2389082783484 163.20702732342761 3542.829446301912 6378.6809380487539 88.664432383724488 50.443936364259571 7.8800799545133478 4403.4585989407497 6349.1275228679879 405.01942060235888 2003.497193667572 1245.9349133112701 261.40392781444825 556.99064449581783 175.63376473262906 107.89093013503589 3496.6949228870217 3666.1653677932918 123.55982724390924 51.684768723323941 114.12676846422255 2460.1819808781147 702.49129040492699 192.33570002904162 623.10962901683524 1153.0146643858752 158.75370060931891 23.560908496845514
leaf_count=72221 459794 106742 99482 7906 104370 145186 10710 1335 1413 153842 247882 10746 51977 50462 17841 65988 7708 3223 84697 101243 2667 679 578 20368 45388 6009 13257 139136 11211 1922
internal_value=2.08102e-05 -0.00448311 0.000242349 0.000380623 0.000151759 0.000541295 0.0011238 0.000596303 -0.00163159 -0.0011238 0.00148894 0.000688037 -0.00115383 0.00336885 -0.0122341 -0.00175027 0.00258791 0.00362459 0.00451922 0.003812 0.00411544 -0.00215794 0.00288042 0.00241888 0.00658018 0.00445571 -0.00260627 -0.00366979 -0.000134316 0.00210523
internal_weight=46878.6 2193.25 44685.3 43365.1 39732.8 32981.7 24547.8 21005 6007.34 5738.06 14997.6 11157.5 8433.86 1334.6 269.284 6751.08 4808.35 4009.61 3604.59 3840.17 3789.73 6430.37 3632.34 3518.22 1058.03 894.827 798.743 2094.97 941.958 783.204
internal_count=2045983 331232 1714751 1615269 1535020 1009238 811396 707026 234268 215014 472758 367513 197842 61172 19254 525782 119631 98666 87920 105245 103910 145865 80249 79671 59303 51397 20965 259011 119875 108664
is_linear=0
shrinkage=0.03


Tree=147
num_leaves=31
num_cat=0
split_feature=50 94 78 109 114 80 93 79 86 123 118 91 111 93 108 3 78 113 54 90 79 80 110 87 61 109 109 90 65 72
split_gain=57.2272 31.9643 33.1753 36.9293 28.5928 28.8025 47.3594 43.8472 31.3388 30.6896 46.7163 32.7235 31.947 28.9879 27.0045 29.4651 26.306 25.9531 41.3438 31.9865 24.3397 23.155 24.8747 24.1013 22.897 62.7278 40.4373 37.5031 45.3873 37.2929
threshold=17.500000000000004 5.6815781937593863 20.500000000000004 2.0441961247600729e-05 10.417105263157897 414.78357679941467 -1.9939860895136705 -413.34999999999997 0.11757652701368319 1.0000000180025095e-35 -1.684021622689224 0.475218364786064 1.4320989367363734e-05 -4.5599389143069589 5.9946521129599311e-05 1.5000000000000002 257.50000000000006 1.5090203157807949 37.500000000000007 1.2956348518967611 -93.300000000000082 1067.9945124708061 0.00061337598021711547 0.1330184856831674 110.50000000000001 1.1749075198086663e-05 7.3232347827250163e-05 2.9643623234575771 71.500000000000014 18.500000000000004
decision_type=2 8 2 2 10 2 10 2 10 2 10 10 2 10 2 2 2 10 2 10 2 2 2 10 2 2 2 10 2 2
left_child=-1 4 3 -3 5 6 7 -2 -8 10 -7 21 -13 17 -4 -16 -17 18 -9 -19 -20 22 -12 -23 25 -11 -26 28 29 -28
right_child=1 2 14 -5 -6 9 8 13 -10 24 11 12 -14 -15 15 16 -18 19 20 -21 -22 23 -24 -25 26 -27 27 -29 -30 -31
leaf_value=-0.010721157473204363 -0.004785775838111548 0.0038713326199270913 0.0015275224251146923 -0.012987650750940058 0.0072108054182578275 -0.0053826699078837401 0.0004796934458128137 0.0076467111544290985 -0.0032675124537360255 0.0010616986662532932 0.004436947457338242 0.0051546080455664237 -0.0012954963371810445 0.0012755876965422311 -0.0056182233360326239 0.0015844641842877709 -0.0062693071904348233 -0.0025998194303447474 0.06389391905708057 0.024347694558287274 0.020863405173102933 0.0062387165143697959 0.021353653562606448 0.0010283723095249608 -7.0518157477828756e-05 0.011448471542992968 0.013873776922109221 -0.014786100464212892 0.00057354308048386093 -0.0039853044065110161
leaf_weight=437.73744154063752 989.22783647896722 156.27093138016062 2158.0162072088569 437.77589251985773 547.68802779167891 1211.5063815012109 2968.790692999959 342.54412932146806 6198.5809278270463 1319.4974717145087 265.1912802857114 768.60973535990342 6478.4756365671055 6213.5531263514422 1687.9211865128018 1597.8340422483161 499.70228701503947 283.99309516022913 13.009788557887076 40.957598946522921 65.435821313876659 953.47608465712983 108.25643147085793 4821.3156442426844 3905.8242160524242 863.46656106878072 714.79761404497549 72.046965494053438 619.41556518152356 120.98056418355554
leaf_count=182033 35382 37485 110749 103765 17407 71195 192441 13260 253139 92170 12988 79062 223058 192559 67875 34893 18587 3596 380 873 2006 29031 1923 106888 96777 30382 14657 1647 16856 2828
internal_value=1.35109e-05 0.000115873 -0.00182773 -0.0085574 0.000434623 0.000339378 -0.000585486 0.00110887 -0.00205441 0.00105168 0.000246407 0.000757333 -0.00060833 0.00194957 -0.00114847 -0.00267401 -0.000297022 0.00751784 0.0123895 0.0011142 0.0314007 0.00236626 0.00955816 0.00189331 0.00259495 0.00518694 0.0015497 0.00568001 0.00674045 0.0112803
internal_weight=46861.9 46424.2 6537.52 594.047 39886.6 39339 17116.1 7948.72 9167.37 22222.9 14606.8 13395.3 7247.09 6959.49 5943.47 3785.46 2097.54 745.94 420.99 324.951 78.4456 6148.24 373.448 5774.79 7616.03 2182.96 5433.06 1527.24 1455.19 835.778
internal_count=2045892 1863859 373354 141250 1490505 1473098 693636 248056 445580 779462 524145 452950 302120 212674 232104 121355 53480 20115 15646 4469 2386 150830 14911 135919 255317 122552 132765 35988 34341 17485
is_linear=0
shrinkage=0.03


Tree=148
num_leaves=31
num_cat=0
split_feature=77 112 109 78 78 115 98 59 123 46 6 104 82 62 111 63 69 19 78 66 78 50 69 35 86 119 111 63 94 82
split_gain=59.5145 36.4434 35.0514 25.895 48.7887 36.8168 28.0305 23.8379 37.1743 27.3971 30.4741 27.2773 25.9922 23.4318 23.3155 22.2065 20.908 20.4488 28.5667 34.0941 22.9169 20.4385 20.3828 22.9587 30.0012 20.8516 22.3755 40.5448 19.9727 21.2611
threshold=5.5000000000000009 0.19410230401391107 5.9277429508628155e-05 107.50000000000001 69.500000000000014 8.5323404709614454 0.028180043455722593 1659.7407186058999 1.0000000180025095e-35 20.500000000000004 77.500000000000014 0.069013145361021169 0.25937367199503131 35.500000000000007 3.051298371980082e-05 144.50000000000003 30.500000000000004 43.500000000000007 1192.5000000000002 18.500000000000004 569.50000000000011 18.500000000000004 11.500000000000002 -8636.087279799176 0.24538846213331961 0.091068580542264771 8.0281540723711831e-05 134.50000000000003 -2.29990024454044 0.088257677500223855
decision_type=2 10 2 2 2 10 10 2 2 2 2 10 10 2 2 2 2 2 2 2 2 2 2 2 10 10 2 2 10 10
left_child=14 2 21 4 6 7 13 17 9 10 12 -10 -9 -3 -1 -13 -6 18 19 20 -5 -2 23 -21 -25 -24 -27 -28 29 -20
right_child=1 3 -4 5 16 -7 -8 8 11 -11 -12 15 -14 -15 -16 -17 -18 -19 28 22 -22 -23 25 24 -26 26 27 -29 -30 -31
leaf_value=-0.01203381649716764 -0.0099633956569075994 0.00067438075355439806 -0.0060875371582161811 -0.0014038117351430702 0.0028684576352424715 0.0095174790899058975 -0.0025180402126990646 -0.00084639508754125702 0.0050053539491361886 -0.0041943441417321469 0.0062896072980334504 0.0040673809098706335 0.011188112792473339 0.019004763866514018 0.0018929129021859449 0.051480116439358944 0.033413975933508019 0.020822124304134378 0.018356048045951631 -0.0027800685861389574 -0.0093693551584147512 2.4694033610379143e-05 -0.0054078871877506511 -0.0003083468355150864 0.011263345131880261 -0.0023822751270005447 0.032672176927307353 0.0036872554068057223 -0.016703718425785857 -0.0062386284589566656
leaf_weight=495.00289435888408 190.78777036769316 10499.00463439594 1484.6322592195938 9833.042546259705 8681.3863718011416 331.69920376688242 2957.0329710923834 3086.8720193663612 1113.5246543190442 1130.2535195797682 803.56040802504867 16.954713130369782 165.42614834336564 58.149834067560732 136.4818584882305 16.137810562737286 15.261342676356433 32.680596222169697 29.679242363665253 650.203125375323 331.40432913554832 3165.6649933735607 59.176659770309925 460.26808196958154 353.50603927113116 54.844355463981628 90.332074672915041 82.407142255455256 159.87158084148541 375.11161627620459
leaf_count=203277 44137 606225 113583 256229 170466 1798 129771 80299 25008 25505 12849 264 4060 656 26001 263 120 283 1539 13993 17562 244735 1427 17447 9418 1242 1935 1445 14463 20522
internal_value=7.84584e-05 0.000203879 -0.00225762 0.000492035 0.00118919 -0.000315513 6.10486e-05 -0.000491064 0.00100821 -7.44185e-05 0.00107744 0.00588398 -0.000218033 0.000784295 -0.00903263 0.0309109 0.00294123 -0.00124996 -0.00131608 -0.00100185 -0.001668 -0.000557025 0.00285941 0.00141119 0.00475652 0.010102 0.0141645 0.0193373 -0.0078797 -0.00423338
internal_weight=46860.4 46228.9 4841.09 41387.8 22210.8 19177 13514.2 18845.3 6332.73 5186.11 4055.86 1146.62 3252.3 10557.2 631.485 33.0925 8696.65 12512.5 12479.8 11915.2 10164.4 3356.45 1750.74 1463.98 813.774 286.76 227.584 172.739 564.662 404.791
internal_count=2046522 1817244 402455 1414789 907238 507551 736652 505753 148248 122713 97208 25535 84359 606881 229278 527 170586 357505 357222 320698 273791 288872 46907 40858 26865 6049 4622 3380 36524 22061
is_linear=0
shrinkage=0.03


Tree=149
num_leaves=31
num_cat=0
split_feature=113 78 90 93 109 114 102 31 17 93 93 123 79 122 105 63 108 56 78 53 73 6 46 122 122 92 68 78 79 51
split_gain=54.4175 37.3625 34.2776 32.4235 31.7187 28.2303 31.8004 35.0703 27.2807 25.6087 47.3963 41.3723 38.0534 35.7921 33.3635 31.7853 31.2881 49.403 31.7133 33.2325 30.9522 28.6534 28.8883 27.5548 35.4147 27.2634 27.0312 36.2527 25.448 24.8279
threshold=0.20443635719938361 4.5000000000000009 2.9643623234575771 0.10351296049443136 7.4435507290602991e-06 6.2272593896713619 0.062575301204819286 3979.0000000000005 16.500000000000004 1.6960932397030075 -2.1009543349729416 1.0000000180025095e-35 -481.2000000000001 9818.0000000000018 0.027530831056861788 56.500000000000007 4.4564796933922224e-05 66.500000000000014 95.500000000000014 27.500000000000004 22.500000000000004 6.5000000000000009 3.5000000000000004 8717.5000000000018 8532.5000000000018 -4.3364157099217007 2.5000000000000004 53.500000000000007 -266.54999999999995 4802.5000000000009
decision_type=10 2 10 10 2 10 10 2 2 10 10 2 2 8 10 2 2 2 2 2 2 2 2 8 10 10 2 2 2 2
left_child=1 -1 5 -4 -3 6 7 8 9 10 12 16 -2 15 -12 20 26 -18 19 28 -14 -20 -23 24 -13 -22 29 -28 -19 -11
right_child=2 4 3 -5 -6 -7 -8 -9 -10 11 14 23 13 -15 -16 -17 17 18 21 -21 25 22 -24 -25 -26 -27 27 -29 -30 -31
leaf_value=-0.024192909951659576 -0.0053271939701415062 0.0014406693254795952 0.0027549214755566067 -0.0056305483318268117 -0.0079905850416624197 0.0034547824857295703 -0.0032424130832178844 -0.0073626990038446255 0.0104847156556308 0.0013410350700640351 -0.00019491655288479928 0.0089415315866177483 0.0095887922284797981 0.0018471944681377882 -0.0037433773536263192 -0.0009815167954776347 -0.0037251044146239237 0.014643518235837174 -0.0038331791115644659 0.0074975854339101675 0.0010633804392549894 0.0043889418066081183 -0.00069492770216518138 0.0031417905571191891 0.045191556909424689 0.046775972634769111 0.020209319529807344 0.0040967255267541185 0.00015067795340293296 0.025738271719256325
leaf_weight=87.485773909895215 638.68652696139179 512.7383545441553 554.20010132831521 1617.41002222721 846.99487917579245 2508.5011413757456 2301.8427639965666 513.86521020811051 239.21294564614072 3794.4085618625977 5235.3120987099828 158.90268212353112 96.065222075267229 5185.3171846537152 4375.542288921657 89.299316079355776 2966.8256414359785 110.5114219756797 1698.3984709228389 1057.4599546855316 15.344842172227798 1364.4403581796214 3786.0593264098279 4369.9550704460707 24.60433424403891 48.526652590371668 162.36210187134566 520.14205086883157 1948.6537617577706 32.936658479389735
leaf_count=93987 25327 71449 37237 183859 98603 57235 68578 14693 4189 223345 246276 4537 3451 158948 158674 3691 211750 1505 49222 15840 318 29473 79908 135999 385 1418 10073 12946 42678 1069
internal_value=1.55063e-06 -0.00571508 0.00018433 -0.00348914 -0.00444193 0.000369188 0.000178772 0.000384071 0.00049001 0.000425175 -0.000500923 0.0010855 0.00157289 0.00238796 -0.00181153 0.013381 0.000420299 -0.000330219 0.00068183 0.003188 0.0211868 -0.00046011 0.000654812 0.0036303 0.0148716 0.0366682 0.00257045 0.00804888 0.000962067 0.00158429
internal_weight=46862 1447.22 45414.8 2171.61 1359.73 43243.2 40734.7 38432.8 37919 37679.8 15684.1 21995.7 6073.24 5434.55 9610.85 249.236 17442.2 12932.3 9965.52 3116.63 159.937 6848.9 5150.5 4553.46 183.507 63.8715 4509.85 682.504 2059.17 3827.35
internal_count=2046663 264039 1782624 221096 170052 1561528 1504293 1435715 1421022 1416833 598103 818730 193153 167826 404950 8878 677809 430376 218626 60023 5187 158603 109381 140921 4922 1736 247433 23019 44183 224414
is_linear=0
shrinkage=0.03


Tree=150
num_leaves=31
num_cat=0
split_feature=92 53 78 51 78 71 78 115 64 106 95 36 72 14 9 1 91 78 111 83 50 79 40 59 109 64 88 112 47 92
split_gain=53.7309 29.7854 37.472 39.3777 34.801 44.1346 32.1571 30.0767 29.2686 28.8248 27.9823 27.3486 36.5778 29.4211 26.0951 25.9777 25.7575 25.6829 25.5476 24.5589 24.0034 23.9649 25.1352 23.5531 41.8173 40.5367 30.5432 30.4815 29.3608 34.773
threshold=7.1282061932012111 27.500000000000004 90.500000000000014 8681.5000000000018 73.500000000000014 3.5000000000000004 249.50000000000003 8.5323404709614454 27.500000000000004 0.26136363636363641 0.9049356969065 953.50000000000011 272.50000000000006 6.5000000000000009 -11.024321094297465 1196.5000000000002 0.709169214354886 6.5000000000000009 0.0040774009526461609 0.023267583090104512 234.50000000000003 2355.2500000000005 17.500000000000004 667.68680160997246 0.00085237172434435705 35.500000000000007 1.7829527763362745 2.1446649484536087 21.500000000000004 -1.6583221568427322
decision_type=8 2 2 2 2 2 2 10 2 10 10 2 2 2 2 2 10 2 2 10 2 2 2 2 2 2 10 10 2 10
left_child=1 6 3 4 8 -6 9 11 14 10 18 12 23 -13 -3 -9 -16 -2 21 -18 -8 -1 -23 28 25 -25 27 -27 29 -4
right_child=17 2 7 -5 5 -7 20 15 -10 -11 -12 13 -14 -15 16 -17 19 -19 -20 -21 -22 22 -24 24 -26 26 -28 -29 -30 -31
leaf_value=0.00020875758565933961 -0.019690356749138362 0.0076293927355168545 0.0015317805163348867 -0.0091841029694801554 0.018786208418572054 0.0053513547547760724 -0.013930095583126493 -2.9832669231443694e-05 0.041058811883174208 0.037644229251034035 -0.0035036899522991132 -0.012307305777787065 0.046900985807187802 -0.00040198121163886121 0.0072495555885626149 0.017887969125868545 0.0083645705254748581 -0.004892219707049803 0.033339087514355326 -0.0028641360739436036 -0.0024156770095559777 -0.0039165651410431775 0.012330259135823756 0.0020611519929081522 -0.003224530712170198 0.024114145346800554 -0.0065022674216510101 -0.0057682303841383939 -0.012104580324004828 -0.0028610243136934772
leaf_weight=21067.333231085853 113.84015214949613 551.46260338125285 3437.8165629869327 201.65638560522348 274.69989323895425 1068.8938261335716 263.531170938164 132.0554129332304 12.314018343575297 12.957839733804574 2335.4192687516334 314.35804987838492 10.248697432223706 450.98865211289376 376.79571184772067 157.31298096850514 196.00560982711613 1020.7315375473117 15.592277351766823 1371.0336664703209 421.17009515408427 1937.6788298238534 84.869101171847433 6115.8126765806228 1361.7812932073139 173.01949853915721 49.751496165059507 35.072522589936852 198.73416681960225 3061.4898883057758
leaf_count=998064 109522 12562 92406 3158 5068 16365 15339 880 140 390 236849 12134 411 13540 7898 713 11844 107253 150 39260 14710 65672 1188 134117 32943 4972 1659 257 5292 100867
internal_value=-2.24274e-05 0.000138043 0.00102356 0.00359 0.00426992 0.0081576 -0.000524383 0.000351493 0.00217479 -0.000351119 -0.000377864 0.000167607 0.000461198 -0.00534011 0.00190117 0.00984943 0.000260682 -0.00645691 -6.12269e-05 -0.00143751 -0.00691626 -9.09946e-05 -0.0032061 0.000411993 0.00153923 0.00255878 0.0140982 0.0190605 -0.000890011 -0.000538053
internal_weight=46824.4 45689.9 19551.3 4052.86 3851.21 1343.59 26138.6 15498.4 2507.61 25453.9 25440.9 15209.1 14443.7 765.347 2495.3 289.368 1943.83 1134.57 23105.5 1567.04 684.701 23089.9 2022.55 14433.5 7735.44 6373.66 257.844 208.092 6698.04 6499.31
internal_count=2045623 1828848 496486 96295 93137 21433 1332362 400191 71704 1302313 1301923 398598 372924 25674 71564 1593 59002 216775 1065074 51104 30049 1064924 66860 372513 173948 141005 6888 5229 198565 193273
is_linear=0
shrinkage=0.03


Tree=151
num_leaves=31
num_cat=0
split_feature=61 88 100 108 78 78 78 78 65 63 51 71 94 71 33 78 4 72 110 51 80 52 72 122 122 85 83 30 19 112
split_gain=48.4602 37.1716 30.0469 26.2477 25.7083 43.7043 24.0387 22.9965 25.6866 27.0743 24.7449 21.6546 22.2618 20.8496 21.3673 20.4405 32.7312 25.161 36.3441 19.7896 23.4627 25.3987 19.7033 22.9806 20.2554 19.6775 18.8544 18.8507 19.814 20.1528
threshold=2.5000000000000004 3.5402380952380956 0.010274898686442878 6.4133904055170939e-05 122.50000000000001 69.500000000000014 34.500000000000007 95.500000000000014 23.500000000000004 42.500000000000007 3072.5000000000005 11.500000000000002 4.6029324799725169 55.500000000000007 -1625.1499999999992 3764.0000000000005 113.50000000000001 233.50000000000003 0.00075446733022069311 11646.500000000002 -1146.5963737877416 948.50000000000011 1.0000000180025095e-35 9221.0000000000018 17055.000000000004 0.35000749175906504 0.62528538812785406 309.50000000000006 8.5000000000000018 1.6254058036160226
decision_type=2 8 10 2 2 2 2 2 2 2 2 2 10 2 2 2 2 2 2 2 2 2 2 10 10 10 10 2 2 10
left_child=26 2 4 -3 5 19 -5 13 9 -9 25 -10 -13 14 -7 16 17 27 -19 20 -2 -22 -16 -24 -25 -11 -1 28 -6 -30
right_child=1 3 -4 6 15 7 -8 8 11 10 -12 12 -14 -15 22 -17 -18 18 -20 -21 21 -23 23 24 -26 -27 -28 -29 29 -31
leaf_value=-0.022956657424498362 0.0053046223720495285 -0.0009930244729457428 0.0020808091120621762 -0.01180905703753065 -0.0011629871642879744 -0.0052416622750849073 -0.0032512056434284729 -0.0013379680389897098 0.011158887442912789 -0.0025196103538530526 -0.0063063114616949108 -0.0060334482773528042 0.010430136036485373 0.02523991972063629 0.0015698284461344485 -0.010164841371027846 0.011859262581969423 0.058339528071388633 -0.0060144081209834591 -0.016622868435459535 -0.00092159524694906015 0.043887256697203315 0.0048179919289236183 0.029841754485784119 0.0069571863578687205 0.029751348880676366 0.014065794786988354 -0.011791848240229589 0.023929247360468996 0.0010919778479711424
leaf_weight=104.21882856253069 581.71486313128844 5633.2947069050861 7505.0620108544827 386.32607855316019 12099.219429265708 241.37432424537838 1232.974702544976 2868.1612785845064 329.36647205147892 21.85169717296958 39.364332169294357 193.06370089389384 112.93211545236409 34.745893828570843 2004.6351694138721 213.60296305222437 173.12991143018007 10.526450516656043 14.373316562734543 64.187589052366093 9869.9551462094532 6.3998567676171652 2583.3588080713525 58.826585394330323 85.716274196282029 61.544995522126555 10.608146078768184 143.31954836333171 51.718265611678362 91.21269797347486
leaf_count=80656 17961 520001 181749 77336 344448 2542 46581 59686 4674 223 428 2364 1444 397 46410 14578 1621 322 218 1235 581484 121 48099 1098 1518 723 3793 2177 1123 704
internal_value=-3.84479e-05 1.04282e-05 0.000373305 -0.00196278 -2.7997e-05 0.000667421 -0.00532297 0.00224856 0.00042805 -0.000738279 0.0127768 0.00588136 0.000112673 0.00356488 0.00338827 -0.00106889 -0.00091051 -0.00109336 0.0263978 -0.000630572 -0.000524521 -0.000870367 0.00383349 0.00549106 0.0169572 0.0216314 -0.0190922 -0.00115926 -0.00103002 0.00988493
internal_weight=46826.8 46712 39459.4 7252.6 31954.3 19157.2 1619.3 8634.94 3626.28 2990.92 122.761 635.362 305.996 5008.66 4973.91 12797.1 12583.5 12410.4 24.8998 10522.3 10458.1 9876.36 4732.54 2727.9 144.543 83.3967 114.827 12385.5 12242.2 142.931
internal_count=2045714 1961265 1317347 643918 1135598 770407 123917 169606 69542 61060 1374 8482 3808 100064 99667 365191 350613 348992 540 600801 599566 581605 97125 50715 2616 946 84449 348452 346275 1827
is_linear=0
shrinkage=0.03


Tree=152
num_leaves=31
num_cat=0
split_feature=93 113 109 106 96 109 105 96 114 25 72 102 10 113 97 80 83 95 93 70 34 37 104 80 79 78 93 53 78 53
split_gain=52.2935 29.1085 31.9346 29.3717 27.1845 23.4552 31.8908 29.606 28.5309 25.2199 29.3443 25.9583 23.2569 27.376 35.072 27.111 24.6765 21.2991 25.2535 33.1079 32.4824 30.3872 29.3137 24.4578 42.9002 22.2982 22.0572 34.6844 30.5198 23.0775
threshold=6.6385416758513403 0.15487722659853811 3.8154123760424532e-06 0.26136363636363641 0.037748132861635225 0.0011752385046741832 0.40031545741324931 0.014496506278191821 3.1204304635761595 1242.5000000000002 233.50000000000003 0.066732154551408004 844.67362822439179 2.4887685547054188 0.12361093962217559 8417.929096916645 0.080014684287812055 0.73172876847501989 1.6000690994439095 19.500000000000004 -62.549489614183024 12.500000000000002 0.0015396467938840824 1105.4370988256019 835.64999999999998 241.50000000000003 -4.1763676805938514 35.500000000000007 114.50000000000001 74.500000000000014
decision_type=8 10 2 10 8 2 10 10 10 2 2 10 2 10 10 2 10 10 10 2 2 2 10 2 2 2 10 2 2 2
left_child=1 2 -1 5 -2 7 8 9 -7 10 11 17 15 14 -14 -9 -16 18 20 23 21 26 -21 24 -20 -19 27 28 -3 -29
right_child=4 3 -4 -5 -6 6 -8 12 -10 -11 -12 -13 13 -15 16 -17 -18 25 19 22 -22 -23 -24 -25 -26 -27 -28 29 -30 -31
leaf_value=0.0047749822563476086 -0.0046566600850306934 0.010421993625261958 -0.0084232851697226187 0.037244221869891077 -0.019018652953799158 -0.0051736794730572683 0.026060743291270828 0.0014796324883852511 0.0059706155029150467 -0.0063430739886954956 0.046832084837945376 -0.0034920179998925746 0.0053696981324608019 0.00011744601425811648 0.040014561864294508 -0.0068336032952660787 0.012566993292585612 -0.00054038733660029736 0.0078038511148047487 -0.00014477191600711353 -0.0023800877656068994 -0.0019337477587011104 0.01484101450717625 0.00093070110534461067 -0.012970532272711928 -0.0061274299149991895 0.0016500214499655869 0.032032036296429901 -0.0071764240541174144 0.00080483041743982585
leaf_weight=214.26009845116641 995.28168123372598 238.68829908943735 674.61605770664755 14.290987924207 130.84541052230634 1528.8695364943705 28.118095943704247 6549.3805949006928 234.68925267341547 558.25757400598377 7.0671073184348634 1767.1617126555648 1211.2043776653009 781.03033232362941 38.313142237719148 368.24618260143325 119.3370899586007 8827.4320124000078 920.85278206848307 186.73160598287359 4109.6553341643885 2183.4068469228223 311.31961874105036 9634.5766861808952 94.510825761361048 688.5450016236864 4228.6305533639388 72.940163941588253 135.08686666470021 29.669889729470015
leaf_count=42495 91712 6663 107907 356 63636 43257 509 205358 2066 17262 269 58967 25726 5991 628 12202 1962 483718 75723 4145 229789 58812 7999 333763 9455 26258 123600 1733 4274 838
internal_value=-2.99143e-05 0.000127594 -0.00523298 0.000234363 -0.00640208 0.000218421 -0.00314001 0.000358503 -0.00367794 -4.78373e-05 5.82017e-05 4.13113e-05 0.00188108 0.00460288 0.00715239 0.00103248 0.0202625 0.000239038 0.000749048 0.00175494 -0.000270888 0.00098828 0.00927688 0.00139898 0.00581607 -0.000947653 0.00234489 0.00843167 0.00405094 0.0234596
internal_weight=46883 45756.9 888.876 44868 1126.13 44853.7 1791.68 43062 1763.56 33994.5 33436.3 33429.2 9067.51 2149.88 1368.85 6917.63 157.65 31662 22146.1 11148 10998.1 6888.42 498.051 10649.9 1015.36 9515.98 4705.02 476.385 373.775 102.61
internal_count=2047073 1891725 150402 1741323 155348 1740967 45832 1695135 45323 1443268 1426006 1425737 251867 34307 28316 217560 2590 1366770 856794 431085 425709 195920 12144 418941 85178 509976 137108 13508 10937 2571
is_linear=0
shrinkage=0.03


Tree=153
num_leaves=31
num_cat=0
split_feature=61 93 111 102 8 109 59 34 115 107 92 48 74 85 93 36 67 115 69 103 92 97 118 121 53 108 61 8 78 92
split_gain=48.8374 30.9182 26.2871 25.3153 24.2177 37.9055 36.6124 36.504 32.2363 30.4583 27.0878 25.3739 24.0665 23.8999 23.382 21.7797 20.4976 20.2086 19.579 17.8349 24.0863 17.7174 17.5024 17.3407 17.3587 19.1137 22.2211 17.1366 17.1328 33.5817
threshold=2.5000000000000004 6.5851634065462816 7.4436862411847654e-05 0.052716651542649734 -0.99999999999999967 0.00030847921360682625 1440.1386942700308 2551.313865105998 5.121944350568886 0.00017501476099206724 -1.6583221568427322 11.500000000000002 5.5000000000000009 0.54553204681081924 6.002460642138308 143.50000000000003 1.5000000000000002 6.4759259259259272 29.500000000000004 0.012989649408650628 -2.1916627329651837 0.10346049512451429 1.447269956062639 1.0000000180025095e-35 32.500000000000007 0.00011891851031244588 269.50000000000006 147.85000000000005 58.500000000000007 1.7249814509794599
decision_type=2 10 2 8 2 2 2 2 10 2 10 2 2 10 10 2 2 10 2 10 10 10 10 2 2 2 2 2 2 10
left_child=2 3 -1 4 9 6 10 14 16 15 12 28 13 27 23 -2 21 -5 -15 20 -18 -7 -11 -8 -25 -26 -27 -6 -12 -30
right_child=1 -3 -4 17 5 8 7 -9 -10 22 11 -13 -14 18 -16 -17 19 -19 -20 -21 -22 -23 -24 24 25 26 -28 -29 29 -31
leaf_value=-0.022641627652756836 0.0011652971846433375 -0.0046426618751104565 0.032203345671404808 -0.0030866685511309684 0.0014012838435589685 -0.0090330758671685833 0.0018758330703693349 -0.0078294563062703305 0.0073186283996737314 0.0042361548623185098 -0.0015403572986431098 -0.0053268357992998644 -0.015722385187997109 0.0029261177815110891 0.010024032332534951 -0.0035139978149979893 0.024242641607381928 0.0037383853118304299 0.020643978010308053 -0.0040517144349343911 -0.00015986998227814184 0.0040570547874214449 -0.019459556201955958 -0.0010122847491218429 0.0030909368923582757 0.039929214037399866 0.012530045932056038 -0.0052598924531617594 -0.0013913714749313282 0.0023763269575881518
leaf_weight=107.60271066112909 8524.8142433137982 1193.8665977157652 4.1470625702640964 3046.4544428278459 842.15422528027557 751.42560281394981 2363.2638550269185 246.93739306321368 268.62368932121899 3229.0583165099379 6461.6945473597152 988.78525579348207 65.003450283315033 3914.1316366313258 493.26870914327446 995.33047752967104 32.518986037466675 443.43303084082436 52.113622241653502 1871.6787747466005 1222.4618400010513 103.20412162912544 23.447280615451746 141.36633160151541 155.90325475949794 28.355752311646938 190.68984782323241 585.00975501502398 4219.0333674158901 4288.2332050912082
leaf_count=83286 267498 110563 1309 140012 39538 40391 55031 3986 3423 59883 632698 28115 2086 144520 13901 20980 912 6334 1031 62034 35287 4768 1181 3304 4186 533 4223 14282 135329 126228
internal_value=6.45293e-05 0.00011292 -0.0193143 0.000238065 0.000441881 -3.35921e-05 0.000411239 0.00319954 -0.00265146 0.00153166 -6.06801e-05 -0.000684708 0.00176263 0.00198774 0.0040174 0.000674489 -0.0033325 -0.00221535 0.00318462 -0.00220025 0.00056614 -0.00743792 0.00403573 0.00297288 0.00792812 0.0112679 0.0168888 -0.00133803 -0.000376393 0.000508082
internal_weight=46854 46742.3 111.75 45548.4 42058.5 29285.9 25035.9 3619.79 4249.91 12772.7 21416.2 15957.7 5458.41 5393.41 3372.85 9520.14 3981.29 3489.89 3966.25 3126.66 1254.98 854.63 3252.51 2879.58 516.315 374.949 219.046 1427.16 14969 8507.27
internal_count=2046852 1962257 84595 1851694 1705348 1355806 1208991 85164 146815 349542 1123827 922370 201457 199371 81178 288478 143392 146346 145551 98233 36199 45159 61064 67277 12246 8942 4756 53820 894255 261557
is_linear=0
shrinkage=0.03


Tree=154
num_leaves=31
num_cat=0
split_feature=77 1 93 78 113 78 109 68 76 17 78 11 38 122 122 62 59 69 116 83 79 88 80 80 79 79 72 76 93 110
split_gain=47.0714 28.7994 30.0547 33.8903 26.8715 26.676 24.695 28.6849 27.1073 24.4373 26.2687 25.6669 22.2928 21.6179 20.5054 25.261 23.5689 20.0813 19.9566 19.8964 18.9711 18.4304 18.1427 34.0015 25.7524 25.0187 26.6691 34.3188 25.6675 23.4322
threshold=5.5000000000000009 86.500000000000014 5.2398704548535582 216.50000000000003 0.35349859398982003 3764.0000000000005 7.1680680077306324e-05 2.5000000000000004 2733.5000000000005 11.500000000000002 1396.5000000000002 100.50000000000001 4.5000000000000009 31386.000000000004 20175.500000000004 5.5000000000000009 4216.0843456020211 11.500000000000002 5.2686195286195288 0.007207230605407372 922.54999999999995 3.9005882352941184 390.31994076998342 -521.81882032377007 -634.50000000000011 633.1500000000002 38.500000000000007 3164.5000000000005 4.4336591066424749 6.9704238985423851e-06
decision_type=2 2 8 2 10 2 2 2 2 2 2 2 2 10 8 2 2 2 10 10 2 10 2 2 2 2 2 2 10 2
left_child=13 2 3 22 -4 9 7 18 -9 10 14 -11 -8 19 -3 16 21 -17 -6 -1 -10 -16 23 24 -2 26 28 -28 -24 -26
right_child=1 5 4 -5 6 -7 12 8 20 11 -12 -13 -14 -15 15 17 -18 -19 -20 -21 -22 -23 25 -25 29 -27 27 -29 -30 -31
leaf_value=-0.017463602249882713 -0.013130724941598806 0.0033570736079059399 -0.0078203000491119858 -0.0057535580791652011 -0.0012863522644374101 -0.0082967257507120026 -0.0059687189160427499 0.022985855585924961 -0.0063389200008475421 -0.0051925861386803293 -0.0063768660790485682 0.0091280660631274067 0.00076262918392055871 0.041746726833390403 0.0039423077856133096 -7.3025679801547167e-05 0.03453458519097468 0.0042239332398276925 0.020061188833277305 -0.0053503652099420335 0.011753618514201839 -0.0041061001433156498 0.0043053682960347067 -0.0035174969183846649 0.0035032284635812152 -0.00068063070558149091 0.048096105249876911 -0.0094104148323717867 -0.00028696795177655308 -0.0008243197295924906
leaf_weight=166.61684480286203 112.47189330752008 2691.7900004603434 770.31036456493894 880.77639663731679 1960.2648541853996 280.80913683352992 1549.5310830767266 84.47048209561035 96.938010118203238 136.19717027293518 450.64494792604819 576.83847187738866 617.69951614318416 2.8620860288501708 2319.9052565486636 16985.397840039572 16.64489465765655 1033.688552333042 35.227520791697316 450.05972981528612 102.38554445793852 283.67495281598531 2773.281034884043 2639.7274404712371 2019.195990552078 3414.4776566871442 20.326847493648529 12.563159550540147 1807.3333401592681 2534.6586609536316
leaf_count=142101 4727 58944 94016 45308 133124 17949 103094 4688 2838 1697 29043 6667 16524 542 91487 347135 390 20051 2368 86763 3184 17223 131360 217191 111787 186959 312 244 94634 74375
internal_value=9.23928e-06 0.000119801 -0.000685385 -4.79082e-05 -0.00266483 0.000816309 -0.00176392 0.000416557 0.00925416 0.000922453 0.000757649 0.00637556 -0.00405282 -0.00817174 0.000896791 0.000575184 0.00332454 0.000174578 -0.000860294 -0.00873732 0.00301479 0.0030592 0.000281589 -0.000799827 0.00073967 0.00126564 0.00270527 0.0277869 0.00249507 0.00109627
internal_weight=46826.8 46207.2 21431.6 16214.8 5216.83 24775.6 4446.52 2279.29 283.794 24494.8 23781.7 713.036 2167.23 619.539 23331.1 20639.3 2620.23 18019.1 1995.49 616.677 199.324 2603.58 15334 7306.05 4666.33 8027.98 4613.5 32.89 4580.61 4553.85
internal_count=2046725 1817319 1226733 866897 359836 590586 265820 146202 10710 572637 564273 8364 119618 229406 535230 476286 109100 367186 135492 228864 6022 108710 821589 408080 190889 413509 226550 556 225994 186162
is_linear=0
shrinkage=0.03


Tree=155
num_leaves=31
num_cat=0
split_feature=77 67 109 105 80 78 83 93 78 53 64 70 108 85 94 110 71 109 111 110 116 58 112 121 109 113 56 93 80 90
split_gain=45.4989 25.5484 29.9309 41.516 31.6846 28.0213 25.3862 23.7617 23.6284 24.8736 24.3005 24.168 23.5942 22.9795 33.3494 26.7296 44.8182 34.5675 33.4645 31.067 38.8967 36.0082 28.5444 27.2357 26.276 25.7646 25.1794 24.6367 30.5993 25.8243
threshold=5.5000000000000009 1.5000000000000002 0.0003211402522096686 0.015159439584125778 613.87462062351733 150.50000000000003 0.01352494626606302 4.3643486808857022 303.50000000000006 82.500000000000014 4.5000000000000009 3.5000000000000004 1.6314428585113251e-05 0.74699995199923208 -1.8105136056385234 3.7537895237643182e-05 40.500000000000007 0.00012693637035176937 7.4436862411847654e-05 0.00029841933924118225 0.017888427362111606 -2166.9000000000001 1.0111495885869888 1.0000000180025095e-35 2.1904347598315863e-05 0.75448704481792728 484.50000000000006 4.4336591066424749 25586.958891005492 -1.1427619047619044
decision_type=2 2 2 8 2 2 10 10 2 2 2 2 2 8 8 2 2 2 2 2 8 2 10 2 2 10 2 10 2 10
left_child=6 2 8 -4 -5 -3 -1 -6 10 -10 -2 12 -12 15 -15 16 -7 -17 24 21 22 27 -21 -23 -18 -25 -26 -19 29 -29
right_child=1 5 3 4 7 13 -8 -9 9 -11 11 -13 -14 14 -16 17 18 19 -20 20 -22 23 -24 25 26 -27 -28 28 -30 -31
leaf_value=-0.017543967998050958 -0.00047791107307757641 0.0017860644730895235 -0.010848246792938459 0.044739027119602613 0.0068759344604649546 0.0024000190279331894 -0.0040863557840604909 -0.0046060174608416448 -0.010743665751092354 0.00622907320963559 0.01240576014123616 -0.0022486791936722687 0.0030253198859652541 0.0046940784014271944 -0.0048632606959355664 -0.0025657986946809553 -0.012092134316970812 0.0095613946688457175 -0.0010223173706370974 -0.0026551947257351695 -0.0044076263109225954 0.00050001195679066739 0.0052965372252795169 -0.002301440539396498 0.0023719093349439252 0.014972286762854347 0.043136895274646814 -0.00068246938476599944 -0.0058767593627356068 0.057128145298827565
leaf_weight=174.88065720390296 18426.466605760856 12902.313308306911 588.40699321974535 8.8317368159769085 229.38755299523473 1167.6127244848758 437.89385965676047 522.26610684208572 351.42807422345504 95.787988672032952 312.57100598199759 539.44151428644545 1027.7745733765187 400.98266930738464 1732.920921409037 3360.746427424252 9.5348615664988738 116.78376671252772 45.430905568879098 619.01451052492484 1217.8848907179199 913.62005185475573 1163.6616472993046 107.06954254815355 17.610941653139889 267.24321213643998 66.263579385820776 8.4875780595466441 11.976236056536434 30.765594453550879
leaf_count=146125 1026759 331065 35392 312 5748 42988 83076 16371 17705 3688 14152 11583 25622 12448 57649 79933 366 5156 2150 23189 37165 33201 17181 6011 704 7342 2698 305 610 768
internal_value=4.97785e-05 0.000157763 -0.000579255 -0.00490111 -0.000258849 0.000831993 -0.00803795 -0.00107971 -0.000297239 -0.00707964 -0.00014616 0.00309844 0.00525083 -0.000261772 -0.00306056 0.000394142 0.00435753 -0.000270598 0.0201641 0.0014612 -0.000285151 0.00504891 0.00253568 0.00330837 0.0299968 0.0100661 0.0351925 0.0179101 0.0343993 0.0459632
internal_weight=46875.1 46262.3 22102.4 1348.89 760.485 24159.9 612.775 751.654 20753.5 447.216 20306.3 1879.79 1340.35 11257.6 2133.9 9123.71 1306.45 7817.25 138.84 4456.51 3000.56 1455.95 1782.68 1287.93 93.4094 374.313 83.8745 168.013 51.2294 39.2532
internal_count=2047462 1818261 1157332 57823 22431 660929 229201 22119 1099509 21393 1078116 51357 39774 329864 70097 259767 48906 210861 5918 130928 77535 53393 40370 46554 3768 13353 3402 6839 1683 1073
is_linear=0
shrinkage=0.03


Tree=156
num_leaves=31
num_cat=0
split_feature=50 95 76 110 105 78 111 78 63 69 103 109 88 99 3 37 109 88 48 14 2 59 70 92 110 78 67 105 122 76
split_gain=44.7967 26.1343 32.65 35.5874 25.1434 23.3728 24.0093 23.3679 22.3644 26.2995 22.6385 22.2454 33.4689 22.4041 22.0768 26.5803 34.9805 25.6031 27.1202 31.4995 28.4717 21.5899 32.7728 24.5402 20.6817 19.8343 28.7766 19.7471 19.3727 23.5164
threshold=17.500000000000004 0.70835758634070645 566.50000000000011 0.00048776408950885699 0.44474969474969478 213.50000000000003 0.0040774009526461609 4.5000000000000009 42.500000000000007 22.500000000000004 0.028563873989574679 8.006268647184548e-05 3.5402380952380956 0.0070949951898337709 1.5000000000000002 11.500000000000002 8.3664710397074463e-05 0.53561938061938064 121.50000000000001 16.500000000000004 82.500000000000014 -1164.9124678190594 12.500000000000002 -1.9188847356933281 5.9673850519867374e-05 4436.0000000000009 338.50000000000006 0.33457711442786076 2967.5000000000005 5989.5000000000009
decision_type=2 8 2 2 10 2 2 2 2 2 10 2 8 10 2 2 2 10 2 2 2 2 2 10 2 2 2 10 8 2
left_child=7 2 3 -2 -5 6 8 -1 9 11 -10 28 13 -13 24 21 -17 18 20 27 -18 22 23 -16 -4 26 -19 -20 29 -3
right_child=1 5 14 4 -6 -7 -8 -9 10 -11 -12 12 -14 -15 15 16 17 25 19 -21 -22 -23 -24 -25 -26 -27 -28 -29 -30 -31
leaf_value=-0.02244172144844335 0.0047964500641459618 0.0042876128964058329 0.00050929826242312602 0.056663804867809503 -0.008624469334248229 -0.0040453953425832823 0.044294009645608083 -0.0056154793445209071 -0.0029532669259688688 0.032820772838856774 0.010391298193153884 -0.0032668079366759682 -0.009123468402799732 0.0026481040441723677 0.015848764228158226 -0.0030409523649762935 0.0027658413915689411 -0.00037731060243873784 -0.0095978248805388341 0.0096643678033821317 0.010743737881589588 0.0020721246923881345 -0.0028536023234849647 0.00061186048031985202 -0.0019937873790351638 -0.015534336042586602 0.037682641425229896 0.012535752737595288 -9.3447628332544904e-05 0.052708498113129269
leaf_weight=93.852013276191428 61.526758611900732 29.751235274714418 10537.134953142435 21.170331954490397 5.154563136980868 1773.4202507119626 5.8145794272422782 321.94910562771838 172.25520322937518 16.08245613053441 325.25146824587137 1805.5477204868221 616.94279481680132 841.04716630384792 351.37771261972375 2258.8007679674774 1192.7779568959959 2519.5704345358536 316.4881224767305 134.18243831209838 606.79748076200485 8378.1939815368969 189.94420544570312 130.3373977872543 4131.565836499678 72.304247670806944 13.006678437348453 36.549837952014059 9851.9223687816411 8.6332133077085
leaf_count=109466 13366 2734 550541 1037 161 63039 77 72402 2565 209 4138 80743 69103 19749 8180 37720 23667 70389 8888 2825 10485 238802 5631 4673 118655 6748 281 670 518643 158
internal_value=0.000109288 0.00019763 0.000700507 0.0184641 0.0445439 -0.000810092 -0.000389148 -0.00963492 -0.000424349 -0.000661115 0.0057875 -0.000714507 -0.00286017 -0.00138569 0.000646971 0.00141021 4.2939e-05 0.00146862 0.00378142 -0.00247779 0.00547822 0.0024899 0.00764736 0.0117748 -0.000196156 -0.000565113 -0.00010798 -0.00716329 -5.40862e-06 0.0199976
internal_weight=46819.4 46403.6 30956.9 87.8517 26.3249 15446.7 13673.2 415.801 13667.4 13169.9 497.507 13153.8 3263.54 2646.59 30869 16200.3 7150.48 4891.68 2286.8 487.22 1799.58 9049.85 671.659 481.715 14668.7 2604.88 2532.58 353.038 9890.31 38.3844
internal_count=2045745 1863877 1102719 14564 1198 761158 698119 181868 698042 691339 6703 691130 169595 100492 1088155 418959 161673 123953 46535 12383 34152 257286 18484 12853 669196 77418 70670 9558 521535 2892
is_linear=0
shrinkage=0.03


Tree=157
num_leaves=31
num_cat=0
split_feature=78 77 92 108 60 102 101 113 78 97 57 33 73 33 79 36 61 78 18 67 83 69 119 61 3 60 9 86 72 75
split_gain=41.7873 30.0154 29.4404 24.1378 25.9574 22.566 22.4313 29.342 23.5164 29.3049 21.2356 28.8426 27.8901 27.2981 25.0753 22.1443 24.3848 26.9979 21.7929 20.7202 19.7041 33.1273 36.0167 22.3896 25.7232 22.3273 19.4481 22.9229 21.6486 30.4876
threshold=2.5000000000000004 23.500000000000004 6.4225840483375558 6.268918964364078e-05 2862.5085695048278 0.051306424880569378 0.0055559366473072061 0.56524206682130007 253.50000000000003 0.010010020040080161 -278.94999999999993 332.65000000000009 76.500000000000014 -856.29999999999995 -634.50000000000011 47.500000000000007 237.50000000000003 102.50000000000001 1.5000000000000002 18.500000000000004 0.15095126441846193 10.500000000000002 0.35505093378607816 365.50000000000006 17.500000000000004 14221.806234180223 -88.668035872970066 0.20590087420358574 17.500000000000004 466.50000000000006
decision_type=2 2 8 2 2 10 10 10 2 10 2 2 2 2 2 2 2 2 2 2 10 2 10 2 2 2 2 10 2 2
left_child=1 -1 5 4 -4 6 8 -8 10 -10 11 13 14 -2 -12 16 17 -15 26 -20 21 23 -23 25 -25 -9 27 -16 -28 -30
right_child=2 -3 3 -5 -6 -7 7 20 9 -11 12 -13 -14 15 18 -17 -18 -19 19 -21 -22 22 -24 24 -26 -27 28 -29 29 -31
leaf_value=-0.018185720592459639 0.0017817499255194558 0.030316095021206486 -0.0047544609366662284 -0.0061865995215707025 0.0035477562835555527 -0.0021462254128151292 -0.0048442352004831211 0.0035389904573702152 -0.010180242997761588 -0.0011466824553598427 -0.0082119741921290925 -0.013876937538639316 0.020163007536777293 0.02383669601024559 0.0069783898442332048 -0.00096056891016242077 0.042237592042170695 0.0047345825906306704 0.0029449108207504301 0.01645987324341076 0.00062767348905969002 0.0045884090525472564 0.017986841484665953 -0.0044379302251773547 0.012180528178434446 0.019169287213207587 -0.00017123699518740176 0.00011426279986037804 0.020510161948734999 0.0020370147413083829
leaf_weight=154.30519243562594 559.11570273060352 7.9152628855081266 632.32471219642321 1196.1750321727013 718.95852719625691 3342.3855525371619 495.92799517721869 1655.4823449940886 342.24658573092893 4701.4797033369541 306.72226643166505 65.46464344765991 58.445772071368992 112.65299668069929 790.26246572798118 89.255189456511289 24.824741548858583 160.844552770257 1215.9966724480037 106.95636339858174 2304.2184458074626 484.96316322498024 287.47623777622357 584.33276962861419 92.834996723104268 81.961533165536821 24798.26274049218 974.69664944382384 101.66686002304778 332.08595158345997
leaf_count=135336 5685 2507 119465 62872 40999 96235 25211 42310 16894 177194 11635 1288 704 2425 13547 1159 696 4287 21613 802 45699 11109 4522 13172 1624 1287 1166217 11543 1801 5647
internal_value=-1.34739e-05 -0.0149835 4.02196e-05 -0.00309227 -0.000340421 0.000221621 0.000416179 0.00211131 0.000123782 -0.00176914 0.000445515 0.0047054 0.000294411 0.00605654 0.000250332 0.0121221 0.0159876 0.0128894 0.000343417 0.00409541 0.00274331 0.00426953 0.00965847 0.0025292 -0.00208708 0.00432922 0.000158831 0.00319871 -5.43976e-05 0.00655131
internal_weight=46780.2 162.22 46618 2547.46 1351.28 44070.6 40728.2 5987.2 34741 5043.73 29697.3 1012.16 28685.1 946.693 28626.6 387.577 298.322 273.498 28319.9 1322.95 5491.27 3187.05 772.439 2414.61 677.168 1737.44 26997 1764.96 25232 433.753
internal_count=2045485 137843 1907642 223336 160464 1684306 1588071 144934 1443137 194088 1249049 15540 1233509 14252 1232805 8567 7408 6712 1221170 22415 119723 74024 15631 58393 14796 43597 1198755 25090 1173665 7448
is_linear=0
shrinkage=0.03


Tree=158
num_leaves=31
num_cat=0
split_feature=56 93 8 46 95 106 76 110 93 118 9 92 115 78 111 57 14 30 60 122 75 64 71 54 122 75 94 110 34 111
split_gain=44.0569 33.7771 26.3215 30.6817 26.6684 21.8557 21.7737 21.5084 34.6858 47.6367 44.3973 27.7102 24.5184 24.0465 23.0924 21.2225 20.708 24.9831 22.5249 19.8709 19.7471 22.1945 21.407 20.4017 19.458 25.5025 18.829 18.7513 27.9813 18.3856
threshold=3.5000000000000004 7.2917633483574846 -1.0000000180025095e-35 140.50000000000003 0.78579563944028641 0.29583333333333339 566.50000000000011 9.1472809358581153e-05 1.8687458175482659 -2.3287560880656524 -77.572056169743533 2.5583258636000652 6.4759259259259272 38.500000000000007 3.2937040860211095e-05 -912.19999999999993 13.500000000000002 425.50000000000006 61187.818399065836 36583.500000000007 818.50000000000011 4.5000000000000009 4.5000000000000009 33.500000000000007 28903.500000000004 183.50000000000003 2.5975050122717982 2.0357001397407871e-06 -52.740161209459437 9.2276754440937768e-06
decision_type=2 8 2 2 8 10 2 2 10 10 2 10 10 2 2 2 2 2 2 10 2 2 2 2 8 2 10 2 2 2
left_child=1 24 5 4 7 6 -2 8 10 -10 -4 26 19 14 20 -6 17 18 -8 -9 21 22 -13 -23 -1 -26 -11 -12 -29 -15
right_child=2 -3 3 -5 15 -7 16 12 9 11 27 13 -14 29 -16 -17 -18 -19 -20 -21 -22 23 -24 -25 25 -27 -28 28 -30 -31
leaf_value=-0.014164858018696665 0.01754321799107169 -0.023609110918649652 0.0034960113316168636 -0.013869665276618892 0.036394259618852225 0.035167893070279226 0.00098188500681658164 -0.0017237411155314529 -0.011017514211130699 0.0056382315453636905 0.0016178945629397434 -0.0015449919042378379 0.0048800713383513822 0.0089615810759157803 -0.0081289268280563248 -0.0021527093290063326 0.0099428241336368042 -0.012337536796713842 0.011286018749288688 0.033319797126571321 -0.012897469396031229 0.033414278541078035 0.010412402156799345 -0.0089265370559435744 0.024947288181494789 -0.0034468751476141178 0.01868255497173768 -0.00028237984029093761 -0.0041604959241596249 0.0023041662466543097
leaf_weight=147.22768193361117 68.354499395936728 83.095132242364343 2134.9659264830407 143.59782843850553 7.8983311806805423 12.112860842142252 13821.273215229274 6813.4693636896554 229.49208725924836 1115.7624385448871 1554.4669890797231 638.17550245043822 555.09620743629057 403.18354124808684 360.3636495671235 5652.4777605931158 232.34446177165955 120.20426990790293 188.66825842484832 9.6050656717270595 81.421761799138039 30.997903960640542 165.51344650844112 11.824174437206237 24.450069921207614 887.02026527328417 105.95770518085919 3712.026011185837 3046.6233866235707 4499.2399369371124
leaf_count=71571 6516 68810 47470 6087 300 190 365092 194287 12900 34441 112686 79500 7962 18054 42950 357955 3557 3081 5128 178 4894 2209 10910 452 16693 189164 3817 118748 129670 131696
internal_value=7.33825e-05 -0.00573435 0.000219049 -0.00027018 -0.000205227 0.00127806 0.00123745 0.000208848 0.00076559 0.0023009 -0.000357931 0.00272039 -0.00115578 0.00190232 -0.00173991 -0.00206685 0.00115377 0.00100578 0.00112463 -0.00165005 0.000771539 0.00215431 0.000966693 0.0220121 -0.00422701 -0.00255326 0.00684108 -0.0013492 -0.00203232 0.00286026
internal_weight=46856.9 1141.79 45715.1 31272.2 31128.6 14443 14430.8 25468.2 18090 7641.93 10448.1 7412.44 7378.17 6190.72 1288.3 5660.38 14362.5 14130.1 14009.9 6823.07 927.933 846.511 803.689 42.8221 1058.7 911.47 1221.72 8313.12 6758.65 4902.42
internal_count=2046968 346238 1700730 1317166 1311079 383564 383374 952824 750397 341823 408574 328923 202427 290665 140915 358255 376858 373301 370220 194465 97965 93071 90410 2661 277428 205857 38258 361104 248418 149750
is_linear=0
shrinkage=0.03


Tree=159
num_leaves=31
num_cat=0
split_feature=92 122 122 90 71 47 111 67 83 110 5 6 25 64 78 54 78 73 56 58 29 67 71 37 51 116 56 80 77 122
split_gain=35.5362 24.3755 27.0169 22.4727 22.2065 36.0411 34.2581 27.1922 26.6086 23.6596 23.784 20.3345 30.8655 31.212 29.4233 28.5075 24.7066 30.2259 26.0344 23.5784 24.7838 36.2938 23.6162 25.3804 21.1084 20.6474 20.2128 22.6913 22.5971 21.0179
threshold=6.83619394703247 376.50000000000006 5752.0000000000009 2.3473174818561242 6.5000000000000009 1.0000000180025095e-35 0.00071578046027809185 8.5000000000000018 0.040824829931972791 6.1033397136013734e-05 5.5000000000000009 3484.5000000000005 3182.0000000000005 27.500000000000004 1596.5000000000002 874.50000000000011 386.50000000000006 71.500000000000014 1418.5000000000002 -294.39999999999952 98.500000000000014 6.5000000000000009 92.500000000000014 7.5000000000000009 13433.500000000002 0.82115814331420456 404.50000000000006 -6265.3831403137119 830.50000000000011 14680.500000000002
decision_type=8 8 8 8 2 2 2 2 10 2 2 2 2 2 2 2 2 2 2 2 2 2 2 2 2 10 2 2 2 10
left_child=1 -1 4 -2 5 6 7 -3 -9 -6 -11 12 13 16 19 -16 17 -4 -19 20 21 -15 23 -23 -22 -21 28 -28 -18 -29
right_child=3 2 11 -5 9 -7 -8 8 -10 10 -12 -13 -14 14 15 -17 26 18 -20 25 24 22 -24 -25 -26 -27 27 29 -30 -31
leaf_value=-0.011703218262621787 -0.0020256372017215668 -0.0016897543864523717 -4.0948212467524465e-05 -0.009831779292409068 0.011470026000602497 0.018769535295620796 0.023133114635034247 0.053243266641298033 0.0063174955846139304 -0.0064731145153304973 0.0026231013011649065 0.010189074609899193 -0.01368168936377495 -0.0079021932327107153 -0.010059767342188058 0.011762409544980295 -0.013784740008732829 0.011317728310553686 -0.0010251292498779576 0.0059126808406285043 -0.0070253961229297824 0.048156111192983492 0.052486844817720729 0.0083411229230268818 0.014231170041956237 -0.0075642525178989985 -0.0060801483995955637 -0.0011221527201652358 0.017351230244291398 0.010306267564294681
leaf_weight=150.90322039747844 1058.3535864347359 431.49680054263445 38142.115532605094 481.01938073401107 170.74194131046534 189.93198477104306 66.117169480770826 11.142921969760208 38.479717747773975 378.26441694330424 791.09688640153036 171.19633379438892 143.39415470277891 24.458219352178276 199.67845732020214 68.489877314306796 224.72507268562913 389.09831027220935 250.97129811905324 689.66942190378904 65.218280403874815 15.823825641535221 29.790242440067232 56.393441188149154 102.2180408295244 115.56845462182537 828.32364057563245 1413.9787892703898 18.839902721811086 156.29279571725056
leaf_count=6398 106007 35330 1543436 141491 5519 4542 1483 200 736 10209 19062 2570 6121 590 14445 4454 13718 5438 3650 16172 528 344 950 1210 1186 3441 40930 51001 1199 4965
internal_value=-1.36703e-05 0.000138766 0.000179606 -0.00448881 0.00351714 0.00768095 0.00369728 0.000815874 0.020764 0.00120667 -0.00033437 1.83821e-05 -2.33536e-05 2.40084e-05 0.00447524 -0.00437313 -0.000123437 6.79564e-05 0.00650766 0.00664409 0.0138529 0.0236421 0.0312213 0.0196185 0.00598787 0.00394372 -0.00292758 -0.00207885 -0.0110758 4.44468e-05
internal_weight=46873.8 45334.4 45183.5 1539.37 2077.27 737.169 547.237 481.119 49.6226 1340.1 1169.36 43106.2 42935 42791.7 1367.31 268.168 41424.3 38782.2 640.07 1099.14 293.902 126.466 102.008 72.2173 167.436 805.238 2642.16 2398.6 243.565 1570.27
internal_count=2047325 1799827 1793429 247498 77081 42291 37749 36266 936 34790 29271 1716348 1713778 1707657 43320 18899 1664337 1552524 9088 24421 4808 3094 2504 1554 1714 19613 111813 96896 14917 55966
is_linear=0
shrinkage=0.03


Tree=160
num_leaves=31
num_cat=0
split_feature=55 102 122 122 71 47 68 50 6 106 48 53 27 97 109 57 117 77 75 51 97 80 111 56 93 92 108 114 53 77
split_gain=44.4106 28.5097 34.4606 40.3373 25.9528 39.6388 38.1332 24.669 24.5883 24.4788 24.2159 33.0916 27.5574 24.123 23.796 29.2519 23.589 23.0334 26.757 31.5576 25.3453 22.8944 22.8822 38.9069 34.5784 49.39 37.1013 33.9768 33.1119 32.8598
threshold=1.0000000180025095e-35 0.055622814097390373 5936.0000000000009 376.50000000000006 6.5000000000000009 1.5000000000000002 3.5000000000000004 4.5000000000000009 993.50000000000011 0.26136363636363641 8.5000000000000018 22.500000000000004 18.500000000000004 0.083285984848484859 3.6970693048690403e-06 342.4500000000001 0.46821696560803056 23.500000000000004 720.50000000000011 748.50000000000011 0.038466676257218606 -521.81882032377007 9.2276754440937768e-06 67.500000000000014 1.1906690480708282 -1.5598906952503182 2.1240472276447575e-06 2.5728429985855734 9.5000000000000018 57.500000000000007
decision_type=2 8 8 10 2 2 2 2 2 10 2 2 2 10 2 2 10 2 2 2 8 2 2 2 10 10 2 10 2 2
left_child=7 2 3 -2 5 6 -5 -1 -3 22 11 12 -7 16 -9 -16 -8 -17 19 -19 -21 -11 -4 27 25 -25 28 -24 -26 -27
right_child=1 8 9 4 -6 10 13 14 -10 21 -12 -13 -14 -15 15 17 -18 18 -20 20 -22 -23 23 24 26 29 -28 -29 -30 -31
leaf_value=-0.023521032857604363 -0.011367510928911223 -0.0030865329291556989 0.0015655182286083758 0.0029334082305327398 0.0025821234880366406 0.045227068770924556 0.053569120231313584 0.0051019282419091519 0.010369855795604475 -0.0056414184443928893 0.0094297455275585834 0.061343509627791157 0.00075835502057460501 0.0051126463190561793 -0.010943800212571091 -0.0053406843042620089 0.0063156489213297591 -0.0054257250159420803 -0.0042875786906943188 0.078868196041621694 -0.0013374814431066136 0.05610918970035244 -0.0039542709180175129 0.00053933374176084298 0.046728572603154751 -0.0083667562999248882 0.0010175460677704252 0.0018854333401387225 -0.0050660043590516754 -0.0021492574745798436
leaf_weight=68.515242350986227 138.63349935365841 3169.0699973964365 7842.6910894293105 492.51834761974169 1306.1437744852155 15.432736371993085 27.303889601491392 155.74779948272044 122.3034987244755 7.6343373232521143 64.066047638654709 24.157090407330543 32.930205842014402 34.548892423510551 497.4153063200647 62.736879164469428 15.574722632067276 8.3412748674163613 19.200435024220496 10.674876107950691 4.369948690291495 8.4667703722370771 3969.0280334401177 6839.189155859407 24.917194346897304 975.82489955052733 16212.689912182745 1154.6737945819041 16.243770305067301 3505.2716912869364
leaf_count=76229 5850 125964 540970 29733 34196 766 639 40833 1001 172 806 513 759 762 149288 18336 497 1306 1907 1353 519 263 288408 167013 1543 30856 360260 49748 930 116072
internal_value=-7.59028e-06 0.000116643 0.00032409 0.00401964 0.00510505 0.0097182 0.00612589 -0.00687685 -0.00257154 0.00012759 0.0239625 0.0353647 0.0178565 0.0250236 -0.00522917 -0.00791874 0.0388573 0.00621635 0.022014 0.0405597 0.061049 0.0324312 0.000110762 -0.000238352 0.000207879 -0.00106483 0.00109433 -0.00263768 0.0279536 -0.00351103
internal_weight=46826.3 45999.3 42707.9 2151.31 2012.68 706.532 569.946 827.002 3291.37 40556.6 136.586 72.52 48.3629 77.4275 758.487 602.739 42.8786 105.323 42.5865 23.3861 15.0448 16.1011 40540.5 32697.8 27574.1 11320.3 16253.9 5123.7 41.161 4481.1
internal_count=2047492 1757721 1630756 74521 68671 34475 31631 289771 126965 1556235 2844 2038 1525 1898 213542 172709 1136 23421 5085 3178 1872 435 1555800 1014830 676674 313941 362733 338156 2473 146928
is_linear=0
shrinkage=0.03


Tree=161
num_leaves=31
num_cat=0
split_feature=55 93 57 78 53 113 122 77 73 54 111 122 19 42 111 64 90 78 93 80 90 75 90 79 106 122 92 31 91 76
split_gain=37.0368 25.5325 23.3282 20.9461 34.3243 33.473 28.2559 26.9773 31.757 37.2691 30.0237 26.2559 24.1716 21.6705 21.515 37.0283 32.8984 32.6982 28.1605 29.2979 26.822 26.7637 24.2695 23.3964 23.3311 23.5423 23.7403 26.9459 25.9518 25.4711
threshold=1.0000000180025095e-35 4.5626790833309974 332.35000000000008 150.50000000000003 27.500000000000004 0.24789186026968676 3756.5000000000005 17.500000000000004 4.5000000000000009 7.5000000000000009 0.0001206771193703057 324.50000000000006 8.5000000000000018 3.5000000000000004 9.7886716951069382e-06 8.5000000000000018 1.6000181554103128 34.500000000000007 2.2193933202158189 -726.20521928339235 0.48697007692568367 2012.5000000000002 3.1971993732863306 318.9500000000001 0.29583333333333339 18433.500000000004 5.7234742724656646 73.500000000000014 0.475218364786064 388.50000000000006
decision_type=2 8 2 2 2 10 10 2 2 2 2 8 2 2 2 2 10 2 10 2 10 2 10 2 10 8 8 2 10 2
left_child=1 2 -1 4 14 -5 7 8 -6 -10 -11 -7 -13 -8 15 18 24 -18 19 22 -20 -22 -2 -17 25 26 27 28 -16 -30
right_child=3 -3 -4 5 6 11 13 -9 9 10 -12 12 -14 -15 16 23 17 -19 20 -21 21 -23 -24 -25 -26 -27 -28 -29 29 -31
leaf_value=-0.0043106996764498435 0.0037246034732566617 -0.01208420073511325 0.014255776608284669 -0.011605203849067736 -0.0001499374418561448 -0.017841586003434759 0.0051892856122822181 0.0013442736776003864 0.0089057258585713596 0.019044763622187912 0.070076900909649048 -0.0006829117330214232 0.0070408538281062031 0.017908551916096246 0.013861566912932017 0.046736881356406315 -0.0073576273676685278 -0.0013175366390411579 0.01393294970952612 -0.0016386048352006336 0.0025938708697555964 0.046883252400177988 -0.016062629895955596 0.01048236283741588 0.041203916369164012 -0.00027270003467470513 -0.0050301234639203085 -0.0023365982900987797 0.043841165037285246 0.00096885859300890767
leaf_weight=388.0040521871415 1721.6580722668441 364.08370645012474 67.119121338531841 246.99681715527549 133.58678222913295 73.777377009391785 640.93531730328687 7478.9760931003839 105.932518071495 32.955789011437446 15.29396501299925 13328.526046753395 369.93406157474965 145.94223344605416 414.80157117231283 18.385291444370523 1075.4010628771503 3195.7373239132576 217.7725037651835 3480.2237970369169 1841.7782919695019 7.3835452245548359 52.779761979123577 65.367291594622657 7.4933688710443667 10500.492649933498 206.95747317286441 255.94749010330997 7.9784630465437649 327.15082710853312
leaf_count=106051 77151 170544 12358 19839 7717 3299 12302 144729 2910 632 237 396202 5805 1449 17045 733 144628 104403 18328 270476 172350 268 3361 2612 135 315920 16287 2940 2148 12990
internal_value=8.37927e-05 -0.00621942 -0.00144746 0.000196783 0.000620945 -0.000769793 0.0022466 0.00169494 0.0106301 0.0196814 0.0402818 -0.000571325 -0.000471835 0.00764651 2.6284e-05 0.00136261 -0.000592759 -0.00284516 0.00112834 -3.9524e-05 0.00409027 0.00289666 0.00309256 0.0206256 0.000228891 0.000185108 0.00413357 0.00603453 0.00888811 0.002619
internal_weight=46789.4 819.207 455.123 45970.2 31950.9 14019.2 8553.62 7766.75 287.769 154.182 48.2498 13772.2 13698.5 786.878 23397.3 7405.35 15992 4271.14 7321.6 5254.66 2066.93 1849.16 1774.44 83.7526 11720.8 11713.3 1212.84 1005.88 749.931 335.129
internal_count=2045849 288953 118409 1756896 1331751 425145 169976 156225 11496 3779 869 405306 402007 13751 1161775 545279 616496 249031 541934 350988 190946 172618 80512 3345 367465 367330 51410 35123 32183 15138
is_linear=0
shrinkage=0.03


Tree=162
num_leaves=31
num_cat=0
split_feature=61 95 32 6 85 102 18 7 41 28 67 48 71 67 35 80 65 112 93 67 90 108 38 102 80 10 66 104 92 85
split_gain=38.3155 30.948 27.9157 24.8635 21.9154 21.3277 21.5091 22.4207 20.8077 20.4522 20.4309 24.5323 20.4723 20.7206 20.5312 21.0844 21.5867 18.87 18.6973 18.2157 17.9869 17.5226 17.0321 16.9057 16.8937 23.0412 22.8008 19.9113 29.2766 21.3599
threshold=2.5000000000000004 0.58141014261198898 2807.2500000000005 154.50000000000003 0.4857816711590297 0.066732154551408004 1.5000000000000002 296.55000000000001 24.500000000000004 184.50000000000003 1.0000000180025095e-35 11.500000000000002 58.500000000000007 13.500000000000002 10760.55575104627 -4250.9511423112808 35.500000000000007 4.5894144859177297 6.6385416758513403 57.500000000000007 1.6000181554103128 0.0005409754413176303 73.500000000000014 0.039946808510638303 390.31994076998342 16.865217270406053 61.500000000000007 0.035686600221483948 -1.4134563936958939 0.72073771885092641
decision_type=2 8 2 2 10 8 2 2 2 2 2 2 2 2 2 2 2 10 10 2 10 2 2 10 2 2 2 10 10 10
left_child=-1 3 5 8 -5 6 9 17 10 18 -2 12 13 -12 15 16 -15 23 24 -13 -20 -14 -7 -8 25 26 -3 28 29 -26
right_child=1 2 -4 4 -6 22 7 -9 -10 -11 11 19 21 14 -16 -17 -18 -19 20 -21 -22 -23 -24 -25 27 -27 -28 -29 -30 -31
leaf_value=-0.017824167080107343 -0.00050726203252350751 -0.0007296648118919149 -0.010342779165163293 -0.00052593296871966601 0.007042010116681212 -0.0042665479345190445 0.0035789368331187762 -0.0053433812246422132 -0.0071832836884867029 -0.014054873132513737 0.0017900578677224081 -0.0019064879697713623 0.015563033359400489 0.016681888350226676 -0.0093361895049197553 0.011648910130084136 -0.0093934943646049353 0.011934253581833048 0.0026095087544550375 0.012027465260617329 -0.0079223252990628188 -0.0088633623193055937 0.010312925687798265 -0.0079673913510135367 0.0037155122486168374 -0.0044230447122585803 0.014812297362189959 0.002903097269915055 -0.00026597685033685937 0.022501367654028572
leaf_weight=102.46839843376074 5509.4727193766157 6594.7764382751775 250.00185065949336 497.9461794057861 1106.88378357701 1630.9495929466211 1542.2269032379845 268.3945851494791 285.08788367314264 93.577241723425686 6272.7147774627083 1781.3642805055715 170.33192531578243 35.296301739756018 57.16067552100867 496.00036517996341 93.522694706451148 224.21179407148156 197.40990065952064 83.67207326553762 533.32233844237635 27.770887210965157 70.77925445092842 118.54123737197369 163.59706838504644 1716.5612895496306 81.067245635669678 2308.438710254035 14459.363997211738 78.632320924371015
leaf_count=84778 335272 293331 9483 7654 23185 105512 33887 6828 6225 2459 208297 39799 5896 1168 1147 10429 3055 1791 12733 2813 55415 660 647 1661 5079 91861 3708 58389 630597 3447
internal_value=6.82855e-05 0.000109406 -0.000458459 0.00115839 0.00469949 -0.000374608 -0.0001787 0.00270006 0.000773278 -0.000415533 0.000931838 0.00181085 0.00260949 0.00233343 0.00728189 0.00886422 -0.00189251 0.00385644 -0.000364014 -0.00125088 -0.00507871 0.0120049 -0.00363171 0.00273335 -0.000227418 -0.00132842 -0.000529989 0.000316027 -9.10422e-05 0.0101455
internal_weight=46851.5 46749.1 30331.9 16417.2 1604.83 30081.8 28380.1 2153.37 14812.4 26226.7 14527.3 9017.83 7152.8 6954.69 681.98 624.819 128.819 1884.98 26133.2 1865.04 730.732 198.103 1701.73 1660.77 25402.4 8392.4 6675.84 17010 14701.6 242.229
internal_count=2047206 1962428 1316828 645600 30839 1307345 1201186 44167 614761 1157019 608536 273264 230652 224096 15799 14652 4223 37339 1154560 42612 68148 6556 106159 35548 1086412 388900 297039 697512 639123 8526
is_linear=0
shrinkage=0.03


Tree=163
num_leaves=31
num_cat=0
split_feature=90 106 80 112 111 118 109 109 72 80 93 10 61 122 122 78 64 88 62 52 28 92 76 6 31 6 72 37 64 27
split_gain=37.1441 25.8492 26.9068 25.5989 23.3552 24.0272 23.281 22.9607 32.6968 22.6938 31.0467 24.4252 23.8409 21.5816 26.6434 24.9456 37.7557 28.9592 20.8467 25.9133 25.3853 20.3674 20.2623 20.1332 25.6722 24.306 20.3688 26.4404 22.2771 46.7311
threshold=3.6420526315789479 0.26136363636363641 -521.81882032377007 0.20805549626467454 9.2276754440937768e-06 1.381956775199592 1.0799794265695238e-05 9.6234574791588689e-05 2.5000000000000004 -495.65946305515104 1.9404626798933424 -164.29984358255757 57.500000000000007 5936.0000000000009 376.50000000000006 1722.0000000000002 26.500000000000004 2.0445626477541379 12.500000000000002 337.50000000000006 8.5000000000000018 2.0143411619379878 12438.500000000002 1886.5000000000002 833.50000000000011 314.50000000000006 21.500000000000004 16.500000000000004 14.500000000000002 155.50000000000003
decision_type=8 10 2 10 2 10 2 2 2 2 10 2 2 8 10 2 2 10 2 2 2 10 2 2 2 2 2 2 2 2
left_child=1 3 -3 7 6 13 9 8 -1 22 11 -11 -12 14 -6 16 23 18 -18 -20 -21 -10 -5 24 26 -26 -15 -28 -29 -30
right_child=-2 2 -4 4 5 -7 -8 -9 21 10 12 -13 -14 15 -16 -17 17 -19 19 20 -22 -23 -24 -25 25 -27 27 28 29 -31
leaf_value=-0.0022482378560238461 -0.0076071431363058358 -0.0069396213772187137 0.057576634424309214 0.0043723295029788585 -0.0099993413550950924 -0.0037564786635566902 0.0037386741407656864 -0.0055622895346093071 -7.769663189854927e-06 0.0047111363731493451 0.0061297582212974933 -0.0055689113621805002 -0.0068560867818357853 -0.00010489422829875875 0.0040826868235341839 -0.0066218142020674402 0.034289022760857983 -0.0046166682008197497 -0.010619838322667679 0.040145755653785996 0.007217983999957182 0.0091261577982410542 -0.010755739470325244 0.0096418495183265424 -0.0073136056378245396 0.00019696655487568069 0.010197005998682989 -0.0030198952696299333 0.046084073228208913 0.0019316545743379931
leaf_weight=3058.8277523776051 559.79298635950545 8.229187953751536 9.1851597782224399 1236.994143500051 124.37103516433854 1430.3363065988524 3368.5921164700994 1171.4187133143423 464.93224337138236 243.2395948804915 604.58990894950693 1307.143310318701 156.36053783155512 26213.145455855876 1908.5429699533852 497.03636310342699 20.664918375201523 214.76391798490658 67.974328526295722 16.889608504250646 892.80574239604175 411.57064578763675 80.434624523972161 184.79951048921794 847.89949040254578 710.68233147775754 397.96505747688934 446.52237513521686 22.115723857656121 107.95497236493975
leaf_count=346030 145528 176 261 65818 4901 67746 197159 92863 20297 13879 63030 123820 11694 712568 52417 31003 259 6147 947 401 18124 17121 4186 1282 15279 7400 10437 10364 576 4078
internal_value=3.97538e-05 0.00013317 0.0323422 0.000117533 0.000366494 4.2467e-05 0.00194461 -0.00188463 -0.000784243 0.000276329 -0.0015142 -0.00394611 0.00343408 0.000209318 0.00319875 1.04928e-05 0.00012093 0.00529481 0.00743936 0.00670026 0.00804544 0.00430859 0.00341152 -9.68908e-05 -0.000161163 -0.00389926 5.38066e-05 0.0043012 0.000179237 0.0108668
internal_weight=46785.8 46226 17.4143 46208.6 41101.8 34104.5 6997.35 5106.75 3935.33 3628.76 2311.33 1550.38 760.95 32674.1 2032.91 30641.2 30144.2 1213.1 998.335 977.67 909.695 876.503 1317.43 28931.1 28746.3 1558.58 27187.7 974.558 576.593 130.071
internal_count=2045791 1900263 437 1899826 1423515 943929 479586 476311 383448 282427 212423 137699 74724 876183 57318 818865 787862 25878 19731 19472 18525 37418 70004 761984 760702 22679 738023 25455 15018 4654
is_linear=0
shrinkage=0.03


Tree=164
num_leaves=31
num_cat=0
split_feature=93 115 53 78 78 51 78 59 108 109 80 115 118 72 53 93 54 56 98 93 83 19 61 75 70 108 74 31 73 72
split_gain=34.9911 25.0003 26.3916 37.4531 32.5221 32.7338 28.7889 28.6453 51.1806 39.623 33.3968 32.4996 31.2589 34.0577 28.6374 26.9106 25.7595 31.6626 24.2125 23.6492 23.7275 24.5243 23.162 26.6315 23.784 25.027 23.1452 22.1724 23.448 27.619
threshold=6.4925240426407429 10.942434210526317 27.500000000000004 245.50000000000003 90.500000000000014 8681.5000000000018 75.500000000000014 667.68680160997246 0.00027807792724998198 0.00015740912760782143 11861.597472965366 0.55721940878577325 -1.6080545547637999 5.5000000000000009 36.500000000000007 4.7259703800142701 5.5000000000000009 108.50000000000001 0.13348694316436255 -1.5192673991900818 0.22900181641286818 8.5000000000000018 379.50000000000006 325.50000000000006 3.5000000000000004 0.00012939610430803334 5.5000000000000009 50.500000000000007 1.5000000000000002 1.0000000180025095e-35
decision_type=8 10 2 2 2 2 2 2 2 2 2 10 8 2 2 10 2 2 8 10 10 2 2 2 2 2 2 2 2 2
left_child=1 2 3 -1 5 6 22 19 9 10 14 -10 -11 -14 -9 -15 17 -8 -2 20 21 26 23 27 -24 -26 -6 28 -4 -30
right_child=18 -3 4 -5 7 -7 16 8 11 12 -12 -13 13 15 -16 -17 -18 -19 -20 -21 -22 -23 24 -25 25 -27 -28 -29 29 -31
leaf_value=-0.00036284690613766442 -0.0036364612441164542 0.0080714293607092313 0.00013634859316563518 -0.0073660694712765025 0.0013890036996025939 -0.0086075520493301676 0.053985219998488834 -0.0021584881022890931 -0.010982315346141826 -0.014209067800625063 -0.0046256407851075704 -0.00034805638489647083 0.0039223502337424445 0.023440995177849779 0.0049124229080831873 0.0091607199372142484 0.0068091402324993184 0.0080472668673423151 -0.020437180686439901 -0.0030611215161763174 -0.004552643756008343 0.013720990178722676 0.00026779292324502133 0.00039553250929122544 0.039789199425613424 0.0097395810917478183 -0.012907744222801212 -1.0129210604974502e-05 0.046841891941953304 0.0089179078835000796
leaf_weight=25104.986635435314 1365.6638555691461 349.37666170438752 34.05951278982684 701.65526617318392 3139.0698456582613 191.11206251871772 19.001996183767915 654.7974659204483 275.91438432689756 45.579602969810367 549.54556388966739 3267.8551010717638 429.63930597202852 214.43580375798047 2376.1262016426772 283.24075154680759 1110.1964357662946 35.824368652887642 77.229740262671839 3102.612530477345 710.50679565221071 135.75896765803918 90.72762495581992 2167.0701734146569 36.1666189734824 75.463827805127949 100.34939673170447 78.729065246414393 36.29259524459485 34.701379518257454
leaf_count=1337059 116201 8096 3311 31318 88301 3034 563 12801 13799 1797 17114 65483 11131 6381 43673 9337 17225 680 62908 99247 21081 2185 2133 60244 712 1009 4240 1147 2148 1417
internal_value=-1.21709e-05 0.000134389 7.18787e-05 -0.000554647 0.000914144 0.00335406 0.0039796 0.000289227 0.00151244 0.00361494 0.00214973 -0.00119034 0.00896865 0.010178 0.00338379 0.0154857 0.00787831 0.0271499 -0.00460318 -0.00108873 0.000410984 0.00146106 0.00218871 0.00133789 0.0118023 0.0207636 0.000926915 0.0121449 0.0208408 0.0301113
internal_weight=46793.7 45350.8 45001.4 25806.6 19194.8 3909.35 3718.23 15285.4 8097.13 4553.36 3580.47 3543.77 972.895 927.316 3030.92 497.677 1165.02 54.8264 1442.89 7188.3 4085.69 3375.18 2553.21 2350.85 202.358 111.63 3239.42 183.783 105.053 70.994
internal_count=2045775 1866666 1858570 1368377 490193 93623 90589 396570 181516 102234 73588 79282 28646 26849 56474 15718 18468 1243 179109 215054 115807 94726 72121 68267 3854 1721 92541 8023 6876 3565
is_linear=0
shrinkage=0.03


Tree=165
num_leaves=31
num_cat=0
split_feature=77 103 94 122 122 122 76 109 106 108 112 93 63 67 62 112 60 37 59 72 79 113 104 70 71 78 95 109 78 83
split_gain=39.589 25.5395 23.7273 28.7946 30.2157 24.7231 23.4907 26.1069 22.8583 22.3486 26.3326 22.0992 37.3565 26.4407 22.3869 22.0422 21.3662 27.4844 34.3122 27.1021 36.5413 26.2075 36.1596 24.8091 50.0209 31.8682 32.6987 23.7095 21.6251 22.691
threshold=5.5000000000000009 0.019234142655379944 5.784912515785666 4519.5000000000009 4257.5000000000009 254.50000000000003 1182.5000000000002 2.6671209738730001e-05 0.26136363636363641 7.0478351059142326e-05 1.1821381109415763 4.2867577530660483 51.500000000000007 18.500000000000004 118.50000000000001 8.7819442479128362 17128.481464091765 12.500000000000002 -1281.312415752732 4.5000000000000009 -634.50000000000011 2.8896221094190646 0.080069686411149837 9.5000000000000018 55.500000000000007 584.50000000000011 0.45465659035341194 1.9450437493268814e-05 118.50000000000001 0.037844437844437855
decision_type=2 10 8 8 10 10 2 2 10 2 10 10 2 2 2 10 2 2 2 2 2 10 10 2 2 2 10 2 2 10
left_child=1 -1 3 4 5 -2 7 -4 15 -8 -11 12 13 -7 -14 16 17 18 23 20 27 22 -18 -5 -25 26 -26 -20 -22 -30
right_child=2 -3 6 8 -6 11 9 -9 -10 10 -12 -13 14 -15 -16 -17 21 -19 19 -21 28 -23 -24 24 25 -27 -28 -29 29 -31
leaf_value=-0.011056364346561364 -0.011753586469103405 0.0034369505642229199 0.0026454127495824848 0.0091073750243904541 0.020340987327274972 0.012422067463252886 0.0011596792415331596 -0.013248974556279765 0.030851862801986936 -0.0051548114628436554 0.00038916426974948339 0.00070750490992582736 -0.01131752113683109 0.0446976107554274 0.0061208347245602038 0.0089345723947505274 0.0032306821431526238 -0.0017419918153858058 -0.016785236099607002 0.0023449159709833427 0.00033999258836613148 -0.0026836272166512153 0.025243656821334701 -0.0043694421853949393 -0.0086615834141649008 -0.01034567665387439 0.058475587228304274 -0.0013533304900075357 0.0076886566006494307 -0.0025283616400362048
leaf_weight=454.06318336160621 87.460737199871801 141.04539476841455 132.34907412272878 671.32425481220707 95.336895977612585 322.60251318127848 2257.7488631262095 296.65308789676055 16.930167101090774 1773.7627502368996 1359.9142024052562 725.65250184654724 93.50429947162047 20.788990510627627 197.40994555130601 254.16622348269448 2583.5322522115894 7011.8761975616217 190.8898873492144 4261.7055065906607 18311.958973342902 704.89913078863174 64.10616681072861 340.13124308967963 7.0287966299802092 11.528883810155092 22.475323258899152 166.89240200119093 200.79621790675446 4040.3998384317383
leaf_count=211534 3210 17673 27462 18291 2183 10959 151518 48065 364 76444 37457 23368 2461 306 7379 3269 68352 145141 10043 113724 909663 5377 1361 9359 231 889 836 6642 7024 126597
internal_value=3.45241e-05 -0.00762132 0.000133903 0.000391933 0.00440473 0.00328865 -0.00165605 -0.0083715 0.00023208 -0.00111443 -0.00275212 0.00429555 0.00836267 0.0149895 0.000419356 0.000214765 0.000156183 -6.16967e-05 0.000355968 0.000149611 -0.000259164 0.0024429 0.00381025 0.0056577 -0.000457283 0.0289237 0.043544 -0.00970468 -0.000107203 -0.00203616
internal_weight=46818.9 595.109 46223.8 40403.4 1542.76 1447.42 5820.43 429.002 38860.6 5391.43 3133.68 1359.96 634.306 343.392 290.914 38843.7 38589.5 35237 28225.1 27172.6 22910.9 3352.54 2647.64 1052.49 381.164 41.033 29.5041 357.782 22553.2 4241.2
internal_count=2047182 229207 1817975 1477029 49866 47683 340946 75527 1427163 265419 113901 44473 21105 11265 9840 1426799 1423530 1348440 1203299 1173693 1059969 75090 69713 29606 11315 1956 1067 16685 1043284 133621
is_linear=0
shrinkage=0.03


Tree=166
num_leaves=31
num_cat=0
split_feature=103 53 78 78 115 90 65 122 108 122 1 48 72 110 67 96 79 33 77 35 109 37 53 83 80 75 109 54 102 58
split_gain=38.2443 26.2123 27.6584 43.9033 34.3749 29.5707 30.2108 28.0715 26.7225 28.5904 24.3327 23.5803 32.7993 31.7402 26.2653 24.0173 22.178 28.9042 24.8024 33.5811 24.0842 23.8719 26.2372 23.4503 23.1868 31.3673 27.0198 21.8567 21.3818 21.1659
threshold=0.50185185185185188 5.5000000000000009 98.500000000000014 71.500000000000014 8.5323404709614454 -1.6619156837046745 105.50000000000001 797.00000000000011 0.0008271124418100089 5015.5000000000009 1290.5000000000002 137.50000000000003 269.50000000000006 0.00061337598021711547 14.500000000000002 0.015627839876408582 955.55000000000018 -74.899999999999977 50.500000000000007 -17188.520378176774 1.5032173745945809e-05 7.5000000000000009 16.500000000000004 0.023267583090104512 9883.1038154418511 767.50000000000011 2.1539218069715885e-05 89.500000000000014 0.066732154551408004 1993.6500000000001
decision_type=8 2 2 2 10 10 2 10 2 10 2 2 2 2 2 10 2 2 2 2 2 2 2 10 2 2 2 2 10 2
left_child=1 -1 3 5 11 -3 16 -5 9 -9 -6 12 14 -14 28 -13 21 20 19 -19 -18 22 -7 24 25 26 -20 -10 -4 -28
right_child=-2 2 4 7 10 6 -8 8 27 -11 -12 15 13 -15 -16 -17 17 18 23 -21 -22 -23 -24 -25 -26 -27 29 -29 -30 -31
leaf_value=-0.001485910512159748 -0.0083512933897804276 0.012782093092115577 -0.00048988891520049705 0.0027264453764797767 0.0016303966179149565 0.0007750069396273068 0.033935525725516585 0.024460890567785172 -0.011608444227848862 0.0080767992561432654 0.017367656137446043 -0.010855985703094411 0.067012462717225732 -0.0041572781208909565 0.0020090548522763347 0.0015716222687320832 -0.0051920719476590297 0.031038382873488909 -0.00072464411645336549 -0.0041481823031714474 0.011078783570231959 -0.0031431244305317949 0.0053600892846004259 -0.00088340852510621851 0.02812418101964597 0.00014016662694790556 0.0011263028878256997 0.020425326290779502 -0.0058736822531870259 0.054304700123367231
leaf_weight=6421.3296748462017 460.31901391403517 165.32084658462554 15626.710585529916 5715.4863396543078 188.86490189656615 3971.8895421466441 18.835873027797788 117.9855048507452 83.621325532905757 484.3080557580106 163.20075008273125 368.2002215962857 7.8204634967260089 9.0902819209732098 3939.5951570877805 222.1171359596774 110.57983788801357 19.695136186666787 23.289008783409372 2681.3177646595286 285.34001566609368 916.35186019353569 1562.3150205051643 2206.5937394073699 37.771629315800965 268.95050592324696 9.3193263427820074 19.639493715018034 688.45797942066565 21.510272319428623
leaf_count=605570 138154 3908 410219 111907 1287 273400 247 2192 1115 9423 733 13664 280 176 109322 5970 4336 339 1742 171250 6610 12907 66981 63777 1209 11888 833 155 15648 1373
internal_value=0.00020652 0.000292392 0.00057849 0.00141879 -0.000163187 0.000368625 0.000194298 0.00342847 0.00905616 0.0114613 0.00906648 -0.000321082 -0.000148224 0.036537 -0.000187862 -0.00620596 0.00012786 -0.00124132 -0.00183068 -0.00383473 0.00652628 0.00133019 0.00207305 0.000280993 0.00731623 0.00449192 0.0242776 -0.00485389 -0.000718801 0.0406301
internal_weight=46815.8 46355.5 39934.2 18720.1 21214.1 12299.1 12133.8 6421.04 705.554 602.294 352.066 20862 20271.7 16.9107 20254.8 590.317 12114.9 5664.37 5268.45 2701.01 395.92 6450.56 5534.2 2567.43 360.841 323.069 54.1186 103.261 16315.2 30.8296
internal_count=2046615 1908461 1302891 745592 557299 620800 616892 124792 12885 11615 2020 555279 535645 456 535189 19634 616645 263357 252411 171589 10946 353288 340381 80822 17045 15836 3948 1270 425867 2206
is_linear=0
shrinkage=0.03


Tree=167
num_leaves=31
num_cat=0
split_feature=78 77 112 93 78 5 53 61 6 72 78 79 111 99 41 97 100 122 103 75 111 94 69 48 58 84 109 103 109 109
split_gain=38.668 32.3942 23.9822 34.0267 24.7242 33.1686 26.0047 28.5573 23.3765 22.9053 25.1837 23.2704 29.1208 23.9736 23.0347 21.7945 21.532 37.7531 36.86 26.7369 20.8739 20.146 23.626 24.8368 23.6485 30.9916 21.8608 24.3277 19.9367 27.2121
threshold=2.5000000000000004 23.500000000000004 0.07079649298411464 5.0008676734328237 329.50000000000006 81.500000000000014 27.500000000000004 628.50000000000011 8.5000000000000018 34.500000000000007 245.50000000000003 2152.0500000000006 8.8713269475114765e-05 0.0046529669655583023 19.500000000000004 0.080004776689754017 0.012586537395244209 11662.000000000002 0.022183095925841046 466.50000000000006 0.0040774009526461609 5.7321947268878688 1.5000000000000002 97.500000000000014 15547.65 0.049030059785108084 0.00039813600297737784 0.012989649408650628 9.4053835371841622e-05 0.00085237172434435705
decision_type=2 2 10 8 2 2 2 2 2 2 2 2 2 10 2 10 10 8 10 2 2 10 2 2 2 10 2 10 2 2
left_child=1 -1 3 -2 5 6 7 9 -6 10 11 14 13 -13 20 -11 19 18 -18 -8 -4 22 -10 24 25 -24 -26 -28 -27 -30
right_child=2 -3 4 -5 8 -7 16 -9 21 15 -12 12 -14 -15 -16 -17 17 -19 -20 -21 -22 -23 23 -25 26 28 27 -29 29 -31
leaf_value=-0.018407609481459884 -0.00053269024237344905 0.031641732919100767 0.00024798009452568461 -0.0075251793590859987 -0.0078766845100143069 0.016900268250790933 0.0070618344170088887 0.025659905405020025 -0.0036798899641208157 0.020804488103656021 -0.0077976779100809007 -0.0030408592843618495 -0.0084606970634104103 0.0046738178469008761 -0.014288096639004495 -0.011506904271161104 0.029739419960900335 0.0029032945842979471 0.0041897717361633804 0.0006170355328687818 0.03094524610537085 -0.0081526232486535399 -0.0093663860973934188 -0.0035921036812751835 -0.0044847743252757616 0.00028089219360595574 0.018981008230004783 -0.00033245106424895147 0.011062054554742755 -0.00055671840261371916
leaf_weight=144.47568779665744 2250.8449353188626 8.1232617426430789 20670.525936703954 863.26084912242368 487.46086050197482 105.86115997284651 606.10593372560106 33.5470459619537 1454.0825681728311 78.645987709984183 385.73538728989661 1341.1469099335372 621.59846326778643 491.28630566946231 93.179512755479664 20.706660766154528 92.569041908252984 2218.1464014539961 110.09615622460842 11181.385820885538 14.956060846336184 328.0250657540746 123.92212064191699 813.42658652178943 622.83566408138722 389.31961488164961 80.209621873218566 188.12121498165652 754.56739421002567 237.73881860263646
leaf_count=135833 228255 2529 942557 134369 29583 456 16730 581 53748 1128 14881 53706 16814 12689 1154 282 1402 38937 1563 231896 134 13394 5195 26314 24846 14566 2506 9101 24585 7132
internal_value=1.1024e-05 -0.014824 6.1125e-05 -0.00248003 0.000243118 0.000514389 0.000466472 -0.00014088 -0.00164005 -0.000182774 -0.000244686 -0.000117632 -0.00287729 -0.000965418 0.000208908 0.0138416 0.00148145 0.00405568 0.0162949 0.000951277 0.000277648 -0.00102381 -0.000514263 0.000923148 0.00245988 0.00474693 -0.00140882 0.00568235 0.006042 0.00828957
internal_weight=46811.9 152.599 46659.3 3114.11 43545.2 38065.5 37959.6 23751.3 5479.71 23717.8 23618.4 23232.7 2454.03 1832.43 20778.7 99.3526 14208.3 2420.81 202.665 11787.5 20685.5 4992.25 4664.22 3210.14 2396.71 1505.55 891.167 268.331 1381.63 992.306
internal_count=2046866 138362 1908504 362624 1545880 1334910 1334454 1043926 210970 1043345 1041935 1027054 83209 66395 943845 1410 290528 41902 2965 248626 942691 181387 167993 114245 87931 51478 36453 11607 46283 31717
is_linear=0
shrinkage=0.03


Tree=168
num_leaves=31
num_cat=0
split_feature=95 90 55 67 62 117 10 31 122 94 122 69 80 99 113 34 13 119 99 95 101 77 28 69 67 48 99 37 118 3
split_gain=33.6234 36.8774 27.3904 23.4723 20.7908 20.6898 19.214 31.26 21.7136 27.0314 22.4733 21.2235 30.1235 20.9116 21.4424 20.5471 25.9996 21.4802 24.942 22.8537 20.0644 26.6781 19.6274 22.85 18.5512 21.4119 18.4915 17.9717 32.1532 31.4042
threshold=0.9049356969065 2.0333424757725367 2.5000000000000004 3.5000000000000004 4.5000000000000009 -1.0855485507016895 -18263.929801984032 966.50000000000011 5936.0000000000009 5.6815781937593863 254.50000000000003 11.500000000000002 -15426.903402813663 0.12560679611650488 2.1181963404008139 -312.91221544096101 15.500000000000002 0.40743504698728583 0.01823846807401833 0.60519143244061113 0.019625350140056026 8586.5000000000018 18.500000000000004 26.500000000000004 315.50000000000006 71.500000000000014 0.037750099754887995 7.5000000000000009 -0.29015282321717989 1.5000000000000002
decision_type=8 8 2 2 2 10 2 2 8 10 10 2 2 10 10 2 2 10 10 10 10 2 2 2 2 2 10 2 10 2
left_child=6 3 -3 -2 5 -5 20 8 9 10 -8 12 -10 -12 -15 17 -17 18 -13 -19 21 24 -20 -24 25 -1 -26 29 -29 -14
right_child=1 2 -4 4 -6 -7 7 -9 11 -11 13 15 27 14 -16 16 -18 19 22 -21 -22 -23 23 -25 26 -27 -28 28 -30 -31
leaf_value=0.0081179490486119124 -0.0020665184880655114 -0.013901077668171407 -0.0033327794626738815 -0.0037413855105167459 0.0036038063833439293 0.040159031984828224 -0.011874989821123408 -0.0034246680206733594 -0.013364303129466376 -0.0032807668514402209 0.0054356742144143211 -0.0026301772746810236 -0.00034013944381948295 0.04491881998649825 -0.0084015155566420884 -0.00044330882993779232 0.015009486686713678 0.031372847092815938 -0.0091450828003527673 0.00019249904841369645 0.01963880879301249 -0.018396751711892256 0.038398145031606726 0.0024516638884436674 0.049447570136195142 -0.00452368082355286 0.0039870732522463061 0.00059833798142418682 -0.0025955597952787659 0.0018025174056818401
leaf_weight=335.49359050020576 1824.3089050526614 410.45068119978532 479.89766984077869 12.898003655369392 178.55325987562537 25.915007196192164 61.744818158273119 2195.1491769668646 146.88273500744253 428.81590486993082 1424.196227654058 138.84013943839818 16653.666877366602 18.376279293559495 7.6142304083332411 735.43034948036075 108.0118358633481 65.729020655620843 16.618410368449986 30.273535448126495 71.785637467633933 42.280254120007157 38.170607104431838 26.352821189910173 11.51792385755107 182.70338062522933 17.602348454296589 5753.7224907567725 5587.6749362922274 9760.7570038649137
leaf_count=3836 167681 179161 46701 1174 5412 1967 2008 51564 11308 18447 44895 4972 937052 714 147 18365 1586 1377 323 607 730 2805 1050 783 285 4259 261 99341 126414 311156
internal_value=-7.10459e-05 -0.00317857 -0.00825519 -0.000949959 0.00825685 0.0268083 0.000137032 5.90415e-05 0.000245942 0.003339 0.00522114 9.18596e-05 -3.06953e-05 0.00598734 0.0304628 0.00408122 0.00161238 0.0105434 0.00514935 0.0220367 0.0051923 0.00328304 0.0178408 0.024949 0.00510918 0.00366019 0.0265792 2.29396e-05 -0.000975681 0.000451814
internal_weight=46791.4 2932.02 890.348 2041.68 217.366 38.813 43859.4 43198 41002.9 1940.75 1511.93 39062.1 37902.7 1450.19 25.9905 1159.43 843.442 315.985 219.982 96.0026 661.383 589.597 81.1418 64.5234 547.317 518.197 29.1203 37755.8 11341.4 26414.4
internal_count=2046381 402096 225862 176234 8553 3141 1644285 1632109 1580545 66211 47764 1514334 1485271 45756 861 29063 19951 9112 7128 1984 12176 11446 2156 1833 8641 8095 546 1473963 225755 1248208
is_linear=0
shrinkage=0.03


Tree=169
num_leaves=31
num_cat=0
split_feature=61 112 108 78 103 10 28 25 34 80 118 83 118 90 85 77 111 108 81 104 80 63 54 53 92 62 111 115 60 66
split_gain=30.5062 24.272 52.5876 35.5888 22.4373 30.3247 21.8472 20.5778 20.7944 20.4752 20.33 27.6759 30.4222 25.3703 22.0778 24.7513 21.3856 23.604 21.4508 19.8607 19.3205 19.0897 22.7317 22.3247 19.0766 18.5455 18.0344 18.7884 17.6912 20.2789
threshold=2.5000000000000004 0.76483299436796004 2.5982819666204057e-05 17.500000000000004 0.032247665397974259 -18263.929801984032 1.0000000180025095e-35 98.500000000000014 81.711407749300562 38.1627847624193 0.7104008835778598 0.043492169462293812 -0.059008689310403019 2.9846606334841632 0.82262037184172898 21.500000000000004 2.6634514246913826e-05 0.0014488248140914369 0.45485893416927908 0.016136265007956029 -12592.589759751119 39.500000000000007 18.500000000000004 76.500000000000014 -4.0481396837036909 45.500000000000007 0.0012831388332352099 1.4219177271771144 42113.156677385719 31.500000000000004
decision_type=2 10 2 2 10 2 2 2 2 2 10 10 10 10 10 2 2 2 10 10 2 2 2 2 10 2 2 10 2 2
left_child=-1 2 7 -4 5 -3 25 8 21 -9 11 12 28 -14 15 -13 -17 24 -19 -5 -6 -2 -23 -24 -18 -7 27 -26 29 -8
right_child=1 4 3 19 20 6 10 9 -10 -11 -12 14 13 -15 -16 16 17 18 -20 -21 -22 22 23 -25 26 -27 -28 -29 -30 -31
leaf_value=-0.016510420268611103 -0.00049776218908034525 0.010049975271250658 -0.01209111152661739 -0.002824328881694984 -0.0075658245815294701 -0.0026355530240700521 0.0082895365915411773 0.015419558893208377 0.0034759671251656087 -0.0068389077138233268 -0.0012874278061897522 0.0075142570290573007 0.0034519385883536691 -0.0091898893312284489 -0.0025031014465309639 -0.00088804211034927932 -0.0061501830801943625 -0.0039404862930568583 0.020575995290192526 0.00055938385497400858 -0.00024573821604141356 -0.0046545276833189902 0.019147112713628768 -0.0099885805043715952 0.0056082179824921696 0.030311774475597492 0.018158150709157803 0.0016277549996818615 0.026123338926366799 -0.010300718855292051
leaf_weight=96.526447281765286 6624.7933319659787 340.40592500241473 327.27199950168142 7212.953136511147 328.30022288160399 1537.7030805191607 1087.2329777504201 151.61311310855672 1738.8289836903568 45.568766782176681 2087.0778434890672 627.09555128298234 654.35940347763244 177.41986695543164 1222.5689712889725 2593.9534604958026 183.86387288011611 652.74519304279238 28.838250325061381 1990.1376371614169 12326.732306172256 82.313192709814757 135.30524587351829 25.206996648106724 1873.9272448546253 10.555810120422391 70.535365770570934 2484.5047078926582 43.38541895058006 51.366941011510789
leaf_count=84544 522136 4969 95489 281672 16996 138214 62213 4728 85529 1505 102438 28827 26107 13104 39534 63399 2851 9522 316 63720 300211 2900 4995 1082 59310 188 1516 26817 607 784
internal_value=-8.35779e-05 -4.78732e-05 -0.000898553 -0.00244221 0.000501693 0.00125815 0.00106045 0.000772971 0.000550401 0.0102337 0.00143868 0.00192317 0.00512052 0.000716616 0.00125969 0.00180107 0.00134242 0.00243502 -0.00276089 -0.00209271 -0.000438551 -0.000192321 0.00798269 0.0144081 0.00320492 -0.00231407 0.00359978 0.00334364 0.00820353 0.00740948
internal_weight=46813.1 46716.6 18334 9530.36 28382.6 15727.5 15387.1 8803.63 8606.45 197.182 13838.9 11751.8 2013.76 831.779 9738.03 8515.46 7888.37 5294.41 681.583 9203.09 12655 6867.62 242.825 160.512 4612.83 1548.26 4428.97 4358.43 1181.99 1138.6
internal_count=2046223 1961679 1063756 440881 897923 580716 575747 622875 616642 6233 437345 334907 102815 39211 232092 192558 163731 100332 9838 345392 317207 531113 8977 6077 90494 138402 87643 86127 63604 62997
is_linear=0
shrinkage=0.03


Tree=170
num_leaves=31
num_cat=0
split_feature=61 69 75 108 66 114 34 95 34 94 47 0 6 48 64 72 109 76 79 78 26 51 13 58 109 11 60 72 105 76
split_gain=29.6282 25.1428 26.0586 26.5058 32.9499 32.6104 29.6064 28.2029 32.5316 26.7153 29.1137 26.1467 25.3955 24.6704 38.4093 33.1062 29.9123 39.4813 35.7699 35.2399 26.6854 26.2832 26.1595 24.6293 24.3802 24.3561 24.2505 40.8974 23.853 24.1569
threshold=3.5000000000000004 2.5000000000000004 1392.5000000000002 0.0007025889317233483 174.50000000000003 3.2029577605917345 590.03929666778004 0.67442084078711995 782.10277969822232 -2.1166633753951607 12.500000000000002 58.500000000000007 142.50000000000003 13.500000000000002 24.500000000000004 2.5000000000000004 0.00012060203837644945 16216.500000000002 82.249999999999716 335.50000000000006 209.50000000000003 1091.5000000000002 8.5000000000000018 -333.04999999999995 0.00025566341601553013 2.5000000000000004 -7314.1977463414923 7.5000000000000009 0.0040080321285140569 2124.5000000000005
decision_type=2 2 2 2 2 10 2 10 2 8 2 2 2 2 2 2 2 2 2 2 2 2 2 2 2 2 2 2 10 2
left_child=-1 13 28 4 6 -5 9 8 -8 10 11 -4 -7 14 15 16 19 18 -18 -2 -17 -22 -15 -6 -11 -20 27 -16 29 -3
right_child=1 2 3 5 23 12 7 -9 -10 24 -12 -13 -14 22 26 20 17 -19 25 -21 21 -23 -24 -25 -26 -27 -28 -29 -30 -31
leaf_value=-0.01415951995554612 -6.5688913640553931e-05 -0.011058517128934228 -0.00206676287444931 -0.0050876931070773764 -0.0042787013005543698 -0.010658104316454926 0.022174871393655315 -0.0010751493757094593 0.0055028034097740972 -0.0021336738580690468 -0.0075217813929082805 0.007975862667628307 0.012993935904734017 -0.0042386336349188409 0.031199892864446511 0.0040956361092765554 0.0041257164346164242 0.0092381073265739022 -0.009717988182716181 -0.013597476416389464 -0.0030697570031299241 0.001364306271232507 0.00083163813586653687 0.033045129677343944 -0.013929256691052581 -0.003444413007414221 0.0037513730346117424 -0.0040665734535326771 0.0050879829602172013 0.0017456778296032194
leaf_weight=126.50535953231156 19093.849938064639 159.98738160054199 356.74471712391824 1233.0090625933371 21.655258332844824 49.514145371504128 118.07832912588492 498.56139853037894 781.43672972498462 1076.5365991322324 217.49260366335511 660.11097784247249 166.07735757716 2601.0626894189045 86.338225296698511 2436.1074577881373 467.12305117869982 221.28978951834142 689.70857233513379 169.79390701605007 1494.3888508591335 6086.0027845490258 1409.8234130460769 45.751272680237889 180.36098687304184 2875.6036952054128 232.48415244068019 42.223402622621506 2508.5945629866328 671.24502349947579
leaf_count=95830 1125592 10422 12528 36408 1132 446 2962 13035 18120 35675 7973 17417 950 54917 1645 96365 19400 5888 80052 9909 34301 146107 20668 2305 9773 113656 4647 1355 43998 22452
internal_value=6.02145e-05 0.000100288 0.0015498 0.000261701 0.0015328 -0.00320353 0.00115797 0.00464369 0.00780181 -0.000803581 0.00232675 0.00445972 0.0074434 -0.000234286 2.91315e-05 -7.63604e-05 -0.000691519 -0.00296681 -0.00364719 -0.000188458 0.00136757 0.000488733 -0.00245762 0.0215869 -0.00387479 -0.00466994 0.00969441 0.0198987 0.00363101 -0.000770133
internal_weight=46777.5 46651 8745.16 5405.33 3956.73 1448.6 3889.32 1398.08 899.515 2491.25 1234.35 1016.86 215.592 37905.8 33894.9 33533.9 23517.4 4253.73 4032.44 19263.6 10016.5 7580.39 4010.89 67.4065 1256.9 3565.31 361.046 128.562 3339.83 831.232
internal_count=2045928 1950098 235596 158724 120920 37804 117483 34117 21082 83366 37918 29945 1396 1714502 1638917 1631270 1354497 218996 213108 1135501 276773 180408 75585 3437 45448 193708 7647 3000 76872 32874
is_linear=0
shrinkage=0.03


Tree=171
num_leaves=31
num_cat=0
split_feature=103 95 122 99 26 8 122 120 58 2 97 115 104 14 120 23 94 53 115 105 122 122 103 122 83 103 88 102 92 118
split_gain=29.2462 22.9517 23.8704 32.2415 23.4849 22.5878 20.9036 20.9194 22.9796 19.4123 32.1621 23.103 18.6828 23.7237 22.5178 22.6334 20.2478 19.3653 18.5841 19.6369 27.8672 19.8003 18.4654 21.1746 18.1661 20.5808 17.9488 25.213 19.3043 20.8382
threshold=0.50185185185185188 0.58338794233289659 36583.500000000007 0.020837012834098671 4682.5000000000009 -9941.3499999999985 12322.500000000002 26.730769230769237 93213.900000000009 92.500000000000014 0.026824595832165222 1.6734600106717261 0.014090711670906498 2.5000000000000004 29.730769230769237 9.5000000000000018 6.6362114626886992 221.50000000000003 5.8060410334346519 0.18188229260161562 8263.5000000000018 324.50000000000006 0.055547032150284691 5110.0000000000009 0.037844437844437855 0.01648763530322751 1.8807201901777513 0.037754604448779032 4.5516999109501404 0.37060833723657732
decision_type=8 10 10 10 2 2 10 2 2 2 10 8 10 2 2 2 10 2 10 10 8 10 10 8 10 10 10 10 10 10
left_child=1 2 9 -4 12 -6 -7 -8 -9 -1 11 24 13 14 16 -16 17 -3 19 20 21 -12 23 -14 -11 -26 27 28 29 -23
right_child=-2 4 3 -5 5 6 7 8 -10 10 18 -13 22 -15 15 -17 -18 -19 -20 -21 -22 26 -24 -25 25 -27 -28 -29 -30 -31
leaf_value=0.00063747355684904447 -0.0074881759239487384 -0.00039677125226027124 -0.0070352366090802544 0.043228721277062905 0.0062214085900354713 -0.0053779741519686822 -0.010604284144735259 0.014847443490181857 -0.015549700047565281 0.043210392188310305 -0.021016626825091981 0.0060237364136302594 0.012728521658710645 0.0042442787303985383 -0.0083604050050005724 0.0062294010140900545 -0.0044439214690885171 0.017783520662015908 0.012354300679037158 -0.015892895090654977 -0.00085558462154513334 0.036843544744802281 -0.00069652140959469298 0.0020972662162904452 0.0018670420303530766 0.030508960771810121 -0.0051227887590844 -0.0078903487396817708 0.0052189855489491368 -0.0045574327804129575
leaf_weight=15138.524263679865 453.45172032478149 18276.464019329054 17.629221089649945 22.492168743163347 197.005480164662 1782.01210303267 55.837445675395429 133.09275603946298 22.480037054978311 27.289102864568122 11.186067821923642 179.33523868955672 171.97768830670975 878.57150747056585 591.17135508731008 110.20364942960441 1147.6207185363164 47.885106980102137 132.93893978372216 55.985092253424227 797.13770017912611 74.901042411569506 2560.4154785921564 3698.9461733534699 50.094387338962406 37.180740718729794 33.205819942988455 24.678759553935379 38.276810243260115 11.486922551412134
leaf_count=628531 137735 863145 538 359 2644 46288 653 4059 1159 655 693 1429 4694 15835 33072 3718 106187 1059 628 1639 19514 2273 60052 104091 1337 1360 917 708 977 661
internal_value=5.1828e-05 0.000126432 0.00101765 0.0228107 -0.00037379 -0.00335965 -0.00431972 0.00451864 0.0101077 0.000958166 0.00423918 0.0130324 -0.000135248 -0.00056759 -0.000778152 -0.00604011 -0.000587116 -0.000344424 0.00200296 0.000635981 0.00164498 0.0116964 0.00127929 0.0025854 0.0232927 0.015061 0.0142078 0.0185326 0.0238659 0.0313903
internal_weight=46779.5 46326 16652.3 40.1214 29673.7 2190.43 1993.42 211.41 155.573 16612.2 1473.7 293.899 27483.3 21051.9 20173.3 701.375 19472 18324.3 1179.8 1046.86 990.873 193.735 6431.34 3870.92 114.564 87.2751 182.549 149.344 124.665 86.388
internal_count=2046610 1908875 662219 897 1246656 54803 52159 5871 5218 661322 32791 4781 1191853 1023016 1007181 36790 970391 864204 28010 27382 25743 6229 168837 108785 3352 2697 5536 4619 3911 2934
is_linear=0
shrinkage=0.03


Tree=172
num_leaves=31
num_cat=0
split_feature=54 93 98 60 111 84 64 79 85 73 77 80 109 77 55 78 66 86 75 52 56 118 60 93 60 123 93 80 118 78
split_gain=29.2505 30.2083 19.1297 22.5104 21.2363 23.6201 21.4314 63.3951 23.7727 24.1104 22.3641 23.485 21.5811 36.2708 41.1861 24.5123 21.4823 30.0775 19.9521 18.3535 19.8768 17.8562 19.289 17.3262 40.4583 33.9996 29.2934 31.8041 32.3584 29.0451
threshold=1.5000000000000002 7.0681524283387587 0.098126750700280124 -52240.76352371645 9.2276754440937768e-06 0.025077578348573739 4.5000000000000009 402.15000000000015 0.89992526158445452 1.5000000000000002 206.50000000000003 8047.4010858026086 7.173564949412572e-06 48.500000000000007 12.500000000000002 81.500000000000014 16.500000000000004 0.11596749955426507 807.50000000000011 29.500000000000004 33.500000000000007 -1.5708035417556199 1004.1572376292627 0.6019977428843537 -1341.5641130500778 1.0000000180025095e-35 2.5357257426262372 691.23357865847913 0.069361279354297603 569.50000000000011
decision_type=2 8 8 2 2 10 2 2 10 2 2 2 2 2 2 2 2 10 2 2 2 10 2 10 2 2 10 2 10 2
left_child=1 -1 4 -4 6 19 10 12 -9 -10 11 16 15 14 -14 -8 -2 18 -18 21 -21 -6 -23 24 29 26 -25 28 -28 -7
right_child=2 -3 3 -5 5 23 7 8 9 -11 -12 -13 13 -15 -16 -17 17 -19 -20 20 -22 22 -24 25 -26 -27 27 -29 -30 -31
leaf_value=-0.0025525029708436463 0.001218548888924232 -0.018568729115865597 0.027430286706127256 -0.0034334948628079376 -0.0087958192365038754 0.00071265857391207457 -0.0064514494045568799 0.00033389279698376595 -0.0021314298388944641 0.042334422643592759 -0.012270896196849981 0.02848522674964038 0.090237617687949759 0.018138508816980134 -0.007528330318111588 0.051227733161609688 0.071615169495655315 -0.00062505878931377597 0.011445574536695566 -0.0088012361491702374 -0.0018681921975568299 0.013292334495516292 -0.0035089406793553926 -0.010347861941111789 -0.0053864089348207023 0.0031792936248950712 0.0032556826218255643 0.00018192000416896736 0.040575335657173771 -0.0040595910064053185
leaf_weight=2272.1308690371516 6585.4104109628242 106.3936609562661 16.59491659887135 1648.5590289143729 66.84622774226591 7686.489400790073 23.307094730203975 360.76514033332933 18.282571920892224 20.838730992982164 103.04421201185323 23.893244839971885 14.374530596309343 30.826673449715599 3.9400371424853793 3.8159283110871902 7.6420856150798526 28.176796063547954 11.990583769977091 403.53139855369227 4258.3711079974892 189.22070202272153 87.410598634276539 231.74820447678212 1452.2808129596524 4132.9130815826356 54.017201170092449 15556.974299391033 30.150950176990591 1344.1415092260577
leaf_count=351871 469723 75952 312 94742 5036 172063 1423 13967 1594 937 4032 1148 943 1187 111 155 510 1007 384 49576 138453 16865 4888 5756 42728 82557 4222 430641 3351 70575
internal_value=-6.87795e-05 -0.00330637 0.00010503 -0.00304471 0.000228113 -7.3939e-05 0.00170871 0.00782752 0.00288073 0.0236675 0.00127226 0.00149095 0.0319925 0.0430513 0.0721012 0.008374 0.00137233 0.0204337 0.0446493 -0.00198287 -0.0024771 0.00466439 0.00801538 0.000239727 -0.00074801 0.000757353 0.000125936 0.000284379 0.01815 4.91734e-07
internal_weight=46774.1 2378.52 44395.6 1665.15 42730.4 35494.1 7236.31 476.151 399.886 39.1213 6760.16 6657.11 76.2643 49.1412 18.3146 27.123 6633.22 47.8095 19.6327 5005.38 4661.9 343.478 276.631 30488.7 10482.9 20005.8 15872.9 15641.1 84.1682 9030.63
internal_count=2046709 427823 1618886 95054 1523832 1026711 497121 20317 16498 2531 476804 472772 3819 2241 1054 1578 471624 1901 894 214818 188029 26789 21753 811893 285366 526527 443970 438214 7573 242638
is_linear=0
shrinkage=0.03


Tree=173
num_leaves=31
num_cat=0
split_feature=90 102 115 122 122 78 72 95 80 83 110 88 93 93 115 34 118 61 110 109 14 72 111 77 77 50 110 118 29 55
split_gain=34.424 24.3293 18.9791 18.7245 39.1953 19.7418 24.9805 36.8933 23.4825 35.9569 19.1825 34.9188 30.0898 33.244 47.4489 39.0792 33.837 30.9935 30.0294 28.8608 26.0298 25.9444 25.084 24.828 31.1088 22.8584 30.7183 21.8733 23.8327 21.703
threshold=3.9955213903743321 0.074146412037037049 6.0722943722943734 2182.5000000000005 376.50000000000006 5244.5000000000009 168.50000000000003 0.6250948406676784 29627.205888806344 0.28581848494321144 4.6540918949807374e-05 1.8659268292682929 -4.5599389143069589 1.6960932397030075 0.26002047566545922 -65.833554932336128 -2.2674407959356229 222.50000000000003 1.0148707609214851e-05 7.0143934597038658e-05 10.500000000000002 16.500000000000004 5.1311140752255415e-05 40.500000000000007 218.50000000000003 27.500000000000004 0.00012204171859542919 0.74319382433402892 40.500000000000007 64.500000000000014
decision_type=8 8 10 8 10 2 2 10 2 10 2 8 10 10 10 2 10 2 2 2 2 2 2 2 2 2 2 10 2 2
left_child=1 3 -3 4 -1 6 10 8 9 -8 12 20 17 15 19 -14 -16 -5 23 -15 25 -20 -18 -17 -25 26 -12 28 -19 -23
right_child=-2 2 -4 5 -6 -7 7 -9 -10 -11 11 -13 13 14 16 18 22 27 21 -21 -22 29 -24 24 -26 -27 -28 -29 -30 -31
leaf_value=-0.010264982024981441 -0.010480205796862698 -0.0040767598698262563 0.0032509403177639496 0.0048650821823014142 0.0069105868648551552 -0.011517722338953533 0.065777272814738441 -0.0045902717078565788 0.00038670277881972692 -0.0030782914550446282 -0.0072243727752411566 -0.0027742660155917736 0.0011751753527844185 0.00076137997331957507 -0.0064884246566487801 -0.0027741025298529546 0.0028700405695505022 0.045510197619508808 -0.0054577422364966745 -0.0050298805689981243 0.007964175369348063 0.04109482399412414 0.0084795447607192206 0.002273118884929076 -0.015655467988549325 -0.00010859330105824453 0.04116697989684083 -0.0050391543481525551 -0.0065792261022325519 -0.0012718281042322888
leaf_weight=135.67117906123167 275.08669508123421 1974.5643476789119 375.13370890560327 569.00254201155622 807.23605155048426 125.44038743106648 20.087417660281066 39.543416480068117 13.38592529017478 8.7840308630838972 18.35524887253996 4878.2211689044489 6514.1421295524342 2344.0936156687094 313.81968893099111 2521.1745692111435 6343.9674808389391 36.812534495722502 2113.7962489434285 1150.8262040097616 372.26583365537226 14.905743388459085 806.33329262793995 2164.7873487235047 85.786874933633953 12672.655229144031 22.65269287256524 13.586859858594833 8.320499378256498 23.367335927672684
leaf_count=6171 106242 131059 5827 20282 29316 9259 500 977 378 222 2220 170680 185829 262539 16005 236270 241174 971 70075 132813 4607 406 26638 96867 3858 280294 2608 570 112 974
internal_value=5.59479e-06 6.87626e-05 -0.00290246 0.000227244 0.00439815 0.0001357 0.000170973 0.0162486 0.0341716 0.0474663 0.000138494 -0.000609367 0.000675365 0.000507746 0.00173365 -0.000492284 0.00308375 0.00713451 -0.0020608 -0.00115006 0.000198424 -0.0049984 0.0035081 -0.000732087 0.00155653 -3.20047e-05 0.0210757 0.0270182 0.0362088 0.01807
internal_weight=46763.8 46488.7 2349.7 44139 942.907 43196.1 43070.7 81.8008 42.2574 28.8714 42988.9 17964.2 25024.7 24397 10959 13438 7464.12 627.722 6923.82 3494.92 13085.9 2152.07 7150.3 4771.75 2250.57 12713.7 41.0079 58.7199 45.133 38.2731
internal_count=2045743 1939501 136886 1802615 35487 1767128 1757869 2077 1100 722 1755792 460409 1295383 1273448 679169 594279 283817 21935 408450 395352 289729 71455 267812 336995 100725 285122 4828 1653 1083 1380
is_linear=0
shrinkage=0.03


Tree=174
num_leaves=31
num_cat=0
split_feature=61 69 75 11 108 116 60 53 95 113 122 36 119 64 115 94 79 55 82 93 103 56 67 62 122 72 92 28 60 54
split_gain=29.6111 22.0776 25.466 28.2988 26.5264 35.2393 29.5261 41.7831 33.0432 33.6088 31.2251 29.3262 28.097 24.9158 30.2111 23.5832 21.4352 22.5348 23.2365 22.2238 22.2362 27.3588 30.767 21.8039 35.561 32.9085 31.2491 27.3105 31.6794 25.7229
threshold=2.5000000000000004 1.0000000180025095e-35 1392.5000000000002 11.500000000000002 0.0007025889317233483 0.081862745098039383 10060.905097299168 686.50000000000011 0.6761638315298143 1.966728167281673 21600.000000000004 953.50000000000011 0.38439808778791834 47.500000000000007 1.5497852728776367 6.9898202258210098 -634.50000000000011 14.500000000000002 0.6014705882352942 -5.1908588021496067 0.018189337544176256 158.50000000000003 2.5000000000000004 5.5000000000000009 15614.000000000002 25.500000000000004 -1.8119882476898419 53.500000000000007 25718.541480927317 128.50000000000003
decision_type=2 2 2 2 2 10 2 2 10 10 8 2 10 2 10 10 2 2 8 8 8 2 2 2 8 2 10 2 2 2
left_child=-1 13 -3 -4 6 -6 12 8 9 -8 -10 -9 -5 15 -15 16 17 -2 -19 20 -18 22 -22 -21 -25 -26 -27 28 -28 -30
right_child=1 2 3 4 5 -7 7 11 10 -11 -12 -13 -14 14 -16 -17 19 18 -20 23 21 -23 -24 24 25 26 27 -29 29 -31
leaf_value=-0.016544980338298397 -0.018469213284700716 0.0021701152894993787 -0.0051937998130382511 -0.0022230612358685618 0.0006952453051541032 -0.007946016703181992 0.0091013976471166665 0.073126428740414751 0.010465318599029909 -0.0013450830498053738 -0.0037566251162877134 -0.001322697150145778 0.0037275311618360464 0.037738086344509501 0.0011997226159545958 -0.0051391580110461679 0.018327219519059738 -0.0049439199012434399 0.009730922010650225 0.00090196021445051425 0.0087349834512704116 -0.003762133115637457 0.068883570839326322 0.0036770838718816166 -0.0014519686306785828 -0.0059891294998627546 0.011713891762487851 -0.006359349059719104 0.065533821313696977 0.0027913242747533884
leaf_weight=92.372773515380686 91.483688012696803 7642.9600908322609 913.4786964931991 2345.6369331185706 1037.828953737393 713.12331718811765 1060.7106120907702 8.2734756032004935 167.5343172987923 373.01706827431917 709.22785213124007 7.1536042410880318 1020.8225142066367 28.863898217212409 51.956545296125114 950.56510705838446 107.9654020643211 796.16497199982405 105.80741702159867 9274.6348941352917 42.874872994842008 172.85432861465961 4.8981249654898411 1426.4346743175993 17184.006300340407 124.61195442639291 249.02353274635971 60.831557823810726 14.230798802338542 9.1370182586833817
leaf_count=84555 6158 215299 33636 79899 22780 20570 29739 366 4492 3154 18297 399 27649 1094 510 99984 4373 24825 2969 853132 1886 3124 141 36505 460732 2709 4712 1507 371 322
internal_value=-1.8622e-05 1.58377e-05 0.000919203 -0.000225468 0.000387345 -0.00283675 0.00138068 0.00397616 0.0035904 0.00638828 -0.000995121 0.0467304 -0.000415792 -0.000455094 0.0156873 -0.000500262 -0.000350775 -0.00467183 -0.00317831 -0.000200264 0.00749787 0.00190975 0.0208441 -0.000290819 -0.00087106 -0.00123974 0.00665556 0.0114028 0.0154126 0.045817
internal_weight=46788.5 46696.1 15999.8 8356.81 7443.33 1750.95 5692.38 2325.92 2310.49 1433.73 876.762 15.4271 3366.46 30696.3 80.8204 30615.5 29665 993.456 901.972 28671.5 328.593 220.627 47.773 28342.9 19068.3 17641.8 457.835 333.223 272.391 23.3678
internal_count=2045889 1961334 456280 240981 207345 43350 163995 56447 55682 32893 22789 765 107548 1505054 1604 1503450 1403466 33952 27794 1369514 9524 5151 2027 1359990 506858 470353 9621 6912 5405 693
is_linear=0
shrinkage=0.03


Tree=175
num_leaves=31
num_cat=0
split_feature=90 19 78 4 78 72 56 121 56 51 93 41 65 65 103 90 99 23 48 72 59 9 97 100 28 68 85 117 59 122
split_gain=32.666 21.6992 21.9912 27.4123 29.1337 28.6231 23.3932 21.4016 21.7647 35.0197 21.3004 20.3602 25.002 22.4906 21.4877 22.1226 21.4837 20.5134 28.327 36.8237 32.6201 24.9608 25.6924 27.4199 21.6628 22.6714 26.4193 31.2914 24.0863 21.5202
threshold=5.2001639344262314 42.500000000000007 5244.5000000000009 62.500000000000007 768.50000000000011 277.50000000000006 865.50000000000011 2.5000000000000004 6715.0000000000009 8681.5000000000018 6.6385416758513403 24.500000000000004 130.50000000000003 19.500000000000004 0.056616803919524665 -0.5440125786163521 0.05886912904696763 16.500000000000004 16.500000000000004 25.500000000000004 -520.78192038056102 -88.668035872970066 0.097587429236548354 0.046562047015819001 72.500000000000014 10.500000000000002 0.47625313283208021 -1.3380731084153135 696.74368925793976 797.00000000000011
decision_type=8 2 2 2 2 2 2 2 2 2 10 2 2 2 10 10 10 2 2 2 2 2 10 10 2 2 10 8 2 10
left_child=1 2 3 4 10 6 -6 -8 9 -9 11 12 17 -13 16 -16 -14 18 19 21 -21 -1 23 -23 25 26 27 28 -22 -20
right_child=-2 -3 -4 -5 5 -7 7 8 -10 -11 -12 13 14 -15 15 -17 -18 -19 29 20 24 22 -24 -25 -26 -27 -28 -29 -30 -31
leaf_value=0.0028555359929476323 -0.021839583564563374 0.018911587385887402 -0.01122430530108344 0.0055616366427625142 -0.019688714506495952 0.029448896068887877 -0.0062185490459662207 -0.013851398450644748 -0.011760992002062081 0.013657231838809614 -0.0041502903824191572 -0.022045168942672447 0.0013380736545879123 -0.003247921562278168 -0.0020433519086846003 0.030282315022701047 0.026619242952690626 0.0046526491915960247 -0.0038703337721236789 -0.0031907682779049379 0.034121233990826672 -0.00059768469557710375 0.001792395169347915 0.0039572091242911795 -0.012865606783298992 -0.0090065077182195485 0.020844228719092132 -0.010226012893208581 0.0014204923022676484 0.0025633388586954837
leaf_weight=2895.3739048046991 56.598402840521885 49.664659061469138 151.59065682440996 789.53573182458058 86.793023839592934 17.076191597618163 891.04741380596533 49.615490731783211 63.916465322021395 177.03016888024285 1045.8042412982904 59.244188574142754 297.78424657322466 558.42161782924086 26.440872763283551 58.06023539416492 28.757532046176493 897.75578717887402 2518.8790204394609 186.12772602867335 34.108252155594528 27843.195527265663 5738.9913225668133 1237.5781202798244 26.783598313108087 34.779907519929111 259.43638717709109 65.437986923381686 43.03475655708462 570.71789795625955
leaf_count=50641 59894 425 11399 11098 7038 422 50981 2425 3056 9132 106768 755 6768 7283 471 1068 445 6842 43573 5103 499 1367704 224461 47892 332 910 5710 1205 672 9873
internal_value=-7.3431e-06 2.145e-05 -6.83882e-07 3.71067e-05 -5.89101e-05 -0.00450242 -0.00507334 -0.00392135 0.00310933 0.00746626 7.01543e-05 0.000172365 0.000250757 -0.00521343 0.0075692 0.0206183 0.00393238 0.000178844 8.14078e-05 0.000304083 0.00735791 0.000181609 -4.11143e-05 -0.000403197 0.0115821 0.0132098 0.0152188 0.0046236 0.0170758 -0.00267967
internal_weight=46759.6 46703 46653.3 46501.7 45712.2 1285.48 1268.4 1181.61 290.562 226.646 44426.7 43380.9 42763.2 617.666 411.043 84.5011 326.542 42352.2 41454.4 38364.8 649.709 37715.1 34819.8 29080.8 463.581 436.797 402.017 142.581 77.143 3089.6
internal_count=2044845 1984951 1984526 1973127 1962029 73054 72632 65594 14613 11557 1888975 1782207 1774169 8038 8752 1539 7213 1765417 1758575 1705129 14431 1690698 1640057 1415596 9328 8996 8086 2376 1171 53446
is_linear=0
shrinkage=0.03


Tree=176
num_leaves=31
num_cat=0
split_feature=54 93 122 106 110 93 113 93 50 51 80 108 80 83 89 67 70 59 77 57 93 69 108 114 46 67 93 9 80 58
split_gain=30.7095 28.2573 23.266 19.7009 18.9888 33.0162 29.5066 28.9791 28.4279 27.8141 26.9483 43.4662 37.5747 52.4565 27.2429 26.5955 33.2757 24.8074 24.6554 25.6836 25.1315 23.4333 28.3109 34.0647 27.8214 29.8155 27.5004 23.086 22.73 22.6442
threshold=1.5000000000000002 6.9718797206721019 11339.500000000002 0.29583333333333339 3.7537895237643182e-05 6.4490193212369098 0.46805359978506567 -4.3625509101095057 358.50000000000006 861.50000000000011 414.78357679941467 6.8793792018402472e-05 -1146.5963737877416 0.11247235303069154 3.7306907378335956 2.5000000000000004 2.5000000000000004 2.9068557631040499 20.500000000000004 2469.8000000000006 -0.25512758971287197 2.5000000000000004 0.0014488248140914369 3.2029577605917345 24.500000000000004 41.500000000000007 -0.30575142980465292 25.424041642881757 1.0000000180025095e-35 574.6500000000002
decision_type=2 8 8 10 2 10 10 10 2 2 2 2 2 10 8 2 2 2 2 2 10 2 2 10 2 2 10 2 2 2
left_child=1 2 -1 4 7 6 -6 8 9 -2 12 15 18 14 28 16 -12 -16 -9 29 -21 27 24 -24 25 -23 -27 -8 -14 -20
right_child=3 -3 -4 -5 5 -7 21 10 -10 -11 11 -13 13 -15 17 -17 -18 -19 19 20 -22 22 23 -25 -26 26 -28 -29 -30 -31
leaf_value=-0.014548670532138675 0.012130517846744527 -0.01765501591426959 -0.0017738009611681499 0.032059571705760945 -0.0054028947959972561 -0.0070392028216583816 -0.0024302753252691636 0.018582297873410217 0.02326860744401912 -0.00073391047477981166 0.0025147441472950396 -0.0027463089045895754 0.00063093652398669509 -0.0056269501567415845 0.016035391600192503 0.0053143975020768976 -0.002866327975803119 -0.0027118933914343766 0.0043769102372997054 0.008936134191682675 0.049160006416859289 0.0027336081582122057 -0.0057058177680196975 0.0084373824859683231 -0.0015015956194870572 0.002890193421040198 0.01867033794180703 0.00016380867314121536 -0.0053680783570949735 -0.00040613990418875997
leaf_weight=131.79948930235696 251.22907246433897 112.59675860512652 2114.8542290319456 12.459779217606409 945.1012188574532 656.64367951778695 4563.1041401147377 70.449639261001721 78.446381543762982 367.93504454055801 5789.351495875977 1704.3025425682426 2841.4398564278963 2263.4054660708061 170.05536400212441 2227.8660368436249 1254.60920620861 97.698323783872183 1225.4880546514178 104.63718561129645 11.893618560396133 3691.7275608648779 821.3365684049204 183.52870268467814 1264.3830459481105 188.80673885717988 210.0556134278886 9525.1939744154224 705.35068579972722 3224.5061119738966
leaf_count=43560 10929 78773 304701 261 53576 23671 129663 3004 2185 10628 343299 108572 144005 97345 15300 70516 46150 14428 41711 3198 495 80254 19997 1090 40179 5874 4719 195618 53289 99339
internal_value=2.12465e-05 -0.0033104 -0.00255388 0.000198427 0.000185888 -0.00043895 -0.000234765 0.000801232 0.00679775 0.00454126 0.000606855 0.00165128 -0.000463303 -0.00201431 0.000133859 0.00246067 0.00155496 0.00927054 0.00156967 0.00128717 0.0148952 5.36569e-06 0.0015162 -0.00309372 0.00238333 0.00358452 0.0113289 -0.000676962 -0.000567966 0.000914503
internal_weight=46810.3 2359.25 2246.65 44451 44438.5 22049.9 21393.2 22388.7 697.61 619.164 21691.1 10976.1 10714.9 6077.95 3814.54 9271.83 7043.96 267.754 4636.97 4566.52 116.531 20448.1 6359.84 1004.87 5354.97 4090.59 398.862 14088.3 3546.79 4449.99
internal_count=2046329 427034 348261 1619295 1619034 554641 530970 1064393 23742 21557 1040651 568537 472114 324367 227022 459965 389449 29728 147747 144743 3693 477394 152113 21087 131026 90847 10593 325281 197294 141050
is_linear=0
shrinkage=0.03


Tree=177
num_leaves=31
num_cat=0
split_feature=53 95 36 107 122 72 114 18 103 78 78 80 111 113 50 85 23 110 113 71 122 82 72 118 99 77 101 41 90 98
split_gain=28.4173 29.7306 24.329 23.498 21.4081 20.8692 20.2943 20.2738 22.8139 21.1516 25.4095 25.4229 25.3013 34.1712 21.6487 21.0159 20.6522 21.5525 25.3542 24.6348 30.0056 24.7603 24.736 20.4947 19.242 18.3835 18.3687 18.2185 17.8753 18.6386
threshold=1.0000000180025095e-35 0.5675760240841593 953.50000000000011 0.0020403510704533365 36583.500000000007 269.50000000000006 4.7301412180052962 1.5000000000000002 0.01648763530322751 156.50000000000003 52.500000000000007 10456.505606347682 1.1476625702752755e-05 0.69336707546557663 30.500000000000004 0.81198606554056807 9.5000000000000018 4.7492777901906795e-05 0.56524206682130007 33.500000000000007 2821.5000000000005 0.032279772500325626 11.500000000000002 -1.3176782283988349 0.028207622468322861 356.50000000000006 0.13057686842853086 14.500000000000002 1.6399206418882906 0.058143869126667393
decision_type=2 8 2 2 10 2 10 2 10 2 2 2 2 10 2 10 2 2 10 2 8 10 2 8 10 2 10 2 10 10
left_child=6 4 5 -4 -2 7 -1 9 15 10 11 12 -3 -14 -12 -9 17 19 -19 20 21 -11 -22 -21 -6 27 -20 -16 29 -25
right_child=1 2 3 -5 24 -7 -8 8 -10 16 14 -13 13 -15 25 -17 -18 18 26 23 22 -23 -24 28 -26 -27 -28 -29 -30 -31
leaf_value=-0.0063841027880731632 0.0011219347714139152 -2.7834797692553021e-05 -0.010191680016913101 0.0041455756554570978 0.0003628195074277989 0.036349422687649395 0.0064902717838478691 0.0091485894463978982 0.00032029736034125232 -0.015413617063622416 0.01374921660474005 0.025744023566920508 -0.0093613124014654617 -0.0019677935440389912 0.00057878797325034987 -0.0045326076653415207 0.0020412203585821092 -0.011886239235893638 -0.0033672545631618944 0.022875306194994109 -0.0033184422601748253 0.048070333139681627 0.0081087717039160529 -0.0026924525276713815 0.041693033688489825 0.012469455281978204 0.029860544517909735 -0.0081108567800212261 0.015052922475671027 0.026434680026376389
leaf_weight=937.70244673202978 14597.835043002036 3856.1878153187281 414.21717501059175 133.24775110883638 18.780436824075878 8.9441830152645689 120.70382722106297 586.63405524892733 1524.604752244195 5.0109277260489788 107.58106698514894 25.589718016330153 720.47327230579685 2524.9019999384764 13508.075162319932 118.67079586302862 986.600154211279 329.21466665714979 3574.7246079980396 53.386213814839721 1683.4091904442757 13.9849218535237 184.85815592994913 244.93334356695414 17.259137681219727 110.29170651081949 10.08385403268039 215.70544416084886 85.723015049472451 16.472042401786894
leaf_count=232330 559355 408119 15037 3738 545 243 8860 10776 28625 281 8334 961 83418 138578 311007 2891 21001 19215 96721 1881 67437 526 7061 10597 242 1767 169 2014 3604 630
internal_value=-4.4223e-05 6.86356e-05 -0.000456855 -0.00669619 0.00118316 -0.000343767 -0.00489226 -0.000360491 0.00239025 -0.000577949 -9.83713e-05 -0.00155489 -0.0016713 -0.00362103 0.000646508 0.00683096 -0.00198252 -0.00262376 -0.00397446 -0.000309294 -0.00174662 0.0316016 -0.00216914 0.00640155 0.0228238 0.000539684 -0.00323233 0.000439303 0.00357915 -0.000395364
internal_weight=46735.8 45677.4 31043.5 547.465 14633.9 30496.1 1058.41 30487.1 2229.91 28257.2 21068.8 7127.15 7101.56 3245.38 13941.7 705.305 7188.4 6201.8 3914.02 2287.78 1887.26 18.9958 1868.27 400.515 36.0396 13834.1 3584.81 13723.8 347.128 261.405
internal_count=2045963 1804773 1244631 18775 560142 1225856 241190 1225613 42292 1183321 954198 631076 630115 221996 323122 13667 229123 208122 116105 92017 75305 807 74498 16712 787 314788 96890 313021 14831 11227
is_linear=0
shrinkage=0.03


Tree=178
num_leaves=31
num_cat=0
split_feature=54 116 114 37 53 91 0 109 67 36 118 110 72 114 118 59 47 122 105 79 51 36 70 109 68 122 33 32 109 92
split_gain=30.4833 21.9912 21.4135 19.294 24.7557 24.8319 25.5837 37.9819 23.2077 25.4437 25.5223 26.0576 39.4557 31.2272 26.6316 28.974 23.898 21.6023 21.2703 20.9118 23.0698 20.2813 21.5961 19.9993 27.1137 19.8966 22.758 19.622 19.9941 19.3057
threshold=1.5000000000000002 -7.5211692176870732 7.6551083591331279 7.5000000000000009 6.5000000000000009 0.41220684947246761 55.500000000000007 0.00011172634128672004 14.500000000000002 33.500000000000007 -1.0887793723891714 0.00075446733022069311 218.50000000000003 0.85010548523206764 -0.13964461116946666 7724.6697053978769 53.500000000000007 1872.5000000000002 0.040005798782255735 1001.65 4802.5000000000009 662.50000000000011 34.500000000000007 0.0032421408734227878 3.5000000000000004 608.50000000000011 -223.34999999999994 197.95000000000005 0.00033354084269588807 1.659382227402757
decision_type=2 10 10 2 2 8 2 2 2 2 10 2 2 10 10 2 2 8 10 2 2 2 2 2 2 10 2 2 2 8
left_child=1 -1 3 4 -2 17 7 29 23 -10 -11 12 14 -13 15 -12 19 25 -9 20 -16 22 -17 -5 -25 -6 -27 -20 -29 -7
right_child=2 -3 -4 8 5 6 -8 18 9 10 11 13 -14 -15 16 21 -18 -19 27 -21 -22 -23 -24 24 -26 26 -28 28 -30 -31
leaf_value=-0.0073634275596961138 -0.0012472010489976062 -0.0012273633640494798 0.0037145240879306865 -0.0016031327798496288 -0.0048365443063780244 -0.00027811604756115929 0.0036747190416104611 -0.0041360311971056279 0.027375866416867393 -0.0047491430427528594 0.0045607569336188316 -0.010702686604757271 0.047674367445819085 0.00098036081508699833 -0.0059159034070601756 0.014713352114632341 0.039032862603081135 0.0025532209113192472 -0.00041788067142687333 -0.0022773716741453245 0.011409004915827912 0.0037562722591178662 0.044137879617999705 -0.010415742091497445 0.025559094861648153 0.00053566888393041399 0.036277106479330995 0.026305954242857865 0.00095242032542046666 0.0021556136753869901
leaf_weight=788.12859613329056 5493.081765146344 1566.5262927825097 1507.9577103062766 10966.990424795542 26.458267111098394 6506.5174682077486 1954.9266485413536 2524.9790035614278 27.989601257257164 604.80956591526046 959.5528245116584 270.4539367002435 13.177237494848667 812.71031891973689 93.764940778259188 74.191507897339761 9.2215953506529313 5036.2829398011672 606.61129283788614 972.92297921283171 233.62721111066639 61.919458514545113 33.78807429689914 25.405612374655902 49.481190657243133 23.900979133322835 44.668019558303058 49.347221390344203 58.537834727670997 5335.3920073788904
leaf_count=240558 444422 187375 32743 218971 1012 256208 40406 108514 654 13730 21632 11433 593 15561 1692 2081 320 151845 20569 36676 8663 1331 923 506 885 477 1198 1353 1613 222342
internal_value=3.01947e-05 -0.00329242 0.000206838 8.30379e-05 0.000554947 0.0010017 0.000450292 3.12455e-05 -0.00077507 0.0011313 0.000921068 0.00189644 0.00360597 -0.00197254 0.00327084 0.0066355 0.000354673 0.00283017 -0.00284468 -6.809e-05 0.00643281 0.0178878 0.0254665 -0.00149488 0.0134665 0.0166469 0.0247019 0.00171591 0.0132008 0.000818852
internal_weight=46733.3 2354.65 44378.7 42870.7 27660.7 22167.6 17036.3 15081.4 15210 4168.13 4140.14 3535.33 2452.17 1083.16 2438.99 1129.45 1309.54 5131.31 3239.48 1300.32 327.392 169.899 107.98 11041.9 74.8868 95.0273 68.569 714.496 107.885 11841.9
internal_count=2046286 427933 1618353 1585610 1249959 805537 651005 610599 335651 115289 114635 100905 73911 26994 73318 25967 47351 154532 132049 47031 10355 4335 3004 220362 1391 2687 1675 23535 2966 478550
is_linear=0
shrinkage=0.03


Tree=179
num_leaves=31
num_cat=0
split_feature=78 77 95 78 6 79 100 1 78 98 79 69 105 76 113 79 67 110 93 75 102 79 62 87 56 46 83 122 113 76
split_gain=28.7305 27.0301 24.5058 24.3011 23.2939 20.8545 26.0419 23.2445 24.6555 25.6839 24.8085 21.1329 21.1112 21.0144 27.2313 20.6525 38.6807 23.9333 20.2265 20.0249 21.7801 21.6073 19.3593 19.2684 18.6564 28.5018 23.4983 20.4992 19.3128 26.051
threshold=2.5000000000000004 23.500000000000004 0.61910482769470609 1858.5000000000002 1886.5000000000002 -1073.5499999999995 0.0078163184261974602 507.50000000000006 118.50000000000001 0.028561357570874669 74.600000000000037 2.5000000000000004 0.36602542081758854 2406.5000000000005 1.966728167281673 1156.0500000000004 12.500000000000002 0.00054400842597662161 6.6385416758513403 1063.5000000000002 0.0084775708211055883 1739.3500000000004 15.500000000000002 0.46676485027000497 737.50000000000011 17.500000000000004 0.24997960071805475 7547.5000000000009 0.49586517583901801 31147.500000000004
decision_type=2 2 8 2 2 2 10 2 2 10 2 2 10 2 10 2 2 2 8 2 10 2 2 10 2 2 10 10 10 2
left_child=1 -1 5 4 18 6 12 8 9 11 23 -7 -2 -8 24 16 22 -18 -4 21 -21 -12 -10 -11 -15 27 -27 28 -26 -30
right_child=2 -3 3 -5 -6 7 13 -9 15 10 19 -13 -14 14 -16 -17 17 -19 -20 20 -22 -23 -24 -25 25 26 -28 -29 29 -31
leaf_value=-0.016562003398318273 -0.009814955617163227 0.029149039386528547 -0.00029790788950999618 -0.010858146224897081 0.011493960248944409 0.001733065394378262 0.040358324881132168 0.0032262324636593421 -0.0045035913385162085 0.0078800473465558806 -0.0030603985161409171 0.0068207491001977937 0.0092504689556135514 -0.0067377284641370813 -0.0098553948012294664 -0.0027505511799869545 0.01657221849230062 -0.0026038091863276021 -0.005444655604853064 -0.0020113547125699799 0.011370299710688954 -0.01564102356025749 0.0016838311081216822 -0.013345776260908958 -0.0084419716410550211 0.017564706454700728 -0.015547078295661433 -0.0089153715568110522 0.019383384096408555 0.069296698259086617
leaf_weight=135.15302335654269 467.19092903262936 8.1685237706406024 24846.506762672216 195.44828919507563 143.05203538201749 7602.5442952860612 8.2441295878961665 3818.3647849360714 685.05206522904336 352.50332852255087 1499.1632130012731 809.51670608704444 54.813202794641256 46.553364167455584 108.55987781658769 2909.1982397753745 206.03252036543563 79.382842058315873 701.80591731646564 292.86917480337434 168.670821828302 129.42647020483855 1331.8799768132158 38.574085976928473 6.0176879256032398 33.669119886588305 33.509001597296447 8.7959407758899015 28.000729050021619 15.670314264949409
leaf_count=135790 19112 2485 1047828 13868 964 403229 79 77550 24758 9426 63829 20567 1692 1916 944 88788 5171 1266 71628 6667 2812 5220 33636 790 511 1723 1800 447 967 832
internal_value=0.000120698 -0.0130619 0.00016262 -0.000452906 -0.000371651 0.000931034 -0.00377035 0.00112331 0.000623877 0.00143557 -0.00124476 0.00222643 -0.00774421 0.00341655 0.00164472 -0.0010725 0.00104923 0.0112858 -0.000440325 -0.00254416 0.00294845 -0.00410501 -0.00042367 0.00564438 0.00896758 0.014821 0.00111542 0.0292361 0.0361873 0.0425725
internal_weight=46764.3 143.322 46621 25886.8 25691.4 20734.2 811.024 19923.2 16104.8 10893.3 2481.21 8412.06 522.004 289.02 280.776 5211.55 2302.35 285.415 25548.3 2090.13 461.54 1628.59 2016.93 391.077 172.216 125.663 67.1781 58.4847 49.6887 43.671
internal_count=2046295 138275 1908020 1134288 1120420 773732 30023 743709 666159 512540 88744 423796 20804 9219 9140 153619 64831 6437 1119456 78528 9479 69049 58394 10216 8196 6280 3523 2757 2310 1799
is_linear=0
shrinkage=0.03


Tree=180
num_leaves=31
num_cat=0
split_feature=90 115 79 122 76 79 93 113 27 90 122 64 111 73 115 71 76 113 78 50 119 90 72 85 80 105 93 90 108 93
split_gain=27.4303 21.4236 20.1868 27.133 27.817 33.7585 22.75 23.4843 32.179 26.4705 20.8037 25.0094 30.1173 29.1307 35.8275 21.5772 35.7771 29.1328 26.1599 20.8136 20.5424 20.4005 24.572 19.6949 19.5719 40.569 36.3311 35.379 31.5582 31.1717
threshold=5.2001639344262314 10.942434210526317 -1073.5499999999995 2182.5000000000005 1087.5000000000002 115.55000000000001 -4.5599389143069589 1.5601438053097347 79.500000000000014 1.0981306778476592 797.00000000000011 1.0000000180025095e-35 4.3271421898309975e-05 1.5000000000000002 1.5622950181503221 6.5000000000000009 17916.000000000004 0.66726358428455401 768.50000000000011 5700.5000000000009 0.93095238095238109 -2.3351686507936509 4.5000000000000009 0.70838661551577164 487.15413096936226 0.041682461460702556 -2.1009543349729416 2.9643623234575771 6.8793792018402472e-05 0.21867305096561454
decision_type=8 10 2 8 2 2 10 10 2 10 10 2 2 2 10 2 2 10 2 2 8 10 2 8 2 10 10 10 2 10
left_child=1 2 -1 10 5 21 7 8 -6 -9 -4 -12 13 -13 -15 -14 20 -18 -19 -20 -17 -5 -23 -7 25 29 -27 28 -26 -8
right_child=-2 -3 3 4 6 23 24 9 -10 -11 11 12 15 14 -16 16 17 18 19 -21 -22 22 -24 -25 27 26 -28 -29 -30 -31
leaf_value=-0.0036646782724110184 -0.020446932974174645 0.007319656908221772 -0.0014641999734185684 0.011094459881867136 0.0067129774509469674 -0.0033307505252522102 0.00093704910951153734 -0.0037898195486110908 0.035860643778663139 0.018355340338196996 -0.0031947754480017476 -0.014126625260878704 0.020231374284606717 0.068051755132596745 0.00034819152525465301 -0.0084375605864152048 -0.015676052981914792 0.038886020989341311 -0.0055759125496075293 0.029598716809586742 0.02352056580672195 -0.0039869911965595842 0.014230368874890089 -0.01257661962671964 0.0018975359767738199 -0.00030829017784126306 -0.005022039814720926 -0.0042225928110303694 -0.00025261392549717418 -0.0045851013964683888
leaf_weight=1328.6200558077544 53.954314101720229 354.9887417712016 257.92962675719173 135.16877811565064 514.12494155060267 413.57016449701041 8845.7153890776681 352.14063452719711 31.993906879331917 51.235310729593039 119.18204688080004 5.9937800540355957 113.98086021584459 19.126099459361289 10.002709202468393 140.74620776670054 17.348999235313386 44.971002817153931 36.503214931115508 19.444225057493895 15.799580224324016 510.55308197735576 71.581302627571858 420.92867986031342 11869.572808222845 2806.3795695690205 3090.629079325241 1333.8620326147939 12727.060333682573 1021.7462198243593
leaf_count=50002 60054 9010 11343 11614 19313 49690 367013 4048 1079 907 11058 825 3020 521 132 2248 1105 956 1224 609 461 77702 1828 107178 488988 76414 121742 135605 342189 88467
internal_value=3.59294e-06 2.94172e-05 -2.72308e-05 8.05662e-05 -1.89116e-05 -0.00395781 0.000124869 0.00470429 0.00873042 -0.000786727 0.00553526 0.00884249 0.0122245 0.0371796 0.0482597 0.00952668 0.00480465 0.0169139 0.022992 0.00807416 -0.00458399 0.000815961 -0.00164481 -0.00804158 2.00334e-05 -0.000813425 -0.00278093 0.000526794 0.000785157 0.000363214
internal_weight=46734.9 46680.9 46325.9 44997.3 44196.3 1551.8 42644.5 949.495 546.119 403.376 801.028 543.099 423.917 35.1226 29.1288 388.794 274.813 118.267 100.918 55.9474 156.546 717.303 582.134 834.499 41695 15764.5 5897.01 25930.5 24596.6 9867.46
internal_count=2046345 1986291 1977281 1927279 1893777 248012 1645765 25347 20392 4955 33502 22159 11101 1478 653 9623 6603 3894 2789 1833 2709 91144 79530 156868 1620418 653636 198156 966782 831177 455480
is_linear=0
shrinkage=0.03


Tree=181
num_leaves=31
num_cat=0
split_feature=102 122 122 120 95 93 72 120 104 31 114 118 93 38 111 54 97 120 106 18 29 6 31 85 22 100 114 72 67 50
split_gain=30.8445 24.298 36.3164 23.6692 20.6695 20.9029 19.2453 34.9092 24.9704 23.4542 23.977 17.1306 16.903 27.5974 25.0431 32.8402 19.4405 16.8048 19.0919 17.6269 16.3033 16.2562 25.0752 19.9836 15.7518 17.7166 15.7399 15.6679 17.2392 16.6353
threshold=0.051306424880569378 324.50000000000006 1801.5000000000002 0.57692307692307698 0.61910482769470609 6.4490193212369098 156.50000000000003 403.42307692307696 0.022561693373065954 3585.5000000000005 3.2029577605917345 2.7432280053275933 4.2867577530660483 6.5000000000000009 0.00038045480151743235 71.500000000000014 0.11761627191002012 142.96153846153848 0.00081333889010167567 17.500000000000004 9.5000000000000018 257.50000000000006 1074.5000000000002 0.50017325017325021 1.0000000180025095e-35 0.031770771483988443 0.71266948560246035 1.0000000180025095e-35 3.5000000000000004 88.500000000000014
decision_type=8 8 8 2 10 10 2 2 10 2 10 10 10 2 2 2 10 2 10 2 2 2 2 10 2 10 10 2 2 2
left_child=1 -1 12 -2 6 11 9 8 -8 21 -11 17 13 -3 15 27 20 19 -19 -6 -15 22 -4 -23 25 -7 -25 -14 29 -29
right_child=3 2 4 -5 5 24 7 -9 -10 10 -12 -13 14 16 -16 -17 -18 18 -20 -21 -22 23 -24 26 -26 -27 -28 28 -30 -31
leaf_value=-0.01357648427371333 -0.019081174780024062 0.025514008595135702 0.00094835397244677868 -0.0022184377066587074 -6.7631145990949015e-05 -0.0069696504032111754 0.062484156698381685 -0.0019812979822456177 0.014766963081738223 -0.014173119419910812 0.0059868957503522368 -0.0064302702870105621 -0.0061838049870647418 -0.010166451958242154 -0.0049293920556510223 0.033833633008718368 -0.0078382002862088414 -0.014470492336730678 0.01099144430585162 0.01525580976063076 0.015396546232765655 -0.0017573124557719027 -0.0077619032851823566 -0.015032274856340844 0.0075749515229396342 0.012151088261968998 0.0087918716359401718 -0.014096608694383566 -0.0072236033830347509 0.030778125127948176
leaf_weight=108.58395519916667 71.610725907259621 93.207249781058636 17104.848694842425 3634.3423752082745 22094.133054867969 811.79451456791139 11.554288228042422 61.488110154867172 36.24950459273532 173.32795842224732 72.27735267393291 385.45559692801908 70.658822193508968 23.033112791366875 185.03664200974163 37.337441231589764 60.608839432708919 130.50392207503319 29.031070093158633 62.769814276136458 138.24678298458457 278.57347516855225 297.76430379692465 21.608617004007101 80.63338906376157 41.614316958060954 605.82479034364223 5.9746341003337866 21.605547452811152 36.957796377828345
leaf_count=4966 94203 4587 697623 136780 922337 78376 393 3766 864 4365 423 36046 6096 484 5047 860 1133 10487 1696 474 4688 3550 7758 1405 2320 2671 11437 504 565 956
internal_value=5.48363e-05 0.000280867 0.000317458 -0.00256955 0.000207052 -0.000382214 0.000953215 0.0132273 0.0311249 0.000877371 -0.0082393 -0.000200741 0.00720739 0.0122211 0.00268167 0.0107532 0.00619799 -9.17264e-05 -0.00964389 -2.07882e-05 0.0115499 0.00100189 0.000797132 0.00490883 -0.00476836 -0.00597193 0.00785902 0.00339972 0.0135824 0.0237142
internal_weight=46786.7 43080.7 42972.1 3705.95 42299.5 23635.9 18663.5 109.292 47.8038 18554.2 245.605 22701.9 672.667 315.096 357.571 172.534 221.889 22316.4 159.535 22156.9 161.28 18308.6 17402.6 906.007 934.042 853.409 627.433 135.197 64.538 42.9324
internal_count=2046860 1815877 1810911 230983 1785991 1054407 731584 5023 1257 726561 4788 971040 24920 10892 14028 8981 6305 934994 12183 922811 5172 721773 705381 16392 83367 81047 12842 8121 2025 1460
is_linear=0
shrinkage=0.03


Tree=182
num_leaves=31
num_cat=0
split_feature=61 18 79 111 105 109 104 93 59 113 83 66 28 72 92 119 34 78 108 66 113 93 100 36 4 103 85 110 68 119
split_gain=26.1428 23.2491 21.4494 24.6678 25.6849 23.2519 23.027 22.8063 21.4061 21.1964 21.9503 19.5089 22.3856 27.4058 32.5935 19.892 19.2498 19.1443 18.6763 21.5045 20.5624 17.8685 17.6532 16.9525 20.687 16.2092 16.6886 19.3957 18.597 17.8566
threshold=2.5000000000000004 1.0000000180025095e-35 -552.44999999999993 3.3639933665013393e-05 0.35307172964303041 0.00029612997667614221 0.016136265007956029 -4.5599389143069589 -413.06022892299069 1.5601438053097347 0.14584620931190775 73.500000000000014 73.500000000000014 40.500000000000007 2.211781936564662 0.15227743271221536 3756.9816342476879 87.500000000000014 0.0014488248140914369 190.50000000000003 5.8451424906586373 6.4925240426407429 0.038550707406967075 953.50000000000011 3.5000000000000004 0.057844950123904053 0.80394942067736197 0.0001006103063564109 22.500000000000004 0.61305538648813152
decision_type=2 2 2 2 10 2 10 10 2 10 10 2 2 2 10 10 2 2 2 2 10 10 10 2 2 10 10 2 2 10
left_child=-1 2 3 -2 17 -6 7 9 -3 -4 -11 12 13 -8 -15 -16 21 -5 19 23 -20 -9 -23 24 -10 26 27 -26 -29 -30
right_child=1 8 6 4 5 -7 11 16 18 10 -12 -13 -14 14 15 -17 -18 -19 20 -21 -22 22 -24 -25 25 -27 -28 28 29 -31
leaf_value=-0.016039952972371357 -0.010023988985658408 -0.0010879570560529824 0.010022316703171294 0.018715530087857889 0.00089443704132762317 0.022151339681790675 0.0011374835145544092 -0.00036610268799596834 6.8983220662721155e-05 0.011736433107551949 -0.0090724200413976348 0.020712032186001362 -0.0094534001215356711 -0.0016055263457053002 0.0041213618908265285 0.027487705660007175 -0.008295031761478909 -0.0037002249706789524 -0.0041918724667193855 0.027040758655441432 0.012837161085751817 -0.0049510813198526838 0.017395823485298351 -0.007009758246867899 0.011749748046945518 0.0012998798842282424 -0.0014346884107617507 0.0026486621793050265 0.014936834273546265 -0.015883718152214055
leaf_weight=86.738649147649994 390.91297374316491 1668.4011727124453 345.71140333393123 30.311691760551184 134.33250593300909 66.041544256731868 7293.104039095575 29349.927834306087 912.57398121751612 63.273861054738518 133.03385672578588 41.597103871405125 167.44545813370496 107.11118237953633 51.060357502195984 97.927701700478792 283.27617678418756 1308.711105640512 504.08069825125858 30.452417595777661 68.059350085677579 1048.79542511818 28.000690536515322 128.15994729381055 663.97431892890017 653.24084180686623 194.64783102669753 720.28482873085886 203.57661052327603 14.382855328731237
leaf_count=84634 18441 46402 14171 609 3152 1397 198629 1415342 29232 1166 1727 1580 3267 2664 1003 1882 7036 43079 10214 1139 353 112923 2167 2950 13215 9735 3868 10941 3375 120
internal_value=-4.08798e-05 -9.45147e-06 -0.000260624 -0.00334339 -0.00161996 0.00826925 -0.000107673 -0.000470857 0.00177393 0.00560114 -0.0022404 0.00135468 0.00123699 0.0014802 0.0110314 0.0198736 -0.00057892 -0.00312506 0.00294028 0.00375654 -0.00207251 -0.000505731 -0.00429226 0.00351503 0.00392597 0.00535949 0.00682763 0.00783273 0.00501316 0.0125924
internal_weight=46789.1 46702.4 40940.6 1930.31 1539.4 200.374 39010.3 31252 5761.83 542.019 196.308 7758.25 7716.65 7549.2 256.099 148.988 30710 1339.02 4093.43 3521.29 572.14 30426.7 1076.8 3490.84 3362.68 2450.11 1796.87 1602.22 938.244 217.959
internal_count=2046413 1961779 1830235 66678 48237 4549 1763557 1554532 131544 17064 2893 209025 207445 204178 5549 2885 1537468 43688 85142 74575 10567 1530432 115090 73436 70486 41254 31519 27651 14436 3495
is_linear=0
shrinkage=0.03


Tree=183
num_leaves=31
num_cat=0
split_feature=120 113 98 94 103 76 120 120 113 55 98 54 93 62 75 54 79 93 120 60 83 109 57 57 9 70 75 122 122 115
split_gain=24.1391 22.5006 19.9393 18.4157 18.1584 21.5836 19.3202 37.3613 35.0117 26.4512 25.2209 25.0592 31.0627 23.2226 24.5267 22.4361 21.8174 34.1995 33.1793 24.344 23.5393 23.3151 23.6444 22.535 27.0143 21.6428 24.4088 19.9571 22.3397 26.2683
threshold=0.19230769230769235 4.0449059282925104 0.28730158730158734 4.89090356103834 0.50185185185185188 503.50000000000006 9.7307692307692317 5.3461538461538476 0.24789186026968676 13.500000000000002 0.035650315711433213 5.5000000000000009 5.6622841207564365 5.5000000000000009 252.50000000000003 1.5000000000000002 911.65000000000009 -2.7716946253952046 2.5000000000000004 603.05641379992255 0.10715132425658742 0.00014893855745539902 280.75000000000011 293.4500000000001 -6.2351624575137237 1.0000000180025095e-35 1274.5000000000002 324.50000000000006 14937.500000000002 8.5323404709614454
decision_type=2 10 10 10 10 2 2 2 10 2 8 2 10 2 2 2 2 10 2 2 8 2 2 2 2 2 2 8 8 10
left_child=1 -1 4 -3 6 -6 7 10 -8 25 11 12 13 14 15 -2 19 18 -18 -16 -20 22 -21 -19 -25 26 -9 -10 -29 -30
right_child=2 3 -4 -5 5 -7 8 9 27 -11 -12 -13 -14 -15 16 -17 17 23 20 21 -22 -23 -24 24 -26 -27 -28 28 29 -31
leaf_value=-0.01640897615709527 -0.0086875420121121493 0.041194236776550638 -0.01205538352108072 -0.012693973135266013 0.032250965993085544 -0.010209398806242885 -0.010575802398266981 0.0087795590471270758 -0.015237645969584327 0.0012261164190120438 -0.0028856749251749527 0.0011921095108398162 -0.0068330587661899079 -0.0037823110202256454 0.0018076622887246464 0.0011991925241904228 -0.0083339916866951042 -0.0072741633260015575 0.083006497543695809 0.015724635953026009 -0.00061499571047037417 -0.006721359717783139 -0.0033810243833469959 0.018137886761881009 -0.001011489958562248 0.00091325558111163979 -0.0034715035506602079 0.0022893750064179614 -0.0010236599296839614 0.0084943428856648628
leaf_weight=124.76683967854478 370.55131378979422 7.63135081209475 116.49182845972246 7.1060892856912687 6.5278014560462898 218.14728470030241 309.05013923230581 1152.0243251102511 76.894486714620143 10955.65862703789 2870.764055555308 8539.1162312489469 812.92712922970532 1277.5227719072718 710.66716771270148 456.79764005169272 8.6586106792092341 377.07774061278906 6.3712535898666802 373.31961168861017 4.0305255926214167 59.601517530099954 67.045190536999144 78.060712427366525 326.34034943208098 773.21642146492377 164.84699134202674 2388.5159932933748 13864.402967812959 261.01101473160088
leaf_count=128279 77259 4854 9788 5298 1484 10227 24250 49181 3459 193325 187498 383665 127782 65319 74875 65191 1028 49267 346 37167 204 8306 7348 5719 35361 25888 4983 65411 392367 1480
internal_value=4.44045e-05 -0.0121981 8.23382e-05 0.0185771 0.000114032 -0.00830049 0.00015577 0.000620561 -0.000652328 0.00181739 -0.000335309 0.000209178 -0.00149317 -0.000431517 0.00108056 -0.00325444 0.00286753 -0.000972509 0.0342681 0.00540033 0.0609238 0.0104386 0.0128105 -0.00204443 0.00286125 0.00490636 0.00723863 -0.000464345 -0.000390964 -0.000844842
internal_weight=46765.1 139.504 46625.6 14.7374 46509.1 224.675 46284.5 29384.6 16899.9 13045.7 16338.9 13468.1 4928.97 4116.04 2838.52 827.349 2011.17 800.539 19.0604 1210.63 10.4018 499.966 440.365 781.479 404.401 2090.09 1316.87 16590.8 16513.9 14125.4
internal_count=2046609 138431 1908178 10152 1898390 11711 1886679 1399712 486967 273377 1126335 938837 555172 427390 362071 142450 219621 91925 1578 127696 550 52821 44515 90347 41080 80052 54164 462717 459258 393847
is_linear=0
shrinkage=0.03


Tree=184
num_leaves=31
num_cat=0
split_feature=53 78 53 93 108 46 68 77 62 34 93 118 93 70 63 70 122 97 104 108 115 19 90 66 96 32 19 35 67 78
split_gain=27.129 18.8659 17.6233 22.4631 30.2445 29.666 28.5626 29.0411 23.374 21.5695 33.1207 33.5634 27.8627 22.8532 41.4544 23.3715 22.7782 22.4934 20.3042 20.2587 23.908 20.2127 20.0033 19.9807 26.3746 25.0822 19.2893 18.839 18.6362 18.634
threshold=1.0000000180025095e-35 4.5000000000000009 30.500000000000004 5.4954615879501363 0.00010438311418250506 7.5000000000000009 2.5000000000000004 38.500000000000007 7.5000000000000009 2551.313865105998 1.7845237537127341 -2.2105625669818152 2.579879498997224 6.5000000000000009 14.500000000000002 8.5000000000000018 4257.5000000000009 0.070517747689154323 0.048802540466634327 7.5204750999938007e-06 0.17117125337615888 1.0000000180025095e-35 1.7816784037558688 48.500000000000007 0.025383512062841073 2807.2500000000005 43.500000000000007 350.86542351687331 22.500000000000004 1192.5000000000002
decision_type=2 2 2 10 2 2 2 2 2 2 10 10 10 2 2 2 10 10 10 2 10 2 10 2 10 2 2 2 2 2
left_child=1 -1 3 5 6 -2 27 8 22 10 26 -12 13 19 -15 17 -11 -16 -17 20 -13 -14 -8 -18 25 -25 29 -5 -6 -4
right_child=2 -3 9 4 28 -7 7 -9 -10 16 11 12 21 14 15 18 23 -19 -20 -21 -22 -23 -24 24 -26 -27 -28 -29 -30 -31
leaf_value=-0.017406240300489029 0.00042909867799609979 -0.0034949034298929018 8.0057371488175355e-05 -0.0065810627504272363 -0.0055831544872224567 -0.0027443659608629542 0.050183595167185062 0.0029725826155705703 0.0005386195823609862 -0.0043757213526936442 -0.010080156849154595 -0.011854874569087693 0.0013310894155242699 0.038031982490374511 0.031024445163580477 0.0039613371808607948 -0.0036908091743773127 -0.0038497876089895358 0.027519524784910879 0.0026757693701682924 0.056819344252549628 0.006436861994817313 0.0096814712218510103 0.019759578337331149 -0.015840243607145827 -0.010132221174037252 0.021273778472776089 -0.00022544090811063393 0.020661773486227816 -0.0055631054645130847
leaf_weight=92.357446959475055 19546.080783627433 947.75626646360615 7752.4068896387471 519.82305163840647 1840.4302993621095 3062.0461170750204 26.868171521928161 302.5187591179274 27.005522485356778 1264.3507104375167 182.58603099174798 4.7677368983859187 5854.8588565717218 42.708956797607243 63.593051746953279 427.84706605039537 157.23197078797966 20.631507392972708 30.99272361304611 834.42427899630275 8.0196546402294171 788.08390025375411 21.178705516154878 142.21185246948153 25.35788012528792 27.251746740657836 32.457024324685335 2098.3543362930068 19.88088908419013 559.99981165351346
leaf_count=112246 975256 128027 205694 87181 87963 51180 1996 9277 838 28560 5823 378 136025 672 1169 8323 2710 348 516 16640 302 13457 2179 3433 378 963 294 125730 309 36925
internal_value=-2.84497e-05 -0.00480753 8.08727e-05 -0.000399029 -0.00224915 -1.22734e-06 -0.00038124 0.00727726 0.023359 0.000804179 0.00112641 0.0024727 0.00276256 0.0065502 0.0110855 0.00863866 -0.00249901 0.0227447 0.00583209 0.0033678 0.0350795 0.0019412 0.0349259 0.00420783 0.0105153 0.0148 -0.000206622 -0.00149745 -0.00524805 -0.000303233
internal_weight=46724.1 1040.11 45684 27464.2 4856.06 22608.1 2995.75 377.571 75.0524 18219.8 16603.4 8258.51 8075.93 1432.98 585.773 543.064 1616.4 84.2246 458.84 847.212 12.7874 6642.94 48.0469 352.053 194.821 169.464 8344.86 2618.18 1860.31 8312.41
internal_count=2044792 240273 1804519 1341909 315473 1026436 227201 14290 5013 462610 426566 183653 177830 28348 11028 10356 36044 1517 8839 17320 680 149482 4175 7484 4774 4396 242913 212911 88272 242619
is_linear=0
shrinkage=0.03


Tree=185
num_leaves=31
num_cat=0
split_feature=102 120 118 111 50 122 122 72 120 72 112 94 111 122 53 55 86 117 89 80 120 95 74 83 108 111 46 90 46 5
split_gain=25.6495 19.5027 18.9199 24.1419 20.5807 16.9159 27.9465 19.3697 19.1489 22.6119 23.8896 23.2187 16.6829 31.046 28.3696 36.3555 25.8643 22.5834 19.086 17.5799 19.0999 21.6984 17.3334 33.1682 19.7813 17.971 26.6176 16.0141 16.1911 27.8999
threshold=0.064545887394357834 0.57692307692307698 1.3509288362950773 6.6600282114022743e-06 252.50000000000003 324.50000000000006 2182.5000000000005 1.5000000000000002 403.42307692307696 225.50000000000003 1.5379836343659743 4.1491359159007564 0.00019189806381920301 1149.5000000000002 1.5000000000000002 119.50000000000001 0.081972766448975984 -1.1102152629576043 1.3391598119858992 8047.4010858026086 5.5769230769230775 0.56976936892492935 1.5000000000000002 0.23173842143454329 0.001679788611599315 0.00071578046027809185 3.5000000000000004 3.6420526315789479 21.500000000000004 21.500000000000004
decision_type=8 2 10 2 2 8 8 2 2 2 10 8 2 10 2 2 10 10 10 2 2 10 2 10 2 2 2 10 2 2
left_child=2 -2 5 4 -4 7 12 -1 9 27 11 -11 13 18 -15 16 -16 -18 -7 20 -19 -22 25 24 -24 -14 -27 28 29 -8
right_child=1 -3 3 -5 -6 6 8 -9 -10 10 -12 -13 22 14 15 -17 17 19 -20 -21 21 -23 23 -25 -26 26 -28 -29 -30 -31
leaf_value=0.0058472912680221359 -0.01825394323154695 -0.0023404692647973945 0.00059797220925265719 -0.0039182442972518806 0.018666921608414259 -0.009855257955064858 0.00039318639372025352 -0.020154547281044183 -0.011544197407881375 0.051150956471134809 -0.0053558866683250141 -0.0076988303592861514 -0.0042453541011152228 -0.020033874742386364 -0.0094360071273097527 -0.0065275040627292254 0.0096428198505518169 0.014729170692077801 0.016248345320992494 0.0098259525563632304 0.025936392805672538 0.081350969217686767 0.042652907883495308 -0.0053521356203955249 0.0039127249760352945 0.019372267669556978 -0.0016153223876968557 -0.0056263697321435107 -0.0015910024484943977 0.0046748885445631171
leaf_weight=36.625731126405299 66.266357593354769 2736.2649575893302 1029.5994059799705 2074.8181615209323 55.068017214594875 62.527937844744883 34399.882162020716 69.384994080290198 117.42869961587712 18.721423555165529 17.694991569034755 6.5080572082661119 271.28990031487774 9.6024773275130411 9.2778198905871232 23.104421647265553 21.923168492736295 12.792811614461241 35.226241906289943 12.241463020443915 16.680614760145545 23.562453921884298 31.881701370235533 40.249075605534017 19.099928583949804 88.729301115265116 127.90213400311768 399.30365917287418 3435.0970745733939 1421.5415015500039
leaf_count=1495 93612 113526 123534 114833 2798 2714 1396586 3132 9177 596 120 207 7684 2361 1300 697 773 925 2258 314 391 520 1366 1319 381 2119 3138 65704 76302 16043
internal_value=3.13582e-05 -0.00274858 0.000209169 -0.00202538 0.00159677 0.000382741 0.00041465 -0.0113124 0.000302311 0.000338802 0.0209334 0.0372079 0.00592749 0.0127377 0.0221059 0.0261579 0.0339213 0.0387959 -0.000115765 0.0472042 0.0542419 0.0637866 0.00317272 0.0148105 0.0297849 0.000868538 0.00722402 0.000313874 0.000375005 0.000563731
internal_weight=46690.3 2802.53 43887.8 3159.49 1084.67 40728.3 40622.3 106.011 39816.2 39698.7 42.9245 25.2295 806.091 226.939 129.185 119.583 96.4783 87.2005 97.7542 65.2773 53.0359 40.2431 579.152 91.2307 50.9816 487.921 216.631 39655.8 39256.5 35821.4
internal_count=2045925 207138 1838787 241165 126332 1597622 1592995 4627 1564735 1555558 923 803 28260 12253 7281 4920 4223 2923 4972 2150 1836 911 16007 3066 1747 12941 5257 1554635 1488931 1412629
is_linear=0
shrinkage=0.03


Tree=186
num_leaves=31
num_cat=0
split_feature=61 95 122 99 1 109 1 72 78 53 55 122 78 102 122 110 71 111 29 56 6 110 61 77 90 56 51 72 109 68
split_gain=27.0994 20.218 20.9761 22.9502 19.1551 18.7005 23.4683 29.8772 21.3802 23.3546 22.4587 22.4462 21.2084 20.0005 24.2062 18.5583 23.1796 25.2686 27.4079 21.6515 21.5904 18.2924 17.5654 20.2275 41.0759 24.004 25.6054 24.4183 27.4771 22.2638
threshold=3.5000000000000004 0.5675760240841593 36583.500000000007 0.021286894193734428 2762.5000000000005 3.3254279299374858e-06 5.5000000000000009 4.5000000000000009 238.50000000000003 26.500000000000004 31.500000000000004 4519.5000000000009 84.500000000000014 0.035089540712245737 4427.5000000000009 3.5295675373112348e-05 46.500000000000007 6.2371224410446947e-05 28.500000000000004 1198.5000000000002 26.500000000000004 0.00022178405203786481 157.50000000000003 49.500000000000007 2.9058881312839486 17.500000000000004 1503.5000000000002 1.0000000180025095e-35 1.5032173745945809e-05 3.5000000000000004
decision_type=2 8 10 10 2 2 2 2 2 2 2 8 2 10 10 2 2 2 2 2 2 2 2 2 10 2 2 2 2 2
left_child=-1 2 4 -4 -2 12 7 -7 9 22 -10 13 -3 14 -11 16 -12 19 -19 -18 21 -17 23 29 -25 -26 27 28 -27 -8
right_child=1 5 3 -5 -6 6 8 -9 10 11 15 -13 -14 -15 -16 20 17 18 -20 -21 -22 -23 -24 24 25 26 -28 -29 -30 -31
leaf_value=-0.014441775756053469 0.00053445345550104742 0.0080010491411745283 -0.0043733849763031001 0.039645603816455773 0.0057800571948330437 -0.0045993414508501557 -0.0015238504630652459 0.0059563680573441174 -0.013705793625886305 0.010192704715559647 0.00093661928514567397 0.00099053033927882454 -0.0096049231511983624 -0.01146928444916666 0.046099098792017651 -0.0035539506209587676 0.046738232220112912 -0.012178281896408478 0.042559973728048775 -0.0025587577396421011 -0.001242646130232279 -0.012286706830939464 -0.0024733410460864216 0.0011195290451231953 0.0027204870369292207 0.0084828687482963825 -0.0090036174548553203 0.0006658417301924508 0.076324337002762366 0.0064396901899632254
leaf_weight=113.59574526033248 14299.122419054678 403.63646923663327 16.620633315294981 20.813231421634555 650.33481301635038 2164.6472587710305 6315.723855636199 267.19743136619218 140.82862922921777 180.1102615497075 431.00241846358404 8667.2808806722751 68.147077372530475 28.502894690493122 14.491138145327566 740.04826967976987 26.812844725791365 30.918848424684256 5.6809994080103925 10.053109332919119 3562.633434437681 303.85088523244485 3780.1176469560596 4095.427658121218 33.020662304828875 8.8743064305745083 7.5273193898610762 8.477643459569661 17.445766057353467 327.69444956001826
leaf_count=95840 580957 65340 505 318 13860 279960 396242 11575 8807 2859 21751 173706 5012 412 97 32389 1368 1701 268 511 106206 12815 93699 123077 2688 469 302 411 898 12381
internal_value=-0.000119405 -8.29668e-05 0.000824551 0.0218888 0.000764505 -0.00051289 -0.000602997 -0.0034297 -0.000363231 2.38804e-05 -0.00209266 0.00123561 0.00538389 0.0105261 0.0139543 -0.00175959 0.00367811 0.0186771 0.000412338 0.0345951 -0.00235842 -0.00614227 -0.000714435 -9.87478e-05 0.00153768 0.0227824 0.0364931 0.0462294 0.0584562 -0.00112649
internal_weight=46740.6 46627 14986.9 37.4339 14949.5 31640.2 31168.4 2431.84 28736.5 23484.7 5251.83 8890.39 471.784 223.104 194.601 5111 504.468 73.4658 36.5998 36.866 4606.53 1043.9 14594.3 10814.2 4170.77 75.3457 42.325 34.7977 26.3201 6643.42
internal_count=2046424 1950584 595640 823 594817 1354944 1284592 291535 993057 807241 185816 177074 70352 3368 2956 177009 25599 3848 1969 1879 151410 45204 630167 536468 127845 4768 2080 1778 1367 408623
is_linear=0
shrinkage=0.03


Tree=187
num_leaves=31
num_cat=0
split_feature=53 122 122 120 65 72 18 43 109 105 72 54 51 90 61 65 52 33 51 25 31 69 79 76 72 64 111 113 46 98
split_gain=26.7581 21.3813 24.2313 20.8987 28.5522 19.287 17.955 21.6636 19.5623 26.4235 20.8341 17.1189 17.1143 16.6676 22.6343 23.0621 22.5784 22.7 20.3065 24.732 16.5809 23.4146 21.0165 33.7195 21.6512 28.9354 27.9426 28.8138 23.0058 31.659
threshold=1.0000000180025095e-35 324.50000000000006 2115.5000000000005 2.1153846153846159 9.5000000000000018 2.5000000000000004 1.5000000000000002 17.500000000000004 0.0011752385046741832 0.30237246811702928 277.50000000000006 70.500000000000014 2778.5000000000005 1.932263217561579 48.500000000000007 1.5000000000000002 37.500000000000007 180.15000000000006 462.50000000000006 47.500000000000007 966.50000000000011 5.5000000000000009 -1073.5499999999995 2326.5000000000005 2.5000000000000004 25.500000000000004 1.1476625702752755e-05 0.24789186026968676 1.5000000000000002 0.074154940967168056
decision_type=2 8 8 2 2 2 2 2 2 10 2 2 2 8 2 2 2 2 2 2 2 2 2 2 2 2 2 10 2 10
left_child=13 5 3 4 -3 12 7 8 10 -10 20 -11 -2 14 15 -1 17 -17 -15 -20 21 22 23 -4 25 26 -24 -28 -26 -30
right_child=1 2 6 -5 -6 -7 -8 -9 9 11 -12 -13 -14 18 -16 16 -18 -19 19 -21 -22 -23 24 -25 28 -27 27 -29 29 -31
leaf_value=-0.0052503988095568936 -0.0071254426299702332 0.0078254690164241726 0.023577574453325489 0.0042122200848526067 0.07014333226865764 -0.022368521928765765 0.0020928733720377026 -0.011152466076701275 -0.0047080942627217457 0.034747635966804954 0.032403837988008909 -0.0019450957258762547 0.031603101860626384 -0.015270978468193981 -0.012167880370810454 0.0082317317177772169 -0.0083544884396735408 0.045640620269382495 0.017118223671514797 -0.018742794362329951 -0.0030156366438795199 0.0029510728974964447 0.000751262338599399 -0.0088760608740161891 0.0030251637393791503 0.014263181050432271 -0.0084520267604179661 -0.0011207955869819122 -0.00020009536262403262 0.0096126504183798034
leaf_weight=309.87305890503922 39.246396534523228 22.505763051012767 26.262006506789476 818.47158476919867 5.3810318055329835 66.793115952517837 3634.7213267497718 154.14716731896624 1151.6881513997214 20.7724350518547 12.906140538863836 19.678573319222778 8.394838667009024 214.9349000795919 161.22326920652995 204.35934020235436 66.290794342407025 11.197617749334311 40.600605622457806 23.027679531194735 1534.8520717327483 2520.52418143861 9044.7755795330741 399.53853627992794 3769.0936442840612 114.19436361850239 494.98235941759776 13932.231406303123 7636.2947251484729 302.83187452983111
leaf_count=64329 1807 5695 726 22980 303 3174 75514 3128 28945 366 328 341 138 126726 9034 22879 5467 1208 7752 2938 30497 66130 697587 19332 121274 2053 49884 482908 186762 6406
internal_value=2.74116e-05 0.000135432 0.000168605 0.00518236 0.0286865 -0.0125413 7.32523e-05 -0.000105437 -6.25282e-05 -0.00384105 5.11519e-05 0.0186471 0.00205245 -0.00473906 -0.00238637 0.000358379 0.00650889 0.0111656 -0.0109441 0.00371981 3.65828e-05 0.000159467 -3.79029e-05 -0.00662401 4.24806e-05 -0.000481019 -0.000555774 -0.00137516 0.00109682 0.000180019
internal_weight=46761.8 45730.3 45615.9 846.358 27.8868 114.434 44769.5 41134.8 40980.6 1192.14 39788.5 40.451 47.6412 1031.51 752.944 591.721 281.848 215.557 278.563 63.6283 39775.6 38240.7 35720.2 425.801 35294.4 23586.2 23472 14427.2 11708.2 7939.13
internal_count=2046611 1806278 1801159 28978 5998 5119 1772181 1696667 1693539 29652 1663887 707 1945 240333 102917 93883 29554 24087 137416 10690 1663559 1633062 1566932 20058 1546874 1232432 1230379 532792 314442 193168
is_linear=0
shrinkage=0.03


Tree=188
num_leaves=31
num_cat=0
split_feature=112 77 69 71 113 43 77 81 59 110 61 65 109 79 62 34 112 109 89 93 62 37 113 71 66 84 78 64 58 110
split_gain=28.0425 24.4296 19.3123 28.83 32.7856 21.979 27.4438 25.9935 21.8932 31.2735 34.3103 31.2129 31.3776 22.018 23.5488 21.4152 21.4002 25.9648 21.2143 22.3321 21.1582 24.2524 22.7218 21.2289 21.4405 18.9325 18.4488 18.0161 27.286 20.9078
threshold=8.7819442479128362 5.5000000000000009 1.0000000180025095e-35 4.5000000000000009 0.28956812719133834 1.5000000000000002 189.50000000000003 0.058788263506841597 3555.862127371201 5.9673850519867374e-05 16.500000000000004 106.50000000000001 0.00011463335708561659 -481.2000000000001 54.500000000000007 566.93506099179615 0.74293334896535568 0.00039813600297737784 1.1220318006376913 -2.4464628657891514 187.50000000000003 74.500000000000014 0.63032812731262522 215.50000000000003 16.500000000000004 0.078052372570853859 38.500000000000007 12.500000000000002 6861.9500000000016 0.0003844392745911643
decision_type=10 2 2 2 10 2 2 8 2 2 2 2 2 2 2 2 10 2 10 10 2 2 10 2 2 10 2 2 2 2
left_child=1 -1 8 5 -5 -4 7 -7 9 11 -11 12 13 -3 -15 -16 17 20 -19 -20 -6 22 -22 24 -24 -26 -14 -10 29 -29
right_child=-2 2 3 4 16 6 -8 -9 27 10 -12 -13 26 14 15 -17 -18 18 19 -21 21 -23 23 -25 25 -27 -28 28 -30 -31
leaf_value=-0.0064198326867655874 0.0090606931739696007 -0.0054768892282559579 0.0022025312361988948 -0.013677807842381959 -0.00079934061845659253 0.02190167853240936 -0.0054913074618570361 0.0058950621563498692 0.00074109064287928 0.017190539356315499 -0.0025130996054221135 0.018677946016379968 -0.01063150368314158 0.00017904900613692877 0.0078590169347739838 0.049331661131179969 0.0010982684420516391 -0.001785409953962257 0.024559202439258347 -0.012607029042797759 -0.0071168658507197889 -0.0034757435091389171 -0.0034291941096740446 -0.0063046502895328432 0.0041765975127783682 0.061844575602737498 -0.0022049900253199067 0.029292268570135917 0.0020815541109909224 0.0069863657196665178
leaf_weight=547.59993484517327 294.42784277661121 611.08393405657262 3202.7958173670922 149.14988383580931 2811.3416296383366 155.09144912334159 90.458901275880635 224.93234908347949 654.57346978806891 75.443709472659975 7644.6529148301343 74.532016526442021 366.1592202570173 19382.423498978897 181.25092664081603 7.2908037258312097 8282.7307199945208 453.60087747289799 10.6134269349277 381.54683937225491 14.401930415071545 48.62963230162859 7.1283929590135804 8.6612338679842633 7.1240464369766441 24.458012816961855 641.63564608804882 75.18769942317158 221.1270186281763 79.410385038238019
leaf_count=224997 8719 27740 124823 9327 88500 4332 1657 3614 15118 8048 199409 1814 65098 1004074 6457 190 178783 16440 515 14604 1215 2108 303 526 418 1256 27968 1775 5043 1243
internal_value=-9.0727e-05 -0.000149722 -7.42062e-05 0.000771966 6.99922e-05 0.00310004 0.0091224 0.0126271 -0.00052174 -0.000674749 -0.00230955 -8.0828e-05 -0.0001512 0.000107354 0.00028307 0.0106958 0.000245756 -0.00162744 -0.00623976 -0.0113046 -0.000283921 0.0123069 0.0240612 0.0333145 0.0418862 0.0511851 -0.00530394 0.00376519 0.00895475 0.0184125
internal_weight=46729.5 46435 45887.4 15872.7 12199.4 3673.28 470.483 380.024 30014.8 28984.5 7720.1 21264.4 21189.8 20182 19571 188.542 12050.2 3767.51 845.761 392.16 2921.74 110.403 61.7736 47.3717 38.7105 31.5821 1007.79 1030.3 375.725 154.598
internal_count=2046114 2037395 1812398 448421 313995 134426 9603 7946 1363977 1340798 207457 1133341 1131527 1038461 1010721 6647 304668 125885 31559 15119 94326 5826 3718 2503 1977 1674 93066 23179 8061 3018
is_linear=0
shrinkage=0.03


Tree=189
num_leaves=31
num_cat=0
split_feature=102 115 78 69 48 121 88 79 109 116 46 111 37 2 109 58 76 72 23 79 66 122 38 69 76 71 40 34 114 117
split_gain=26.3714 21.8797 19.1516 16.905 29.6439 31.2495 28.6159 26.6445 24.8218 24.959 24.311 28.1204 27.344 22.0489 26.5925 30.748 23.6888 21.7789 21.4383 20.4435 26.1155 21.1614 20.6037 19.5766 23.9339 33.2177 19.3529 19.2286 19.8228 19.0877
threshold=0.057174288857457185 10.942434210526317 7.5000000000000009 2.5000000000000004 13.500000000000002 3.5000000000000004 0.44000000000000039 -1073.5499999999995 0.0010484973564883443 -0.23144667070217909 89.500000000000014 0.00098523574514413161 10.500000000000002 30.500000000000004 0.0003211402522096686 42.000000000000014 860.50000000000011 1.5000000000000002 25.500000000000004 -481.2000000000001 17.500000000000004 869.50000000000011 4.5000000000000009 20.500000000000004 13141.500000000002 239.50000000000003 41.500000000000007 -176.71088513499538 9.1181818181818208 0.58439728229432064
decision_type=8 10 2 2 2 2 10 2 2 8 2 2 2 2 2 2 2 2 2 2 2 8 2 2 2 2 2 2 10 10
left_child=1 3 -2 4 13 6 27 -7 10 18 11 -5 -13 14 17 16 29 -1 -10 20 -19 22 -21 -14 -25 -26 -17 28 -6 -16
right_child=2 -3 -4 8 5 7 -8 -9 9 -11 -12 12 23 -15 15 26 -18 19 -20 21 -22 -23 -24 24 25 -27 -28 -29 -30 -31
leaf_value=-0.00065350692278466616 -0.018106840932186057 0.0087825815467332605 -0.0022688477156207814 0.0019652472712448034 -0.0067225190177655179 -0.018976067351457529 -0.0067374320130207622 0.010660559791173292 -0.0018507053772174988 -0.0068315851621844866 -0.0076291008213940836 0.030193359624867709 -0.00092776090380687572 0.0019581640305904881 0.036405281636580154 -0.0057707437212049413 0.0014760600470006967 -0.0060209136327333823 0.011843672783267555 0.052655956956451117 0.020395273494471719 0.0014610369197805319 -0.0074851488092509168 0.043475699270683031 -0.0095898130344716313 0.052974364545080393 0.029056067171913207 0.00094692048126250323 0.010969926208061051 -0.0091009422412588175
leaf_weight=14847.756827114092 65.374764566047816 259.95842778554652 3173.6554422869231 6686.4121632799506 639.76565628359094 26.273618026636541 1403.1762249181047 230.03096948377788 340.35491103981622 612.97421570750885 223.51296935183927 54.685784718953073 114.5711278822273 5067.4350383870187 27.580245097458828 1529.8150969458511 323.52014084206894 524.80492566246539 141.81234754715115 9.0205459633143601 31.123887330759317 8946.9599703321001 6.3409314355812958 18.958654845133424 31.176619519013911 4.7124154991470268 9.6206773496232909 1332.0275606173091 58.034093402326107 8.8286574485246074
leaf_count=1021141 94244 7376 125025 182533 13190 775 34803 4469 7372 20029 6611 1435 1944 114127 877 71837 8485 19259 3758 352 1041 284175 152 231 1236 340 146 18748 307 426
internal_value=-6.5791e-06 0.000187942 -0.00261593 0.000135276 -0.000152273 -0.00269395 -0.00345096 0.00731756 0.00135839 -0.0028379 0.0020041 0.00232096 0.0126596 0.000147381 -0.000202283 -0.00361646 0.00423412 6.45434e-05 0.00225723 0.0011844 -0.00437338 0.0015314 0.0320889 0.00629673 0.0202046 0.00409846 -0.00545973 -0.00116811 -0.00518351 0.0256041
internal_weight=46750.3 43511.2 3239.03 43251.3 35022.1 3689.31 3433 256.305 8229.17 1095.14 7134.03 6910.52 224.105 31332.8 26265.4 1899.36 359.929 24366 482.167 9518.25 555.929 8962.32 15.3615 169.419 54.8477 35.889 1539.44 2029.83 697.8 36.4089
internal_count=2046444 1827175 219269 1819799 1594310 72292 67048 5244 225489 31159 194330 187719 5186 1522018 1407891 81771 9788 1326120 11130 304979 20300 284679 504 3751 1807 1576 71983 32245 13497 1303
is_linear=0
shrinkage=0.03


Tree=190
num_leaves=31
num_cat=0
split_feature=98 78 6 38 72 23 96 78 38 51 96 115 79 62 60 76 93 115 51 59 58 53 113 90 66 27 72 92 108 15
split_gain=21.9994 20.2118 18.6145 36.7571 34.4321 19.2285 27.1711 25.453 22.2797 22.006 18.9109 17.5908 17.1879 19.9004 18.3669 19.6365 17.6069 42.7216 19.7706 33.1625 28.5192 19.5127 18.6382 18.5648 20.0117 32.433 18.2869 21.9499 18.4934 17.3353
threshold=0.10391434408288343 2.5000000000000004 2793.5000000000005 193.50000000000003 269.50000000000006 16.500000000000004 0.010127747861155794 742.50000000000011 85.500000000000014 7865.5000000000009 0.0014336983868580733 3.3650940579277404 -552.44999999999993 14.500000000000002 10060.905097299168 927.50000000000011 -4.3625509101095057 1.8963152431791224 813.50000000000011 -721.4305405065835 -1448.1499999999999 12.500000000000002 0.53428816389729561 1.2356476547900357 4.5000000000000009 76.500000000000014 40.500000000000007 2.211781936564662 4.1884324379943825e-05 5.5000000000000009
decision_type=8 2 2 2 2 2 10 2 2 2 10 10 2 2 2 2 10 8 2 2 2 2 10 10 2 2 2 10 2 2
left_child=2 -2 3 4 5 7 8 12 -7 -9 -11 -4 13 14 15 -1 17 18 20 22 -14 -22 -20 24 -19 -26 -18 28 -28 -17
right_child=1 -3 11 -5 -6 6 -8 9 -10 10 -12 -13 16 -15 -16 29 26 23 19 -21 21 -23 -24 -25 25 -27 27 -29 -30 -31
leaf_value=0.020113563991794019 -0.024200446239918086 -0.0028884718505332238 0.00012968742176656714 -0.011280555914473859 0.038291079144429391 0.0024928167584674248 0.0077649491516625733 -0.014716819610522722 -0.0086019746082450655 0.011444381180609369 -0.0042127372327062356 0.014614988227760965 0.049053104648891968 -0.0010583599388230959 0.027591277869542762 -0.013128164483858392 7.6164621144543323e-05 -0.010269848054949751 -0.003829887370186919 -0.0086197174475956834 0.0070233321526770023 0.031435790996007927 0.015225925256588134 0.013247890786942629 0.023898558924428697 -0.0082158915319282821 0.013905926342966475 0.013249175866716581 -0.011153597701637109 0.012081768652775375
leaf_weight=14.258810037747024 36.230487546767108 1571.6831991234212 147.53078648820519 250.15340620558709 16.279058157000691 689.28564962744713 698.09160730568692 162.68743470404297 207.83471700968221 71.992814744822681 717.4108746307902 149.63094212859869 18.261322521138936 1240.6509446981363 7.402385599911212 336.51716820057482 39055.179647092737 245.9034543063608 57.058640568051487 104.11730563337915 136.10940974135883 34.371743320953101 203.99534435314126 49.270973854407202 42.763526819180697 65.169167367741466 34.240176808089018 197.22719607874751 77.407898281700909 22.623793199658394
leaf_count=480 72011 123725 4092 9803 470 10043 13228 11800 7064 5186 42428 726 652 33998 184 16277 1660849 4078 2214 3780 7431 1250 4590 854 518 581 946 3246 1456 371
internal_value=3.61231e-07 -0.00344222 0.000123592 7.3482e-05 0.000138559 0.000120298 0.00334918 -1.57966e-07 -0.00011093 -0.00483759 -0.00272178 0.00754467 0.000110215 -0.00291342 -0.00886514 -0.00994289 0.000232152 0.00424201 0.00961452 0.00541347 0.0173931 0.0127007 0.0110672 -0.00316776 -0.00560636 0.00500278 0.000134138 0.00734645 -0.00320171 -0.011396
internal_weight=46661.3 1607.91 45053.4 44756.3 44506.1 44489.8 1595.21 42894.6 897.12 952.091 789.404 297.162 41942.5 1621.45 380.802 373.4 40321.1 957.021 553.914 365.171 188.742 170.481 261.054 403.107 353.836 107.933 39364.1 308.875 111.648 359.141
internal_count=2044331 195736 1848595 1843777 1833974 1833504 30335 1803169 17107 59414 47614 4818 1743755 51310 17312 17128 1692445 25948 19917 10584 9333 8681 6804 6031 5177 1099 1666497 5648 2402 16648
is_linear=0
shrinkage=0.03


Tree=191
num_leaves=31
num_cat=0
split_feature=90 8 110 76 48 79 67 108 59 55 113 85 98 58 32 96 71 94 90 110 36 89 72 108 59 64 60 52 74 115
split_gain=27.2005 17.9742 28.6894 34.6049 27.6777 22.5069 20.7884 23.6413 19.7258 19.3626 21.4088 23.0117 19.7656 19.5845 34.8476 21.6519 18.93 20.974 20.9321 21.5064 21.7667 19.7042 18.9686 22.1295 18.7867 18.3079 25.4236 24.1924 19.0441 17.4869
threshold=5.2001639344262314 -2.7999999999999989 9.1472809358581153e-05 1230.5000000000002 1.0000000180025095e-35 -229.04999999999998 1.0000000180025095e-35 0.00014120071685750959 -2971.4362124033191 12.500000000000002 2.4887685547054188 0.67858721738032102 0.021095023686137443 9505.9000000000015 954.95000000000016 0.0038409845667218929 34.500000000000007 3.3249157678819983 1.7427045524976335 5.3929373565954888e-05 214.50000000000003 3.0500883392226155 6.5000000000000009 1.5467533118897758e-05 828.44575636347463 3.5000000000000004 2637.920255022636 105.50000000000001 1.5000000000000002 0.64987159225602542
decision_type=8 2 2 2 2 2 2 2 2 2 10 10 10 2 2 10 2 10 10 2 2 10 2 2 2 2 2 2 2 10
left_child=1 -1 3 5 -4 -3 7 8 -5 10 12 24 -8 -13 15 -15 17 -11 -18 20 -20 -22 -19 -24 -12 28 -27 -28 -7 -6
right_child=-2 2 4 6 29 25 9 -9 -10 16 11 13 -14 14 -16 -17 18 22 19 -21 21 -23 23 -25 -26 26 27 -29 -30 -31
leaf_value=0.00096025684704193468 -0.021228621915356953 0.011880046909019445 -0.0059389353412468322 0.03803173122417379 -0.006019420741093154 -0.0070098689813386413 0.0042906236394153769 -0.0077498776051359384 -0.0003108562560575007 -0.0006936736372932091 0.045040220839399875 0.0020391779833279482 -0.0020714744667685919 0.011373921776620588 -0.0092432735134781487 0.075850239385129248 0.0020434725525285903 0.0014425146022400996 0.0091706735224976518 0.0026206855052909369 0.040394160538674569 -0.0082426577925496566 0.031567704821922747 0.0062916337089866346 -0.0069931389619857336 -0.00085819771531053736 0.073559546326718891 -0.010988746880736113 0.03084406302073275 -0.00065608289235211722
leaf_weight=14359.384102049866 48.99193035881035 63.884200075175613 1245.3093124846928 7.0913732121698549 591.80918820691295 1051.4166599843593 1871.3417928169947 390.34217502421234 9477.4751095608226 6492.2739092614502 24.886331521673132 121.70513781288173 570.57614526082762 10.669857929926371 12.894355771946719 7.9106212127953759 868.67576522519812 2268.8534831269644 83.26605223538354 128.47135989321396 46.491387355141342 6.9978977795690289 30.008101468905807 337.92183042084798 6.3531141094863406 31.513387674815021 4.5022523028310379 2.7962514852406457 7.2534626482520244 6597.303377749864
leaf_count=388124 60127 3736 52998 188 33278 252935 124513 33292 617076 164734 884 7416 29887 519 447 253 31451 59219 2929 4406 1729 251 1021 8549 223 3769 424 336 753 162411
internal_value=5.25061e-05 7.70917e-05 -0.000314891 0.000215547 -0.0018188 -0.00482445 0.000473677 -0.000561917 -0.000262165 0.00126699 0.00356304 0.0132889 0.00280287 0.00790538 0.0271995 0.0490873 0.000677971 0.000222874 0.0043249 0.011621 0.0196854 0.0338704 0.00247663 0.00874873 0.0349534 -0.00584628 0.0132835 0.0498687 -0.00660674 -0.00110147
internal_weight=46768.4 46719.4 32360 23925.6 8434.42 1161.37 22764.2 9874.91 9484.57 12889.3 2626.34 184.419 2441.92 153.18 31.4748 18.5805 10263 9129.06 1133.9 265.227 136.755 53.4893 2636.78 367.93 31.2394 1097.48 38.8119 7.2985 1058.67 7189.11
internal_count=2047878 1987751 1599627 1350940 248687 261953 1088987 650556 617264 438431 164142 9742 154400 8635 1219 772 274289 233523 40766 9315 4909 1980 68789 9570 1107 258217 4529 760 253688 195689
is_linear=0
shrinkage=0.03


Tree=192
num_leaves=31
num_cat=0
split_feature=102 115 78 80 93 79 93 73 52 93 62 32 113 101 113 86 10 38 59 61 50 61 64 72 61 111 115 111 53 78
split_gain=21.008 17.8057 17.4631 17.0488 47.7079 37.4041 28.101 27.5092 26.0151 25.1572 34.4825 29.6734 26.2497 24.7672 25.5004 24.4759 23.7409 23.4482 28.9691 22.7878 27.3593 22.2524 28.3679 37.7455 34.9866 36.7687 25.8949 24.3049 22.86 21.6539
threshold=0.066732154551408004 10.942434210526317 3.5000000000000004 390.31994076998342 -1.6080209944766994 -413.34999999999997 4.9365196681233838 9.5000000000000018 91.500000000000014 -4.5599389143069589 247.50000000000003 51.550000000000018 2.1669168013545761 0.014309340053551741 0.91076371285243796 0.069025072955750125 7.524131723517181 87.500000000000014 -11139.712506268525 289.50000000000006 836.50000000000011 129.50000000000003 4.5000000000000009 20.500000000000004 76.500000000000014 8.7183696024576433e-06 1.3853667149920079 5.1183454046186218e-06 11.500000000000002 222.50000000000003
decision_type=8 10 2 2 8 2 10 2 2 10 2 2 10 10 10 10 2 2 2 2 2 2 2 2 2 2 8 2 2 2
left_child=1 3 -2 4 5 -1 21 8 -6 10 12 -11 19 17 -15 -10 -8 18 -13 -7 -21 22 23 29 25 26 27 -24 -23 -5
right_child=2 -3 -4 6 7 9 16 -9 15 11 -12 13 -14 14 -16 -17 -18 -19 -20 20 -22 28 24 -25 -26 -27 -28 -29 -30 -31
leaf_value=-0.0049366249761391727 -0.021991864369313795 0.0077850597224755017 -0.0022688654945879623 0.0022742622411641923 -0.0036846028486236288 0.0070904277168778104 -0.0055884330047900645 -0.0047838012553814034 0.005996764184796886 -0.0010620872532756205 0.052691201764505348 0.025422485611701125 -0.0029187072117473358 -0.0034622581994573523 0.014695916495321489 -0.00071815821398485402 -0.00012943383451830118 -0.0098972302963442303 0.0021337969308225339 0.043800197725166815 0.0011614673694095396 -0.005205985681535282 0.021940399876906425 0.023254610568050969 0.0043499252954162515 0.014114002008080743 -0.0095062476097450953 0.095506405814121287 0.00089434167847963401 -0.01103658637501769
leaf_weight=909.08462729584426 36.121740119153401 269.27492180361878 2624.9109462734195 5645.646841514972 1885.7283902343188 472.58453503955388 757.3434254709864 2797.6646321131848 641.85384382196935 3507.9706428331556 9.4465420483611506 43.851546893361956 220.09430840035202 90.755366950295866 271.92513068579137 1992.6877368856221 12057.124954179686 138.84557908587158 3245.6709350328892 30.157361025922 22.484565768856555 589.5202918627183 11.627385084866551 71.373177921399474 271.17793571250513 100.78631713835057 3.607980351895093 8.079920291900633 7890.1261540938867 107.2962321517989
leaf_count=35190 76144 7510 127520 313939 217621 15983 114480 97074 36245 128421 202 1992 2497 3536 4218 66546 479998 5410 97807 712 681 19641 957 1321 6859 3390 204 350 173642 5873
internal_value=8.65528e-06 0.000165099 -0.00257733 0.000117364 -0.00065199 0.00081529 0.000572652 -0.00244842 -0.000999324 0.00146721 0.00666299 0.000925735 0.00573237 0.0027641 0.0101668 0.00092606 -0.000454118 0.00196732 0.00248236 0.00935091 0.0272687 0.00146762 0.0028298 0.00229662 0.0105592 0.0234332 0.054112 0.0653259 0.000467418 0.00201664
internal_weight=46724.8 44063.8 2661.03 43794.5 16280.8 8962.87 27513.7 7317.93 4520.27 8053.79 754.767 7299.02 745.321 3791.05 362.68 2634.54 12814.5 3428.37 3289.52 525.226 52.6419 14699.2 6219.6 5824.32 395.28 124.102 23.3153 19.7073 8479.65 5752.94
internal_count=2045963 1842299 203664 1834789 714135 296649 1120654 417486 320412 261459 20075 241384 19873 112963 7754 102791 594478 105209 99799 17376 1393 526176 332893 321133 11760 4901 1511 1307 193283 319812
is_linear=0
shrinkage=0.03


Tree=193
num_leaves=31
num_cat=0
split_feature=75 90 83 76 72 95 68 85 114 79 100 115 97 76 57 53 56 69 96 72 73 77 110 10 94 98 120 120 68 120
split_gain=21.9438 18.4627 26.222 25.7897 22.7455 22.5327 21.5338 21.4285 19.8303 19.0423 39.0781 33.5719 20.6832 20.9797 27.0765 21.5085 28.553 19.928 18.9645 17.9528 28.6265 21.6673 20.6445 25.3257 17.8607 17.4666 19.8577 22.2043 28.8731 25.1225
threshold=28.500000000000004 -2.611269841269841 0.46384282085761247 1556.5000000000002 1.5000000000000002 0.25082781456953646 9.5000000000000018 0.11189358372456966 8.4575581395348856 -1073.5499999999995 0.0025263162373524634 1.702899687984605 0.086972844158206233 1230.5000000000002 16.700000000000014 14.500000000000002 138.50000000000003 70.500000000000014 0.099618320610687039 6.5000000000000009 25.500000000000004 343.50000000000006 0.001458459917513627 285.82284434157623 4.8060300881737659 0.10013192612137205 9.5769230769230784 5.3461538461538476 2.5000000000000004 7.2692307692307701
decision_type=2 8 8 2 2 10 2 8 10 2 10 10 10 2 2 2 2 2 10 2 2 2 2 2 10 10 2 2 2 2
left_child=-1 3 8 5 -5 7 -6 -2 9 10 -3 19 13 14 -11 16 -16 -13 -14 -12 21 -21 23 -22 -25 26 27 28 -15 -29
right_child=1 2 -4 4 6 -7 -8 -9 -10 12 11 17 18 25 15 -17 -18 -19 -20 20 22 -23 -24 24 -26 -27 -28 29 -30 -31
leaf_value=-0.019846617678135062 -0.0048158372719065805 -0.01067120271376973 -0.011930990537791702 -0.0077594090843136022 0.00661860308540626 0.0077998139246184669 -0.010467275574696493 0.042725706137049325 0.0037392655156610753 0.0016322533989668461 -0.0055410984823785533 -0.010288945910167829 0.0011089606395074114 -0.0010247907404841155 -0.0089906895732978689 0.0045644502354170108 0.037449037754600407 0.0110622569070022 0.012110101943899438 0.074555487624369324 0.003051641183988638 -0.0019022715629830027 -0.0064027071254560142 0.034102788235174375 0.0012829647308771053 -0.0042850779107308752 -0.0010289140798891707 0.0029987023686076251 0.0036252846687857923 -0.00013295929401465763
leaf_weight=45.070524178037886 10.126355114276519 454.33720210171305 161.99039468111005 193.26365568226902 450.60183874738868 257.88976952602388 73.113465962465852 29.118022038339404 1223.039584876562 539.15303117217263 67.742116624489427 222.27538969181478 8380.5037911428371 9345.0554971458623 860.55938823576435 129.66937772417441 7.248765170457772 43.280783004127443 138.51281485625077 5.8379319151863438 93.828834719024599 4.4680570680648088 57.576824304647744 56.62930886214599 20.22172888321802 909.01778141414979 12283.920879683224 5069.2010068595409 1374.054283864738 4224.3637556091417
leaf_count=78300 973 21828 12076 7346 10544 8951 1590 3747 37786 55638 3151 2387 277737 661213 180782 9863 348 454 6431 240 6635 248 3375 2316 984 41732 360834 111917 49394 87122
internal_value=3.07632e-06 2.43621e-05 -6.47421e-05 0.00401797 0.000913328 0.0113703 0.00415689 0.0313005 -2.11993e-05 -0.000125458 -0.00415444 0.00107068 -2.94182e-05 -0.000354272 -0.00377547 -0.006692 -0.00839047 -0.00666897 0.00129483 0.00778004 0.0115988 0.0516149 0.00872438 0.0138643 0.0260729 -0.000195407 -7.96538e-05 0.00050312 -0.000427298 0.00157591
internal_weight=46731.7 46686.6 45672.5 1014.11 716.979 297.134 523.715 39.2444 45510.5 44287.5 1026.2 571.861 43261.3 34742.2 1536.63 997.478 867.808 265.556 8519.02 306.305 238.563 10.306 228.257 170.68 76.851 33205.6 32296.6 20012.7 10719.1 9293.56
internal_count=2045942 1967642 1934491 33151 19480 13671 12134 4720 1922415 1884629 41618 19790 1843011 1558843 246631 190993 181130 2841 284168 16949 13798 488 13310 9935 3300 1312212 1270480 909646 710607 199039
is_linear=0
shrinkage=0.03


Tree=194
num_leaves=31
num_cat=0
split_feature=90 22 78 9 78 78 79 122 26 14 37 121 53 19 51 15 93 109 61 93 77 77 76 66 78 79 76 98 54 109
split_gain=20.9614 18.4346 22.9285 22.8425 21.1092 36.2515 22.1756 23.2533 20.7673 21.4009 22.4229 24.5735 29.1145 24.3097 23.6281 22.7761 21.7456 20.4075 27.0699 23.7579 22.1546 32.3237 22.2582 21.4197 20.658 27.7793 30.8661 20.1242 27.8456 24.9547
threshold=3.6420526315789479 1.0000000180025095e-35 531.50000000000011 -72.48530281767539 98.500000000000014 76.500000000000014 -14.599999999999994 7376.0000000000009 2641.5000000000005 9.5000000000000018 125.50000000000001 3.5000000000000004 163.50000000000003 3.5000000000000004 38443.500000000007 7.5000000000000009 -2.9174855638022046 3.1972828587096842e-06 13.500000000000002 2.2662664486217468 12.500000000000002 27.500000000000004 1948.5000000000002 1.5000000000000002 57.500000000000007 261.65000000000003 4831.5000000000009 0.047606594939230924 5.5000000000000009 1.978216465027542e-05
decision_type=8 2 2 2 2 2 2 10 2 2 2 2 2 2 2 2 10 2 2 10 2 2 2 2 2 2 2 8 2 2
left_child=1 2 3 -1 5 6 -5 17 -3 10 11 13 -13 -10 15 -14 -17 18 -8 23 -21 22 -22 24 -20 -26 -27 28 29 -19
right_child=-2 8 -4 4 -6 -7 7 -9 9 -11 -12 12 14 -15 -16 16 -18 27 19 20 21 -23 -24 -25 25 26 -28 -29 -30 -31
leaf_value=0.002268292185607367 -0.0059193837422269312 0.0025030687790287796 -0.0043096335883536308 0.0037137673174015774 -0.0012612973077429533 0.0025937299796892598 -0.0043506012249016537 -0.0048323972451248505 -0.0031006193880704206 0.0048521448899596035 -0.0089191524208011158 -0.0030854247468464044 0.0022626196374928818 0.0087118077094111793 -0.0030495507118183888 -0.0083936511331166447 0.042322753840155852 -0.00045251569032933044 0.00088660546326232894 0.0010469956337950746 0.015680697802536159 -0.0031336909458439983 0.10544098594439882 0.028385659946717254 -0.0042451687083244405 0.080625691618975176 -0.011506667572419584 -0.0034762995539493716 0.00092633095297543376 -0.0055557899711953492
leaf_weight=3451.149391020881 523.41481625466258 5256.4549123023171 1170.6301401713863 1101.5633230710228 12631.630378716625 4751.7273370118346 143.37123734570923 1121.5067514523398 1529.1357709257863 504.42950634798035 346.43883081129752 100.97553238738328 25.886058941017836 169.8096357001923 32.200164312496781 7.0633092164061955 51.959273415617645 2536.0790440281271 192.38153095141752 11.359739755018383 6.1243573808460514 6.0909415676724157 4.7355587577912956 34.88230747776106 11.063186985440554 6.3587568365037423 3.0297724255360663 1828.9147961743874 7861.3691491802456 1302.5033221078047
leaf_count=57993 145783 111637 60002 52887 347378 108144 31765 112368 38786 11984 11705 1975 1106 2823 1790 415 1669 248610 28148 3147 894 717 727 4194 692 411 208 127865 355712 174667
internal_value=2.18236e-05 8.97655e-05 -0.000185022 -5.39805e-05 -0.000293132 0.000291529 -0.000385535 -0.000686316 0.00139639 -0.000706011 -0.00195265 -0.000673759 0.00869123 -0.00189787 0.0185561 0.0264635 0.0360719 -0.000351339 0.00612666 0.0115493 0.0355244 0.0531282 0.0757233 0.00816058 0.00427033 0.0296727 0.057227 -0.000554348 -9.63038e-05 -0.00218913
internal_weight=46724.2 46200.8 38176.5 37005.8 33554.7 20923.1 16171.3 15069.8 8024.35 2767.9 2263.47 1917.03 218.084 1698.95 117.109 84.9086 59.0226 13948.3 419.397 276.026 28.3106 16.9509 10.8599 247.716 212.833 20.4517 9.38853 13528.9 11700 3838.58
internal_count=2046202 1900419 1716529 1656527 1598534 1251156 1143012 1090125 183890 72253 60269 48564 6955 41609 4980 3190 2084 977757 70903 39138 5485 2338 1621 33653 29459 1311 619 906854 778989 423277
is_linear=0
shrinkage=0.03


Tree=195
num_leaves=31
num_cat=0
split_feature=90 76 108 92 123 93 9 111 73 63 43 85 83 73 80 71 122 83 85 58 72 36 111 51 64 85 92 76 92 72
split_gain=25.8797 27.6196 26.4384 25.4607 43.977 39.2697 34.7093 31.8218 25.2642 25.1407 24.1554 21.9892 33.2523 24.64 20.9669 23.2678 24.1952 20.9556 41.8649 42.4017 20.6524 20.4762 21.5828 22.8455 30.5821 20.3457 19.9472 29.6649 25.8387 24.2632
threshold=2.9643623234575771 1437.5000000000002 0.00016893958849430643 1.442869467780904 1.0000000180025095e-35 2.75327289909082 5.381165919282501 7.5391601972625015e-06 4.5000000000000009 1.0000000180025095e-35 1.5000000000000002 0.72974291364535271 0.020020040080160322 2.5000000000000004 937.57627939376232 1.5000000000000002 1149.5000000000002 0.087952290488511206 0.74287219629685397 676.45000000000016 41.500000000000007 573.50000000000011 0.00029281529786988027 27465.500000000004 13.500000000000002 0.22648879716981135 -1.9735431041969445 168779.50000000003 -3.691331359099586 13.500000000000002
decision_type=8 2 2 10 2 10 2 2 2 2 2 10 10 2 2 2 10 10 10 2 2 2 2 2 2 8 8 2 10 2
left_child=3 -2 -3 6 5 -5 25 8 9 -7 17 14 -13 -14 15 16 -9 18 19 -6 -15 22 -12 24 -24 -1 28 -28 29 -27
right_child=1 2 -4 4 10 7 -8 11 -10 -11 21 12 13 20 -16 -17 -18 -19 -20 -21 -22 -23 23 -25 -26 26 27 -29 -30 -31
leaf_value=-0.0062056658584645546 -0.012057857391347716 -0.00041690850159791513 -0.0098720630760702546 -0.0090949283189148376 0.029150139128282279 0.00071434086808194242 -0.0040128452391025955 0.0091471085242978891 -0.01579456120535366 0.011145291500566628 0.0076064794526351986 0.011555907184324594 -0.0052825479731666448 -0.00091720689678649061 0.00051618052845353818 0.014042088177979721 -0.016522311790740318 0.00042438190980249711 0.00095110754491339877 0.0073741380504485348 0.023795452979762759 -0.0012885205037346285 -0.0031780887747178102 -0.0065740151975680408 0.068160343717010199 8.5362756236618696e-05 -0.00091471531571909071 -0.016425779047163677 0.0022896296588637735 -0.0068099256940205169
leaf_weight=484.33257060893811 268.59114355378551 1707.6948474024248 310.4107440415537 404.43339806911536 90.783280856034253 350.58978289435618 2457.4965521168779 70.520485039800406 41.801848171046004 508.76034586498281 1040.0661557114217 165.7361108463956 1431.631283144292 4261.9765620183898 12822.176298906445 210.22361698426539 53.871265858702827 2810.750541415473 1051.1075863440055 549.12785686540883 25.658257197588682 238.11159800924361 7.1688065100461307 8.5168358110822719 12.710032717790453 2498.776900029683 6946.1047912839858 107.79828240070492 5218.0048833330511 557.68555079540238
leaf_count=24437 144200 157502 18015 16774 6934 82312 97380 5592 2993 48710 19111 16154 113434 145692 351698 12093 8837 83094 60120 19320 1023 5607 193 334 408 69409 348357 10429 162263 13647
internal_value=-9.38377e-07 -0.0031098 -0.00189204 0.000159413 0.000759596 0.000102113 -0.000699785 0.000290857 0.00578358 0.00691852 0.00306078 2.94641e-05 -0.0014941 -0.00188203 0.000711258 0.00806882 -0.00217862 0.00201424 0.00464782 0.0106655 -0.000741776 0.00664515 0.00841098 0.0323272 0.0469656 -0.000183787 8.44874e-06 -0.00116322 0.00100739 -0.00118183
internal_weight=46712.6 2286.7 2018.11 44425.9 26155.7 20347.4 18270.2 19942.9 901.152 859.35 5808.34 19041.8 5885 5719.27 13156.8 334.615 124.392 4501.77 1691.02 639.911 4287.63 1306.57 1068.46 28.3957 19.8788 15812.7 15328.4 7053.9 8274.47 3056.46
internal_count=2046072 319717 175517 1726355 1000433 805312 725922 788538 134015 131022 195121 654523 276303 260149 378220 26522 14429 169468 86374 26254 146715 25653 20046 935 601 628542 604105 358786 245319 83056
is_linear=0
shrinkage=0.03


Tree=196
num_leaves=31
num_cat=0
split_feature=95 108 93 118 93 92 105 75 58 91 82 78 71 58 77 95 8 118 122 40 108 48 50 87 82 40 71 75 101 108
split_gain=20.1855 26.5153 22.7921 40.9861 38.3368 32.9871 31.1561 29.3967 27.3395 27.4523 26.0938 25.6768 23.9995 21.1483 20.8143 20.6398 22.7636 20.3615 19.9002 19.1066 18.9612 28.5658 27.3406 25.7228 21.2992 20.4112 19.9291 18.8741 18.8053 27.3211
threshold=0.77384743706399772 2.3324089239639969e-05 1.6000690994439095 -2.2105625669818152 3.2344942538992916 -0.73547705418332832 0.045469003007170952 401.50000000000006 230.79999999999998 3.922984871528056 0.032279772500325626 68.500000000000014 3.5000000000000004 3418.3000000000006 84.500000000000014 0.59460671433765622 65.850000000000037 -0.4055558972863556 6929.5000000000009 2.5000000000000004 6.8793792018402472e-05 1.0000000180025095e-35 82.500000000000014 0.42711072390305721 0.54682730923694789 1.0000000180025095e-35 87.500000000000014 22.500000000000004 0.005489483094601926 0.001679788611599315
decision_type=8 2 10 10 10 10 10 2 2 10 10 2 2 2 2 10 2 10 10 2 2 2 2 10 10 2 2 2 10 2
left_child=2 27 5 -4 7 6 -1 8 -5 -10 -7 -9 14 18 15 -13 -17 -16 -14 -3 23 25 -23 -6 28 -22 -27 -2 -24 -30
right_child=1 19 3 4 20 10 -8 11 9 -11 -12 12 13 -15 17 16 -18 -19 -20 -21 21 22 24 -25 -26 26 -28 -29 29 -31
leaf_value=0.0015034618868509531 -0.023158294761645604 -0.004686826672926454 -0.0075849033095819933 0.0030052627780729597 0.0027009287856192741 0.00061006357374124916 -0.0015853245081173725 -0.0025989205325017378 0.017496530031985199 -0.0072818497677304209 -0.0044057573724979029 0.028723304430248446 -0.0011450780220802553 0.0054568913462511503 0.017230274590859442 -0.0064184318453988096 0.022423214282794028 -0.0064294197279149805 0.009487648930844193 -0.00094446037967709645 -0.0079174801996050714 0.0096212059832195482 -0.00078669685562789235 -0.0044043931151089236 0.018307931505725187 -0.0018936701250119349 0.028637079163082196 0.00046929474542734494 0.0043258984036222857 -0.0037968171403292401
leaf_weight=6948.4868704791879 25.631995731324423 2505.044866248063 496.8928834568942 357.91843573679216 4343.7070102373254 1352.4634974566579 5085.919211476401 727.14399702689843 332.71297509100987 42.908836103219073 3000.0609657744062 82.778548727743328 1241.5145078464411 1341.943412609864 47.037590854801238 47.480561582837254 42.620149770751595 83.625640170183033 176.48800972802565 2409.6964945802465 614.42217663512565 280.79980862373486 6123.7227945048362 508.08063098374987 52.94886509468779 1687.747891575098 14.476640980690716 4577.3487586796691 1640.3310665530153 477.60078940121457
leaf_count=240645 59823 182552 27930 13753 239006 90642 155820 27062 23922 5616 120851 1977 23847 26964 1023 1047 913 1901 2960 60864 62307 15459 139532 18642 866 68299 286 391220 31180 7475
internal_value=-9.12419e-05 -0.00132353 0.000224588 0.00088459 0.00109405 -0.000611758 0.000197978 0.00352637 0.00900507 0.0146075 -0.00284828 0.0024557 0.00365773 0.00276485 0.0115999 0.0182834 0.0076861 0.00240898 0.000206984 -0.00285477 0.000394196 -0.00030078 0.000498159 0.00195309 0.000183703 -0.00325287 -0.00155091 0.000312737 5.62338e-05 0.00248957
internal_weight=46669.6 9517.72 37151.8 20764.9 20268 16386.9 12034.4 4524.17 733.54 375.622 4352.52 3790.63 3063.49 2759.95 303.542 172.879 90.1007 130.663 1418 4914.74 15743.8 10892.1 8575.4 4851.79 8294.6 2316.65 1702.22 4602.98 8241.65 2117.93
internal_count=2044384 694459 1349925 741967 714037 607958 396465 130985 43291 29538 211493 87694 60632 53771 6861 3937 1960 2924 26807 243416 583052 325404 194512 257648 179053 130892 68585 451043 178187 38655
is_linear=0
shrinkage=0.03


Tree=197
num_leaves=31
num_cat=0
split_feature=98 78 95 76 110 108 11 37 114 6 64 78 80 75 80 109 73 90 70 86 76 67 92 67 101 41 80 109 101 19
split_gain=22.3488 23.4395 18.8799 33.3416 36.6211 21.2282 26.0098 32.6236 25.4957 26.4796 23.8976 23.1816 25.2563 29.4117 29.3428 23.9601 27.1503 34.3588 21.8273 21.3981 20.4847 34.4308 20.3965 20.1377 27.8277 24.3552 19.7435 26.4647 19.7272 19.0124
threshold=0.1115257048092869 4.5000000000000009 0.72085347612131201 566.50000000000011 0.00048776408950885699 0.0014488248140914369 12.500000000000002 12.500000000000002 2.9571834415584424 114.50000000000001 13.500000000000002 107.50000000000001 -1146.5963737877416 446.50000000000006 439.12253549912265 1.0271829975524789e-05 2.5000000000000004 -0.71200235725510741 6.5000000000000009 0.86453119786453125 138836.00000000003 76.500000000000014 -4.3364157099217007 29.500000000000004 0.001419698716501661 25.500000000000004 -946.70753091667677 8.1250122619474958e-06 0.087194107864100742 3.5000000000000004
decision_type=8 2 10 2 2 2 2 2 8 2 2 2 2 2 2 2 2 10 2 10 2 2 10 2 10 2 2 2 10 2
left_child=2 -2 3 4 -1 6 11 -8 -7 -10 -9 12 13 -5 15 16 17 -14 19 -16 22 -22 -12 24 -24 29 27 -19 -17 -25
right_child=1 -3 -4 5 -6 8 7 10 9 -11 20 -13 14 -15 18 28 -18 26 -20 -21 21 -23 23 25 -26 -27 -28 -29 -30 -31
leaf_value=0.0055720429239742601 -0.024014906424731659 -0.0030355740585867774 -0.00086641775731440766 0.013068995135561095 0.043353112935642389 -0.0050096265218341537 0.0027527566722099729 -0.0014917241404975468 -0.0035755190577874776 0.012410430290701721 -0.0078635356439917363 -0.0021249458787198478 0.024564602319608001 0.0020680440787960597 0.0018381409452519176 4.3273553829782454e-05 -0.0082489921059546462 0.02216704486452591 -0.0048708885693149358 -0.015893381999655315 -0.013535689594562453 0.0033626624840790444 0.0059531983920791736 0.0094241491978154703 -0.0040157419465383683 0.0014281624679166882 -0.0035842507076389884 -0.01943896777062595 0.02696718966889362 0.025685536926162034
leaf_weight=83.617034557129955 44.877103029837599 1339.8581349805463 13716.590466671129 268.32073656923603 27.919030222925358 1235.1980144276749 8155.1610960803227 4083.5390359950252 194.73929700592998 170.99888188391924 125.3435329515487 4363.1434220646042 40.122565214871429 1108.9525190771092 5677.2388783141214 1441.7657082441729 925.93471039726865 53.075728869065642 497.88998165633529 56.964297673024703 177.51576651120558 263.95913527719676 577.64864401426166 400.50728225056082 439.51954286685213 307.85334172938019 814.57827312470181 13.801965703722088 19.916008411208168 76.009492235723883
leaf_count=27934 84332 102093 716866 9713 1429 29602 191117 71990 1964 927 1846 145441 2279 30831 333004 58858 51320 3653 14470 4429 13221 14921 14857 11190 11028 4710 90139 667 590 1292
internal_value=-5.20927e-05 -0.00379944 6.2818e-05 0.000466228 0.0164835 0.000406887 0.000587336 0.0014923 -0.00295334 0.0039652 -0.000101799 -0.000277886 0.000460849 0.00425077 -8.81619e-05 -0.00236921 -0.00463508 -0.000979172 0.00112399 0.0016483 0.00229281 -0.00350761 0.00362741 0.00444645 0.00164704 0.0080433 -0.00227388 0.0128256 0.000500805 0.0122578
internal_weight=46702.6 1384.74 45317.8 31601.2 111.536 31489.7 29888.8 14607.1 1600.94 365.738 6451.9 15281.7 10918.6 1377.27 9541.29 3309.19 1847.51 921.579 6232.09 5734.2 2368.36 441.475 1926.88 1801.54 1017.17 784.37 881.456 66.8777 1461.68 476.517
internal_count=2046713 186425 1860288 1143422 29363 1114059 1081566 336172 32493 2891 145055 745394 599953 40544 559409 207506 148058 96738 351903 337433 73065 28142 44923 43077 25885 17192 94459 4320 59448 12482
is_linear=0
shrinkage=0.03


Tree=198
num_leaves=31
num_cat=0
split_feature=112 61 37 11 6 95 83 36 109 114 21 62 110 67 97 108 83 80 34 105 120 11 75 75 109 72 62 80 52 75
split_gain=16.1474 18.8935 19.877 29.8745 20.8884 21.8776 23.8307 21.2843 27.9671 26.3683 18.8848 18.6962 31.9104 17.9732 27.7848 17.4776 31.8588 27.4521 26.0766 23.3246 21.5801 23.4545 20.5528 25.9016 24.6189 24.4752 29.643 37.9894 22.4306 30.8137
threshold=8.7819442479128362 2.5000000000000004 7.5000000000000009 12.500000000000002 106.50000000000001 0.53848839082723199 0.15818454134066987 953.50000000000011 0.0001621175832627267 3.3726851851851856 11.500000000000002 210.50000000000003 0.0003844392745911643 195.50000000000003 0.096665506126528841 5.9946521129599311e-05 0.10374041876427471 613.87462062351733 -91.783931930414653 0.35307172964303041 7.0384615384615392 5.5000000000000009 242.50000000000003 497.50000000000006 1.6927130320037777e-05 14.500000000000002 5.5000000000000009 1636.6464137371875 53.500000000000007 216.50000000000003
decision_type=10 2 2 2 2 10 10 2 2 10 2 2 2 2 10 2 10 2 2 10 2 2 2 2 2 2 2 2 2 2
left_child=1 -1 3 15 -4 6 13 8 10 -9 11 -7 -13 -6 -15 17 -17 -3 -19 20 21 -18 24 25 28 26 27 -24 -20 -30
right_child=-2 2 4 -5 5 7 -8 9 -10 -11 -12 12 -14 14 -16 16 19 18 22 -21 -22 -23 23 -25 -26 -27 -28 -29 29 -31
leaf_value=-0.014606781448841323 0.0069987481959988213 -0.00087674739075568637 -0.0015318378884873554 0.0018510277522479483 0.0071818534242420575 0.00021671803491261991 0.00036050074860065979 -0.0087163434124469513 0.0045092017235315177 0.0071081423082785377 -0.0052606273059546595 0.053015430884425403 -0.010201485559588235 0.040545641414536135 -0.0051774039751655426 -0.0041899340974469118 -0.00030809946022496918 0.017096953036692664 -0.0012695255850150018 0.017568341257419511 -0.0035214852589066864 0.0084121919291464571 0.010333446412852923 0.00019537181816741949 -0.0094474816347300591 0.021763876446707704 0.00014596002342032196 0.001502720109912446 0.046036033901267148 0.001225599020898864
leaf_weight=74.371395694441162 295.10495676440769 8433.4439681682561 11116.210541552398 9853.1237581874593 479.60151585331187 1361.5177579466254 596.22585380682722 464.01510784798302 1115.7772360299714 114.72440599277616 724.27423308230937 10.846143506001683 10.670981608796863 31.289790862239897 16.304907861165702 2374.5080971819698 770.60871911555296 91.61623936984688 352.15857871746994 67.908815539325587 796.96113436436281 428.59295071527595 904.42527982787578 3636.9865021231817 324.82436180661898 62.798845237586647 1338.4396435429808 850.41723683496821 17.789457721053623 35.777007310418412
leaf_count=82342 8736 547576 249841 268816 8160 18352 11610 19664 25645 641 7796 490 132 1028 609 194102 43141 2730 46401 3164 26300 13792 97276 151123 55074 1499 54009 99588 2655 4473
internal_value=6.22846e-05 1.74735e-05 4.24948e-05 0.000494054 -0.00081146 0.000814327 0.00448251 -0.00027407 0.00067958 -0.00554542 -0.001354 0.00070342 0.0256522 0.00909707 0.0258788 -0.00015886 -0.00182391 0.000302067 0.00160726 0.000901513 0.000292034 0.00283051 0.00140741 0.00192204 -0.00335847 0.00390835 0.00351131 0.0060704 0.00157207 0.0187669
internal_weight=46751.3 46456.2 46381.8 30340.4 16041.5 4925.25 1123.42 3801.83 3223.09 578.74 2107.31 1383.03 21.5171 527.196 47.5947 20487.3 4438.58 16048.7 7615.23 2064.07 1996.16 1199.2 7523.62 6793.07 730.549 3156.08 3093.28 1754.84 405.725 53.5665
internal_count=2046765 2038029 1955687 1611719 343968 94127 21407 72720 52415 20305 26770 18974 622 9797 1637 1342903 280499 1062404 514828 86397 83233 56933 512098 403495 108603 252372 250873 196864 53529 7128
is_linear=0
shrinkage=0.03


Tree=199
num_leaves=31
num_cat=0
split_feature=90 59 56 79 60 34 18 22 64 110 26 122 33 80 78 79 75 109 122 26 69 76 64 109 80 80 74 93 111 79
split_gain=18.9998 38.5427 23.8046 35.0409 17.9995 23.5483 23.2112 20.3126 23.7394 23.3154 21.5712 19.9868 18.795 18.0213 21.7114 25.4081 26.0794 30.1121 28.6956 26.0055 25.4699 22.892 20.9981 22.5624 20.9846 37.9805 30.7141 28.6316 28.961 27.2761
threshold=2.9643623234575771 -24.952440697458691 8.5000000000000018 563.95000000000016 8598.4435831221654 2551.313865105998 12.500000000000002 1.0000000180025095e-35 13.500000000000002 0.00032316295499310656 740.50000000000011 1222.5000000000002 -1350.2999999999995 3421.3047006449856 58.500000000000007 478.55000000000013 720.50000000000011 0.0001621175832627267 2498.5000000000005 429.50000000000006 1.5000000000000002 4693.5000000000009 9.5000000000000018 3.0184751941373145e-05 414.78357679941467 -495.65946305515104 16.500000000000004 4.7009758094684218 1.2088590177853965e-05 -413.34999999999997
decision_type=8 2 2 2 2 2 2 2 2 2 2 8 2 2 2 2 2 2 8 2 2 2 2 2 2 2 2 10 2 2
left_child=4 2 3 -2 13 7 -7 9 10 12 -9 -12 -6 24 -15 20 19 18 -18 -17 -16 -19 23 -20 25 29 -27 -26 -29 -1
right_child=1 -3 -4 -5 5 6 -8 8 -10 -11 11 -13 -14 14 15 16 17 21 22 -21 -22 -23 -24 -25 27 26 -28 28 -30 -31
leaf_value=-0.0045565481893411657 -0.010839695077568415 -0.0047633477938938042 0.0016555616029135861 0.030598308080596055 -0.0048957266693899154 -0.0030975812815939182 0.0099966610647122898 0.0099140112983738728 0.0105109853234978 -0.0025973782185993201 0.02745289536686623 0.00019356280263772653 0.002556681594082968 -0.0060438454689448508 -0.0082329536524848833 0.013296259171804917 0.032533582011405493 -1.942461786987151e-05 -0.0041791501539780469 -0.0078625163681030202 0.0019497484506554386 -0.007915889798623647 -0.010895624501470694 0.0038721529051112514 0.0020742930497553874 -0.0034082455118637435 0.049289755785137071 0.0038196637490524555 -0.0020155050671174768 0.00055618237239015832
leaf_weight=1015.2659317331854 22.843845067691291 1781.5989692861913 408.27840799512342 58.554669457807904 322.77279413724318 1487.6621452493127 127.8086361438036 290.39299279684201 464.05203388910741 1226.8007228579372 19.755048985593021 1098.8618880498689 4373.9627311340882 898.92674989131046 712.44305981928483 231.92871859623119 21.97456034226343 648.17360466485843 394.40092151705176 63.454121196642518 317.15917896758765 669.0490182666108 113.20823903661221 1454.9643631749786 8073.9139798843826 3767.2869373883004 4.9995645564049473 951.26344002911355 3835.1524127843441 11802.609436177911
leaf_count=39704 3317 288738 19034 8640 5136 34425 1681 6565 10432 25037 377 17276 109122 48017 22614 6113 586 13971 11229 901 8732 19360 2799 35131 307857 287299 34 124143 211601 376021
internal_value=-4.31804e-05 -0.00271634 0.00470419 0.0190148 9.38914e-05 0.00125808 -0.00203398 0.00194107 0.00466012 0.00107809 0.00270281 0.00079499 0.00203987 -0.000219527 -0.00179081 -0.000958861 0.000232454 -0.00053669 0.00179622 0.00869572 -0.00510201 -0.004045 0.00137026 0.00214847 7.55405e-05 -0.000629443 -0.00327325 0.000984879 -0.000853034 0.000149599
internal_weight=46659.5 2271.28 489.677 81.3985 44388.2 9412.07 1615.47 7796.6 1873.06 5923.54 1409.01 1118.62 4696.74 34976.2 5525.68 4626.76 3597.15 3301.77 1984.55 295.383 1029.6 1317.22 1962.57 1849.37 29450.5 16590.2 3772.29 12860.3 4786.42 12817.9
internal_count=2045892 319729 30991 11957 1726163 210051 36106 173945 34650 139295 24218 17653 114258 1516112 169453 121436 90090 83076 49745 7014 31346 33331 49159 46360 1346659 703058 287333 643601 335744 415725
is_linear=0
shrinkage=0.03


Tree=200
num_leaves=31
num_cat=0
split_feature=93 96 8 120 76 103 1 9 72 86 118 30 85 40 59 56 85 63 80 116 99 122 58 79 59 87 25 93 109 93
split_gain=20.5552 19.1108 17.8933 28.5929 23.3768 20.459 20.0949 19.9211 24.4399 24.079 35.5293 21.8516 19.7996 19.4528 20.2601 18.8754 18.2726 17.3631 16.9637 16.8415 17.3466 16.7191 16.4701 16.1077 22.8379 20.0746 21.5949 18.4748 16.0429 15.7133
threshold=6.5851634065462816 0.012501260334744911 -1.0000000180025095e-35 73.423076923076948 566.50000000000011 0.032247665397974259 6567.5000000000009 -77.572056169743533 42.500000000000007 0.20590087420358574 -2.2105625669818152 62.500000000000007 0.88714322151737313 55.500000000000007 -1409.9759855778273 2082.5000000000005 0.50017325017325021 8.5000000000000018 -6265.3831403137119 0.63452380952380982 0.014927515737419707 30217.000000000004 -693.3499999999998 -552.44999999999993 6679.5493832844268 0.23851228605804672 789.50000000000011 5.4413355443253124 2.4385954872409279e-05 -4.3625509101095057
decision_type=8 8 2 2 2 8 2 2 2 10 10 2 10 2 2 2 10 2 2 8 10 10 2 2 2 10 2 10 2 10
left_child=2 22 4 7 -1 19 23 9 18 10 12 15 -4 14 29 16 -10 28 -9 20 -5 -11 -2 -6 -25 -26 27 -27 -16 -12
right_child=1 -3 3 5 6 -7 -8 8 11 21 13 -13 -14 -15 17 -17 -18 -19 -20 -21 -22 -23 -24 24 25 26 -28 -29 -30 -31
leaf_value=0.017265768162736145 0.022970964899916384 -0.011108400118749518 0.018832886817173686 -0.0053734483181640969 -0.0021406981285817315 -0.010829554739664869 0.0086394817572367898 -0.0081912466752410481 0.002487303736004975 -0.0012544625470708671 0.027759757406025608 -0.00084591555302769442 -0.012894960611361523 -0.01397925519032203 0.00094829227584033353 -0.0070071044830374062 0.03244072446834495 -0.0018369565470490754 -0.0004438373087744293 -0.010997600239595139 0.0095200352648231942 0.021433396232285819 -0.002527107109019613 0.00087142886337325553 0.0048078405734078644 0.051700342615556963 0.003963403372055363 0.0029206453702062584 0.016504537883311524 0.0068291235500345434
leaf_weight=73.608527911070269 18.432301763212308 256.69475982451695 189.40013787674252 123.30456509324722 1591.3659779797308 387.78495342889801 287.72816487262025 251.80713379010558 26.285684964619577 1364.0135101019405 30.536597250029445 93.70975327026099 16.010689663351513 54.223277975805104 141.19327869743574 18.983931739814579 63.093868837691844 624.66681281849742 26937.288776550995 104.77930066781119 151.80250776046887 24.876587402075529 877.72706082815421 12201.842940306873 195.45741905132309 22.730913993436843 29.373404538724571 10.17946326965466 99.163982623023912 471.71560266707093
leaf_count=8437 601 69645 3647 8833 42657 27404 4798 14094 659 24214 515 1352 585 731 3897 873 1840 12790 1369090 6644 6067 502 93056 325088 4539 488 474 218 1719 11307
internal_value=-2.50436e-05 -0.00397243 7.52071e-05 -0.000328917 0.000949163 -0.00602801 0.000859411 -0.000184067 -0.000438977 0.00212806 0.00459919 0.00982876 0.0161122 0.00288488 0.00360217 0.0186901 0.0242302 0.000805888 -0.000517081 -0.00104961 0.00286793 -0.000772672 -0.00187812 0.000697078 0.00106024 0.00981207 0.0239919 0.0389875 0.00757187 0.00836278
internal_weight=46739.8 1152.85 45586.9 31174.6 14412.3 767.671 14338.7 30407 27391.2 3015.8 1626.91 202.073 205.411 1421.5 1367.28 108.363 89.3796 865.024 27189.1 379.886 275.107 1388.89 896.159 14051 12459.6 257.741 62.2838 32.9104 240.357 502.252
internal_count=2046764 163302 1883462 1496763 386699 48948 378262 1447815 1387908 59907 35191 4724 4232 30959 30228 3372 2499 18406 1383184 21544 14900 24716 93657 373464 330807 5719 1180 706 5616 11822
is_linear=0
shrinkage=0.03


Tree=201
num_leaves=31
num_cat=0
split_feature=90 111 118 111 92 113 62 62 33 70 69 94 78 77 78 67 80 10 100 70 85 78 67 27 105 111 65 55 54 52
split_gain=20.5996 17.7869 29.6511 28.6019 21.6346 19.9745 19.9464 19.2086 19.3224 19.095 17.1366 20.9256 21.9558 20.2096 21.7348 21.8515 21.7225 21.5361 20.7826 22.677 19.939 18.185 20.8826 19.3571 23.3023 19.0749 25.5633 18.7142 18.7057 17.7721
threshold=4.5254573643410856 6.7520683699507573e-06 1.3509288362950773 1.8714056730156489e-06 6.5092800460562028 0.15487722659853811 10.500000000000002 2.5000000000000004 180.15000000000006 1.5000000000000002 2.5000000000000004 5.8120498657247639 257.50000000000006 45.500000000000007 43.500000000000007 3.5000000000000004 1981.3252559400523 80.90059269017145 0.0095816042990219483 1.0000000180025095e-35 0.81766330841728962 742.50000000000011 15.500000000000002 23.500000000000004 0.13334998334998338 2.0874996662811208e-05 7.5000000000000009 41.500000000000007 131.50000000000003 156.50000000000003
decision_type=8 2 8 2 8 10 2 2 2 2 2 10 2 2 2 2 2 2 10 2 10 2 2 2 10 2 2 2 2 2
left_child=1 3 5 7 6 9 -5 -1 -9 -3 21 13 20 14 15 -12 -16 -18 -15 -20 -13 22 -7 24 -24 28 -27 -28 -25 -19
right_child=-2 2 -4 4 -6 10 -8 8 -10 -11 11 12 -14 18 16 -17 17 29 19 -21 -22 -23 23 25 -26 26 27 -29 -30 -31
leaf_value=-0.0024515061866528139 -0.013061915920122635 -0.0024243117061358492 -0.0035560461819300797 0.0025326790043078192 0.012626199694621608 -0.00038386888365186044 -0.01445327978479204 -0.0051022718029150177 0.022075841074360593 -0.018406701860269988 -0.007896223703139596 0.002895674264263843 -0.011487045528862146 0.00019856011561091548 0.0048197386583099982 0.018636765382820959 0.036975396100283345 0.0021781100794243317 0.013761629800753562 0.0027873989317859543 -0.011436994391118841 -0.0064541159779879058 0.0057516977412379088 -0.013079655761878558 0.045073010113093941 0.028021269609066014 0.01216025854468385 0.0015014354390724192 0.016453489934854949 0.021084505694011629
leaf_weight=1705.8446292062872 103.22813228276209 213.53021179308416 2225.8387378340121 4482.1046114337514 185.59698921773816 27138.630363930075 58.188446573913097 36.619799874897581 53.836887497454882 94.511004525644239 151.44908745773137 404.23532261815853 215.98379676695913 5056.1215007321443 491.88054061634466 29.114602215355262 33.621541758067906 92.732344284653664 186.5453457259573 1517.1645363841671 106.06429377559107 417.76575867645442 42.370176589116454 110.89610297838226 16.286625819280744 32.210997530724853 163.9295398062095 1229.271819642745 18.717355960980058 83.865611974149942
leaf_count=347866 75672 21870 139924 296448 25894 854694 2451 4008 4677 7944 7763 8783 8637 134226 9332 757 1008 1645 3685 33361 3377 23775 1119 1850 371 463 2321 21948 210 1121
internal_value=1.11361e-05 4.1497e-05 -0.000195027 0.00149375 0.0027178 3.08364e-06 0.00229933 -0.00172521 0.0113823 -0.00754359 6.60075e-05 0.00126227 -0.00358778 0.00172523 0.00598185 -0.00323108 0.00835729 0.0163303 0.00116541 0.00402576 -0.000165398 -0.000277353 -0.0001865 0.00312376 0.0193524 0.00245153 0.00346061 0.00279459 -0.00836208 0.01149
internal_weight=46698.2 46594.9 40072.7 6522.19 4725.89 37846.9 4540.29 1796.3 90.4567 308.041 37538.9 8368.78 726.283 7642.5 882.664 180.564 702.1 210.219 6759.83 1703.71 510.3 29170.1 28752.3 1613.68 58.6568 1555.03 1425.41 1393.2 129.613 176.598
internal_count=2047200 1971528 1290184 681344 324793 1150260 298899 356551 8685 29814 1120446 213695 20797 192898 21626 8520 13106 3774 171272 37046 12160 906751 882976 28282 1490 26792 24732 24269 2060 2766
is_linear=0
shrinkage=0.03


Tree=202
num_leaves=31
num_cat=0
split_feature=10 31 122 99 102 59 70 80 43 89 38 30 98 78 75 27 122 31 86 80 51 57 115 59 100 78 78 51 78 79
split_gain=22.1996 25.125 18.3722 22.0616 23.9877 19.9642 27.9345 23.2888 20.6507 20.5355 19.377 18.9484 18.4582 21.7212 22.1383 18.3017 17.3938 18.1294 28.606 21.6472 24.4338 21.3219 17.1896 17.2354 17.0181 22.6551 42.784 19.8501 24.3723 20.6966
threshold=-33956.170151321108 3585.5000000000005 2182.5000000000005 0.017915797357299527 0.0015163010990021616 -11139.712506268525 28.500000000000004 -19518.081088893174 4.5000000000000009 1.5264525072324011 11.500000000000002 196.50000000000003 0.1115257048092869 37.500000000000007 476.50000000000006 19.500000000000004 608.50000000000011 37.500000000000007 0.26565382841328417 1702.8549453654134 293.50000000000006 774.25000000000011 6.0722943722943734 -2971.4362124033191 0.013426916111479873 107.50000000000001 69.500000000000014 7500.5000000000009 828.50000000000011 922.54999999999995
decision_type=2 2 8 10 10 2 2 2 2 10 2 2 8 2 2 2 10 2 10 2 2 2 10 2 10 2 2 2 2 2
left_child=-1 2 3 16 10 6 8 -7 -4 -8 -5 -11 24 -14 15 -15 -2 18 -18 20 -20 -19 -3 -24 25 26 -9 28 -27 -29
right_child=1 22 5 4 -6 7 9 12 -10 11 -12 -13 13 14 -16 -17 17 21 19 -21 -22 -23 23 -25 -26 27 -28 29 -30 -31
leaf_value=0.0074510081330626428 -0.0087711915985035482 -0.010435435082018564 0.062546615028469837 0.027671718572214815 0.0041300499917449078 -0.010076497873102086 -0.0061611502556399925 -0.00061917921830220528 0.00013163101185925994 0.039056646295876796 0.001983499995717944 -0.013015950284961893 -0.0092655606655866057 0.0083676653877968223 -0.0044940120208436119 -0.0089264683083058322 0.00039678932804212546 -0.0069618081537270674 0.015289613584883403 0.0078469277457830309 0.069256621726484807 0.012005440581595625 -0.011467647065389466 0.010011321059033121 0.0014509544615842836 -0.0015858434564513582 0.0021310702123772335 0.006796468175124774 -0.01775497584681773 -2.7360616924418403e-05
leaf_weight=349.95895549445413 135.41346577738295 341.58936960017309 10.301046508364381 87.112927929090802 241.61771712114569 205.64821524918079 52.104092415655032 13762.538528009638 6.9631274431012562 16.665682667866353 38.205016566440463 6.003363386495038 408.08242967218393 277.41686128347646 591.64915559999645 64.061165225692093 104.95599334058352 187.83223682804964 21.131630583666265 39.488008886575699 11.434555818792431 68.817222070880234 48.463419856503606 85.950222799554467 6447.3310300941812 11556.286690133391 8072.72924319515 458.11272528627887 79.570436865556985 2936.1570990378968
leaf_count=6071 8143 12179 529 2680 6328 15711 3450 1025968 359 853 849 306 141873 17256 17470 1346 14614 4145 2505 1259 425 2154 350 546 169412 309818 174777 12540 5336 87401
internal_value=-2.29232e-05 -8.01348e-05 -8.6367e-06 0.00414001 0.00982203 -9.54731e-05 0.0134973 -0.000124862 0.0430559 0.00440177 0.0202169 0.0254064 -7.79082e-05 -0.00353741 -0.000996295 0.00504129 0.000422632 0.00336073 0.0106064 0.0244872 0.0409343 -0.00174376 -0.00690095 0.00213345 2.96136e-05 -0.000219125 0.000397872 -0.00111531 -0.00170399 0.00090227
internal_weight=46713.6 46363.6 45887.6 936.009 366.936 44951.6 92.0373 44859.6 17.2642 74.7731 125.318 22.669 44653.9 1341.21 933.127 341.478 569.073 433.66 177.01 72.0542 32.5662 256.649 476.003 134.414 43312.7 36865.4 21835.3 15030.1 11635.9 3394.27
internal_count=2046653 2040582 2027507 43102 9857 1984405 5497 1978908 888 4609 3529 1159 1963197 177945 36072 18602 33245 25102 18803 4189 2930 6299 13075 896 1785252 1615840 1200745 415095 315154 99941
is_linear=0
shrinkage=0.03


Tree=203
num_leaves=31
num_cat=0
split_feature=98 93 71 111 115 42 116 108 80 86 78 80 80 78 76 80 112 103 62 83 52 72 91 61 109 93 77 90 63 75
split_gain=20.2432 20.5656 19.9614 19.6008 19.471 18.927 17.1706 21.0919 23.8163 18.9641 17.3673 20.5184 19.8186 16.6495 16.5707 16.1568 15.8183 15.5721 15.5705 16.9708 15.9151 15.4013 20.9282 16.7586 14.6875 15.3171 15.9546 14.6802 28.2321 39.4609
threshold=0.098126750700280124 5.3511457129733371 3.5000000000000004 0.00026701604603903832 1.9834085406119306 11.500000000000002 1.6725069633322491 5.2692925689512094e-05 299.80861321549435 0.2667104686815594 31.500000000000004 -495.65946305515104 -132.13452498288603 27.500000000000004 1215.5000000000002 3499.0295304598426 0.48156979429906804 0.22234964322120288 3.5000000000000004 0.11009554043380522 166.50000000000003 26.500000000000004 -4.5836309523809513 131.50000000000003 3.1972828587096842e-06 2.312917691088296 40.500000000000007 -2.611269841269841 4.5000000000000009 254.50000000000003
decision_type=8 8 2 2 8 2 8 2 2 10 2 2 2 2 2 2 10 10 2 10 2 2 10 2 2 10 2 10 2 2
left_child=6 3 -3 4 -2 -6 27 8 10 13 12 -12 14 -9 -8 17 18 -11 -16 20 -20 22 -10 -23 25 -24 -27 28 29 -1
right_child=1 2 -4 -5 5 -7 7 9 21 15 11 -13 -14 -15 16 -17 -18 -19 19 -21 -22 23 24 -25 -26 26 -28 -29 -30 -31
leaf_value=0.051446485808657925 -0.00072883691118424021 -0.015325305534938632 -0.001965135604122265 0.0090042694861958757 -0.012506289640994673 0.016940541379080971 -0.013546125019742236 -0.013764229740291496 -0.0096196605753442171 0.0044735694860456362 -0.0016633107913568122 -0.0081158174542529399 -0.0041686793408187133 -0.0044087833631564115 0.0085128189291277679 -0.0053425808458859771 -7.9301157641036338e-05 -0.0093326037380482806 0.049194786912251688 0.0077021202161005964 -0.0053095868901705577 0.0399138255934487 -0.0012587642296832873 0.0044013712282760303 0.0014993473892377465 0.032112279956831274 -0.0083915546711690568 0.00029331558697146633 0.0030750567845560569 -0.0029360955365301325
leaf_weight=21.605730796523858 976.8626709546952 211.95577620642143 190.87610506440978 140.6228946124902 226.60464195944951 17.160533322021365 25.631410135654733 197.8452000466059 145.11093610234093 535.56721410038881 2009.2629253717605 565.66884543211199 207.05090896616457 1176.33576044254 127.45759151614038 359.85805629822426 94.988236101577058 80.339372897462454 25.576075428863991 26.61038023699075 4.641791103873401 14.349360227584837 34.331097301648697 35.17914589587599 2948.3739749189699 37.835629125213018 8.7527594835846667 35622.327659756324 573.87749377358705 20.955899775377475
leaf_count=1647 84928 88379 6958 4700 17745 109 4203 56470 11044 22531 83068 31164 51441 50096 20652 10865 9956 3570 2634 2897 388 372 6405 1041 228761 8507 1027 1224442 10007 712
internal_value=-3.77349e-05 -0.00318545 -0.00909649 -0.00140933 -0.00264087 -0.0101345 8.62784e-05 -0.00111339 -0.000209107 -0.00353627 -0.00209082 -0.0030938 0.00293488 -0.00580073 0.0077481 -0.00033388 0.00990634 0.00261203 0.0149195 0.0274382 0.0412572 0.00159307 0.00131935 0.0174065 0.00185835 0.0140903 0.0244269 0.000373104 0.0049444 0.0271766
internal_weight=46663.6 1764.08 402.832 1361.25 1220.63 243.765 44899.5 8660.77 6310.82 2349.95 3086.89 2574.93 511.956 1374.18 304.905 975.765 279.274 615.907 184.286 56.8282 30.2179 3223.93 3174.4 49.5285 3029.29 80.9195 46.5884 36238.8 616.439 42.5616
internal_count=2046719 202819 95337 107482 102782 17854 1843900 607092 463560 143532 206403 114232 92171 106566 40730 36966 36527 26101 26571 5919 3022 257157 255744 1413 244700 15939 9534 1236808 12366 2359
is_linear=0
shrinkage=0.03


Tree=204
num_leaves=31
num_cat=0
split_feature=90 62 122 75 76 122 78 122 118 79 79 29 46 52 60 109 62 70 77 85 118 93 26 93 77 44 83 76 80 118
split_gain=20.1916 16.5602 36.0245 38.1645 48.2349 44.5563 41.8895 29.9426 29.6511 28.5986 28.2926 24.3399 24.5622 23.8044 28.8927 22.1131 24.8851 21.7814 21.4339 28.808 23.3975 21.043 20.6213 20.7838 20.4918 19.6358 19.0262 20.4267 18.8229 33.2428
threshold=4.3362926829268309 5.5000000000000009 6562.5000000000009 162.50000000000003 1087.5000000000002 1222.5000000000002 51.500000000000007 20175.500000000004 0.58866554483557021 -552.44999999999993 7614.3500000000004 1.5000000000000002 1.5000000000000002 301.50000000000006 -1246.2810963755066 9.9488747611092638e-06 10.500000000000002 51.500000000000007 7.5000000000000009 0.33360345759049165 -0.44269827033681169 4.2460576312464982 182.50000000000003 -4.3625509101095057 4.5000000000000009 8.5000000000000018 0.32263784031114168 15219.500000000002 2107.808926873146 -2.3949808448816277
decision_type=8 2 10 2 2 10 2 8 8 2 2 2 2 2 2 2 2 2 2 8 8 8 2 10 2 2 10 2 2 10
left_child=1 2 3 5 6 18 -5 9 -4 -3 17 12 -8 -12 -15 16 -9 24 21 -20 -21 -1 23 -18 -6 26 27 28 -26 -30
right_child=-2 7 8 4 10 -7 11 15 -10 -11 13 -13 -14 14 -16 -17 22 -19 19 20 -22 -23 -24 -25 25 -27 -28 -29 29 -31
leaf_value=0.034505094759458163 -0.011286773600306383 -0.0038950734820502393 -0.0014088463208453497 -0.0096890108943519793 -0.0089261109656460103 -0.00068246080758265534 0.036433172096340546 -0.0060921133947508194 -0.013956651268056019 0.0030146231118891253 -0.014828881003990817 -0.0065797629939966804 -0.0065861556618562831 -0.0043461503533833001 0.058691821438863923 -0.00037716681899708246 0.01692196185484842 0.038649295278084354 0.0054140590674741831 0.0092256823818523334 0.07882339151788896 -0.011843861906776651 -0.0041608038947185304 0.0014470501868217793 0.0031215464108075054 0.025705037836514576 -0.0078215680879950081 -0.0055054506782443551 -0.014486488880882848 0.00089238918231467719
leaf_weight=11.715465866436714 136.99406346140313 624.19748155493289 604.50383321664413 552.75663267367054 156.57981752662454 61.958619359938893 36.604339618934318 1335.1882287770277 231.26187410159037 3780.9812792944722 6.453201632481071 34.875681440345943 14.850783728994427 8.4911682847887331 16.386397149413821 28335.313183466205 90.119990243576467 9.3704805038869363 11.574024816160088 7.1759396814741194 17.79970168374712 14.754910018091325 520.21763171209022 443.44118164037354 6330.0527429305075 25.984600047580898 177.68575678759953 314.31162703142036 127.81494576256955 2655.8631768374471
leaf_count=7621 82962 20605 67648 96899 47207 25704 2791 64320 52208 95791 264 1314 619 231 482 711324 3417 136 1645 1352 4246 11296 12734 18054 515732 312 10530 12359 11670 164723
internal_value=8.85161e-06 4.32965e-05 0.00103499 0.00150877 0.00130751 0.0176668 -0.0066473 -0.000279437 -0.00494326 0.00203224 0.00182786 0.0122923 0.0245334 0.0282607 0.0400492 -0.000611156 -0.0033799 0.00172896 0.0344311 0.0481162 0.0637011 0.0108926 6.91421e-05 0.00419364 0.0016739 0.00185076 0.0017729 0.00195777 0.00221804 0.000161547
internal_weight=46695.3 46558.3 11428.8 10593.1 10468.1 124.979 639.087 35129.5 835.766 4405.18 9828.99 86.3308 51.4551 31.3308 24.8776 30724.3 2388.97 9797.66 63.02 36.5497 24.9756 26.4704 1053.78 533.561 9788.29 9631.71 9605.73 9428.04 9113.73 2783.68
internal_count=2046196 1963234 1036989 917133 865269 51864 101623 926245 119856 116396 763646 4724 3410 977 713 809849 98525 762669 26160 7243 5598 18917 34205 21471 762533 715326 715014 704484 692125 176393
is_linear=0
shrinkage=0.03


Tree=205
num_leaves=31
num_cat=0
split_feature=102 78 122 122 71 67 47 66 121 23 78 64 40 23 72 106 86 78 78 80 80 79 83 58 66 31 77 80 76 109
split_gain=22.5623 16.2212 16.1312 18.4022 22.7845 40.879 25.3724 27.7371 24.5696 17.3143 21.9028 20.0746 18.3882 20.4159 17.0866 16.9248 17.2533 18.5927 34.4386 29.1623 29.0356 31.7555 31.1364 28.2957 41.9336 39.6281 24.0679 21.8866 31.3437 26.5732
threshold=0.052576293675364892 3.5000000000000004 324.50000000000006 5839.5000000000009 6.5000000000000009 19.500000000000004 1.5000000000000002 14.500000000000002 13.500000000000002 230.00000000000003 3251.5000000000005 26.500000000000004 58.500000000000007 14.500000000000002 1.5000000000000002 0.26136363636363641 0.69248412138320403 126.50000000000001 71.500000000000014 -865.6595690870746 461.77286258107051 640.0500000000003 0.11428702148380056 3115.7500000000005 4.5000000000000009 65.500000000000014 24.500000000000004 691.23357865847913 1134.5000000000002 6.1831199408041808e-05
decision_type=8 2 8 8 2 2 2 2 2 2 2 2 2 2 2 10 10 2 2 2 2 2 10 2 2 2 2 2 2 2
left_child=2 -2 14 4 5 6 8 -8 -4 10 11 12 13 15 -1 16 17 18 19 -5 22 23 -21 27 25 26 -25 29 -29 -22
right_child=1 -3 3 9 -6 -7 7 -9 -10 -11 -12 -13 -14 -15 -16 -17 -18 -19 -20 20 21 -23 -24 24 -26 -27 -28 28 -30 -31
leaf_value=0.0041820636882173986 -0.02192375689829305 -0.0019589250397316401 0.0019754015706929234 0.0036585553007756188 0.00073572850165519487 0.037343875777250457 0.023643357317049373 -0.011826754799786683 0.04625534428326681 0.01719545840823939 -0.010915801057848432 0.0038073015984229478 -0.0053917996105198882 0.004159994430506915 -0.019917250747316408 0.026379372331561887 -0.0043612497782962393 -0.0008673114056557508 0.0018921231017315148 -0.0010399878283932603 0.0059396661655680668 -0.001368918954898406 -0.0066697923086609561 0.016863989880576729 -0.015174943116061866 -0.010374566944229134 0.058812418074368836 -0.003922539559648208 0.0026512022725843866 0.032654131152376753
leaf_weight=39.736010252672713 32.068513501610141 3542.6467034888337 568.15631132212002 1469.0382352308952 1312.5009943477344 33.844375488348305 105.31934591464233 20.964769823476672 6.5259170177159822 48.882855187635869 154.53813396207988 1353.4568586284295 536.56995241669938 1118.3487681932747 66.340216061100364 16.969862399739213 779.74471246777102 11490.387261269148 10598.899377442664 2616.5853458846104 280.29287253934308 5449.7167241382413 1332.185602783924 29.649221099098213 22.776587088941596 16.108037738595158 26.409790561534464 854.6367440354079 2710.0640970288077 33.735574831312988
leaf_count=1743 76379 153291 41903 54229 34095 475 2286 336 165 926 14167 37389 7340 13509 3179 411 43081 348367 224655 250484 23698 378386 81250 2368 737 253 1197 96185 148133 6088
internal_value=0.000120177 -0.0021684 0.000310255 0.000339719 0.00311186 0.0073224 0.00561867 0.0175287 0.00287287 0.000200724 0.000178308 0.00022173 9.80359e-05 0.000174551 -0.0111078 5.58744e-05 4.05331e-05 0.000134049 0.00058641 -0.000346393 -0.000787572 0.000117697 -0.00294533 0.00215568 0.0179213 0.0286732 0.0398239 0.0017472 0.00107186 0.00927635
internal_weight=46667.1 3574.72 43092.4 42986.3 2047.31 734.811 700.966 126.284 574.682 40939 40890.1 40735.6 39382.1 38845.5 106.076 37727.2 37710.2 36930.5 25440.1 14841.2 13372.2 9423.39 3948.77 3973.67 94.9436 72.167 56.059 3878.73 3564.7 314.028
internal_count=2046705 229670 1817035 1812113 79260 45165 44690 2622 42068 1732853 1731927 1717760 1680371 1673031 4922 1659522 1659111 1616030 1267663 1043008 988779 657045 331734 278659 4555 3818 3565 274104 244318 29786
is_linear=0
shrinkage=0.03


Tree=206
num_leaves=31
num_cat=0
split_feature=103 91 93 9 46 67 111 73 78 30 63 76 93 93 37 112 20 0 61 58 51 36 93 85 122 108 93 94 105 85
split_gain=19.1673 18.5348 25.4253 27.5118 26.1533 26.1957 30.868 25.8435 22.4634 21.7838 28.1235 21.5869 21.9928 24.2286 21.9226 21.3276 20.0075 19.7677 26.11 20.4939 19.6725 18.876 18.6024 17.6271 17.476 19.803 17.8522 19.6471 19.6731 18.3046
threshold=0.50185185185185188 0.73610881883699186 1.0885409545662619 -4.742029175541739 10.500000000000002 32.500000000000007 0.0004825021011046257 2.5000000000000004 115.50000000000001 53.500000000000007 20.500000000000004 1118.5000000000002 4.499067633109223 1.2861761005117442 7.5000000000000009 0.52009544787077833 77.500000000000014 56.500000000000007 73.500000000000014 676.45000000000016 389.50000000000006 93.500000000000014 -2.8438916454656531 0.71053953980428475 24837.000000000004 0.00045693928135039091 -3.3429148760470659 -2.8373125696419912 0.061318125407542966 0.58827719121836786
decision_type=10 8 10 2 2 2 2 2 2 2 2 2 8 10 2 10 2 2 2 2 2 2 10 8 8 2 10 10 10 10
left_child=1 2 3 7 5 -4 9 8 -1 10 -7 12 13 -3 17 -10 -9 19 -19 -13 -21 -8 -5 -14 25 -16 27 -26 -29 -28
right_child=-2 11 4 22 -6 6 21 16 15 -11 -12 14 23 -15 24 -17 -18 18 -20 20 -22 -23 -24 -25 26 -27 29 28 -30 -31
leaf_value=0.0033268596406036783 -0.0086787214202618864 -0.013007966099756872 0.0022463745146259306 0.0015835933351778322 -0.00075729597401336644 0.0038648723922153588 0.025923424055645135 -0.00054784024763546645 0.042527018051581433 0.0049321069173146664 0.044475133969701444 0.0017577610202563617 -0.0008558533355565275 0.0056643239503215755 0.0049259136417347266 0.010420473364296903 0.020215589334216518 0.033488837690680312 0.002674969120319406 -0.0058603289117388135 -0.00038706616173088176 -0.0061460889252285562 -0.0060564912446676705 -0.012547550295097564 0.001687028233707792 -0.0032864077412428981 -0.0067953901544544537 0.040157121044852327 -0.0035787045820140835 -0.0020433537113152146
leaf_weight=574.6951900710701 220.53853623679606 78.168691572587704 8479.9837946247135 379.67724182631355 2954.4685167861171 22.883311909623444 15.546289604157208 4996.0583614150528 20.294978328980505 41.376044509466738 48.904626965988427 4208.4675383204885 171.36789381346898 247.43884006948792 669.38336996128783 92.567723357584327 37.12071851734072 20.112421077908948 1978.0556364558288 613.82735285550007 13185.200167631847 79.262940323445946 1145.673791531648 359.65308320472832 280.50304723996669 430.13796465517953 870.75391818070784 20.270968242548406 13.406563182827083 4428.5631556622684
leaf_count=22162 12113 16073 292647 18115 47327 250 405 126915 737 551 892 297877 25223 60280 18969 2203 399 732 42567 89388 604415 1674 61884 156100 5171 11166 16235 616 471 113147
internal_value=4.5768e-05 8.81077e-05 0.000811958 -0.000582971 0.00168002 0.00250882 0.0129061 0.000372476 0.00580599 0.0231366 0.0326247 -0.000407772 -0.00508155 0.00105273 -0.000257003 0.017753 -0.000374795 0.000240864 0.00306794 -7.36013e-05 -0.00063257 0.000147708 -0.00415583 -0.00881765 -0.00173979 0.00171288 -0.00241699 0.00448207 0.0245346 -0.00282985
internal_weight=46684.4 46463.8 18888.5 7246.09 11642.4 8687.96 207.973 5720.74 687.558 113.164 71.7879 27575.3 856.629 325.608 26718.7 112.863 5033.18 20005.7 1998.17 18007.5 13799 94.8092 1525.35 531.021 6713.02 1099.52 5613.5 314.181 33.6775 5299.32
internal_count=2046704 2034591 576161 232415 343746 296419 3772 152416 25102 1693 1142 1458430 257676 76353 1200754 2940 127314 1034979 43299 991680 693803 2079 79999 181323 165775 30135 135640 6258 1087 129382
is_linear=0
shrinkage=0.03


Tree=207
num_leaves=31
num_cat=0
split_feature=10 46 102 101 31 18 92 9 55 26 56 59 111 122 74 100 87 91 74 31 11 95 55 115 103 58 11 104 50 111
split_gain=20.8629 18.1878 17.9326 17.0277 15.99 18.1464 20.3304 17.4259 31.6114 17.7395 20.4057 19.357 28.1468 23.7569 18.8062 18.5392 18.378 17.613 17.6377 17.5092 18.0711 17.7557 16.6794 16.5892 20.6954 15.9355 15.8351 15.7841 18.4639 18.2834
threshold=-18263.929801984032 114.50000000000001 0.054092554092554097 0.010265191429574992 3979.0000000000005 1.0000000180025095e-35 1.5192972127341764 -272.84033335716362 12.500000000000002 1953.5000000000002 3290.5000000000005 -1281.312415752732 5.8401330005626699e-05 11662.000000000002 17.500000000000004 0.0099845478648282349 0.087724679797653651 2.5700125944584387 1.5000000000000002 1195.5000000000002 51.500000000000007 0.53848839082723199 107.50000000000001 5.4297462406015056 0.011500866367736732 -1267.8499999999997 30.500000000000004 0.035686600221483948 27.500000000000004 1.4916344871521507e-05
decision_type=2 2 8 10 2 2 10 2 2 2 2 2 2 8 2 10 10 10 2 2 2 10 2 10 10 2 2 10 2 2
left_child=1 -1 4 -3 5 7 -7 8 -2 11 17 12 13 16 27 -15 -9 -11 -19 20 -10 -22 -14 24 -8 -23 -12 29 -29 -13
right_child=2 3 -4 -5 -6 6 23 9 19 10 26 14 22 15 -16 -17 -18 18 -20 -21 21 25 -24 -25 -26 -27 -28 28 -30 -31
leaf_value=0.0080265474768280998 0.039196057528511651 -0.0093584146252215627 -0.002143293201732678 0.012512244692407797 -0.0068660445413113386 -0.0007257977513152918 0.006829900527713163 0.0024073421463588767 -0.0016823241547015842 -0.0037510234389780414 -0.0066815476870995512 0.00065718809967701703 -0.014399355049234619 0.0047486710742269851 0.029530480893728735 0.02182228952178502 0.051408868437915707 0.0017293348646997418 -0.016679156640305129 -0.004919845404928686 0.017409358151265149 -0.0077137701195117998 0.001764113480881605 0.0094644811074241861 0.00097736280274633952 0.0077834947654848059 0.0095968729339932796 0.01926218937207411 0.0014528625407386612 -0.00092418406882185434
leaf_weight=509.01280168630183 17.414810308371671 115.39876797166653 3344.0510272752435 38.903209586627781 286.47159002767876 1685.5352162083727 742.57613080204464 11.09496535966173 235.1804290576838 2870.3721068871091 67.007150521501899 10899.961705112626 71.903749253600836 363.31950124260038 14.373774090316145 64.122238766867667 15.690919594839214 967.88700849702582 44.224403351079673 190.74257408059202 136.42387522058561 69.847500106319785 223.86161530483514 351.09751370246522 2002.8184531946899 302.43286849884316 217.26277495454997 48.1104381767218 4131.5900381053798 16587.398374596669
leaf_count=7471 361 4311 224169 506 8449 50376 18031 349 3818 64817 2230 817176 2410 10127 263 1695 550 24373 1317 5119 2954 1095 10601 2307 40686 6039 9027 5068 119207 599694
internal_value=4.69848e-05 0.00530938 -2.95289e-05 -0.00362465 0.000136558 0.000184752 0.00192427 -3.70029e-05 0.00395921 -0.000141485 -0.00198292 9.53702e-05 0.00484276 0.00949393 -1.7761e-05 0.00753265 0.0346834 -0.00255285 0.000846934 0.00309757 0.00517247 0.00832706 -0.00233945 0.00336564 0.0025699 0.00481219 0.00571061 -3.58328e-05 0.00168063 -0.000297094
internal_weight=46626.1 663.315 45962.8 154.302 42618.7 42332.3 4782.03 37550.2 952.042 36598.2 4166.75 32431.4 749.993 454.228 31681.4 427.442 26.7859 3882.48 1012.11 934.627 743.885 508.704 295.765 3096.49 2745.39 372.28 284.27 31667.1 4179.7 27487.4
internal_count=2044596 12288 2032308 4817 1808139 1799690 111400 1688290 19386 1668904 101764 1567140 25732 12721 1541408 11822 899 90507 25690 19025 13906 10088 13011 61024 58717 7134 11257 1541145 124275 1416870
is_linear=0
shrinkage=0.03


Tree=208
num_leaves=31
num_cat=0
split_feature=53 22 77 109 105 64 34 31 78 31 67 45 98 83 38 65 73 103 119 85 85 46 115 98 85 93 101 75 115 91
split_gain=21.007 19.5532 26.1843 18.0509 26.8239 20.7471 21.7105 24.8378 20.1322 28.974 26.1517 22.0456 21.3641 22.44 19.2417 28.9093 19.8214 18.5995 19.5418 18.2531 18.0629 17.7196 26.0828 22.5631 19.053 19.0001 17.2966 17.1407 16.5446 16.9464
threshold=1.0000000180025095e-35 1.0000000180025095e-35 16.500000000000004 0.00030847921360682625 1.0000000180025095e-35 24.500000000000004 2551.313865105998 94.500000000000014 365.50000000000006 208.50000000000003 21.500000000000004 2.5000000000000004 0.01563263685239492 0.028178466773797147 17.500000000000004 26.500000000000004 79.500000000000014 0.013341423948220067 0.065741452170572437 0.33360345759049165 0.46669405642289791 10.500000000000002 7.4365079365079376 0.065942493089732365 0.36773157538877627 1.494421348964591 0.0080685850069984726 4612.5000000000009 2.1084688384483052 2.5000974658869404
decision_type=2 2 2 2 10 2 2 2 2 2 2 2 10 10 2 2 2 8 10 10 8 2 10 10 10 10 10 2 10 10
left_child=-1 3 -3 5 20 6 -2 -8 10 -10 12 -11 17 28 15 -7 27 18 -6 -19 -5 25 23 24 -23 -4 -20 -17 29 -14
right_child=1 2 21 4 8 14 7 -9 9 11 -12 -13 13 -15 -16 16 -18 19 26 -21 -22 22 -24 -25 -26 -27 -28 -29 -30 -31
leaf_value=-0.004313378272552044 -2.8982602880042443e-05 0.01063601766254943 -0.00029100731493444964 0.0066236147568026968 -0.0070670537626847576 -0.0051513958721358874 0.011808459027940066 -0.015679136592655771 -0.015419336713836013 0.012983393578505902 0.0087438085131353472 -0.0045299507489841807 0.037159435328763604 -0.0039393173667627785 0.0007866866029630162 0.014949387828454619 -0.013057471753928553 0.015775101381763561 0.0050092666545281887 -0.0026018088410482347 -0.0073566491378932583 -0.010207159541048781 0.0080543196474798604 0.012788628524393017 -0.0011871277067612394 0.0037810056739000838 0.017922530888093056 0.03883425630708548 -0.01208845721898354 0.0016381630600125464
leaf_weight=1012.1186862800096 32279.509765670809 261.71386373182759 1617.3875241864007 87.111080052563921 85.65972025715746 60.118096648948267 32.956097131362185 144.78109241230413 185.95934378309175 74.427843441721052 289.01476661954075 344.38386707613245 24.26682326500304 1398.813281002338 291.52504019858316 117.39381251949817 13.036222804337738 47.59149997215718 405.87663984880783 647.22273150505498 968.34703421330778 223.99575298512354 281.10998596437275 92.320688649546355 2677.1240764297545 2837.6334745981731 119.06746838218533 36.568187849596143 13.178711788030339 21.413062310777605
leaf_count=240193 1458038 7392 39375 4134 2778 1276 688 2205 10746 2852 3593 11808 758 28179 7330 2127 602 930 12844 14764 53231 3183 1461 1407 76458 52817 2368 1499 392 670
internal_value=-4.91983e-05 4.57447e-05 0.00139318 -0.000240108 -0.00197586 8.19789e-06 -8.73607e-05 -0.0103987 -0.000756537 -0.00573316 0.000237339 -0.00130116 -0.00066661 -0.00315793 0.00593211 0.0123775 0.0186541 0.00211671 0.00591467 -0.00123936 -0.00617701 0.00107355 -0.000601424 -0.00142635 -0.00189993 0.002304 0.00807971 0.0216654 0.0142668 0.0223127
internal_weight=46691.6 45679.5 7991.29 37688.2 4712.33 32975.9 32457.2 177.737 3656.88 604.771 3052.1 418.812 2763.09 1457.67 518.641 227.116 166.998 1305.42 610.604 694.814 1055.46 7729.57 3274.55 2993.44 2901.12 4455.02 524.944 153.962 58.8586 45.6799
internal_count=2046098 1805905 182093 1623812 150047 1473765 1460931 2893 92682 25406 67276 14660 63683 29999 12834 5504 4228 33684 17990 15694 57365 174701 82509 81048 79641 92192 15212 3626 1820 1428
is_linear=0
shrinkage=0.03


Tree=209
num_leaves=31
num_cat=0
split_feature=98 37 53 78 75 58 78 78 79 52 76 92 60 44 97 73 65 53 64 68 79 76 97 111 80 93 57 80 73 33
split_gain=17.7319 18.1015 31.4144 27.8848 27.1703 23.3214 27.8759 21.12 24.7419 26.2301 25.8388 38.7952 28.1074 21.736 21.2395 21.0771 22.5331 22.3463 24.1367 24.4162 22.0725 26.7132 20.5447 19.8776 27.0303 23.157 19.8114 18.5925 19.7471 26.5886
threshold=0.31909090909090915 7.5000000000000009 27.500000000000004 120.50000000000001 325.50000000000006 -377.64999999999998 102.50000000000001 79.500000000000014 955.55000000000018 914.50000000000011 1134.5000000000002 4.735406038005336 1.0000000180025095e-35 8.5000000000000018 0.33547695605573424 4.5000000000000009 16.500000000000004 14.500000000000002 1.5000000000000002 7.5000000000000009 785.35000000000025 3699.5000000000005 0.032279772500325626 4.9080525727898192e-06 -991.47255038251126 -4.3625509101095057 -912.19999999999993 1455.0038494146143 1.0000000180025095e-35 -74.899999999999977
decision_type=10 2 2 2 2 2 2 2 2 2 2 8 2 2 10 2 2 2 2 2 2 2 8 2 2 10 2 2 2 2
left_child=1 2 3 7 22 6 -6 8 10 13 11 12 -1 -10 -13 16 -12 -18 -19 20 21 -20 27 24 25 -17 -5 28 -4 -30
right_child=-2 -3 4 26 5 -7 -8 -9 9 -11 15 14 -14 -15 -16 23 17 18 19 -21 -22 -23 -24 -25 -26 -27 -28 -29 29 -31
leaf_value=-0.011695625166206295 -0.012879333608777545 -0.00081543099341231683 -0.0019368187804719968 0.025156931888213288 -0.0031194716378753254 0.0012570717251102848 0.010744874216157912 0.0020570364886591092 -0.0022867415601027083 0.04630497789049233 0.0018925189486870329 -0.0087784313881827496 0.0040528913682723895 0.034456828376151688 0.02033625632982396 -0.013108796075586075 0.0046819493203970946 0.0040666866457504339 0.026282428672837341 -0.0075615185947324115 -3.9093035043440819e-05 0.088044811284823402 -0.00073975257220349833 -0.0013293019532759378 0.0034622677019831333 0.04567886737828121 -0.0031940502900921204 -0.0075783232368652649 -0.0035526756851721247 0.040422162973998269
leaf_weight=115.54190912030754 91.472439635836054 16166.931874877308 17.902371043921448 17.41693160077557 174.80640028021298 7772.5186377731152 488.92369949538261 4388.30838904134 4788.2258534725697 5.0733520933426908 4879.2170942305529 724.98030331346672 660.24991741331178 9.5512801185250265 18.660888324782718 5.3536837510764625 202.19113272882532 39.203421494457871 22.988570260815322 8.3779502674005908 8.3178011784329993 9.7702751932665688 57.48504280479392 2965.6408811551519 157.50721664936282 21.723559474106878 2779.2580401613377 15.143675718631128 14.283208067528902 61.089618870057166
leaf_count=14078 9496 344710 1817 704 3084 211992 15004 118004 310032 143 455279 218744 93651 132 3512 224 8513 1268 688 177 242 237 2342 109811 12103 1014 105813 998 354 2776
internal_value=-3.09636e-05 -4.36221e-06 0.000426612 -0.00017859 0.0019615 0.0017205 0.0070974 0.00023272 -0.000314534 -0.00207848 0.000547082 -0.00304411 0.00164752 -0.0021778 -0.00791689 0.00120433 0.00238213 0.0104249 0.0225729 0.0355227 0.0441771 0.0539226 0.0138074 -0.000729348 0.0086907 0.0338239 -0.00297291 0.0212131 0.0260353 0.0323863
internal_weight=46688.1 46596.6 30429.7 21827.6 8602.15 8436.25 663.73 19030.9 14642.6 4802.85 9839.72 1519.43 775.792 4797.78 743.641 8320.29 5170.07 290.849 88.658 49.4546 41.0766 32.7588 165.904 3150.23 184.584 27.0772 2796.67 108.419 93.2752 75.3728
internal_count=2046942 2037446 1692736 1454369 238367 230080 18088 1347852 1229848 310307 919541 329985 107729 310164 222256 589556 466404 11125 2612 1344 1167 925 8287 123152 13341 1238 106517 5945 4947 3130
is_linear=0
shrinkage=0.03


Tree=210
num_leaves=31
num_cat=0
split_feature=90 76 60 57 56 119 76 39 93 123 118 111 34 59 61 80 80 105 60 53 78 60 78 75 60 115 89 104 77 79
split_gain=23.8122 32.6957 19.5727 29.0943 20.3435 20.065 20.5027 17.9931 17.4789 40.4712 32.3192 31.327 28.2997 26.7712 23.9976 31.8458 23.7839 24.207 22.4743 21.5141 23.0914 23.6045 20.176 20.7056 20.7642 29.552 25.5494 19.669 25.8166 23.4415
threshold=2.9643623234575771 1437.5000000000002 3030.5590627964957 293.4500000000001 38.500000000000007 0.59870129870129885 7704.5000000000009 1.5000000000000002 1.494421348964591 1.0000000180025095e-35 -2.2105625669818152 7.5391601972625015e-06 -35.045733234619881 1489.4646566956158 38.500000000000007 299.80861321549435 -495.65946305515104 0.0063559607330900486 880.57862847191302 177.50000000000003 106.50000000000001 -223.19057348245215 34.500000000000007 363.50000000000006 2341.6840341179536 0.53436466698157781 2.0001908396946573 0.029137097827506644 20.500000000000004 311.15000000000015
decision_type=8 2 2 2 2 10 2 2 10 2 10 2 2 2 2 2 2 10 2 2 2 2 2 2 2 10 10 10 2 2
left_child=8 -2 3 -3 5 7 -7 -4 12 10 -10 22 13 -1 -11 -16 19 18 -18 20 21 -14 -12 24 25 26 -24 -13 -29 -30
right_child=1 2 4 -5 -6 6 -8 -9 9 14 11 27 16 -15 15 -17 17 -19 -20 -21 -22 -23 23 -25 -26 -27 -28 28 29 -31
leaf_value=0.00015150129520446955 -0.01294767159715793 -0.006181204197517688 -0.0084328151490451059 0.0038779882155884635 -0.0089682956660376689 0.0031952027663746576 0.031858015021253253 0.021147418663825211 -0.0061904610160537412 0.010225064875281301 0.0019481716092664919 -0.00041153948661547566 -0.00022936961215023306 0.035630185222685511 -0.01943891980350064 0.0026338973553275656 -0.0031718594365509069 -0.0069911894017479275 0.006594055504134365 0.025442722648368093 -0.0046809247591600919 0.0090769044302053872 0.03587876863803257 0.0056877170657999195 0.043963283768771351 -0.013220134544790058 0.0019208181186869452 0.010011088409168459 -0.001635696775698635 0.0037823358605807624
leaf_weight=13130.944728973147 256.60607720917324 369.9703281794209 168.44189634744544 830.39909058087505 499.62979991268367 97.521837128617335 24.732108710566536 15.92081771371886 714.54410338654998 372.4498127651168 506.4463911508501 15705.049329912756 1087.0412497034995 14.169567113276569 54.549032619514037 5283.7393696856452 1252.6307819293288 1422.0187759045511 250.27792067965493 24.410027808044106 734.59939446230419 311.68671056834864 45.222773942165077 232.48985049594194 23.592358100228012 24.453282590489835 34.05681503075175 332.79996877117082 1350.3606421789154 1526.1775557171786
leaf_count=388321 144079 67896 23742 55514 15968 9887 1184 1381 83067 34981 104747 564345 56188 518 4830 138955 121034 62354 12348 1513 33145 19913 3500 12768 1327 1359 3132 12896 29826 35141
internal_value=2.83723e-05 -0.00296988 -0.00166491 0.000764827 -0.00526482 0.000817035 0.0100176 -0.00538745 0.000181405 0.000677589 5.50409e-05 0.000282157 -0.000531944 0.000203278 0.00290984 0.00239037 -0.00243175 -0.004192 -0.00152908 -4.14678e-05 -0.000391874 0.00186935 0.00584411 0.0112259 0.0207412 0.013681 0.0222705 2.59474e-05 0.00216412 0.00124047
internal_weight=46696.9 2263.22 2006.62 1200.37 806.246 306.617 122.254 184.363 44433.7 26205.9 20495.2 19780.6 18227.8 13145.1 5710.74 5338.29 5082.66 2924.93 1502.91 2157.74 2133.33 1398.73 866.261 359.815 127.325 103.733 79.2796 18914.4 3209.34 2876.54
internal_count=2045859 319651 175572 123410 52162 36194 11071 25123 1726208 1030874 852108 769041 695334 388839 178766 143785 306495 195736 133382 110759 109246 76101 126833 22086 9318 7991 6632 642208 77863 64967
is_linear=0
shrinkage=0.03


Tree=211
num_leaves=31
num_cat=0
split_feature=17 41 44 102 31 6 22 93 66 30 110 34 100 102 68 119 93 96 71 66 82 115 113 119 32 16 53 113 78 113
split_gain=18.7321 19.181 18.2602 16.5347 18.1509 20.9771 19.444 24.085 22.1744 19.3423 17.0938 30.714 16.9163 16.4305 15.5359 19.7432 15.8775 15.7938 14.9678 14.8317 20.3873 16.4601 14.7678 14.2541 14.1784 16.4487 15.789 17.7928 15.7203 15.4282
threshold=29.500000000000004 180.00000000000003 217.50000000000003 0.066732154551408004 1074.5000000000002 594.50000000000011 1.0000000180025095e-35 -4.5599389143069589 1.5000000000000002 642.50000000000011 4.3042866166731844e-05 -115.3250924678954 0.062579923273657301 0.0035151444259146607 4.5000000000000009 0.59870129870129885 5.5323863822025929 0.0038409845667218929 1.5000000000000002 172.50000000000003 0.1428884574434772 7.9312827534110761 0.42975658487480956 0.77879714576962289 293.15000000000009 16.500000000000004 109.50000000000001 0.68810477456063202 401.50000000000006 0.60750175861722455
decision_type=2 2 2 8 2 2 2 10 2 2 2 2 10 10 2 8 8 10 2 2 10 10 10 8 2 2 2 10 2 10
left_child=3 -2 -3 4 6 13 7 8 23 19 11 12 22 -6 15 17 -17 -5 -19 21 -21 -7 -10 -1 26 -26 27 29 -28 -8
right_child=1 2 -4 14 5 9 24 -9 10 -11 -12 -13 -14 -15 -16 16 -18 18 -20 20 -22 -23 -24 -25 25 -27 28 -29 -30 -31
leaf_value=-0.0044680502615952007 0.012629026657864391 -0.011943745100980254 0.020872622161930966 -0.0092177783489571733 -0.010535129043360281 -0.00091324757091044138 0.0037287707965861709 -0.0002262822675919932 -0.0084678773683947352 -0.012417166742728834 0.0007639758655467705 -0.00093499852894365519 -0.009592314729293977 -0.0027939561014707864 0.0023964697767146796 0.00097468478581213473 -0.0084732868692989332 0.013211277031716116 -0.0038801460036593156 0.0016307501065046727 0.038037318475252838 0.011397011076400346 0.027924333893676708 0.0068873015167887882 -0.0013778045292145021 0.014683706412464094 0.018321973057625798 0.0012302746692856806 0.0042218661033938181 0.014082851909605945
leaf_weight=223.59111295745242 195.04138886998408 62.320388807915151 14.897740159183739 668.57820458558854 384.3760233996436 639.27325217332691 484.63830118079204 34798.869741196424 8.6238419269211573 87.035790943307802 102.2307149162516 70.116905967472121 10.932627847418187 688.53103124001063 485.10489482671255 898.07836971181678 189.61652841608156 48.811194148380309 319.22430360782892 34.198741434607655 18.813218646449968 110.28292466700077 135.02598556806333 171.18872171067051 1517.7791617205366 54.645238764118403 101.93227787315845 3758.1568081942387 225.93532039737329 174.80412323609926
leaf_count=5890 3006 1835 108 22300 9718 11668 19849 1624391 456 3955 2065 3070 237 20143 8637 85376 80101 1255 5764 2350 1024 506 2940 8621 40522 975 1438 63154 8917 5802
internal_value=-6.4908e-05 0.0077097 -0.00472815 -0.000111342 2.69902e-05 -0.00278902 0.000159398 -0.000113433 0.00529198 0.000617469 0.0110072 0.0155495 0.0228217 -0.00560329 -0.00242897 -0.00353394 -0.000703604 -0.00648611 -0.00146668 0.00209916 0.0167158 0.000961492 0.0255282 0.000480535 0.00169219 -0.000774857 0.00250961 0.0020322 0.00881488 0.00655874
internal_weight=46682.7 272.26 77.2181 46410.4 43801 1962.51 41838.5 35520.6 721.71 889.604 326.93 224.699 154.582 1072.91 2609.41 2124.31 1087.69 1036.61 368.035 802.568 53.012 749.556 143.65 394.78 6317.89 1572.42 4745.47 4417.6 327.868 659.442
internal_count=2046073 4949 1943 2041124 1837691 49364 1788327 1647670 23279 19503 8768 6703 3633 29861 203433 194796 165477 29319 7019 15548 3374 12174 3396 14511 140657 41497 99160 88805 10355 25651
is_linear=0
shrinkage=0.03


Tree=212
num_leaves=31
num_cat=0
split_feature=116 93 73 37 3 6 62 78 96 96 48 69 111 93 116 103 3 80 78 25 57 60 111 78 80 80 59 103 76 56
split_gain=16.0627 19.9549 18.2215 17.79 22.3145 20.9578 20.0008 18.8969 17.2937 22.6545 20.01 28.3969 21.2901 23.1079 21.4406 19.978 16.8765 16.6275 22.5308 25.3637 22.6724 25.2341 28.9679 23.84 17.2274 16.5884 25.1475 21.2812 18.402 25.0721
threshold=1.6725069633322491 5.2023681018274015 1.0000000180025095e-35 7.5000000000000009 17.500000000000004 106.50000000000001 22.500000000000004 1192.5000000000002 0.057181782794861823 0.017494053659348512 135.50000000000003 22.500000000000004 0.00055676494659885601 -2.5105065267505187 0.39530792333130876 0.039984528107271801 1.0000000180025095e-35 299.80861321549435 29.500000000000004 16.500000000000004 97.950000000000045 7500.0602463698124 5.8435589382709143e-06 47.500000000000007 1595.1959916503733 1027.9977310979182 251.90583500045761 0.062090383379738705 1246.5000000000002 60.500000000000007
decision_type=8 8 2 2 2 2 2 2 10 10 2 2 2 10 10 10 2 2 2 2 2 2 2 2 2 2 2 10 2 2
left_child=3 17 -3 4 16 7 -6 -5 9 10 11 -7 13 14 -13 -14 -1 -2 24 20 21 22 23 -20 -19 27 -27 28 29 -24
right_child=1 2 -4 5 6 8 -8 -9 -10 -11 -12 12 15 -15 -16 -17 -18 18 19 -21 -22 -23 25 -25 -26 26 -28 -29 -30 -31
leaf_value=-7.5594036564928245e-05 -0.0018330562263131505 -0.0088588169511556927 -0.0021003498731655586 -0.0011237434994766436 0.0050163861939127499 0.00019851309374875492 0.024715229162928513 -0.012372478606049142 -0.011102431509784393 0.0051148308686177965 -0.0058558386908438009 0.02516699991810982 0.03392039508884824 -0.0027581552989795958 -0.011256437970861165 -0.00047502000520872585 0.0015700033814143874 -0.0016889483618755757 0.041440485339469098 0.00059666390192719579 -0.003915333729983519 0.048570561878238556 0.011999648436860126 0.0096815330385511839 -0.014303563030124011 -0.0063947688748839451 0.0099831971197496521 -0.0027402132892174768 0.0076484391518763239 0.055822772675354904
leaf_weight=11023.642041026731 3451.7985215636436 469.07210522345849 1500.6045596968324 9572.4830895550549 230.73403299425263 3062.0744790490717 54.400866667274386 131.38837255584076 97.236331795342267 1113.7736540655605 423.0431609461084 61.154334121849388 47.776050060987473 128.34578904882073 15.484713117126374 21.153160952962935 11413.04837395763 462.67359554796712 35.157255501952022 2509.8767469513696 136.13008510088548 9.7802816871553642 29.008087408263236 54.159996233414859 119.02739867439959 169.28123920946382 158.72981906728819 48.655563588254154 53.739111690782011 19.996712992433459
leaf_count=606796 249483 164987 96753 200523 3345 52250 1315 11644 899 17575 14965 1184 1383 3592 412 854 367776 100852 3945 79285 10316 412 2752 4813 20975 12559 8409 2399 2839 1089
internal_value=6.63364e-05 -0.00105429 -0.00372821 0.000342963 0.000868723 -0.000471168 0.00913588 -0.00128234 0.00111232 0.0013672 0.000251485 0.00103357 0.0101977 0.00507909 0.0175691 0.0240468 0.000761648 -0.000326573 0.00104025 0.00202151 0.00698681 0.00956379 0.00847555 0.0237167 -0.00437005 0.00542054 0.00156169 0.0134636 0.0209082 0.0333946
internal_weight=46623.4 9227.69 1969.68 37395.7 22721.8 14673.9 285.135 9703.87 4970.04 4872.81 3759.03 3335.99 273.914 204.985 76.639 68.9292 22436.7 7258.01 3806.22 3224.51 714.638 578.508 568.728 89.3173 581.701 479.411 328.011 151.399 102.744 49.0048
internal_count=2046381 761868 261740 1284513 979232 305281 4660 212167 93114 92215 74640 59675 7425 5188 1596 2237 974572 500128 250645 128818 49533 39217 38805 8758 121827 30047 20968 9079 6680 3841
is_linear=0
shrinkage=0.03


Tree=213
num_leaves=31
num_cat=0
split_feature=19 118 108 64 76 118 65 115 90 26 53 75 40 46 69 110 1 53 70 103 43 62 99 71 52 40 95 80 65 90
split_gain=16.4449 15.9293 14.3479 25.7198 26.3627 27.8137 24.0543 22.877 21.8721 21.1518 21.6547 22.2754 20.9902 21.4946 22.0339 23.9192 20.3402 19.6927 21.6774 21.5707 18.9636 26.1341 18.6078 17.6649 23.5974 18.2345 23.4482 17.537 17.1464 16.9758
threshold=42.500000000000007 3.6787931135029406 0.00057530256645853598 26.500000000000004 138836.00000000003 -1.4367264185455955 208.50000000000003 5.8060410334346519 -2.611269841269841 1953.5000000000002 14.500000000000002 1873.5000000000002 108.50000000000001 34.500000000000007 32.500000000000007 0.00012903178412770449 970.50000000000011 364.50000000000006 40.500000000000007 0.0085526352807458825 1.5000000000000002 24.500000000000004 0.095328971283169764 1.5000000000000002 556.50000000000011 5.5000000000000009 0.74768498671010897 -15426.903402813663 121.50000000000001 2.4370669056152932
decision_type=2 8 2 2 2 10 2 10 10 2 2 2 2 2 2 2 2 2 2 10 2 2 10 2 2 2 10 2 2 10
left_child=1 2 3 9 5 -5 17 8 20 10 11 -1 13 14 15 -8 -11 18 27 -20 21 -4 -10 24 -12 26 -25 -7 -21 -26
right_child=-2 -3 7 4 -6 6 12 -9 22 16 23 -13 -14 -15 -16 -17 -18 -19 19 28 -22 -23 -24 25 29 -27 -28 -29 -30 -31
leaf_value=-0.00047205928919275025 0.016190859005581815 -0.0057064949407257884 -0.012557966108847662 -0.0071768032075886423 -0.0051177935742311867 -0.014421369360900292 0.014218353558461861 0.0038901120625811241 -0.0031098063877395958 -0.0033117290605749984 0.0032032265323494735 -0.012382601445835218 0.0054347107686791435 0.0065524360495443877 0.00088650098758430939 0.059172556612958303 0.00021796827209362663 -0.0097685486505552695 0.040550480044292889 -4.1111676387880838e-05 -0.00464836581723532 0.027995500950754877 0.014451124908703797 0.00075114296160585018 -0.0043719703618040834 0.0019960516807964218 -0.0023159379715917321 0.0061472477420419095 0.023015158755102436 0.043207412303479922
leaf_weight=15305.066148720449 50.569650724995881 452.93795653939014 15.403147492557762 108.90533778723329 201.31196897989139 36.474055302795023 20.47915267618373 577.15669304557377 3853.06352982932 3190.1622073797043 1923.7713466889109 137.64916707994416 70.069234029389918 34.360749192535877 12.956573518924413 32.460945979692042 2719.2397159106331 60.575039375573397 25.569543187506497 59.909964748192579 47.050541614647955 56.875158755574375 50.217506600660272 8317.5272650390398 8.4043268519453722 5752.4415993946604 3066.2471533443313 388.125517453067 51.285738591570407 17.624295813497156
leaf_count=1048997 425 155645 193 2333 14743 1943 736 5384 103710 78235 93634 5938 1196 1297 406 1155 46685 1901 417 1102 881 1076 917 240069 218 130178 96257 8719 1112 640
internal_value=-0.000119409 -0.000138847 -8.35798e-05 9.25331e-05 0.00460298 0.00679075 0.0087437 -0.00167243 -0.00247438 -3.0991e-05 0.000252922 -0.000582198 0.0185981 0.0271027 0.0366004 0.0445103 -0.00168871 0.00591814 0.00768214 0.0178631 0.00992573 0.0190998 -0.00286568 0.000928603 0.00363067 0.000620186 -7.56368e-05 0.00423308 0.0111257 0.0296157
internal_weight=46643.9 46593.3 46140.4 41540.6 1102.48 901.172 792.267 4599.77 4022.61 40438.1 34528.7 15442.7 170.327 100.257 65.8967 52.9401 5909.4 621.94 561.365 136.765 119.329 72.2783 3903.28 19086 1949.8 17136.2 11383.8 424.6 111.196 26.0286
internal_count=2046142 2045717 1890072 1777911 37060 22317 19984 112161 106777 1740851 1615931 1054935 4790 3594 2297 1891 124920 15194 13293 2631 2150 1269 104627 560996 94492 466504 336326 10662 2214 858
is_linear=0
shrinkage=0.03


Tree=214
num_leaves=31
num_cat=0
split_feature=95 93 80 9 75 38 48 55 3 67 62 69 65 108 53 71 104 78 44 76 53 58 113 60 93 75 115 78 117 105
split_gain=18.5927 25.4037 32.2192 25.0526 24.4754 23.0663 25.8207 29.7272 22.2041 28.9454 21.1959 31.1867 22.5673 20.6519 27.6841 36.2831 19.4905 19.3261 24.5876 22.1238 22.7893 18.9455 18.7403 22.7965 26.1837 23.0271 18.6187 18.5693 18.9451 21.1819
threshold=0.72225843836013337 1.6000690994439095 1047.6061992085736 -5.2390697942309687 602.50000000000011 18.500000000000004 1.5000000000000002 13.500000000000002 1.0000000180025095e-35 26.500000000000004 54.500000000000007 18.500000000000004 42.500000000000007 0.0012641312374499574 709.00000000000011 337.50000000000006 0.0053781518681620651 107.50000000000001 6.5000000000000009 3047.5000000000005 34.500000000000007 6411.3500000000013 2.4239417014656519 541.03378076213176 2.5357257426262372 101.50000000000001 6.4759259259259272 24.500000000000004 1.549700090414782 0.030295381885487898
decision_type=8 10 2 2 2 2 2 2 2 2 2 2 2 2 2 2 10 2 2 2 2 2 10 2 10 2 10 2 10 10
left_child=1 3 4 17 5 6 -3 22 9 -4 11 -2 -13 14 -10 16 -16 18 19 20 -1 -20 23 25 -25 -8 -15 -21 -29 -30
right_child=10 2 8 -5 -6 -7 7 -9 13 -11 -12 12 -14 26 15 -17 -18 -19 21 27 -22 -23 -24 24 -26 -27 -28 28 29 -31
leaf_value=-0.0033365864819861271 -0.0007587964321540627 0.0038246617465843339 -0.00094067765078829761 -0.0025409050514506293 -0.017018114659870315 -0.011324331813188707 -0.013746153309954474 0.0078287502350306466 0.0020173149116250655 0.016767052861922701 -0.0058075895445159646 0.033730014828182837 -0.01066182994037132 -0.002924250698798429 0.00088286806718157679 -0.014804840868775978 0.059969017957111022 -0.00087110114096036132 0.030518465803547987 0.012860605800162548 0.02156001814418345 -3.5499507704521226e-05 0.044402519767672018 0.027522074192892307 -0.006047973584251313 0.049072288054054253 0.0071680627929670187 0.0015369543752716225 0.0059420875988923467 0.031281990797981517
leaf_weight=962.51416354539106 13255.369341393176 626.13461290040868 5857.1821638836409 4145.260148550733 35.668356515758205 55.84795599989593 4.1663295786711414 297.6805688329041 9218.725067122723 79.282261081505567 759.2014995184727 34.426498558372259 11.254191825166343 1313.868281273637 6.7900310470722642 10.157553184777496 16.133150503970683 6189.9912454870064 41.703588071744889 146.67291631689295 29.315151590155438 29.976144290529191 30.745928813877981 30.50538578000851 47.466300711152144 22.885715258307755 183.14118003682233 3011.2490034026559 142.21089009661227 33.785392793826759
leaf_count=48022 836738 77041 289333 227765 1645 454 872 5636 223607 1696 20752 719 222 27997 242 805 733 185597 447 11232 731 240 2025 1557 3443 1718 1091 67517 5311 940
internal_value=-3.71457e-05 0.000356457 0.00111779 -0.000565333 0.00596126 0.00676874 0.00777108 0.0133632 0.000781961 -0.000690277 -0.000948688 -0.000669272 0.0228205 0.00159501 0.0021239 0.0276607 0.0457592 0.000208991 0.00172863 0.00142842 -0.00249627 0.0185718 0.0247887 0.0172897 0.00795292 0.0387624 -0.00166983 0.00259799 0.00210631 0.0115363
internal_weight=46629.3 32569.1 17836.4 14732.7 1151.1 1115.43 1059.58 433.45 16685.3 5936.46 14060.3 13301.1 45.6807 10748.8 9251.81 33.0807 22.9232 10587.4 4397.43 4325.75 991.829 71.6797 135.77 105.024 77.9717 27.052 1497.01 3333.92 3187.25 175.996
internal_count=2046128 1187697 639895 547802 94391 92746 92292 15251 545504 291029 858431 837679 941 254475 225387 1780 975 320037 134440 133753 48753 687 9615 7590 5000 2590 29088 85000 73768 6251
is_linear=0
shrinkage=0.03


Tree=215
num_leaves=31
num_cat=0
split_feature=78 56 95 78 51 72 31 66 32 84 70 118 84 57 66 80 42 113 9 35 75 69 123 3 99 80 83 53 121 78
split_gain=16.5216 18.4825 16.1574 16.4844 26.2368 21.1893 32.7218 21.6082 26.699 25.1663 24.0796 21.4901 21.9901 21.1438 20.3735 31.63 25.2346 20.7934 19.9297 19.812 19.222 20.8609 20.5473 20.7534 19.2202 19.8405 32.1335 19.176 18.9079 18.6959
threshold=2.5000000000000004 3.5000000000000004 0.5675760240841593 238.50000000000003 1918.5000000000002 34.500000000000007 81.500000000000014 7.5000000000000009 877.45000000000016 0.062460986267166049 9.5000000000000018 -1.9938281896699039 0.19850134710372699 2111.7500000000005 15.500000000000002 -991.47255038251126 12.500000000000002 5.2015911872705027 -6.7375502188696883 6141.325288588786 4612.5000000000009 1.5000000000000002 1.0000000180025095e-35 5.5000000000000009 0.027013995673590665 -44.842890701737538 0.13274817760744176 30.500000000000004 1.0000000180025095e-35 18.500000000000004
decision_type=2 2 10 2 2 2 2 2 2 10 2 10 10 2 2 2 2 10 2 2 2 2 2 2 10 2 10 2 2 2
left_child=1 -1 -2 5 -5 7 -7 8 -4 10 13 -11 20 27 15 -14 17 18 -16 -12 22 -22 23 -13 -24 -26 -27 29 -15 -9
right_child=2 -3 3 4 -6 6 -8 9 -10 11 19 12 14 28 16 -17 -18 -19 -20 -21 21 -23 24 -25 25 26 -28 -29 -30 -31
leaf_value=-0.016097912637652784 0.00088424644040173146 0.012192394020392109 -0.00040548750777707988 -0.0087593400254684511 -0.0011900102201077758 0.029651220614339405 0.002701084256199937 0.035900122504582695 -0.010043268079495116 -0.0084179988949656427 -0.008856773387871773 -0.0045898930804955645 -0.007861346243905748 -0.0073216886108042889 0.013176732582031649 0.011531242286803071 0.015400767142588145 -0.021486694667514832 -0.0037679165842817957 0.007532962202829529 0.037028241412484154 -0.0041273602733356051 0.00088094115941345303 0.002607018930571687 0.002329409542962874 0.034684718597853707 -0.0072230329898870776 0.01320692611569888 0.022439411490710128 0.00256281946976892
leaf_weight=100.39460693189176 15182.363020511577 21.9738547532761 20145.71408013496 446.13564584590495 4802.129313913174 48.531739563681185 172.18517887406051 10.883283664355984 257.07169702264946 226.00753177306615 167.52330555464141 1307.4263902304228 86.032193773426116 126.55947723425925 73.220466686878353 480.45349602017086 77.726063844747841 42.182914731092751 305.31781851453707 103.2116633746773 20.415893223136663 18.049391167238355 952.17015097802505 493.48726040357724 93.386055149603635 52.15091235912405 21.014316483400762 478.10250938939862 17.56855102814734 354.94230313645676
leaf_count=126219 646277 12049 956227 21842 166844 1041 1610 1595 4890 4053 3635 28548 1600 2356 1146 10399 525 310 5188 1429 430 340 18135 5822 1600 747 224 10221 337 11040
internal_value=5.14765e-05 -0.0107386 8.09836e-05 -0.000307737 -0.00184118 5.34612e-07 0.0091525 -7.91762e-05 -0.000529353 0.00158739 0.00530414 0.000481354 0.000991134 0.00746802 0.00467686 0.00854308 0.000241691 -0.00270686 -0.000361272 -0.00258526 -0.000341401 0.0194632 -0.000635149 -0.00261603 0.00255112 0.0117956 0.022956 0.00927402 -0.00306322 0.00402529
internal_weight=46684.3 122.368 46562 31379.6 5248.26 26131.3 220.717 25910.6 20402.8 5507.83 1258.79 4249.04 4023.03 988.056 1064.93 566.486 498.447 420.721 378.538 270.735 2958.1 38.4653 2919.64 1800.91 1118.72 166.551 73.1652 843.928 144.128 365.826
internal_count=2046679 138268 1908411 1262134 188686 1073448 2651 1070797 961117 109680 30613 79067 75014 25549 19168 11999 7169 6644 6334 5064 55846 770 55076 34370 20706 2571 971 22856 2693 12635
is_linear=0
shrinkage=0.03


Tree=216
num_leaves=31
num_cat=0
split_feature=93 106 78 56 5 122 122 93 64 68 41 32 67 108 112 85 79 95 51 68 65 95 58 109 62 113 54 61 76 63
split_gain=24.2043 15.9326 15.4143 25.3069 18.2644 17.4289 51.2273 25.0049 18.3547 29.1022 19.5355 18.7194 23.9763 52.0773 37.3172 24.9726 18.8318 18.0484 17.941 17.769 21.7029 24.9343 17.6372 19.9995 16.9247 16.9234 16.0698 17.549 17.1448 15.7381
threshold=6.6385416758513403 0.29583333333333339 768.50000000000011 916.50000000000011 183.50000000000003 4519.5000000000009 4343.5000000000009 4.914982201375504 1.0000000180025095e-35 3.5000000000000004 16.500000000000004 -73.049999999999969 18.500000000000004 0.00018622792759830987 1.584613613647339 0.40985630439182358 318.9500000000001 0.66673397953688751 258.50000000000006 4.5000000000000009 32.500000000000007 0.65557787927844602 2915.6500000000005 0.00017220088931863638 99.500000000000014 2.6203297087209054 153.50000000000003 593.50000000000011 5447.5000000000009 48.500000000000007
decision_type=8 10 2 2 2 8 10 10 2 2 2 2 2 2 10 8 2 8 2 2 2 10 2 2 2 10 2 2 2 2
left_child=1 2 4 -4 5 6 7 8 9 -1 11 24 14 -14 15 16 18 -11 -13 20 21 -8 25 -24 29 26 28 -28 -9 -10
right_child=-2 -3 3 -5 -6 -7 19 22 10 17 -12 12 13 -15 -16 -17 -18 -19 -20 -21 -22 -23 23 -25 -26 -27 27 -29 -30 -31
leaf_value=-0.0052030592374123358 -0.004620823623527304 0.024806539167028609 -0.017445419383640939 -0.0018320742729696045 0.023297636228132006 -4.899923919928041e-06 0.043723461416286739 -0.00064699388759304356 0.0047234282968826712 0.046576822971857758 -0.0098605113946157001 -0.0055524168943082023 0.071832076672414355 0.0015017947175247882 0.026683853288377215 -0.00031725683606158268 -0.009921971503723365 -0.0032986185243912198 0.054655520334533983 0.041655021254090804 -0.015243068365766204 -0.0056830916510733622 0.030340433022947096 0.0013843337436168102 0.021101694312117079 -0.020696843238619391 0.036949708408340186 -0.0076215393710860196 -0.014555281117721757 -0.015585073338614133
leaf_weight=207.25815316362423 1027.2868077748863 18.336583579308353 93.854682052042335 1747.6386627000757 25.592075452208519 42162.568735748762 18.087315713608408 248.61661202373216 94.747017927467823 12.089533739257606 43.67178800702095 4.6823094690917122 14.261320780031381 19.081285111606121 91.242649183259346 179.84182735387003 6.4252784348791456 9.5631332879420352 14.200847865547983 32.844627206446603 14.367878040298818 13.563116557663305 18.989175245398656 209.85827160743065 29.136017953976989 54.661055242206203 12.800554434768857 11.79046749928966 112.79990361304954 47.528433923143893
leaf_count=18357 155012 385 7775 85782 115 1733758 857 16691 1306 289 429 404 319 351 1645 6300 252 314 442 365 218 821 486 4717 416 2059 293 267 3488 787
internal_value=-7.82335e-05 2.46658e-05 1.19685e-05 -0.00267292 0.000125374 0.000109134 0.00325757 0.00192613 0.00558342 -0.00152389 0.00855632 0.0102428 0.0143742 0.0370279 0.0112537 0.00391943 0.0291111 0.0280624 0.0416893 0.0260563 0.0119317 0.0246644 -0.00231049 0.00438439 0.00211333 -0.00579744 -0.00344992 0.0179026 -0.00512722 -0.0023596
internal_weight=46597.4 45570.1 45551.8 1841.49 43710.3 43684.7 1522.11 1443.25 773.73 228.911 544.819 501.147 329.736 33.3426 296.393 205.15 25.3084 21.6527 18.8832 78.8629 46.0183 31.6504 669.516 228.847 171.411 440.669 386.008 24.591 361.417 142.275
internal_count=2044700 1889688 1889303 93557 1795746 1795631 61873 59612 31611 18960 12651 12222 9713 670 9043 7398 1098 603 846 2261 1896 1678 28001 5203 2509 22798 20739 560 20179 2093
is_linear=0
shrinkage=0.03


Tree=217
num_leaves=31
num_cat=0
split_feature=118 122 72 91 23 30 72 66 75 6 105 109 102 37 78 72 77 71 59 64 121 41 66 99 69 98 73 59 101 70
split_gain=15.6731 15.0574 20.6493 17.9582 14.0209 20.1449 22.6516 20.8472 17.9479 15.6442 15.4044 14.7192 14.5699 14.3508 26.6538 21.3771 22.5743 21.2375 27.4864 20.6014 21.6528 20.9039 27.185 21.4361 29.4532 23.066 19.8085 19.5965 19.4902 19.2377
threshold=3.1981610507082756 254.50000000000003 1.5000000000000002 0.38710271490524567 235.50000000000003 425.50000000000006 269.50000000000006 174.50000000000003 15240.500000000002 1886.5000000000002 0.035727865290602935 0.00062066137529460128 0.007694217401268048 13.500000000000002 768.50000000000011 17.500000000000004 17.500000000000004 58.500000000000007 -2971.4362124033191 13.500000000000002 3.5000000000000004 23.500000000000004 40.500000000000007 0.026688925987757378 1.0000000180025095e-35 0.017812929932950371 4.5000000000000009 14899.646926688956 0.083205128205128223 1.5000000000000002
decision_type=8 8 2 10 2 2 2 2 2 2 10 2 10 2 2 2 2 2 2 2 2 2 2 10 2 10 2 2 10 2
left_child=1 2 3 -1 5 6 7 8 9 13 11 -9 -7 14 15 17 26 -3 -19 20 28 22 -21 24 25 -24 -17 -23 -15 -22
right_child=-2 4 -4 -5 -6 12 -8 10 -10 -11 -12 -13 -14 19 -16 16 -18 18 -20 21 29 27 23 -25 -26 -27 -28 -29 -30 -31
leaf_value=-0.012476450247429908 -0.0047888833582492383 0.00015276993913000431 -0.022173728073432798 0.025885836757875428 0.012689042701678305 -0.017676479295210611 0.0302477449771342 0.013068694081544832 -0.0085185038130152126 0.0077948525576443158 0.021366452141869725 -0.0092140370287535477 -0.0030968040014893788 -0.0026209179847477551 -0.017399634958611247 0.00230726623248074 0.0035795309215863741 0.034079062694177903 0.0048058825917092346 0.00073662495486416567 0.01516803019148192 -0.0056665522824789032 -0.0017510845485052668 0.019809270490214709 0.001399754231897715 0.038044440954871646 0.033675653697894645 0.0091806155098398973 0.01118348730362575 0.00084019659540025425
leaf_weight=18.868102005275432 611.12343531611259 34850.440272013569 57.248151074629277 15.721704968251286 73.891774661839008 88.17123965616338 17.390343004371971 52.112743298057467 215.13545609614812 229.6273625427857 65.119288892950863 45.32891957834363 190.91892498009838 5943.9276208993979 71.450823567807674 31.683480757754296 651.57329134410247 26.979449209757149 329.48016225174069 1381.2752962722443 107.14463951392099 530.66528155421838 19.133778533432633 119.0418329895474 301.23124591400847 33.886478286702186 39.91443741787225 89.431002707220614 88.653653707355261 342.82230454823002
leaf_count=589 171426 1623921 2487 709 1243 4313 525 1208 17411 1837 3719 1833 5769 103390 6844 715 17598 846 10052 32260 1620 8614 766 2951 11944 1116 750 2083 1054 7057
internal_value=-3.57817e-05 2.78391e-05 -0.0117894 0.00602704 5.27452e-05 3.10051e-05 8.06299e-05 6.57991e-05 2.68161e-05 6.84371e-05 0.0106281 0.00275919 -0.00793291 2.81119e-05 0.000295484 0.000333088 0.00542096 0.000227825 0.00746225 -0.00104609 -0.00193463 0.0012807 0.00287386 0.00903835 0.00519358 0.0247699 0.0208512 -0.00346897 -0.00240896 0.00438109
internal_weight=46639.4 46028.3 91.838 34.5898 45936.4 45862.5 45583.4 45566.1 45403.5 45188.4 162.561 97.4417 279.09 44958.7 36001.5 35930.1 723.171 35206.9 356.46 8957.21 6482.55 2474.66 1854.57 473.293 354.252 53.0203 71.5979 620.096 6032.58 449.967
internal_count=2046650 1875224 3785 1298 1871439 1870196 1860114 1859589 1852829 1835418 6760 3041 10082 1833581 1660726 1653882 19063 1634819 10898 172855 113121 59734 49037 16777 13826 1882 1465 10697 104444 8677
is_linear=0
shrinkage=0.03


Tree=218
num_leaves=31
num_cat=0
split_feature=95 93 118 35 92 86 118 108 57 31 83 76 97 7 18 43 75 94 90 46 79 63 76 62 76 70 76 4 117 53
split_gain=18.4314 21.2597 28.6099 25.6827 22.8504 34.1549 20.4578 19.6541 25.5308 21.1818 20.1917 19.5538 18.88 18.1695 19.8533 18.1603 18.151 22.173 19.6241 18.1349 25.7654 24.8208 25.0163 28.0975 19.7168 32.6791 19.4955 18.9029 20.6232 26.6067
threshold=0.76194156178700234 1.6000690994439095 -2.4642564999782564 -182.60620538606091 2.59901092454324 0.39287810194500344 0.46741486790772718 1.8153871469347902e-05 -912.19999999999993 3.5000000000000004 0.044456495541094244 12438.500000000002 0.048279561935770314 658.6500000000002 13.500000000000002 1.0000000180025095e-35 325.50000000000006 2.6896235862970919 0.72471940106900556 9.5000000000000018 -886.24999999999989 12.500000000000002 1903.5000000000002 9.5000000000000018 1574.5000000000002 1.0000000180025095e-35 836.50000000000011 46.500000000000007 -1.0137497604483874 37.500000000000007
decision_type=8 10 10 2 10 10 10 2 2 2 10 2 10 2 2 2 2 10 10 2 2 2 2 2 2 2 2 2 10 2
left_child=1 3 -3 -1 5 6 16 8 -2 -9 -11 -5 15 14 19 -12 17 18 -4 21 -21 -6 23 -23 -25 -26 -22 28 -28 -30
right_child=7 2 4 11 13 -7 -8 9 -10 10 12 -13 -14 -15 -16 -17 -18 -19 -20 20 26 22 -24 24 25 -27 27 -29 29 -31
leaf_value=0.00017395421039944847 0.046253384118638913 -0.0077208018839800829 -0.0026141955889452013 -0.0014547412543178368 -3.5651044278073735e-05 -0.0028051880657557595 -0.0089734954680255174 -0.0068616249743007843 0.00033190557174889228 0.0036187552317635489 -0.0023821685517395629 -0.006394361793424239 0.00016101339218577509 -0.0078070560791560634 0.012617556848232826 -0.0079199222204321736 0.0048725151662976198 0.045230096938414392 0.018324303868722632 -0.0097690677351035104 0.024362237480791606 -0.00014210050742133467 0.0019124439086318505 0.0079607809883842414 0.039297628770427126 0.0090876671164601651 0.002578723905298173 0.0084915169164888876 -0.0085868163566253531 -0.0007846195655121206
leaf_weight=11905.749147556548 5.9255227660760275 333.50089133091387 61.598986975499429 3205.8157380759367 7220.9844748104806 609.56195509119425 84.643831587163731 768.29202525925939 4127.0419516183028 599.91044532810338 2306.5706257710699 927.45341883040965 1883.0067445248133 220.63298424449749 121.22196523705497 691.37545573560055 2083.7254099764396 14.698310919717185 105.59484898616211 292.04545027716085 23.132102468051016 227.88069753907621 5552.7267737737857 257.60668437648565 54.113053289242089 79.890433930326253 824.23203784925863 182.08682393329218 554.47576112113893 1328.8892720253207
leaf_count=356763 236 20030 2318 205113 419898 12907 5475 122982 431047 31775 77653 34559 46918 5124 1130 16314 49329 1163 10300 7506 297 6036 121779 4342 904 1269 10933 2606 7997 31445
internal_value=-3.70026e-05 0.000282036 0.000928585 -0.000533621 0.00107544 0.00350523 0.00514438 -0.00115124 0.000453554 -0.0022121 -0.00155468 -0.00256952 -0.00219359 0.00064999 0.000763893 -0.00367033 0.00569042 0.0146792 0.0107581 0.000673547 -0.00135214 0.0011586 0.00255467 0.00824979 0.0130733 0.0222617 -0.000492951 -0.000733655 -0.00136856 -0.00309829
internal_weight=46654.4 36272.3 20233.2 16039 19899.7 2959.82 2350.26 10382.1 4132.97 6249.16 5480.86 4133.27 4880.95 16939.9 16719.3 2997.95 2265.62 181.892 167.194 16598.1 3204.86 13393.2 6172.22 619.491 391.61 134.003 2912.82 2889.68 2707.6 1883.37
internal_count=2046148 1319223 722788 596435 702758 81492 68585 726925 431283 295642 172660 239672 140885 621266 616142 93967 63110 13781 12618 615012 60784 554228 134330 12551 6515 2173 53278 52981 50375 39442
is_linear=0
shrinkage=0.03


Tree=219
num_leaves=31
num_cat=0
split_feature=113 75 93 58 76 80 58 1 79 30 72 67 80 56 57 78 72 103 72 53 36 90 62 22 66 111 78 70 33 98
split_gain=17.9605 16.1422 25.9344 20.2863 14.78 23.5173 16.3335 13.838 20.5135 19.0664 26.9125 16.0181 18.3402 17.3442 14.7028 21.467 14.6198 14.8664 15.942 14.1372 21.1532 19.8736 21.7981 23.8129 21.1191 21.8384 28.0269 23.368 20.9164 17.9793
threshold=0.1806125851056363 940.50000000000011 3.7520312340052686 574.6500000000002 8685.5000000000018 -1477.0084498199674 298.85000000000008 11561.000000000002 44822.650000000009 316.50000000000006 269.50000000000006 153.50000000000003 -19518.081088893174 8896.5000000000018 4937.3500000000013 919.50000000000011 5.5000000000000009 0.042840471407831572 40.500000000000007 11.500000000000002 17.500000000000004 2.8105767467449119 5.5000000000000009 1.0000000180025095e-35 23.500000000000004 0.0003072765808613557 168.50000000000003 10.500000000000002 9038.5500000000011 0.064534395206955766
decision_type=10 2 8 2 2 2 2 2 2 2 2 2 2 2 2 2 2 10 2 2 2 10 2 2 2 2 2 2 2 10
left_child=1 2 3 4 -1 -6 -7 9 -9 10 11 12 14 16 -2 -16 -13 18 -18 21 -21 22 23 28 25 -24 27 29 -14 -27
right_child=7 -3 -4 -5 5 6 -8 8 -10 -11 -12 13 19 -15 15 -17 17 -19 -20 20 -22 -23 24 -25 -26 26 -28 -29 -30 -31
leaf_value=0.0046304049274181113 -0.011145575759564815 -0.01227723789284132 -0.0073310084136647864 -0.0065537610721383942 -0.0010845693345796286 0.062717012096293726 -0.0090532253856556982 0.0083120159591687157 -0.012170432717020388 -0.0072567207774874966 0.036842843407792376 -0.015429946856477816 0.00045504270835110738 -0.0086310966702626175 0.031346461857202065 -0.004849167295400479 0.035713755965193029 -0.01039549747661242 0.002565463004341404 0.0030840532293949356 0.00023508906304078235 -0.0050927599740864153 -0.0020302753217488075 0.0099160385953513397 -0.019396838996207914 0.0048723804291821637 -0.013300231377363443 -0.011531542576452601 0.033578458728488636 0.019624771026578669
leaf_weight=306.34034842462279 219.39422462275252 164.97590630751802 449.84245035573258 145.08803619630635 14.493607700569557 9.5182671929651388 2.1297016180469646 338.88656350690871 45.975261869607493 312.92276115203276 12.949704752769319 7.0025272443890563 5225.0206690465857 25.853885124903172 14.691739068366585 54.834549092920497 45.464636148884892 8.455475253518669 18.718981025740504 2547.6374391898862 28926.898444190214 863.91434980672784 5790.967774362769 252.13652161415666 54.185341111849993 570.00702913827263 77.852838901802897 64.157873620279133 12.215649754507465 81.811481511453167
leaf_count=52814 15792 13450 150992 20474 1242 1111 307 4731 3333 10855 370 124 496611 1557 423 4758 1303 326 824 134897 730526 171949 194318 10917 1138 14181 2582 1297 634 2144
internal_value=2.13995e-05 -0.00377118 -0.00220032 0.00265836 0.00671587 0.0264872 0.0508167 0.000112714 0.00574049 6.41516e-05 0.000116005 0.000101299 7.31255e-05 0.0115096 -0.00739616 0.0043893 0.0181714 0.0221957 0.0269302 0.000122483 0.000466145 -0.000709919 -0.000395755 0.00100243 -0.00155172 -0.00139026 0.00326209 0.00514276 0.000564255 0.00685929
internal_weight=46664.3 1092.39 927.412 477.57 332.482 26.1416 11.648 45572 384.862 45187.1 44874.2 44861.2 44755.7 105.496 288.921 69.5263 79.6416 72.6391 64.1836 44466.8 31474.5 12992.3 12128.4 5489.37 6638.98 6584.8 793.829 715.976 5237.24 651.819
internal_count=2045980 240390 226940 75948 55474 2660 1418 1805590 8064 1797526 1786671 1786301 1782167 4134 20973 5181 2577 2453 2127 1761194 865423 895771 723822 508162 215660 214522 20204 17622 497245 16325
is_linear=0
shrinkage=0.03


Tree=220
num_leaves=31
num_cat=0
split_feature=90 59 114 81 28 77 56 109 111 55 92 92 105 123 93 111 91 43 101 90 28 111 77 61 17 52 75 31 72 0
split_gain=20.1564 31.2103 21.1659 19.321 25.4217 17.1464 32.4564 18.25 27.1637 21.7445 16.8947 25.0689 25.2941 22.5423 36.2559 30.9324 29.9624 25.0444 20.2038 23.2555 19.6667 19.2708 23.6723 21.6842 20.8619 20.0244 31.8835 20.295 22.6092 18.7
threshold=2.9643623234575771 -24.952440697458691 3.2029577605917345 0.077012940330697346 3.5000000000000004 42.500000000000007 49.500000000000007 0.00034743950361797903 7.1437844480759954e-06 7.5000000000000009 1.442869467780904 -1.5072745972127397 0.034473616850111535 1.0000000180025095e-35 2.3618911869136441 7.5391601972625015e-06 1.1438084681144087 1.5000000000000002 0.013080450330219351 -1.6619156837046745 396.50000000000006 0.0007896396519152443 102.50000000000001 372.50000000000006 1.0000000180025095e-35 705.50000000000011 2767.5000000000005 120.50000000000001 35.500000000000007 66.500000000000014
decision_type=8 2 8 10 2 2 2 2 2 2 10 8 10 2 10 2 10 2 10 10 2 2 2 2 2 2 2 2 2 2
left_child=10 2 -2 4 -4 -3 7 8 9 -7 11 18 -13 14 -12 -16 20 -15 -1 -20 21 25 23 -23 -24 27 -27 28 29 -17
right_child=1 5 3 -5 -6 6 -8 -9 -10 -11 13 12 -14 17 15 16 -18 -19 19 -21 -22 22 24 -25 -26 26 -28 -29 -30 -31
leaf_value=7.0999457859122544e-06 0.00049955897352434565 -0.0068938522469793118 0.0043727313584666673 0.00156550448836484 0.043150408966155435 -0.0019914449973281166 -0.006109048361067528 -0.0096784487679954616 0.024922443284227443 0.028064487761072066 -0.012005406260047868 -0.00050172510966262757 -0.0041035240420687225 0.0012809996405494398 0.005692412057639781 0.00085553857056715166 -0.0011957961061101732 0.0059679169522199515 -0.011843556331590267 0.0054146637283192661 -0.019655217241322302 0.0082553156207503843 -0.0026524419746037317 0.039561661485291139 0.0055924246149183128 0.025531890366260034 0.0034062277015523708 -0.0019201303125124186 0.024398486822400148 0.01002073900221701
leaf_weight=9485.3710432327935 383.47626206453424 1083.4349690300005 28.804487044544658 53.4533510140609 30.524030948523432 127.21461381815607 405.09520493168384 43.606281977845356 74.260955450707115 20.979728535749018 210.66976795101073 4873.3733115587092 2738.6365252401447 4558.5354069865425 928.87921916766209 5711.3888100858312 8733.3595514274202 1320.7655857055215 70.674649931606837 1042.44846888131 35.620742443483323 485.79676975077018 507.05636843945831 16.265882506035268 595.79116586735472 64.836458041332662 379.19995280262083 2438.3846216329839 32.99691432248801 202.72045972477645
leaf_count=307788 21579 260366 5263 2247 1993 9957 10250 2661 4597 750 8472 283757 109485 169813 136044 213556 368175 25537 1743 23839 1208 7324 13109 162 11342 660 9570 33211 720 1882
internal_value=7.48741e-05 -0.00269157 0.00392267 0.0150465 0.0261267 -0.00456813 -0.000790554 0.0072705 0.0107326 0.00304065 0.000215302 -0.00048659 -0.00179942 0.000702743 0.000229658 0.000360638 0.000101323 0.00233808 0.000456708 0.00427084 0.00118334 0.00126386 0.00428265 0.00964969 0.00180682 0.00071303 0.00688525 0.000382284 0.00132712 0.0011779
internal_weight=46683.6 2250.85 496.258 112.782 59.3285 1754.59 671.157 266.062 222.455 148.194 44432.8 18210.5 7612.01 26222.3 20343 20132.3 19203.4 5879.3 10598.5 1113.12 10470.1 10434.4 1604.91 502.063 1102.85 8829.53 444.036 8385.49 5947.11 5914.11
internal_count=2047060 319663 31082 9503 7256 288581 28215 17965 15304 10707 1727397 726612 393242 1000785 805435 796963 660919 195350 333370 25582 292744 291536 31937 7486 24451 259599 10230 249369 216158 215438
is_linear=0
shrinkage=0.03


Tree=221
num_leaves=31
num_cat=0
split_feature=53 115 36 77 103 64 115 8 37 72 122 76 78 77 90 84 64 53 79 31 92 75 34 54 77 70 72 73 53 65
split_gain=15.5793 23.635 16.6558 16.1542 17.0729 14.9042 14.8482 17.156 16.7573 21.5043 24.8697 20.0883 24.9772 27.308 24.8143 29.7914 22.4854 22.4198 22.1999 37.9943 43.2051 22.4682 22.0918 19.3336 19.1859 25.473 26.9297 22.0414 23.151 18.7482
threshold=1.5000000000000002 2.3043810036807617 57.500000000000007 52.500000000000007 0.15403750478377345 1.0000000180025095e-35 10.942434210526317 192.95000000000005 8.5000000000000018 2.5000000000000004 2182.5000000000005 1118.5000000000002 124.50000000000001 63.500000000000007 -2.3351686507936509 0.071443113075849246 7.5000000000000009 24.500000000000004 1649.2000000000003 118.50000000000001 -0.69076799449594994 1047.5000000000002 178.08791339866278 10.500000000000002 22.500000000000004 1.5000000000000002 9.5000000000000018 6.5000000000000009 10.500000000000002 5.5000000000000009
decision_type=2 10 2 2 10 2 10 2 2 2 8 2 2 2 10 8 2 2 2 2 10 2 2 2 2 2 2 2 2 2
left_child=1 -1 3 5 -5 -3 8 -8 9 10 -2 14 13 18 15 -12 -14 -16 21 -20 -21 -13 -19 -15 25 26 -11 -28 -29 -27
right_child=6 2 -4 4 -6 -7 7 -9 -10 24 11 12 16 23 17 -17 -18 22 19 20 -22 -23 -24 -25 -26 29 27 28 -30 -31
leaf_value=-0.0042241620936756359 0.00838535219921192 0.0086253485438882622 -0.010861879120151257 0.037123164332346775 -0.010390507263739104 -0.0089507275436135122 0.010912863980776141 -0.0034536199663898915 -0.00076834137559934792 0.0054194149017985083 0.042591959595645074 0.00017488150540273688 -0.0034454834124030887 0.0064518548444596879 -0.0062847104962081447 -0.0067493650681287303 0.0032269262373130778 0.042366602672385525 -0.0042903573248528129 0.03572387695733624 -0.0044099827559902771 0.044374902788912624 -0.0097752659534623334 0.0014515082023738477 0.001325438891181017 -0.010906614497869862 0.0082608378780251283 0.006976513772926519 0.045185471543047855 0.015859544849167212
leaf_weight=1531.6562355813221 307.85164656571578 188.08785228000488 47.675713404780254 23.39088550047018 6.518239752855151 51.612582006724551 229.32315685902722 106.99012310814578 14291.225991954096 476.59319402452093 16.8129109950969 9148.6402772623987 2735.5709344081115 791.46449321229011 867.86896867208998 19.88563527574297 540.81044606398791 12.262356246472338 1812.194938591565 41.847996897529811 47.804576510563493 5.3624644428491584 10.005649685510432 5561.9030225923052 7487.989973732736 107.17248326260597 73.651746736839414 23.811413776129484 40.665732871741056 25.130298702279106
leaf_count=309305 14004 23017 1417 735 211 4017 4315 1268 308182 23430 878 617946 99090 35596 130175 969 15973 985 97130 708 994 133 487 137359 208423 4439 2271 655 861 723
internal_value=1.39785e-05 -0.0026809 0.00471895 0.00762175 0.0267632 0.00473528 0.000125528 0.00635887 7.76527e-05 0.000478648 -1.24915e-05 -0.000134024 6.00622e-05 0.000512456 -0.00444282 0.0182523 -0.00234087 -0.00547521 -0.000388311 -0.00333309 0.0152212 0.000224985 0.0214414 0.00207901 0.0017852 0.00635424 0.00891386 0.0203604 0.0325925 -0.00543011
internal_weight=46631.8 1848.94 317.285 269.61 29.9091 239.7 44782.8 336.313 44446.5 30155.3 21920.3 21612.4 20685.6 17409.2 926.836 36.6985 3276.38 890.137 11055.9 1901.85 89.6526 9154 22.268 6353.37 8235.01 747.025 614.722 138.129 64.4771 132.303
internal_count=2045696 338702 29397 27980 946 27034 1706994 5583 1701411 1393229 1152427 1138423 1004929 889866 133494 1847 115063 131647 716911 98832 1702 618079 1472 172955 240802 32379 27217 3787 1516 5162
is_linear=0
shrinkage=0.03


Tree=222
num_leaves=31
num_cat=0
split_feature=90 14 78 92 93 99 115 119 122 122 93 50 9 94 121 63 47 62 96 52 68 109 103 103 41 64 88 110 93 61
split_gain=18.5033 17.0128 20.8038 17.4624 29.9577 30.3625 18.5385 17.8004 17.4168 39.6098 26.873 24.5539 25.7472 24.4211 26.8621 21.0283 30.1037 19.8713 19.7489 24.0414 21.6135 16.8744 16.4375 16.2241 15.9734 19.2299 22.891 15.579 22.959 18.6348
threshold=5.2001639344262314 2.5000000000000004 1192.5000000000002 -3.8066494547632508 -2.8438916454656531 0.01782213565786582 6.0722943722943734 0.17675204052913035 4519.5000000000009 4343.5000000000009 4.4336591066424749 198.50000000000003 285.84159552871097 -4.3348897462467333 10.500000000000002 51.500000000000007 4.5000000000000009 115.50000000000001 0.0023068081438043448 122.50000000000001 3.5000000000000004 0.00018877780307283455 0.041669955274927652 0.040020061857393638 43.500000000000007 29.500000000000004 2.2985569985569989 4.389472640387427e-05 6.5851634065462816 16.500000000000004
decision_type=8 2 2 10 10 10 8 10 8 10 10 2 2 10 2 2 2 2 10 2 2 2 10 10 2 2 10 2 10 2
left_child=1 2 8 -3 5 -5 -6 -7 9 10 13 -11 -13 -1 15 16 18 -17 19 20 -15 -19 -8 -20 25 27 -27 -10 29 -29
right_child=-2 3 -4 4 6 7 22 -9 24 11 -12 12 -14 14 -16 17 -18 21 23 -21 -22 -23 -24 -25 -26 26 -28 28 -30 -31
leaf_value=-0.01192807953978221 -0.019044784970778182 -0.0045889359222735168 -0.006832476295894235 0.00067700239899819831 0.00095303855865462161 0.0070107706109373462 0.013911165652681809 0.030273834333426095 0.00021017724054335187 -0.0033737472738915118 -0.001445131050404789 0.053786930565561844 0.0093965543271219785 0.0080484039845698154 -0.0173978532412047 -0.010226610156510985 0.043143671360631485 -0.013346899462625607 0.030306076082052262 -0.0079024413107949224 0.039528562853206099 0.028283160542482328 0.00064518235481518234 0.0047547348152491772 -0.010410975083073369 0.0097130134796499772 -0.0086344883370287687 0.011716978114228675 -0.0081855515992524022 -0.0008976684031850162
leaf_weight=50.855364087183261 41.037788975023432 322.8594866420608 413.80643577803858 106.0028593481984 2555.7368789843749 50.316190952900797 195.96382158668712 82.829095421358943 24932.902953798679 19.477567286521662 830.20754620444495 25.020136890700087 23.531174129340798 154.56854667776497 27.995996397512499 68.856508296914399 25.24601134378463 9.0956605197861773 67.493089247378521 70.376469161594287 18.369988516438752 23.746400448493659 145.38142666569911 35.425115609075874 133.15515728108585 324.37563508702442 71.060869134031236 101.14395195816178 384.65383032965474 15345.715741990716
leaf_count=4399 59773 4914 29602 3109 59270 1438 1095 1571 1393648 1605 39678 487 228 10739 739 1831 364 236 1533 1756 491 519 737 767 1697 7949 2259 12822 17279 384310
internal_value=-3.51226e-05 -1.63471e-05 -0.00017869 0.00200644 0.00269163 0.0127868 0.0018377 0.0220546 -0.000113481 0.00311217 0.00196709 0.0246506 0.0351585 0.00706571 0.00909185 0.0108247 0.0140951 -0.0012221 0.011393 0.00649335 0.0124091 0.0165135 0.00835197 0.0221389 -0.000227134 -0.000192928 0.00634928 -0.000257161 -0.000993003 -0.000811305
internal_weight=46657.2 46616.2 43157.1 3459.09 3136.23 239.148 2897.08 133.145 42743.3 1450.27 1382.24 68.0289 48.5513 552.029 501.174 473.178 371.479 101.699 346.233 243.315 172.939 32.8421 341.345 102.918 41293 41159.9 395.437 40764.4 15831.5 15446.9
internal_count=2046845 1987072 1914938 72134 67220 6118 61102 3009 1885336 65372 63052 2320 715 23374 18975 18236 15650 2586 15286 12986 11230 755 1832 2300 1819964 1818267 10208 1808059 414411 397132
is_linear=0
shrinkage=0.03


Tree=223
num_leaves=31
num_cat=0
split_feature=95 78 53 28 75 112 106 88 107 29 108 95 60 116 104 97 53 67 60 114 62 31 62 57 78 95 25 114 51 57
split_gain=15.544 16.5558 18.3367 16.2785 15.1348 14.7861 13.103 12.4804 13.7003 12.1294 22.4878 20.6246 18.2163 19.6682 17.7991 15.2308 15.0021 27.0897 38.5954 13.6958 13.5974 13.5972 13.2496 42.0046 22.9643 18.27 20.4068 23.1363 16.3649 27.9127
threshold=0.78579563944028641 207.50000000000003 90.500000000000014 69.500000000000014 28.500000000000004 10.780534576351195 0.26136363636363641 1.4125462962962967 5.2932453305196176e-05 9.5000000000000018 1.3229179317305345e-05 0.9287208607292291 1384.509192606816 4.6054593662151815 0.14290172998038167 0.022244714349977511 36.500000000000007 5.5000000000000009 12141.72408505255 4.0808436598200659 25.500000000000004 52.500000000000007 3.5000000000000004 96.05000000000004 30.500000000000004 0.88241815573235949 7.5000000000000009 1.859220198146373 887.50000000000011 246.65000000000006
decision_type=8 2 2 2 2 10 10 10 2 2 2 10 2 10 10 10 2 2 2 10 2 2 2 2 2 10 2 8 2 2
left_child=5 4 -3 7 -2 6 -1 8 -4 10 12 19 -6 14 22 -11 -17 -18 -19 -12 -20 -16 23 25 -25 -14 -27 -28 29 -26
right_child=1 2 3 -5 9 -7 -8 -9 -10 15 11 -13 13 -15 21 16 17 18 20 -21 -22 -23 -24 24 28 26 27 -29 -30 -31
leaf_value=0.00026179019558982865 -0.020099740165230747 -0.0088516803323254855 -0.0091876441395642178 -0.014231211224401828 -0.00054232706324349464 0.013658413011088038 0.023188543968979639 -0.0023001186928198148 0.027437997844712982 -0.0060420912936388739 -0.0022935836477891193 -0.0068317177359154407 0.0049791831409952067 0.026616384130285026 0.036790516898725902 0.0012396160678744214 0.0020872598024377223 0.036651266142617475 0.0156501230779304 0.0035575197506452602 -0.014118218772411656 -0.0055283678588855002 -0.00057748159061967233 -0.0072797961173266153 0.0063917470941803013 0.0058617878859372812 0.072330563041710774 0.0013253601986888978 -0.0045292094252493342 0.050777767457593145
leaf_weight=38035.793656242691 31.28403601210448 439.53895747172646 8.9814547807909531 26.196346268057823 2073.9861309723929 69.447149628016632 17.44902850384824 35.868986776098609 38.838186725974083 173.47466099332087 2675.1580545157194 828.46711843588855 17.87696697973297 31.137816337810364 19.378485612221997 761.75944378436543 178.31718684919178 56.846810074523091 21.560331018641591 411.35938786563929 23.768108123913407 7.8603815808892241 409.54687177436426 110.19984157249564 38.947980654425919 10.802237874071581 15.739343811292203 5.3933693165308787 29.519408950349316 15.329747301060705
leaf_count=1387078 72339 18266 390 663 235148 1804 328 1534 1166 3244 135239 96454 1771 1894 881 15351 2870 707 304 12567 266 184 21413 25475 2870 1577 1364 428 1632 1157
internal_value=4.2869e-05 -0.00111705 -0.0061298 0.00466911 -0.000766887 0.000301516 0.000275348 0.0110541 0.0203405 -0.000677849 -0.00117819 -0.00264286 0.000881279 0.00500451 0.00382884 0.00207339 0.00344654 0.00931343 0.0212389 -0.00150928 0.000189118 0.025615 0.00273292 0.00819355 0.00159915 0.0313874 0.0434952 0.0579298 0.0130281 0.0221534
internal_weight=46619.8 8497.14 549.424 109.885 7947.71 38122.7 38053.2 83.6886 47.8196 7916.43 6700.7 3914.98 2785.72 711.732 680.595 1215.73 1042.25 280.492 102.175 3086.52 45.3284 27.2389 653.356 243.809 193.997 49.8119 31.935 21.1327 83.7971 54.2777
internal_count=2046364 657154 22019 3753 635135 1389210 1387406 3090 1556 562796 540054 244260 295794 60646 58752 22742 19498 4147 1277 147806 570 1065 57687 36274 31134 5140 3369 1792 5659 4027
is_linear=0
shrinkage=0.03


Tree=224
num_leaves=31
num_cat=0
split_feature=90 76 108 28 44 56 2 94 108 79 6 31 59 110 119 93 17 0 78 55 121 91 113 111 98 79 28 53 114 111
split_gain=18.8649 21.8116 22.5665 16.401 15.3086 14.5541 20.1377 21.6031 14.6221 14.4988 14.4059 30.9855 22.5805 25.0392 19.0245 18.9011 18.7708 16.3386 14.7727 23.578 21.4463 24.3085 21.2585 20.8245 20.4946 23.1832 21.457 24.4309 19.8183 19.5769
threshold=2.9643623234575771 1437.5000000000002 0.00016893958849430643 95.500000000000014 9.5000000000000018 51.500000000000007 21.500000000000004 -5.6396012077300464 7.0478351059142326e-05 450.9500000000001 2556.5000000000005 3979.0000000000005 -11139.712506268525 0.00025677829683231447 0.57947368421052647 -4.1763676805938514 19.500000000000004 116.50000000000001 126.50000000000001 14.500000000000002 3.5000000000000004 -1.3687671703296698 0.47409254396466349 0.0040774009526461609 0.098126750700280124 253.25000000000006 61.500000000000007 27.500000000000004 3.5493939393939402 9.2276754440937768e-06
decision_type=8 2 2 2 2 2 2 8 2 2 2 2 2 2 10 10 2 2 2 2 2 10 10 2 10 2 2 2 8 2
left_child=10 -2 3 5 -4 6 7 9 -8 -3 11 12 13 17 -13 -15 -17 -1 23 -20 -21 -22 -23 24 26 28 27 29 -26 -14
right_child=1 2 4 -5 -6 -7 8 -9 -10 -11 -12 14 18 15 -16 16 -18 -19 19 20 21 22 -24 -25 25 -27 -28 -29 -30 -31
leaf_value=-0.0053574335381449626 -0.010908317712010087 -0.010372317239812067 -0.010319924210197055 0.027682467024121717 0.023272622715658935 -0.0041798195856776812 0.00677784398428168 -0.00056360801095527147 0.030755833728123343 0.052994380052374772 0.0064297522340818914 -0.011000930683201564 0.0017353947599571945 0.031046504905604649 0.013692854476008334 -0.010144584220960096 0.019563846724434269 0.03870779212691957 -0.0073734912220122552 -0.00069232279599576224 -0.0051579918516141288 -0.0098039807812051686 0.0060661999518260091 0.032238260467639987 0.0052203843415592572 -0.0061994138397966523 -0.0093115167062500382 0.0025151901442247537 -0.011441345922781572 -0.00028121389142762615
leaf_weight=8.0718680960126203 247.58651048206957 2.5916190369171073 292.53820960357552 13.792202671524135 8.1202272647060436 609.91179749637377 114.09745859843679 921.93107861035969 25.223821469175164 6.173819376854226 328.41394545370713 307.61753993923776 6277.088652115548 13.462943492224438 26.617458805907518 66.156146975466982 21.236004213802516 32.84324792213738 435.51578208035789 13979.303625414614 255.20984418410808 77.162198443897069 1095.8714381316677 13.734370041638611 365.74314437137218 798.62415361753665 183.56344956089742 6062.0613868914079 72.862382714170963 13957.52917006964
leaf_count=432 144353 261 17992 245 83 20557 7488 126479 1728 791 5439 10528 537273 632 272 4568 783 1496 23807 392622 6136 4619 30569 127 15614 43988 1429 111834 3629 530638
internal_value=8.15197e-05 -0.00260029 -0.00154421 -0.000189697 -0.0090468 -0.000499995 0.0016072 -9.63863e-06 0.0120341 0.0372968 0.00021728 0.000170239 0.000240297 0.0119877 -0.00886156 0.00344469 -0.00225747 0.0303777 0.000200706 -0.000529993 -0.000334223 0.00316096 0.00498508 0.000618181 0.000596701 -0.00316965 0.00077324 0.000845393 0.00235473 0.000344643
internal_weight=46620.7 2241.97 1994.38 1693.72 300.658 1679.93 1070.02 930.697 139.321 8.76544 44378.7 44050.3 43716 141.77 334.235 100.855 87.3922 40.9151 43574.3 15843.1 15407.5 1428.24 1173.03 27731.2 27717.5 1237.23 26480.2 26296.7 438.606 20234.6
internal_count=2046412 319977 175624 157549 18075 157304 136747 127531 9216 1052 1726435 1720996 1710196 7911 10800 5983 5351 1928 1702285 457753 433946 41324 35188 1244532 1244405 63231 1181174 1179745 19243 1067911
is_linear=0
shrinkage=0.03


Tree=225
num_leaves=31
num_cat=0
split_feature=102 69 75 51 29 108 6 29 99 31 98 85 64 72 28 108 78 79 63 2 115 70 64 64 31 53 111 97 35 112
split_gain=21.8343 18.7723 22.4022 27.2015 22.4513 29.3509 23.1156 22.521 20.2941 17.8374 17.0318 16.9312 16.2682 30.2391 36.8259 29.2432 19.6367 28.7923 22.3563 20.2007 21.171 17.8127 17.772 19.6291 18.9243 17.4519 17.2602 16.8539 17.6282 17.0035
threshold=0.051306424880569378 2.5000000000000004 1418.5000000000002 365.50000000000006 9.5000000000000018 0.00057530256645853598 104.50000000000001 24.500000000000004 0.076944373456001372 3979.0000000000005 0.024695076602707127 0.92006389776357833 47.500000000000007 30.500000000000004 246.50000000000003 8.1226042062982964e-05 318.50000000000006 8196.600000000004 72.500000000000014 25.500000000000004 1.1819422702455045 45.500000000000007 7.5000000000000009 13.500000000000002 198.50000000000003 76.500000000000014 0.0040774009526461609 0.043484563893756233 -11865.99636332875 1.2823556888906436
decision_type=8 2 2 2 2 2 2 2 10 2 10 10 2 2 2 2 2 2 2 2 10 2 2 2 2 2 2 10 2 10
left_child=1 12 3 -3 -4 9 -7 -8 10 -6 11 -5 16 15 21 -14 17 18 26 -19 -21 -15 -20 24 -24 -22 -1 -18 -29 -30
right_child=-2 2 4 8 5 6 7 -9 -10 -11 -12 -13 13 14 -16 -17 27 19 22 20 25 -23 23 -25 -26 -27 -28 28 29 -31
leaf_value=-0.00021140402614957675 -0.0022705835320467943 -0.00943868227957783 -0.0050348498344693687 0.006273304122666596 0.0032261419937781922 -0.0065520270098679478 0.034744986834055303 0.00022406102612740529 -0.008218188201668945 -0.0082402379804428962 0.00063829313201190061 -0.0099406124290633436 0.034343904847080158 0.018545271758938914 -0.019652034712288085 -0.0044179932950556434 -0.0059228362581543277 -0.0062894911230564829 0.0019219439749651038 0.017790449998785533 0.014810435891085209 0.074854538611351537 0.051592443479924907 0.0050502002548963691 0.014229927415519065 -0.0042514916090110209 0.028182589698936219 -0.0084903881836160388 -0.0018344608478343895 0.0062745332441530221
leaf_weight=31720.866608721524 3616.0771824381955 137.18807141610887 639.39995824499056 2117.2742057867581 2760.051026328234 672.80509593104944 12.384944938588886 788.93819994409569 113.26077097211964 123.05087772128172 767.96034215088002 55.274970543803647 16.054265263490379 15.106830750592058 6.2872303347103289 99.786050542723387 954.99294741544873 73.404876616317779 214.76550715230405 178.14738267101347 64.901124117895961 9.0445620743557793 16.650680968537927 75.849449058994651 41.944452196359634 109.14757075347006 14.279843654483555 205.78956091869622 651.47825035848655 355.73971554962918
leaf_count=1480792 230370 8653 21645 44907 85512 17700 180 23189 1946 3055 13994 3390 334 519 163 1882 44188 2446 3295 5146 923 407 376 890 386 1603 144 6533 32947 8905
internal_value=-3.33015e-05 0.000155033 0.00144712 0.00340865 0.000192288 0.000964234 -0.0024738 0.000969748 0.0040003 0.00272334 0.00448407 0.0058389 -0.000148917 0.00966764 0.0339282 0.00215277 -0.000191713 -7.15957e-06 -0.000110563 0.00769881 0.0106615 0.0488548 0.00738463 0.0157291 0.0280686 0.00307162 -0.00019419 -0.00295277 -0.000599746 0.0010464
internal_weight=46627.9 43011.8 8187.59 3190.96 4996.63 4357.23 1474.13 801.323 3053.77 2883.1 2940.51 2172.55 34824.2 146.279 30.4386 115.84 34678 32510 32084.4 425.601 352.196 24.1514 349.21 134.445 58.5951 174.049 31735.1 2168 1213.01 1007.22
internal_count=2046420 1816050 224171 72890 151281 129636 41069 23369 64237 88567 62291 48297 1591879 3305 1089 2216 1588574 1496001 1485883 10118 7672 926 4947 1652 762 2526 1480936 92573 48385 41852
is_linear=0
shrinkage=0.03


Tree=226
num_leaves=31
num_cat=0
split_feature=10 78 69 64 108 58 95 93 112 67 29 74 69 64 27 75 74 41 122 116 0 104 75 76 25 41 114 122 58 93
split_gain=16.6911 22.5829 26.8972 21.0846 20.8597 28.6547 24.775 25.1303 22.6969 19.9743 20.6216 33.6914 32.5909 19.94 24.9564 24.4104 23.9627 19.4156 18.4418 17.8881 17.8253 16.958 16.7146 19.9204 16.6558 18.5938 17.585 16.5743 30.2976 17.9469
threshold=-33956.170151321108 1396.5000000000002 4.5000000000000009 28.500000000000004 0.0007025889317233483 -429.30000000000013 0.64518790588736297 -2.9946226274886576 1.9604100766578327 3.5000000000000004 85.500000000000014 1.0000000180025095e-35 3.5000000000000004 25.500000000000004 446.50000000000006 7176.5000000000009 1.5000000000000002 17.500000000000004 13317.500000000002 0.033211445043506378 122.50000000000001 0.01639842240503556 12960.500000000002 220482.50000000003 985.50000000000011 45.500000000000007 2.1084688384483052 2182.5000000000005 5791.6500000000015 5.6247914530738496
decision_type=2 2 2 2 2 2 8 10 10 2 2 2 2 2 2 2 2 2 10 8 2 10 2 2 2 2 10 8 2 10
left_child=-1 3 -3 17 5 8 7 -7 9 -5 11 12 -11 14 15 -4 -17 27 -19 24 -12 -14 -15 -24 -6 -26 -27 28 -2 -30
right_child=1 2 13 4 19 6 -8 -9 -10 10 20 -13 21 22 -16 16 -18 18 -20 -21 -22 -23 23 -25 25 26 -28 -29 29 -31
leaf_value=0.0064213793783475144 0.0026325430885276 -0.017852423978021108 -0.0043262110579808154 -0.01249549510022733 -0.0038129756370671236 -0.0092218904513197159 -0.0065908622387021842 0.010659634467211703 -0.0013279316164760539 0.059109956052960724 -0.0039126976945146096 -0.0031673936208694705 -0.0069909380917210322 -0.014144930012518682 -0.010099110791084399 0.014415029487099424 0.062800082013406311 -0.005166983534180429 0.0076217891752663556 -0.0085494625223879531 0.022799856031066143 0.037261270104047103 0.0065485945911781963 -0.0075926531310195021 0.024481556148305793 -0.014105322159810954 0.015575796340057383 -3.4385915609018031e-05 0.03183486458046942 -0.0081413773075756403
leaf_weight=358.06629715231247 681.64766577465343 121.84123476268724 24.604151643346995 12.1647114562802 119.16469068080187 65.495845751371235 163.81637960113585 317.94004327384755 54.396027549169958 38.880334871821105 35.727462911047041 16.699444556608796 15.51532273925841 130.30935002025217 36.701913545839489 32.970773350913078 10.764332236256449 1027.7418394656852 108.1166507974267 177.07001349888742 50.30787493288517 8.4563242644071561 148.4421917614527 211.09088552603498 51.078723433427513 31.407129772007465 30.471635077148676 42492.430521467933 46.892887416295707 10.356418017297981
leaf_count=6103 33691 10142 1327 286 2353 1409 4369 7699 334 869 540 482 478 5008 2245 2480 764 15292 1856 3656 590 217 7922 16781 687 387 157 1916604 1013 378
internal_value=1.40959e-05 -3.61734e-05 -0.00530134 4.72357e-05 0.00398194 0.00684726 0.00304149 0.00718862 0.0155655 0.0206301 0.0233586 0.0340977 0.0435027 -0.00260332 0.00897959 0.0192159 0.031545 -5.86113e-05 -0.00392162 -0.00149249 0.0121014 0.0123562 -0.00515278 -0.00174435 0.00395755 0.0119692 0.000582616 4.33269e-05 0.00448262 0.0245301
internal_weight=46630.6 46272.5 716.725 45555.8 1188.59 779.4 547.252 383.436 232.148 177.751 165.587 79.5514 62.852 594.884 105.041 68.3393 43.7351 44367.2 1135.86 409.192 86.0353 23.9716 489.842 359.533 232.122 112.957 61.8788 43231.3 738.897 57.2493
internal_count=2046119 2040016 46669 1993347 24513 17273 13477 9108 3796 3462 3176 2046 1564 36527 6816 4571 3244 1968834 17148 7240 1130 695 29711 24703 3584 1231 544 1951686 35082 1391
is_linear=0
shrinkage=0.03


Tree=227
num_leaves=31
num_cat=0
split_feature=77 95 122 99 36 115 60 95 69 83 16 109 57 115 86 73 80 65 77 95 84 89 104 64 114 55 89 112 98 110
split_gain=19.9723 14.983 18.4564 19.3048 17.9895 21.6453 18.7302 18.855 18.7688 36.3052 15.9665 13.7306 16.7737 23.6673 22.3808 19.4946 16.223 20.2828 20.5907 20.5964 14.9716 13.8286 13.6728 20.8487 13.4942 21.7379 19.402 15.6016 13.946 13.6688
threshold=4.5000000000000009 0.5675760240841593 36583.500000000007 0.021286894193734428 953.50000000000011 7.9312827534110761 109079.76936334862 0.68629361145334911 11.500000000000002 0.18668776371308018 10.500000000000002 3.3254279299374858e-06 16.700000000000014 1.0002387584560288 0.43482617408730512 10.500000000000002 959.78281951112092 1.5000000000000002 28.500000000000004 0.86215693173821262 0.50213675213675224 4.5603278688524602 0.0065811129205502238 35.500000000000007 6.2272593896713619 12.500000000000002 1.9500000000000006 2.3116820377689948 0.037041535644717967 0.0019461481332312741
decision_type=2 8 10 10 2 10 2 10 2 10 2 2 2 8 10 2 2 2 2 10 8 10 10 2 10 2 10 10 10 2
left_child=-1 2 -2 -4 6 10 11 8 22 -10 -6 12 15 14 16 -3 17 -14 19 -19 -16 24 -8 -24 -13 27 28 -26 29 -27
right_child=1 4 3 -5 5 -7 7 -9 9 -11 -12 21 13 -15 20 -17 -18 18 -20 -21 -22 -23 23 -25 25 26 -28 -29 -30 -31
leaf_value=-0.0066616291884024747 0.00083921173043172723 -0.003647149886518799 -0.00399965463996975 0.036395556508680253 -0.014214736693093791 0.012733723666585468 -0.0055335647966500371 -0.0062569081792460757 0.050034449969753848 -0.01386060844390255 -0.0030531326035109375 -0.00039486263506600098 0.00056570315192348017 -0.011098364321422327 0.05882372946903798 0.029925572153444737 0.035914237674214533 0.051114662803985494 -0.0036727485724777557 0.0041716177281752986 -0.0016542832785739856 -0.006950766342063733 -0.0052880328301569794 0.042270178867608914 0.0023067762963989505 0.001890375414430355 -0.011782558345764882 0.012486580945031174 -0.0062687889302108146 0.019215208531323642
leaf_weight=389.83436597717809 14894.729335251439 203.35566502614529 16.278645225567743 21.531141094863415 193.68087165267207 47.234209824353456 34.498154363594949 38.586232690140605 25.145138010382652 8.4057899001054448 283.70292370137759 28028.177048205136 122.53501009286265 35.740367276273901 10.489327495452013 11.829986240714787 15.882081170449963 19.711452018993441 17.549808051320724 14.206645189318804 4.4826171958120549 273.16523916873848 13.467222487088295 13.141975337173788 282.3318458275171 985.92626555915922 107.27187811024487 260.60206281417049 182.92270732391626 37.878333261236548
leaf_count=197046 575486 26671 476 315 8152 262 1165 1783 1045 336 10264 1103391 20585 5874 1027 597 3460 2851 1808 2186 677 36412 543 478 20312 7512 900 12192 1309 186
internal_value=5.70088e-05 0.00011441 0.000896034 0.0205679 -0.000258904 -0.00574095 -0.00016445 0.0108533 0.0177921 0.0343048 -0.00768194 -0.000214168 0.00492548 0.0102844 0.0141905 -0.00116382 0.010686 0.00744439 0.022321 0.0345145 0.0448355 -0.000292647 0.00681685 0.0211713 -0.000230636 0.00224257 0.00014878 0.00726232 0.00125366 0.00262162
internal_weight=46594.3 46204.5 14932.5 37.8098 31271.9 524.618 30747.3 133.245 94.6583 33.5509 477.384 30614.1 455.783 240.597 204.857 215.186 189.885 174.003 51.4679 33.9181 14.9719 30158.3 61.1074 26.6092 29885.1 1856.93 1314 542.934 1206.73 1023.8
internal_count=2045301 1848255 576277 791 1271978 18678 1253300 5350 3567 1381 18416 1247950 65736 38468 32594 27268 30890 27430 6845 5037 1704 1182214 2186 1021 1145802 42411 9907 32504 9007 7698
is_linear=0
shrinkage=0.03


Tree=228
num_leaves=31
num_cat=0
split_feature=112 75 76 79 56 111 26 32 94 32 33 36 102 91 95 78 75 79 56 111 72 83 70 98 60 77 68 37 90 94
split_gain=14.1604 15.3373 13.656 44.2989 30.7411 24.2039 23.3716 21.1914 17.6423 17.0074 17.347 15.3614 14.9026 13.3322 12.0261 16.467 21.5505 22.5355 26.5188 21.8916 19.9966 28.2232 23.8051 23.4755 22.9805 29.7645 20.5439 18.4988 27.1154 22.6677
threshold=8.7819442479128362 28.500000000000004 566.50000000000011 38.000000000000021 32.500000000000007 2.8239413890520118e-05 106.50000000000001 -66.149999999999977 2.1136141468798093 9.4000000000000092 -128.84999999999994 13.500000000000002 0.14203876717132288 2.3186818939775855 0.5675760240841593 156.50000000000003 2304.5000000000005 5337.2500000000009 37.500000000000007 0.0040774009526461609 2.5000000000000004 0.06172984578781681 4.5000000000000009 0.0065843666001907577 14221.806234180223 206.50000000000003 11.500000000000002 2.5000000000000004 2.5221215220949271 5.4549988642109719
decision_type=10 2 2 2 2 2 2 2 8 2 2 2 10 10 10 2 2 2 2 2 2 10 2 10 2 2 2 2 10 10
left_child=1 -1 3 4 5 -3 -5 -6 -7 10 -10 12 -12 -2 -4 16 17 19 -19 20 -16 23 -23 27 25 -24 -25 28 -22 -30
right_child=13 2 14 6 7 8 -8 -9 9 -11 11 -13 -14 -15 15 -17 -18 18 -20 -21 21 22 24 26 -26 -27 -28 -29 29 -31
leaf_value=-0.018708990099524529 0.0093216667683006411 0.0085143536687905981 0.00059108090285565028 -0.010803735954389486 0.023383842101064697 -0.010450168110112221 0.02571572228093089 -0.011982676492841125 0.00077789205228023838 0.00460502422871009 0.081314688849022834 -0.0065638258347049281 -0.005864525342607744 -0.0077555414978649345 -0.00064735528701061944 -0.0015464225416344549 0.0055366968856327813 0.018158208855844668 -0.013560209274299786 0.034453205732502476 0.010438012570370823 -0.00023968147908741175 0.0055825070630752321 -0.00077871417476309095 -0.0056526744701272582 0.029511688588346595 0.025222663291753475 0.0053781405163139681 0.047554005265885622 0.0021100673227156985
leaf_weight=34.756289091019426 242.08946549450047 24.510968030081131 15056.753913188091 103.74114952064701 21.095838346984237 2.6361827327637002 13.607222263584843 31.862526301294565 3.6973882737802368 6.225244293222203 20.286618935235317 1.3664691860321898 1.2042493900516991 45.405135445354972 15730.986924403987 8726.6612299757544 608.23781265318394 22.6531021570554 188.20878368243575 11.519113035872577 95.233004127629101 4213.5236484664492 713.3358134876471 276.152426477056 145.79560065828264 45.557107593864202 25.323633006773889 132.77481477300171 39.679557224852033 13.298503406345842
leaf_count=75933 4021 9344 625961 58873 485 484 2691 2719 370 1206 4395 116 240 4654 837962 274392 11046 1142 3940 98 3912 96970 11420 6103 1555 581 292 2826 1773 780
internal_value=-4.19827e-05 -8.35331e-05 -6.75244e-05 0.00714235 0.0201588 0.0340062 -0.00569123 0.00290742 0.0484128 0.0539031 0.0628992 0.0710046 0.0762447 0.00653813 -0.000104346 -0.000442278 -9.2105e-06 -0.000166231 -0.009811 -6.9124e-05 -9.57108e-05 0.00142578 0.000710226 0.00765397 0.00511136 0.00720276 0.00178123 0.0138136 0.0209485 0.0373124
internal_weight=46598.2 46310.7 46275.9 230.234 112.885 59.9271 117.348 52.9584 35.4162 32.78 26.5547 22.8573 21.4909 287.495 46045.7 30988.9 22262.3 21654 210.862 21443.2 21431.7 5700.67 5118.21 582.462 904.689 758.893 301.476 280.986 148.211 52.9781
internal_count=2046284 2037609 1961676 80923 19359 16155 61564 3204 6811 6327 5121 4751 4635 8675 1880753 1254792 980400 969354 5082 964272 964174 126212 110526 15686 13556 12001 6395 9291 6465 2553
is_linear=0
shrinkage=0.03


Tree=229
num_leaves=31
num_cat=0
split_feature=95 93 75 108 122 103 75 87 89 118 120 71 98 58 27 73 77 54 118 76 122 118 35 30 70 110 53 76 52 34
split_gain=15.3715 24.3225 15.8059 30.2785 22.0339 28.6339 26.1115 30.1943 23.5015 22.3129 15.3822 14.9592 28.4028 25.142 22.4507 29.5377 22.8867 20.6918 17.1196 18.6553 16.8147 17.9957 18.2883 25.0961 18.509 17.1687 30.8505 25.6184 21.806 21.5913
threshold=0.9049356969065 5.1041326518942443 206.50000000000003 5.8004712519709579e-06 1149.5000000000002 0.12200847360586282 162.50000000000003 0.2327069612253149 -0.26508826001681135 -0.45452872814296036 0.73076923076923095 1.5000000000000002 0.021279030137786651 8338.5000000000018 77.500000000000014 21.500000000000004 25.500000000000004 112.50000000000001 3.1981610507082756 1087.5000000000002 376.50000000000006 0.9046832028761741 -283.20942972560573 11.500000000000002 2.5000000000000004 0.00026652402000900977 187.50000000000003 61082.000000000007 92.500000000000014 782.10277969822232
decision_type=8 8 2 2 10 10 2 10 10 10 2 2 10 2 2 2 2 2 10 2 10 10 2 2 2 2 2 2 2 2
left_child=2 -2 3 -1 6 -6 7 9 -7 -5 -3 12 13 18 -15 16 -16 -14 19 -4 -13 25 23 24 -23 26 27 29 -27 -22
right_child=1 10 11 4 5 8 -8 -9 -10 -11 -12 20 17 14 15 -17 -18 -19 -20 -21 21 22 -24 -25 -26 28 -28 -29 -30 -31
leaf_value=-0.007415263051711413 -0.00044284037622692197 -0.017808126489570166 -0.0061616585466719859 0.0042503476243378529 -0.0051732027260963211 0.035212290492615581 0.0088077724169214801 0.007070534754795842 -0.0099467275141313059 0.064215345298713505 -0.0050234281083767303 -0.00047981139552505728 -0.0028498749570901429 0.0013852470838538701 -0.0034668786200235699 -0.014274583399030344 0.026717735010057583 0.020186055688590224 -0.010424970266377849 0.0026394611221094888 0.001649927462065242 0.036486804825391669 -0.0080930422723398988 -0.0057898539893413512 -0.0024869227403299847 0.0092612934306854373 0.014410328388054632 -0.012940256052347703 -0.0014015936145947824 0.0083118656395362971
leaf_weight=132.41123136581155 2030.2499224328785 92.946884270611918 223.94231377902906 8.0682729954423866 151.24175332466257 28.226849841303192 198.74593152047601 28.026832398551051 12.413709087064488 20.941316157113761 702.21228688029805 31199.886880150239 1421.875549464603 136.80910969915567 25.79918973846361 19.830863851122558 131.93635675124824 31.030357136391103 94.190471517300466 4178.118379256106 2482.2698579996359 25.692956756800413 324.17397954256739 63.747628858778626 16.124541985802352 185.36751445499249 198.69475059676915 90.769883243367076 1846.3943945865612 527.71474198519718
leaf_count=21934 222171 104588 34113 2212 32660 2217 17675 2058 1649 5106 75149 943924 77983 7869 1798 286 3257 440 11187 321398 70892 938 14012 3274 626 3896 8065 4326 40681 10219
internal_value=-4.71599e-05 -0.00218985 9.12789e-05 0.00498912 0.0086995 0.000957495 0.0143777 0.031512 0.0218399 0.0506144 -0.00661978 2.49799e-05 0.0013801 0.00248987 0.0106265 0.0175136 0.0218259 -0.00229034 0.00190979 0.00218525 -0.00020482 0.00128359 -0.00458828 0.00605357 0.0227982 0.00176077 0.00309513 0.00234802 -0.000408419 0.00282976
internal_weight=46629.9 2825.41 43804.4 580.076 447.665 191.882 255.782 57.0364 40.6406 29.0096 795.159 43224.4 6263.53 4810.63 314.376 177.566 157.736 1452.91 4496.25 4402.06 36960.8 5760.95 429.739 105.565 41.8175 5331.21 3299.45 3100.75 2031.76 3009.98
internal_count=2046603 401908 1644695 85511 63577 36526 27051 9376 3866 7318 179737 1559184 458331 379908 13210 5341 5055 78423 366698 355511 1100853 156929 18850 4838 1564 138079 93502 85437 44577 81111
is_linear=0
shrinkage=0.03


Tree=230
num_leaves=31
num_cat=0
split_feature=112 109 120 107 93 9 110 120 52 80 109 110 38 111 55 114 105 109 88 98 103 93 31 76 104 56 76 75 63 93
split_gain=14.8946 22.6011 17.6185 15.9832 16.635 34.2164 25.7741 20.8978 20.0741 21.3711 19.3514 17.4915 22.8653 26.3607 28.3727 27.9017 21.9709 21.4553 25.2748 26.6382 21.4451 21.2685 20.4724 21.5491 24.0464 20.8651 18.5171 34.4516 17.5541 16.6914
threshold=0.20805549626467454 0.0002012493276366717 0.26923076923076933 9.4862908794452905e-07 1.6000690994439095 -21.75791424982145 1.0811337723395098e-05 1.9615384615384619 88.500000000000014 -636.31447338565874 1.099119778409084e-05 4.479319795225702e-05 1.0000000180025095e-35 4.9032867077072821e-05 13.500000000000002 0.23770139463796733 0.090860528360528367 6.7211755797845862e-05 1.7003773584905666 0.011767013592412251 0.023818979537804003 6.1095088957625627 38.500000000000007 1725.5000000000002 0.031253786043130609 16.500000000000004 2733.5000000000005 301.50000000000006 5.5000000000000009 4.3233446161512274
decision_type=10 2 2 2 10 2 2 2 2 2 2 2 2 2 2 10 10 2 10 10 10 10 2 2 10 2 2 2 2 10
left_child=1 2 -1 -2 5 7 8 10 9 -7 -5 12 16 14 22 -15 -6 -13 19 20 -19 28 25 24 -24 -14 27 -18 -21 -20
right_child=3 -3 -4 4 11 6 -8 -9 -10 -11 -12 17 13 15 -16 -17 26 18 29 21 -22 -23 23 -25 -26 -27 -28 -29 -30 -31
leaf_value=-0.014574573027817868 0.016657432213663895 -0.0066484901886451082 -0.0004963731512678041 0.0016065371432686516 -0.00091078655928644758 0.0011644517542612491 -0.0041402602504507025 0.00036067478959772077 0.0014524317630842873 -0.0052476807376718639 0.017672617236492816 -0.0022474950836824667 0.011498211058761159 0.0013727048402176268 0.00047984320439518544 0.012901884658328956 0.0019969199946880366 0.0068732407883126158 0.0030367937218462103 -0.0067017752741948006 0.0017663681304624771 -0.0070395023791847413 0.042597203258180907 0.0086297300093210461 -0.0077537082937024996 0.0021501601549518651 -0.0022274414366529266 0.040497778300766681 0.0011639680282226914 -0.0023678672533983492
leaf_weight=76.500465874603833 47.950155748636462 668.65805746914702 4397.7787943263538 153.74276677914895 3061.475131604966 766.31988093454856 3169.8176585801411 9771.1611321351957 2157.6057052810211 1189.720889129414 116.82231121591758 2973.3466653900687 253.70111561293015 334.11375631182455 3657.4933207170106 433.70994744752534 45.560250316106249 1183.9634630241198 613.75931718107313 266.46575946302619 1973.4136906518834 338.62417014350649 31.729028711561114 225.83101479848847 9.329778111074118 1291.9528791644843 54.303801026078872 34.554817223455757 4308.6753789535724 3053.5385619094595
leaf_count=118666 5349 49643 403382 12822 290567 42489 101036 248476 93599 119435 5120 59709 24924 11433 78042 11655 3455 31568 17722 9950 46612 8339 1506 7285 368 61152 2202 1841 80894 97528
internal_value=-3.19116e-06 -0.00152528 -0.00075308 0.000185512 0.000164461 -0.000544767 -0.00210948 0.000590636 -0.000541516 -0.00273903 0.00873821 0.000673362 0.00168133 0.00273782 0.00200293 0.00792637 -0.000381816 2.66624e-05 0.000603418 0.0015415 0.0036892 0.000159132 0.00506657 0.0126722 0.0315563 0.00371666 0.0112664 0.0200064 0.000699035 -0.00146044
internal_weight=46661.6 5142.94 4474.28 41518.7 41470.7 17325.2 7283.46 10041.7 4113.65 1956.04 270.565 24145.5 9433.75 6237.86 5470.04 767.824 3195.89 14711.8 11738.4 8071.14 3157.38 4913.77 1812.54 266.89 41.0588 1545.65 134.419 80.1151 4575.14 3667.3
internal_count=2046769 571691 522048 1475078 1469729 622977 356559 266418 255523 161924 17942 846752 494430 196365 173277 23088 298065 352322 292613 177363 78180 99183 95235 9159 1874 86076 7498 5296 90844 115250
is_linear=0
shrinkage=0.03


Tree=231
num_leaves=31
num_cat=0
split_feature=122 122 6 31 64 110 58 95 99 115 80 115 54 66 101 99 31 72 65 97 84 32 66 53 104 31 57 93 87 121
split_gain=17.6068 18.8114 16.9963 24.6098 17.0085 18.2775 20.8941 18.8647 16.1875 20.6365 17.2248 16.0239 19.5259 27.3396 19.1962 17.8479 18.3623 15.9358 25.1504 15.8206 20.4033 15.59 17.5989 17.1292 16.8143 15.1735 27.969 24.6263 20.8065 18.059
threshold=376.50000000000006 2182.5000000000005 1573.5000000000002 1460.5000000000002 26.500000000000004 0.00029841933924118225 -294.39999999999952 0.64518790588736297 0.017915797357299527 1.7936277475297442 56295.60941291786 2.0803799318071117 207.50000000000003 87.500000000000014 0.016404655648000723 0.0028348703112129072 520.50000000000011 2.5000000000000004 106.50000000000001 0.01640690193544914 0.13183919082241927 877.45000000000016 16.500000000000004 256.50000000000006 0.0021160289848583228 51.500000000000007 1003.85 4.4003292359540005 0.13000435540069691 10.500000000000002
decision_type=8 8 2 2 2 2 2 8 10 8 2 10 2 2 10 10 2 2 2 10 10 2 2 2 10 2 2 8 10 2
left_child=17 8 3 4 -3 6 11 21 25 10 -10 12 -6 14 15 -14 -17 18 -1 -5 -21 23 -23 -8 -24 27 -27 29 -28 -2
right_child=1 2 -4 19 5 -7 7 -9 9 -11 -12 -13 13 -15 -16 16 -18 -19 -20 20 -22 22 24 -25 -26 26 28 -29 -30 -31
leaf_value=-0.0070183558383025485 0.022091313067701769 -0.00012771465886295922 0.0052827702179636445 0.0057103183635242782 0.0065998970943265825 -0.0010038227411778378 0.0056311068407398157 -0.0046357571435522013 0.016941395857501422 0.00042374026844365736 -0.014424944708909471 0.0020021593868475482 0.00057567648810003349 -0.0038818020775958678 -0.0036304128058260148 0.07489593588723438 0.019088073711048918 -0.019464865916428813 0.040871053366650242 -0.0094140458894367302 -0.0009036321502486329 0.044552669089987396 0.00011407360082681433 -0.016581346508350477 0.019148374360182508 -0.0092684583546012219 0.0011557713061457612 -0.0011925159101366452 0.035336632639715156 -0.016163478754016355
leaf_weight=57.717912297215662 85.888591386174085 42764.259082514691 520.54509139549918 118.87379045365378 42.223405113676563 472.21050453442149 174.57921434054151 161.86260662227869 207.54775744379731 150.59033215302043 13.291838294826446 48.180267032235861 5.5343807800672939 12.565090420655904 5.8669973574578753 19.732254882343113 12.37798430258408 74.718033990124241 6.7139763929881147 573.01784374378622 453.71156299626455 10.94872967340052 75.769510621204972 32.874370671343058 88.243791293352842 211.16826734924689 50.892287721391767 156.77252462806064 18.638503204565495 9.012507698935222
leaf_count=3164 6711 1927694 8933 1773 1241 13335 4304 5525 6969 1417 662 396 220 548 187 596 536 3818 95 19072 8753 152 2165 1504 3542 4949 1828 15329 584 356
internal_value=-2.83746e-05 4.07908e-06 -8.11002e-05 -0.000143627 -3.01769e-05 0.00354164 0.00663385 0.00385037 0.00427785 0.00904 0.014776 0.016508 0.0231767 0.0340962 0.0443331 0.0513575 0.0588532 -0.0104968 0.000555738 -0.00447473 -0.0056759 0.00745572 0.0139209 0.00180379 0.0106186 0.000902164 -0.00386296 0.00618856 0.0120743 0.0178312
internal_weight=46636.3 46497.2 45593.4 45072.8 43927.2 1162.97 690.759 544.278 903.803 371.43 220.84 146.48 98.3001 56.0767 43.5116 37.6446 32.1102 139.15 64.4319 1145.6 1026.73 382.416 174.962 207.454 164.013 532.373 280.699 251.674 69.5308 94.9011
internal_count=2046358 2039281 2000476 1991543 1961945 34251 20916 17192 38805 9048 7631 3724 3328 2087 1539 1352 1132 7077 3259 29598 27825 11667 5859 5808 5707 29757 7361 22396 2412 7067
is_linear=0
shrinkage=0.03


Tree=232
num_leaves=31
num_cat=0
split_feature=61 19 38 72 23 37 3 60 57 117 79 67 108 97 11 57 73 68 117 68 59 83 9 95 30 28 120 19 93 67
split_gain=17.7054 16.1055 14.2207 36.062 18.8218 18.8362 22.7787 17.4422 16.8306 23.002 16.3454 20.7638 17.7312 24.2731 23.7565 21.5646 18.3708 24.9899 25.7044 20.049 20.4568 26.0104 21.1095 23.472 18.075 17.0206 16.4462 16.1087 16.0067 15.9941
threshold=2.5000000000000004 42.500000000000007 188.50000000000003 269.50000000000006 16.500000000000004 12.500000000000002 1.5000000000000002 61187.818399065836 -278.94999999999993 0.55785290473274196 -634.50000000000011 6.5000000000000009 5.9946521129599311e-05 0.31287650602409645 1.5000000000000002 26.500000000000018 4.5000000000000009 5.5000000000000009 0.20633648466932422 14.500000000000002 725.23692393928525 0.12456945130993576 13.059282543815351 0.49154433431368 4.5000000000000009 4.5000000000000009 18.34615384615385 3.5000000000000004 6.0540286489057138 7.5000000000000009
decision_type=2 2 2 2 2 2 2 2 2 10 2 2 2 10 2 2 2 2 10 2 2 10 2 8 2 2 2 2 10 2
left_child=-1 2 3 4 5 6 8 -5 9 -2 11 -10 16 14 15 24 17 26 19 20 21 -19 23 -23 -14 -22 -12 -6 -16 -8
right_child=1 -3 -4 7 27 -7 29 -9 10 -11 12 -13 13 -15 28 -17 -18 18 -20 -21 25 22 -24 -25 -26 -27 -28 -29 -30 -31
leaf_value=-0.014685580645267206 0.0083309744362097607 0.016073162132319845 -0.0056668192204017238 0.06071362756178203 0.0017377898320519653 -0.0013613351726656268 0.00069344027078300954 0.0047368250852961652 -0.0093814231878752048 -0.004805301962142074 0.00089057130154640541 0.012406018562809202 0.0096232083007796575 0.015157359886142878 -0.00048497706888284673 -0.0091776204259388164 -0.00097180855269382506 0.004437852410366718 -0.0024000506979411237 -0.0063852121738788535 0.057499704207761911 -0.0027482250900468337 -0.0040966794701984667 0.063323396454640718 -0.0060160891607394336 0.0073097745337743665 -0.018409015287277335 0.009344188812906171 -0.0057218143734219682 0.0034164407673229155
leaf_weight=68.925628150929697 416.63643156457692 51.093170625623316 391.77673539426178 7.9871570239774909 1373.1307347805705 8583.0365567731205 11719.670581819257 9.6579479090869409 321.88647510996088 163.87331261276267 7591.5386857521953 40.382778792642057 114.5368769535271 69.094156943901908 3807.5597961635794 691.4876416628249 7527.6853709025891 76.903805512469262 90.547598972683772 24.794498967123218 17.979541185544807 5.7439920515753391 8.1146808392368239 16.253345985896885 145.02008384978399 10.491513911169021 34.955948864342645 302.53119150572456 604.59697174539906 2322.8681724530179
leaf_count=84467 10311 441 13618 249 26103 181756 363039 205 17977 5866 714733 1699 13353 4541 154622 80440 258724 3694 4199 786 661 216 199 593 5475 252 2659 4871 37008 53324
internal_value=-1.55345e-05 7.76611e-06 -1.16163e-05 3.70544e-05 1.84529e-05 -9.9483e-05 0.000203002 0.0378859 -0.000404419 0.00461334 -0.000542876 -0.00681691 -0.000432189 -0.00190503 -0.00213876 -0.0064268 8.76334e-05 0.00110003 0.0103235 0.0173666 0.0217858 0.0145163 0.0359586 0.0487569 0.000936638 0.0428596 0.000790109 0.0031348 -0.00120824 0.00114493
internal_weight=46610.8 46541.8 46490.7 46099 46081.3 44405.7 35822.6 17.6451 21780.1 580.51 21199.6 362.269 20837.3 5432.3 5363.2 951.045 15405 7877.32 250.829 160.281 135.487 107.016 30.112 21.9973 259.557 28.4711 7626.49 1675.66 4412.16 14042.5
internal_count=2046081 1961614 1961173 1947555 1947101 1916127 1734371 454 1318008 16177 1301831 19676 1282155 295439 290898 99268 986716 727992 10600 6401 5615 4702 1008 809 18828 913 717392 30974 191630 416363
is_linear=0
shrinkage=0.03


Tree=233
num_leaves=31
num_cat=0
split_feature=102 31 116 115 6 95 101 120 63 111 97 120 103 33 72 85 30 56 113 3 113 120 122 99 115 63 65 31 102 80
split_gain=17.8983 15.4086 21.8502 18.034 16.9249 20.1377 15.2725 14.9715 20.2531 24.617 34.9505 22.777 31.2118 34.2917 21.8965 35.6051 20.5128 17.7676 20.1954 20.2064 17.6073 15.8043 16.1737 25.1533 23.9063 18.0121 41.9284 16.916 19.7626 16.4935
threshold=0.07702113055841546 966.50000000000011 0.51025175015174506 8.5323404709614454 158.50000000000003 0.53384437656641615 0.040057306590257892 87.346153846153854 92.500000000000014 0.00011030243542630901 0.027785201021438329 46.269230769230781 0.014424195511329065 -985.0999999999998 41.500000000000007 0.48107236684977317 67.500000000000014 2311.5000000000005 0.6355636726920797 16.500000000000004 2.1181963404008139 59.11538461538462 2182.5000000000005 0.017915797357299527 1.7219346150044481 4.5000000000000009 4.5000000000000009 84.500000000000014 0.0066580361071524744 257.19611876142227
decision_type=8 2 10 10 2 10 10 2 2 2 10 2 10 2 2 10 2 2 10 2 10 2 8 10 8 2 2 2 10 2
left_child=1 4 3 6 7 -6 -3 8 14 10 -10 12 -12 -14 16 -16 21 18 -11 -20 -15 22 23 25 27 26 29 28 -25 -1
right_child=-2 2 -4 -5 5 -7 -8 -9 9 17 11 -13 13 20 15 -17 -18 -19 19 -21 -22 -23 -24 24 -26 -27 -28 -29 -30 -31
leaf_value=0.027698200967093831 -0.0027519300619344889 -0.0024641435634533675 -0.0079405405563442791 0.0078576779003350604 0.0083979833437368458 0.0012486009712602906 0.010029675567442758 -0.0084917823364461468 -0.0072975025879663414 0.024727535157977383 -0.0044800042349568336 0.0047287748316844624 -0.0030608302780692669 0.066651727589791904 -0.0073973476870056168 0.019046178517288785 -0.0065038456173120273 -0.0065611103473798404 -0.00050630624853850313 0.01399396955780643 0.0075980199773023399 -0.011539041547405926 -5.5986127782010188e-05 0.021385635801409675 -0.00017373989064853641 -0.0023593781632616573 0.035659431869024129 0.036725943516667088 -0.0058149794684284068 -0.014973334973421588
leaf_weight=5.3764996998652341 2178.9290634123463 1666.6700783020351 486.7175523112528 187.70208663400263 446.90539076807909 1657.8388761102688 88.06993758212775 179.86518733808771 37.224829003214836 38.410947200842202 12.528729490935801 32.378818087279797 9.6169684967026097 30.872119795531034 67.058934331405908 126.19465050566941 437.33086517173797 147.85414029145613 335.12212847126648 111.42922744620591 6.8023140002042046 101.64539292594418 37585.787462773646 69.50371772487415 81.363815520715434 361.25864415289834 34.109665755066089 36.648830818012357 32.844014116097242 35.837711042695446
leaf_count=2659 191339 42633 14806 1101 6825 24705 1100 16465 1478 2321 336 2060 209 1033 1289 3055 5405 6514 9679 3072 79 8825 1677156 2218 883 9741 1964 986 847 5901
internal_value=-0.000100419 2.98493e-05 -0.00229076 -0.000858348 0.000164254 0.00278295 -0.00181037 2.58441e-05 6.54615e-05 0.00489236 0.0165593 0.0260713 0.0363675 0.0465827 -2.95545e-05 0.00991514 -8.03818e-05 0.00239513 0.00516478 0.00322688 0.0581288 -6.28156e-06 2.58758e-05 0.0046745 0.0128143 0.000467454 0.0133281 0.0201591 0.0127925 -0.00701227
internal_weight=46629.9 44451 2429.16 1942.44 42021.8 2104.74 1754.74 39917.1 39737.2 762.24 129.424 92.1989 59.8201 47.2914 38975 193.254 38781.7 632.816 484.962 446.551 37.6744 38344.4 38242.7 656.943 220.36 436.583 75.3239 138.997 102.348 41.2142
internal_count=2046684 1855345 59640 44834 1795705 31530 43733 1764175 1747710 26781 5195 3717 1657 1321 1720929 4344 1716585 21586 15072 12751 1112 1711180 1702355 25199 4934 20265 10524 4051 3065 8560
is_linear=0
shrinkage=0.03


Tree=234
num_leaves=31
num_cat=0
split_feature=113 93 80 102 48 106 83 107 78 90 79 60 53 75 86 77 75 88 60 108 79 118 52 53 116 75 90 117 83 116
split_gain=14.9185 27.2636 24.3473 17.2598 20.8116 16.7213 15.5902 14.7884 16.2184 14.6706 14.3711 19.2393 26.0115 22.1384 18.1536 18.3039 23.0238 18.7235 17.625 19.8091 26.5204 19.7291 20.973 18.3936 16.3369 15.8518 14.8915 13.6827 28.2611 18.5274
threshold=0.38276244829812395 4.9365196681233838 -3039.8152455732902 0.40198675496688746 1.5000000000000002 0.29583333333333339 0.27651251352112266 4.0784452455883159e-05 36.500000000000007 -0.1454223081882656 891.6500000000002 7500.0602463698124 40.500000000000007 1063.5000000000002 0.57162399843658396 120.50000000000001 310.50000000000006 -4.3983870967741927 -2109.4013722633913 1.3764512121215278e-06 261.65000000000003 -0.26755694211458542 69.500000000000014 1.5000000000000002 0.36180541347653633 558.50000000000011 0.27855907068709834 1.549700090414782 0.070533338501407972 1.8107625482625485
decision_type=10 8 2 10 2 10 10 2 2 10 2 2 2 2 10 2 2 8 2 2 2 8 2 2 8 2 10 10 10 8
left_child=1 2 -1 5 6 -2 -5 8 -3 -10 11 14 13 -13 15 16 -4 -17 -18 20 -20 -22 23 -23 -21 -12 -25 -27 29 -29
right_child=3 7 10 4 -6 -7 -8 -9 9 -11 25 12 -14 -15 -16 17 18 -19 19 24 21 22 -24 26 -26 27 -28 28 -30 -31
leaf_value=-0.0088342336707704621 0.00026073576783718403 -0.0087958394228011601 -0.00030839189691942294 -0.0025119663834843554 -0.010094290566976477 0.028508421541079684 0.041263514482122621 -0.010686709422064556 -0.010279639517113507 0.0024808285015300293 -0.011045021998877191 0.059119647123535131 -0.0028939801060005087 -0.006349770591575119 -0.0045424800584931832 0.025663488891780637 -0.002645369683607339 -0.012554832533142535 0.0032745051664252239 0.015196605290602162 0.0069039486284282687 0.011187191318638838 -0.0073217072549028751 0.0066084059267995134 0.0036203963853591896 -0.0017537499668386265 0.079297365555214674 0.049031247117857182 -0.0067502500962032409 0.0057669878707334327
leaf_weight=250.02944664144889 42709.47887781469 294.23426019919862 488.19614423482562 9.235730054148009 14.198505861684678 13.869056380237451 22.461686445225496 343.86830812453991 95.59917512035463 413.09513014939148 146.41660527948989 13.378354002488779 18.89882916258648 5.0213410547003141 301.31734051875537 8.3669225615449232 110.55898801155854 93.148257204564288 37.824440038297325 167.7819432442775 16.794682343839668 8.7887619118555467 4.1962050072615957 3.969434613594788 312.98328183207195 637.54838610446313 16.639525654143654 15.766037227469495 35.307189320679754 18.26528542896267
leaf_count=16552 1575424 140400 101176 584 218 190 842 27652 6887 28173 26465 633 1234 331 23502 469 5865 5976 3492 10322 1903 1549 480 350 23075 36169 2136 1107 2009 1735
internal_value=0.00013284 -0.00165262 -9.90692e-06 0.000294073 0.0177541 0.000273241 0.0299042 -0.00551935 -0.0032539 6.03289e-06 0.000902648 0.00257001 0.0225475 0.0437138 0.00202553 0.00359647 0.00466601 -0.00834804 0.00821589 0.010331 0.0230961 0.0363365 0.04825 0.0560935 0.00777521 -0.0022358 0.0693207 -0.0003464 0.0118414 0.0295239
internal_weight=46627.2 3857.99 2711.2 42769.2 45.8959 42723.3 31.6974 1146.8 802.929 508.694 2461.17 1607.86 37.2985 18.3997 1570.57 1269.25 1167.73 101.515 679.537 568.978 88.213 50.3886 33.5939 29.3977 480.765 853.304 20.609 706.887 69.3385 34.0313
internal_count=2046900 469642 266530 1577258 1644 1575614 1426 203112 175460 35060 249978 182493 2198 964 180295 156793 150348 6445 49172 43307 9910 6418 4515 4035 33397 67485 2486 41020 4851 2842
is_linear=0
shrinkage=0.03


Tree=235
num_leaves=31
num_cat=0
split_feature=98 18 46 72 78 94 98 9 38 37 72 78 63 69 61 52 61 54 65 111 50 117 68 99 75 85 80 91 73 78
split_gain=16.8004 14.7642 18.9662 16.5972 29.1124 25.667 19.9637 19.5095 20.7388 19.5274 21.308 21.739 19.9316 22.3096 29.7838 18.3216 22.3467 24.8051 28.8699 25.2314 25.5766 21.9136 21.9466 21.4701 19.1615 18.8404 18.4483 17.8954 24.55 16.5983
threshold=0.28730158730158734 1.0000000180025095e-35 10.500000000000002 25.500000000000004 1135.5000000000002 -4.3348897462467333 0.0939943626113839 -96.036196546791885 7.5000000000000009 9.5000000000000018 1.0000000180025095e-35 124.50000000000001 60.500000000000007 2.5000000000000004 237.50000000000003 556.50000000000011 155.50000000000003 24.500000000000004 30.500000000000004 1.5182144408415855e-05 219.50000000000003 1.5178511698769648 1.0000000180025095e-35 0.0031471301936314569 476.50000000000006 0.49099220556146422 10456.505606347682 1.1900638420375265 6.5000000000000009 78.500000000000014
decision_type=10 2 2 2 2 10 10 2 2 2 2 2 2 2 2 2 2 2 2 2 2 8 2 10 2 8 2 8 2 2
left_child=1 3 -3 4 7 -5 -7 8 -1 10 11 15 -13 14 -14 16 17 29 19 20 21 25 24 -17 -23 -19 -25 -22 -29 -9
right_child=-2 2 -4 5 -6 6 -8 9 -10 -11 -12 12 13 -15 -16 23 -18 18 -20 -21 27 22 -24 26 -26 -27 -28 28 -30 -31
leaf_value=0.00528279614165516 -0.011361869733340395 0.0029804559889986945 -0.00049006419144600143 -0.0074562819371257636 -0.013366562166366074 0.004178325245672819 0.037513629019386957 -0.0010024428449034368 0.00027092098752732767 -0.0018497542426982993 0.00073741788220875394 -0.0049578322582361969 -0.007100972522869892 -0.013999309845728327 0.048313410968616612 -3.5094811221699644e-05 -0.0031481630719154287 0.020239070751508187 -0.0081451403100958053 0.0025302300662046668 0.004711351176645933 0.077782649582384095 0.00011015399374289803 0.0065269157554755453 0.0093484536661362829 -5.0891567576311943e-05 0.035620058398949647 0.054071212929495363 0.0038996971589161074 0.0024460304471972476
leaf_weight=1137.6784112207824 111.01312177677755 3289.2177123076399 2485.0837829571683 176.59832196845673 146.62576803914271 1199.6492738516536 11.488082040566949 7826.4835681681725 2126.4058843464591 6759.5812289756723 14813.472481664503 1428.8229366176529 12.366082790307702 13.501411690376697 17.615654080174863 111.15634793543722 2531.1433886432205 51.046524861594662 125.97093841794413 433.18471186421812 19.057457463350147 6.3662154302001017 11.599863771465605 46.333417676389217 7.7607600002083927 155.26547941751778 33.05655144713819 28.822070647962391 12.966283868066965 1491.2891754270531
leaf_count=21111 10675 71026 60557 5071 10745 36905 324 910171 36376 132171 522150 57795 393 410 554 2984 85457 1959 3772 13043 496 389 579 861 310 6209 506 978 329 51832
internal_value=4.0289e-05 6.8723e-05 0.00148772 -0.00013258 -0.00024647 0.00308594 0.00464746 -0.000195698 0.00202319 -0.000397489 -6.07798e-05 -0.000883935 -0.00433108 0.0146508 0.0277094 -0.000488719 -0.000628785 -5.03012e-07 0.0048837 0.00718441 0.0139101 0.00899173 0.0327146 0.00862481 0.0524593 0.00532943 0.0200335 0.0305594 0.0405841 -0.000449506
internal_weight=46620.6 46509.6 5774.3 40735.3 39347.6 1387.74 1211.14 39200.9 3264.08 35936.9 29177.3 14363.8 1472.31 43.4831 29.9817 12891.5 12701 10169.8 852.04 726.069 292.885 232.039 25.7268 190.546 14.127 206.312 79.39 60.8458 41.7884 9317.77
internal_count=2046138 2035463 131583 1903880 1861580 42300 37229 1850835 57487 1793348 1661177 1139027 59152 1357 947 1079875 1075524 990067 28064 24292 11249 9446 1278 4351 699 8168 1367 1803 1307 962003
is_linear=0
shrinkage=0.03


Tree=236
num_leaves=31
num_cat=0
split_feature=90 76 62 68 61 122 112 63 79 100 110 117 77 98 87 120 95 57 115 110 50 81 69 120 72 59 112 93 70 110
split_gain=14.8933 29.7413 23.7682 26.8956 20.7605 19.722 17.2294 16.6689 15.5375 32.8853 30.5243 21.3827 21.2628 18.4551 19.5467 18.4279 17.9475 16.3941 18.1242 16.4969 17.6717 16.0225 15.9266 17.2849 23.9833 35.0179 30.9689 15.2319 14.5868 23.4199
threshold=-2.611269841269841 1648.5000000000002 10.500000000000002 9.5000000000000018 2.5000000000000004 12621.500000000002 10.780534576351195 6.5000000000000009 -634.50000000000011 0.0017769883560292089 0.0019461481332312741 0.43043012278551435 238.50000000000003 0.029423155784389667 0.45588742044026437 51.807692307692314 0.68753629500580737 -912.19999999999993 3.1912629286880789 0.00044075927873411873 7141.5000000000009 0.18470936364701748 239.00000000000003 341.23076923076928 142.50000000000003 -7577.0651273037083 1.5683805628590908 2.2662664486217468 6.5000000000000009 0.001458459917513627
decision_type=8 2 2 2 2 8 10 2 2 10 2 10 2 10 10 2 10 2 10 2 2 10 2 2 2 2 10 10 2 2
left_child=1 5 -3 28 -2 -1 8 -7 9 27 11 13 -13 14 17 16 -14 18 19 21 -21 -11 23 24 -10 26 -26 -6 29 -4
right_child=4 2 3 -5 6 7 -8 -9 22 10 -12 12 15 -15 -16 -17 -18 -19 -20 20 -22 -23 -24 -25 25 -27 -28 -29 -30 -31
leaf_value=-0.0039595877224821528 -0.017861752562591846 -0.01275221505281722 0.0039069923842993516 -0.013556077956975849 -0.011113296427953149 0.027659543900480133 0.014155327231454027 0.0098825019251747269 3.1104848163090162e-05 0.002358983705403037 -0.0086403522508976902 -0.0016726646959933167 0.041078376188663716 -0.0076051312499434264 -0.0096949276232103174 0.0089565703957339132 -0.00065984235090727535 0.0011706019767813154 -0.00025258576659371455 0.0015810386995601926 0.044265855169029207 0.048933256025313933 0.022436816720644053 -0.012692138523689065 0.072009565588705457 0.0019541284797134203 0.0033345531815893786 -0.0031616325730667101 -0.0089459196007280264 0.023354753581309645
leaf_weight=63.290465931087965 53.895328401456936 105.56726593888015 388.60735554434359 77.102000429295003 407.96341477474198 61.360191458894406 71.835777051892364 209.25870155333541 43596.482690271252 9.1385863013565523 201.51161857368425 58.468373001087457 41.244427970610559 144.16274718567729 59.278622469399124 70.361315235029906 11.401811202522365 125.98266499722376 39.920016717165709 41.517261147033423 6.1916885636746875 25.908500526100397 23.574731710366905 90.86787371407263 10.56520976405591 49.382126599550247 10.347438210621474 468.40024405671284 55.881451812572777 60.735311517957598
leaf_count=6516 77868 5556 9393 1681 18840 8308 2267 4622 1854638 354 4658 1952 1219 3781 1431 4672 436 3589 285 1621 420 1039 489 8604 358 1158 68 17711 1270 978
internal_value=1.86269e-05 0.00359169 7.87091e-06 0.00240996 -6.17907e-05 0.0108657 -3.87787e-05 0.0143419 -6.27453e-05 -0.00286267 0.00139566 0.00463031 0.0131794 0.00109203 0.00522011 0.0200285 0.0327658 0.00889677 0.0164746 0.0240982 0.0107943 0.0385997 4.70209e-05 3.23961e-05 6.03252e-05 0.0169771 0.0452297 -0.00690532 0.00495549 0.00676373
internal_weight=46640.2 1021.8 687.893 582.326 45618.4 333.909 45564.5 270.619 45492.7 1711.45 835.088 633.576 181.476 452.1 307.937 123.008 52.6462 248.659 122.676 82.756 47.7089 35.0471 43781.2 43757.6 43666.8 70.2948 20.9126 876.364 505.224 449.343
internal_count=2045782 38324 18878 13322 2007458 19446 1929590 12930 1927323 62008 25457 20799 8279 12520 8739 6327 1655 7308 3719 3434 2041 1393 1865315 1864826 1856222 1584 426 36551 11641 10371
is_linear=0
shrinkage=0.03


Tree=237
num_leaves=31
num_cat=0
split_feature=18 34 88 115 88 98 98 56 72 72 74 116 23 109 28 111 63 33 59 109 27 8 29 32 72 121 48 92 34 76
split_gain=13.8721 21.8625 18.6983 17.7217 14.9033 17.2035 18.0274 16.8896 14.7615 15.2375 14.5626 19.1583 18.4792 14.9775 14.4448 14.2686 13.5657 13.2622 19.1334 18.2013 17.8715 15.0751 16.9835 20.189 15.0451 26.2915 27.2583 23.6091 21.6834 28.3477
threshold=3.5000000000000004 3756.9816342476879 1.0805787811222596 6.0722943722943734 -3.9974999999999992 0.036273516287736396 0.021095023686137443 465.50000000000006 277.50000000000006 436.50000000000006 5.5000000000000009 -1.0946522921522923 3.5000000000000004 0.0023306826531661524 3.5000000000000004 4.6120131418163792e-05 24.500000000000004 -1625.1499999999992 6679.5493832844268 0.0015501535775030838 103.50000000000001 -2029.9499999999998 6.5000000000000009 59.050000000000018 1.0000000180025095e-35 4.5000000000000009 13.500000000000002 4.5516999109501404 -62.549489614183024 15219.500000000002
decision_type=2 2 10 10 10 10 10 2 2 2 2 10 2 2 2 2 2 2 2 2 2 2 2 2 2 2 2 8 2 2
left_child=1 8 4 -4 -2 6 14 -7 17 -10 12 -12 -8 -14 16 -3 -6 18 19 21 -21 22 23 -1 28 26 -26 -27 -19 -30
right_child=2 15 3 -5 5 7 10 -9 9 -11 11 -13 13 -15 -16 -17 -18 24 -20 20 -22 -23 -24 -25 25 27 -28 -29 29 -31
leaf_value=0.0043194026190805455 -0.0087780910852788153 0.024231907794755602 -0.0056674041488504225 0.013532762910112427 0.022608053748147207 0.0073869999668101285 0.0029224197173546426 -0.007075392934622917 0.035535022951619921 -0.012359070482957125 0.031927040804457456 -0.0083459838475936129 0.022587372312248159 -0.0024245268443966522 0.0024045290138927028 -0.0063014489486934774 -0.009308890136225146 0.0017390415466897961 0.011639285775341419 0.024345975351693298 -0.0028046493806709342 -0.0041320274534315735 -0.0016649314730634681 0.03261048576093669 0.00089423418928347295 0.010729568680174181 -0.0020066019584141308 0.0006575480199133972 -0.00069982868784022553 -0.0067785089259758437
leaf_weight=188.79579018848017 70.383501283009537 9.2718165152473357 331.9952480266802 44.822588285431266 55.004171477630734 115.00276955123991 83.759498522616923 179.56609646137804 15.139153212774547 5.5542936045676461 8.0320937847718579 52.784337898949161 182.96901506488211 23.30311133293435 617.47391445236281 602.07569468440488 12.014153344556687 3141.0309344772832 87.043022900354117 40.313602429348975 40.296829227823764 1994.0740888789296 768.28926124610007 21.199823745992035 19832.059068437666 429.51321841380559 3412.8367881244048 405.72463748513837 13115.067583182827 723.97862043726491
leaf_count=2412 1108 142 9188 239 1035 1265 1121 2893 570 187 155 1770 3090 571 10579 15744 136 92125 2629 674 519 40659 10293 351 627928 13379 86318 12423 1082235 24253
internal_value=6.87799e-05 -3.43985e-05 0.00266452 -0.00323623 0.00425827 0.0049785 0.00679129 -0.00140007 4.38044e-05 0.0227764 0.0122814 -0.00100569 0.0150374 0.0197712 0.0039086 -0.00564555 0.0166374 3.05866e-05 -0.00184697 -0.00224988 0.0114024 -0.00263866 0.000410865 0.00786747 0.000174377 0.000656544 0.000467991 0.00587002 -0.000509395 -0.00102016
internal_weight=46609.4 44832.3 1777.11 376.818 1400.29 1329.91 1035.34 294.569 44220.9 20.6934 350.848 60.8164 290.032 206.272 684.492 611.348 67.0183 44200.2 3140.01 3052.97 80.6104 2972.36 978.285 209.996 41060.2 24080.1 23244.9 835.238 16980.1 13839
internal_count=2045991 2012841 33150 9427 23723 22615 18457 4158 1996955 757 6707 1925 4782 3661 11750 15886 1171 1996198 57537 54908 1193 53715 13056 2763 1938661 740048 714246 25802 1198613 1106488
is_linear=0
shrinkage=0.03


Tree=238
num_leaves=31
num_cat=0
split_feature=90 112 53 51 62 59 113 122 102 44 65 54 73 58 71 73 105 76 76 115 115 70 32 90 110 48 57 56 78 121
split_gain=17.0288 16.449 14.0473 23.4768 17.6752 21.7457 20.6604 18.7053 18.1675 19.3533 18.3967 19.4947 17.962 17.7935 17.42 17.2168 17.4755 17.1281 23.8361 27.907 16.3822 25.7866 18.4275 16.7982 18.2403 20.1542 24.5726 29.9439 17.9765 17.9931
threshold=5.2001639344262314 8.7819442479128362 4.5000000000000009 6287.5000000000009 6.5000000000000009 5873.977016054022 0.15487722659853811 20175.500000000004 0.035730653397931127 8.5000000000000018 114.50000000000001 85.500000000000014 1.0000000180025095e-35 5791.6500000000015 29.500000000000004 23.500000000000004 0.36602542081758854 6749.5000000000009 6190.5000000000009 0.45625472909957948 0.26002047566545922 1.5000000000000002 -80.850000000000009 1.5721705906650147 1.6138471653836806e-05 2.5000000000000004 109.65000000000003 98.500000000000014 67.500000000000014 6.5000000000000009
decision_type=8 10 2 2 2 2 10 8 8 2 2 2 2 2 2 2 8 2 2 10 10 2 2 10 2 2 2 2 2 2
left_child=1 2 3 14 5 8 -6 20 9 10 11 -4 -10 -14 15 17 -17 18 -1 -20 21 -8 -22 24 25 26 -24 -28 29 -25
right_child=-2 -3 4 -5 6 -7 7 -9 12 -11 -12 -13 13 -15 -16 16 -18 -19 19 -21 22 -23 23 28 -26 -27 27 -29 -30 -31
leaf_value=-0.0015889810340927923 -0.018939999423630057 0.0069468762950888226 0.00076789740989447624 0.02746509665921475 -0.01095803109571206 0.03929010495899983 0.0052655597396730801 -0.00046817049800315489 -0.0013995391990258711 0.022601608934215731 0.042784915593524306 -0.015989629767708294 0.0099538628074548382 -0.01023590470898109 -0.015241727676370453 -0.00010420544875884611 0.018488270175366073 -0.0085694443291544353 -0.0050062248573774816 0.033121113894250868 -0.0014735495069520559 -0.016078754749352539 0.0058630014337415727 -0.013310472754724377 0.0041105865277888624 0.0011218210303623279 -0.0034368042130396305 0.056640792620167683 0.0017207897857442825 0.021344935418562885
leaf_weight=4608.4998560599197 37.918583902443061 296.7854828502459 8836.4168427600525 20.015275756479241 156.01729158079252 8.4925105106085521 88.677324068034068 27140.598062783945 235.04109726357274 31.447945262305439 4.3371256673708549 57.932108995970339 513.07625754573382 38.531566737045068 78.8763781436719 111.86832020943984 71.62537438608706 309.29947383521358 29.1941037622164 33.601161969243549 949.99977407208644 108.93579336837865 32.214094853959978 125.19873336679302 1908.7496363425162 48.356565110851079 9.1803973186761123 25.30651871021837 750.55560767417774 10.538982563652096
leaf_count=555558 59779 8144 561916 795 11092 177 3847 671596 19772 358 90 1233 23006 1189 1888 2712 1551 19812 2587 1474 19602 5427 1021 3477 48441 1255 263 604 17824 273
internal_value=-5.17565e-05 -3.43714e-05 -7.98251e-05 -0.00153829 0.000107193 0.0012242 -0.000239411 -0.000184062 0.00117074 0.00078413 0.000694378 0.000649827 0.00552685 0.00846426 -0.00167507 -0.00145331 0.00745114 -0.00178851 -0.00133085 0.0163334 0.00171448 -0.00660709 0.00214849 0.00333139 0.0048366 0.016208 0.0263042 0.042238 -0.000113516 -0.00995702
internal_weight=46677.3 46639.4 46342.6 5262.98 41079.6 9725.28 31354.3 31198.3 9716.78 8930.13 8898.69 8894.35 786.649 551.608 5242.96 5164.09 183.494 4980.59 4671.3 62.7953 4057.71 197.613 3860.1 2910.1 2023.81 115.058 66.701 34.4869 886.293 135.738
internal_count=2046763 1986984 1978840 586377 1392463 607741 784722 773630 607564 563597 563239 563149 43967 24195 585582 583694 4263 579431 559619 4061 102034 9274 92760 73158 51584 3143 1888 867 21574 3750
is_linear=0
shrinkage=0.03


Tree=239
num_leaves=31
num_cat=0
split_feature=75 122 102 111 67 69 25 109 79 97 72 75 10 52 71 91 62 99 67 98 50 85 85 70 3 27 64 62 71 51
split_gain=16.2576 13.9231 20.3578 20.0603 47.8154 20.3353 19.9598 19.2662 22.2029 19.4774 19.0922 20.6421 20.336 18.1188 18.1106 27.8443 28.9486 25.6766 22.0417 19.0117 28.1111 19.6077 20.9446 18.4451 17.3819 15.4027 21.1006 26.1789 28.5665 18.0997
threshold=22.500000000000004 5839.5000000000009 0.037754604448779032 5.8401330005626699e-05 8.5000000000000018 1.5000000000000002 248.50000000000003 1.7838445862975583e-05 25.500000000000011 0.026146380369369091 3.5000000000000004 747.50000000000011 93.984887312274736 18.500000000000004 6.5000000000000009 -1.3687671703296698 260.50000000000006 0.029862858106677482 17.500000000000004 0.01611802843037308 462.50000000000006 0.6411415385659508 0.17165178571428574 19.500000000000004 1.0000000180025095e-35 1311.5000000000002 26.500000000000004 12.500000000000002 7.5000000000000009 12509.500000000002
decision_type=2 8 10 2 2 2 2 2 2 8 2 2 2 2 2 10 2 10 2 8 2 10 10 2 2 2 2 2 2 2
left_child=-1 2 3 4 6 -6 7 8 -2 -9 11 12 13 -10 18 -16 24 23 19 20 21 22 -5 -18 -17 26 -3 28 -28 -29
right_child=1 25 -4 14 5 -7 -8 9 10 -11 -12 -13 -14 -15 15 16 17 -19 -20 -21 -22 -23 -24 -25 -26 -27 27 29 -30 -31
leaf_value=-0.020962230969877853 -0.00523932302420592 -0.00011589623690565502 -0.0047307410501761715 -0.012584373550434675 0.01571194305083571 0.061315618386155742 0.036058903292526825 -0.01145230843245394 0.0082249502969524296 0.0065980270915841537 -0.011304136157109061 -0.004520287445437675 -0.0014973821230595057 0.057964266684973835 -0.0087176493635061861 -0.0081788855778062025 0.036346772419209174 0.033713916735829443 0.026030212839377419 -0.001989723037961192 0.03859138530138221 -0.0032859733860499773 0.018163217761998366 -0.0019806225899525825 0.0025849434954387388 -0.0057861259513462106 -0.0047306975851652017 -0.002012380722161311 0.045267439042939367 0.0054337170695379451
leaf_weight=28.108757832640549 34.053408704290632 42429.869590279675 316.93930206797086 19.976877676905133 23.530908704968169 15.951472915243356 13.394283720292149 92.599115013610572 10.645738931823869 115.07162698570755 9.5624383703106997 11.808212008792905 9.3936567479686328 26.937033511610935 256.47052433737554 165.75481602037326 8.6376570598222298 41.262100071646273 43.015683017205447 216.40886141901137 22.783537126611918 104.72723547415808 122.28466471156571 63.399101637303829 640.34359830780886 412.78963361913338 15.101808614097534 439.80068232724443 22.317848898470402 867.20265344157815
leaf_count=69764 3584 1824823 9122 1374 557 305 242 12147 6418 8030 198 320 837 1806 6313 4850 458 1194 576 6998 437 6826 4355 3444 15735 15457 309 8504 283 30066
internal_value=5.25198e-05 6.74522e-05 0.00229772 0.0033837 0.00974007 0.0389576 0.00563502 0.00376941 0.0140887 -0.00153053 0.0234194 0.0295112 0.0376775 0.0464951 0.00200613 -7.44597e-05 0.00237071 0.0162291 0.0065866 0.00461883 0.00985989 0.0064964 0.0135648 0.00467585 0.000334845 -5.31706e-05 1.54561e-06 0.0036947 0.02691 0.00293002
internal_weight=46600.1 46572 2384.95 2068.01 362.948 39.4824 323.466 310.071 102.4 207.671 68.3471 58.7846 46.9764 37.5828 1705.06 1175.87 919.397 113.299 529.197 486.181 269.772 246.989 142.262 72.0368 806.098 44187.1 43774.3 1344.42 37.4197 1307
internal_count=2045332 1975568 96126 87004 34444 862 33582 33340 13163 20177 9579 9381 9061 8224 52560 31994 25681 5096 20566 19990 12992 12555 5729 3902 20585 1879442 1863985 39162 592 38570
is_linear=0
shrinkage=0.03


Tree=240
num_leaves=31
num_cat=0
split_feature=10 37 93 50 113 35 67 109 105 79 55 99 120 62 54 79 120 61 85 93 57 82 90 56 111 26 121 71 90 50
split_gain=14.4454 17.7431 20.502 25.454 30.125 22.0434 20.7547 26.9902 26.2126 19.8849 17.3836 16.3538 17.8062 26.7045 35.7674 26.3298 23.085 30.1673 28.2441 23.3849 22.8492 22.3561 22.1976 22.0395 20.6208 24.7588 23.8002 29.088 22.873 25.29
threshold=-18263.929801984032 7.5000000000000009 -4.5599389143069589 358.50000000000006 0.522794460943103 -775.01249327561675 1.0000000180025095e-35 0.0001410789365962547 0.026335951739600304 -634.50000000000011 32.500000000000007 0.16706539074960131 7.7307692307692317 16.500000000000004 159.50000000000003 -115.99999999999996 5.8846153846153859 386.50000000000006 0.61843745898411873 -3.2474769451704648 70.200000000000045 0.12821954947939201 3.0020204081632662 269.50000000000006 0.00022430263362420885 3209.0000000000005 1.5000000000000002 3.5000000000000004 2.4370669056152932 631.50000000000011
decision_type=2 2 8 2 10 2 2 2 10 2 2 10 2 2 2 2 2 2 8 10 2 10 10 2 2 2 2 2 10 2
left_child=-1 2 3 5 -5 -2 7 9 -9 10 -4 12 15 14 -14 -8 17 19 -18 20 -17 -15 23 -20 25 26 27 28 -19 -30
right_child=1 -3 6 4 -6 -7 11 8 -10 -11 -12 -13 13 21 -16 16 18 24 22 -21 -22 -23 -24 -25 -26 -27 -28 -29 29 -31
leaf_value=0.0044483496832758412 -0.0023510443987051128 -0.00081013368307336772 -0.017006267391891431 -0.011447744673535916 0.035614136872201212 0.0099240312477099548 0.0089719683305116687 -0.0073047007719859889 0.00071501908760644522 9.3685991548206343e-05 0.0024481699972780124 -0.0070698982935298617 -0.0022827550976717674 0.000318060189379965 0.027284229615155267 -0.0002672678669245582 -0.0008906962625819183 0.00046560760999715515 0.0081344596031389001 -5.1358286380609831e-05 0.019071334893316076 0.0059783920548690346 -0.010007925169516041 -0.0017144437435744804 -0.0072881144492010315 -0.0048225777553251034 0.047336856975387129 0.0039897445424849128 0.0039065347865675391 0.06100497080765855
leaf_weight=666.59293662686832 259.73534165485762 15488.517383660423 109.3143337800866 13.709132993128149 43.095570643432438 258.8389076385356 458.07784462533891 957.01087116956478 591.51530326611828 12122.187266971261 62.97982759680599 214.64396055752877 3227.2775899879634 2176.424766832497 32.269265725743026 104.40413567586802 730.59962304169312 14.388716969639061 1481.1731502530165 6101.2111009424261 110.85429505456705 878.03723802301101 69.615783554501832 235.2990411138162 42.468929927330464 42.516418647952378 21.076045650523156 88.234080804046243 10.489899508655073 21.275912153301761
leaf_count=12214 6897 333031 7674 624 806 13444 12438 92777 25793 979933 2904 13555 90934 67374 526 4017 13757 338 30622 296101 3645 26647 1626 4038 757 671 477 1968 408 689
internal_value=8.03408e-05 1.65213e-05 0.00043667 0.00602132 0.024249 0.00381215 0.000328226 -0.000522975 -0.00424884 -5.21556e-05 -0.0100265 0.00106184 0.00117419 -6.15077e-05 -0.0019487 0.00199235 0.00163524 0.0006965 0.00407477 0.000295288 0.00989863 0.00195229 0.00610271 0.00678328 0.0110154 0.0150245 0.0204334 0.0146675 0.0326951 0.0452451
internal_weight=46633.8 45967.2 30478.7 575.379 56.8047 518.574 29903.3 13843 1548.53 12294.5 172.294 16060.3 15845.7 6314.01 3259.55 9531.68 9073.61 6556.92 2516.69 6316.47 215.258 3054.46 1786.09 1716.47 240.45 197.981 155.465 134.389 46.1545 31.7658
internal_count=2046685 2034471 1701440 21771 1430 20341 1679669 1109081 118570 990511 10578 570588 557033 185481 91460 371552 359114 309071 50043 303763 7662 94021 36286 34660 5308 4551 3880 3403 1435 1097
is_linear=0
shrinkage=0.03


Tree=241
num_leaves=31
num_cat=0
split_feature=98 78 97 121 79 76 122 78 79 9 61 65 60 92 118 85 6 31 69 122 76 83 91 76 52 25 71 55 96 78
split_gain=13.105 13.7809 13.3804 16.4912 17.2741 13.1348 30.7988 33.1992 22.7887 23.4978 28.3449 22.6892 15.469 15.0816 20.337 15.8566 12.98 27.6277 15.3928 24.7905 22.6924 19.4831 19.0131 23.0908 22.0131 24.2528 20.2966 17.7252 30.09 17.9414
threshold=0.10391434408288343 2.5000000000000004 0.12793453102612148 1.5000000000000002 1052.9500000000003 566.50000000000011 28903.500000000004 23.500000000000004 -167.64999999999995 2.5641025641025652 36.500000000000007 5.5000000000000009 690.93558565636988 5.229676678431642 -0.54788233272204001 0.22648879716981135 2793.5000000000005 4969.5000000000009 10.500000000000002 36583.500000000007 168779.50000000003 0.15229162392160314 -1.7828603465806061 10927.500000000002 100.50000000000001 260.50000000000006 70.500000000000014 621.50000000000011 0.0069701593374477165 393.50000000000006
decision_type=8 2 8 2 2 2 8 2 2 2 2 2 2 10 10 10 2 2 2 10 2 10 10 2 2 2 2 2 10 2
left_child=5 -2 -3 4 -4 6 7 11 -8 -10 -11 -1 -13 14 -9 -16 17 18 20 21 27 -20 23 24 -23 -26 -25 29 -29 -7
right_child=1 2 3 -5 -6 16 8 13 9 10 -12 12 -14 -15 15 -17 -18 -19 19 -21 -22 22 -24 26 25 -27 -28 28 -30 -31
leaf_value=-0.011750977373768104 -0.022975690143187424 -0.0039670861963021923 0.0074817647767863879 -0.012334123908269663 -0.012736233425520242 5.8907162833365786e-05 -0.010365411613610494 0.00059335333534882686 0.0048981550125675195 0.062377402512507972 -0.0049402883338745028 -0.010901490586035926 0.046209492765653462 -0.012368524687564086 0.0023064251521055313 0.059002230644999022 0.0061948925044662609 -0.010078533175097857 0.004697072419026972 0.033385987376245478 -0.014110308617322827 -0.0049719561358662319 -0.0035902875670704841 -0.0090955527402786368 0.034870496835692814 0.0016392060344739756 0.01325549640951797 -0.011679143032955065 0.035805306140729742 -0.0025049039587445401
leaf_weight=112.20521311135963 24.816761218753527 1154.2645456514438 294.32297226286028 53.252875487640267 38.959471535374178 39326.572427829786 10.748972724424673 14.317423526663331 18.142255552316783 21.782822779554412 6.2466944518382652 4.3189351898618025 6.3283864145632833 6.6750023218337438 6.3148651267401901 14.265247155446557 297.24974227021448 240.53467862308025 1191.5659749370534 18.108746733516455 99.014719973085448 32.255795104894787 708.06562963640317 107.3420869638212 52.362563937902451 30.939628960564733 49.284354446921498 16.36738713318482 26.170557904522866 2615.215280861361
leaf_count=53897 71916 58056 46646 14943 4115 1580395 458 798 9187 5368 512 729 702 715 287 670 4847 8052 33153 251 8506 568 20578 2786 761 196 1715 953 1298 113028
internal_value=-5.85721e-05 -0.00275234 -0.00235335 0.00245466 0.00496504 3.53759e-05 0.00724402 0.000439497 0.0252773 0.0337771 0.0488981 -0.00747257 0.0269624 0.0221128 0.0294317 0.0454568 -1.03569e-06 -4.31013e-05 1.25526e-05 0.00246179 -0.000115178 0.00212785 -0.00100322 0.0056702 0.0155439 0.0233196 -0.00187004 -8.04956e-05 0.0182279 -0.000101235
internal_weight=46598 1565.62 1540.8 386.535 333.282 45032.4 221.346 164.425 56.9207 46.1718 28.0295 122.853 10.6473 41.5725 34.8975 20.5801 44811 44513.8 44273.3 2189.92 42083.3 2171.82 980.25 272.184 115.558 83.3022 156.626 41984.3 42.5379 41941.8
internal_count=2046086 195676 123760 65704 50761 1850410 73323 57798 15525 15067 5880 55328 1431 2470 1755 957 1777087 1772240 1764188 60008 1704180 59757 26604 6026 1525 957 4501 1695674 2251 1693423
is_linear=0
shrinkage=0.03


Tree=242
num_leaves=31
num_cat=0
split_feature=90 6 115 31 77 76 122 83 55 103 117 80 103 78 118 79 79 8 93 76 56 68 57 78 80 93 89 92 72 92
split_gain=15.0675 14.4466 18.1693 16.0158 14.2281 18.0447 37.6988 44.8985 35.2832 24.2914 17.5311 18.7236 16.746 18.1541 15.2731 16.7277 19.2848 14.7177 14.4112 14.1039 25.3083 17.9049 16.422 15.824 15.7758 32.6699 30.6851 27.5593 27.3138 23.2701
threshold=3.6420526315789479 1507.0000000000002 7.9312827534110761 3979.0000000000005 5.5000000000000009 566.50000000000011 1149.5000000000002 0.41867732558139542 10.500000000000002 0.13324630113141864 -1.4347094911420573 691.23357865847913 0.031242253346554293 71.500000000000014 -1.3755618604729805 544.6500000000002 1040.1500000000003 -24.999999999999989 2.8543597281409885 1087.5000000000002 170.50000000000003 2.5000000000000004 23.200000000000017 75.500000000000014 613.87462062351733 0.53108484231631137 3.4002702702702714 -1.4134563936958939 3.5000000000000004 -2.1916627329651837
decision_type=8 2 10 2 2 2 10 10 2 10 8 2 10 2 10 2 2 2 10 2 2 2 2 2 2 10 8 8 2 10
left_child=1 3 -3 4 12 6 8 -8 10 -9 -6 18 13 -1 -14 -16 17 -17 -12 20 21 22 -7 -22 25 26 29 28 -26 -21
right_child=-2 2 -4 -5 5 19 7 9 -10 -11 11 -13 14 -15 15 16 -18 -19 -20 24 23 -23 -24 -25 27 -27 -28 -29 -30 -31
leaf_value=-0.010540936606915886 -0.0050613051493455076 0.0025359031885512236 0.017086057463072332 -0.0075857078512614612 0.0056429498016511599 0.000905431473374662 -0.010127805336615055 -0.0009980904413612263 0.0016453745947013953 0.066193096829392298 -0.0017378961555141021 -0.0028381201455335752 -0.010982724884006706 0.012916748632651499 0.0010001627568511056 -0.007304702395775989 -0.015223890389175501 0.046564517293352863 0.071750453407319281 0.00080965002114934646 0.021121094144779765 -0.015834972931725401 -0.0065190224174804792 -0.0027281484104217679 0.014653363099334616 -0.0056409896571421288 0.0058751020181440402 0.00056724463060732195 -0.00060502145140657094 -0.0015484332035310589
leaf_weight=314.02186184303719 500.26207417921978 521.06902402592823 86.252526540309191 238.59731693170033 9.2340049340273236 507.59196504802094 88.968323230248643 7.8440697121550311 29.288463580654934 7.0670053627691232 2.4023134082090172 3.7745407712063743 36.050758707162458 28.515442759264261 55.873547862400301 4.081573656992993 4.920702406554482 19.922377717681229 19.70478540941258 7139.8203424525564 55.87390489783138 103.34458662115503 560.79385822836775 40.784738243557513 244.6907096664072 1031.78572164668 722.30050133421901 26072.875664779247 182.28697128035128 7960.925951842044
leaf_count=131257 145811 10423 401 7472 1721 33058 22049 1144 988 385 515 657 4804 1332 6062 459 784 3324 4953 210288 993 6382 81960 571 7507 75031 49344 896731 5120 335537
internal_value=9.12032e-05 0.000147659 0.00472498 8.60403e-05 0.000127322 0.000181695 0.00984393 -0.00152242 0.026966 0.0394721 0.0452475 0.0561762 -0.00507426 -0.0084304 0.00439545 0.0111808 0.0278007 0.0377245 0.0649171 0.000144158 -0.00296777 -0.00419802 -0.00300386 0.0114188 0.000235532 -0.00048194 -0.000143854 0.000691874 0.00820759 -0.000433603
internal_weight=46600.9 46100.7 607.322 45493.3 45254.7 44791.4 168.284 103.879 64.4041 14.9111 35.1156 25.8816 463.386 342.537 120.849 84.7982 28.9247 24.004 22.1071 44623.1 1268.39 1171.73 1068.39 96.6586 43354.7 16854.8 15823 26499.9 426.978 15100.7
internal_count=2047063 1901252 10824 1890428 1882956 1734934 32412 23578 8834 1529 7846 6125 148022 132589 15433 10629 4567 3783 5468 1702522 122964 121400 115018 1564 1579558 670200 595169 909358 12627 545825
is_linear=0
shrinkage=0.03


Tree=243
num_leaves=31
num_cat=0
split_feature=3 95 28 114 85 5 75 68 103 59 31 92 9 84 115 111 2 118 97 58 112 11 68 57 77 48 23 115 56 75
split_gain=14.4965 14.9123 24.4208 20.3336 19.2147 28.2102 31.6 18.3783 18.2652 20.5271 21.9585 16.9232 22.1661 22.3477 20.8818 20.5689 19.9909 17.8766 17.7175 16.2259 16.1599 16.0183 15.9261 15.8945 18.2787 15.662 18.0479 15.2369 14.6952 14.4686
threshold=1.5000000000000002 0.56976936892492935 149.50000000000003 3.4699745547073797 0.50017325017325021 30.500000000000004 393.50000000000006 167.50000000000003 0.063497856563550004 -11139.712506268525 4430.5000000000009 1.9048655327651469 -30.18770669311596 0.10146721193858518 0.55721940878577325 0.00014953104488950883 203.50000000000003 -1.6470680944212581 0.089186926228282656 599.70000000000027 0.35003324468085112 3.5000000000000004 52.500000000000007 96.05000000000004 50.500000000000007 5.5000000000000009 2.5000000000000004 0.84785819914828597 49.500000000000007 5471.0000000000009
decision_type=2 10 2 10 10 2 2 2 10 2 2 10 2 10 10 2 2 10 10 2 10 2 2 2 2 2 2 10 2 2
left_child=-1 4 8 -4 29 6 19 -7 9 10 22 12 13 18 15 23 17 -16 25 -6 -10 -22 27 24 -13 26 -11 -3 -15 -2
right_child=1 2 3 -5 5 7 -8 -9 20 11 -12 14 -14 28 16 -17 -18 -19 -20 -21 21 -23 -24 -25 -26 -27 -28 -29 -30 -31
leaf_value=-0.00047231594337358764 -0.00022565483618377477 0.0028753647880017238 -0.0091520399584775289 0.0057540616981070127 0.0035512184776191487 0.010034068587280105 0.0011957112496043319 -0.018447469318803589 0.0083424430677087654 0.0051564087742934509 -0.012495683966174363 0.020402529365705743 -0.0029140601280735036 0.013630354333749926 -0.0069412133021776786 -0.0088865187984192347 -0.0050084309626949788 0.0033667770144735279 0.03855896139152451 0.016697034437499352 -0.013789296837213642 -0.0015520519495480886 -0.0072732663805904606 -0.0011007033657580276 -0.0017081184585403749 0.00054156619801986109 0.021952877918873563 0.066695669107375566 -0.0033373266130338267 -0.0099128767384163829
leaf_weight=24083.576362911976 1523.7145091057755 4.9796043101232561 421.60000032605603 98.431944571435452 162.44594412477454 529.32646975689568 4667.0546594632324 16.734645064221695 139.68351627595257 552.77180641912855 7.5137986345216623 66.051097317889798 2019.867980009265 43.79395010182634 151.70403583347797 271.5783975997474 288.6250390924979 4903.7755007804953 8.0965252325404418 179.14972598501481 94.035891795880161 3600.2322852843208 3.8863565614446989 898.51276495866477 62.568326908862218 762.28436153009534 60.2663379535079 9.6402767812833172 809.75299565028399 147.69377553230152
leaf_count=1443312 34373 489 18219 549 7400 11654 117533 728 4852 14236 188 5921 75938 1455 4018 13136 4175 101685 201 10607 4341 76199 209 45202 2480 21595 1232 343 17488 5914
internal_value=3.91968e-05 0.000586553 5.53514e-05 -0.00630268 0.00170897 0.00255703 0.00184612 0.00900176 0.000281425 0.000906556 0.0252784 0.000836811 -0.000639443 0.00141634 0.00178259 -0.00162468 0.00261136 0.0030509 0.00376645 0.010587 -0.00149888 -0.00188176 0.0400109 0.000329132 0.00998513 0.00342269 0.00697187 0.0512306 -0.00239244 -0.00110868
internal_weight=46589.3 22505.8 15279.7 520.032 7226.12 5554.71 5008.65 546.061 14759.6 10925.7 26.02 10899.6 4256.83 2236.97 6642.82 1298.71 5344.1 5055.48 1383.42 341.596 3833.95 3694.27 18.5062 1027.13 128.619 1375.32 613.038 14.6199 853.547 1671.41
internal_count=2045672 602360 414151 18768 188209 147922 135540 12382 395383 309991 1229 308762 132145 56207 176617 66739 109878 105703 37264 18007 85392 80540 1041 53603 8401 37063 15468 832 18943 40287
is_linear=0
shrinkage=0.03


end of trees

feature_importances:
q4_w52=895
tone_mean_w13=246
days_since_icb_onset=192
q4_ratio_4_52=184
tone_sum_w52=172
q4_base_4w=163
rate_w13=150
ev_ratio_4_52=150
r18_w13=137
q2_w13=131
q4_ratio_1_13=127
q3_w13=124
q3_w52=123
root_share_w4=123
rate_w4=119
tone_delta_4_52=113
r13_w13=107
tone_mean_w4=107
n_mentions_w52=101
n_events_w1=98
r15_w13=96
goldstein_sum_w52=96
q4_rate_w13=95
q4_m_w1=93
goldstein_mean_w13=92
ev_ratio_1_13=92
tone_sum_w13=90
q4_w13=89
n_events_w52=88
q3_w1=87
q4_m_w13=86
q1_share_w4=79
tone_wmean_w4=71
tone_sum_w1=70
q4_share_w13=69
r13_share_w4=68
q4_rate_w4=67
n_mentions_w1=66
n_mentions_w13=66
tone_wsum_w13=54
r10_w13=53
q4_m_w4=52
goldstein_mean_w1=51
q3_w4=50
q4_ab_w13=50
n_root_w13=48
q4_ba_w13=47
r17_w13=45
r17_share_w4=45
r15_share_w4=44
r16_share_w4=44
r11_w13=43
r19_share_w4=43
r15_w1=42
tone_sum_w4=42
goldstein_sum_w13=41
r12_share_w4=40
n_events_w13=39
r11_share_w4=39
goldstein_wsum_w13=38
r13_w1=37
q4_ab_w4=37
r17_w4=37
r18_share_w4=37
n_events_w4=36
r14_w13=36
q3_share_w4=36
goldstein_wmean_w4=36
q4_w1=35
tone_wsum_w1=35
r19_w13=35
r12_w13=34
r16_w13=34
r19_w4=32
r14_w1=29
r20_share_w4=29
rate_w1=28
regime_daily=27
q2_w1=26
r14_share_w4=26
q1_w13=25
conflict_share_w4=25
goldstein_delta_1_13=24
icb_prior_crises=24
goldstein_wsum_w1=23
q2_w4=23
r10_share_w4=23
q4_w4=22
n_mentions_w4=21
q4_ba_w4=21
n_root_w4=20
goldstein_sum_w4=19
q1_w1=18
goldstein_wsum_w4=18
q4_asym_w4=18
n_root_w1=17
q4_share_w4=17
goldstein_delta_4_52=17
tone_wsum_w4=16
goldstein_mean_w4=16
q1_w4=15
r10_w1=14
r11_w4=14
r12_w4=14
r20_w13=14
r19_w1=13
r15_w4=13
r18_w4=12
r14_w4=11
r18_w1=9
q4_share_w1=9
q4_mention_share_w4=9
r13_w4=7
goldstein_sum_w1=6
r11_w1=6
q4_ba_w1=3
r17_w1=3
r12_w1=2
r10_w4=2
r16_w4=2
r16_w1=1

parameters:
[boosting: gbdt]
[objective: binary]
[metric: binary_logloss]
[tree_learner: serial]
[device_type: cpu]
[data_sample_strategy: bagging]
[data: ]
[valid: ]
[num_iterations: 600]
[learning_rate: 0.03]
[num_leaves: 31]
[num_threads: 0]
[seed: 42]
[deterministic: 0]
[force_col_wise: 0]
[force_row_wise: 0]
[histogram_pool_size: -1]
[max_depth: -1]
[min_data_in_leaf: 200]
[min_sum_hessian_in_leaf: 0.001]
[bagging_fraction: 0.8]
[pos_bagging_fraction: 1]
[neg_bagging_fraction: 1]
[bagging_freq: 1]
[bagging_seed: 400]
[bagging_by_query: 0]
[feature_fraction: 0.8]
[feature_fraction_bynode: 1]
[feature_fraction_seed: 30056]
[extra_trees: 0]
[extra_seed: 12879]
[early_stopping_round: 0]
[early_stopping_min_delta: 0]
[first_metric_only: 0]
[max_delta_step: 0]
[lambda_l1: 0]
[lambda_l2: 5]
[linear_lambda: 0]
[min_gain_to_split: 0]
[drop_rate: 0.1]
[max_drop: 50]
[skip_drop: 0.5]
[xgboost_dart_mode: 0]
[uniform_drop: 0]
[drop_seed: 17869]
[top_rate: 0.2]
[other_rate: 0.1]
[min_data_per_group: 100]
[max_cat_threshold: 32]
[cat_l2: 10]
[cat_smooth: 10]
[max_cat_to_onehot: 4]
[top_k: 20]
[monotone_constraints: ]
[monotone_constraints_method: basic]
[monotone_penalty: 0]
[feature_contri: ]
[forcedsplits_filename: ]
[refit_decay_rate: 0.9]
[cegb_tradeoff: 1]
[cegb_penalty_split: 0]
[cegb_penalty_feature_lazy: ]
[cegb_penalty_feature_coupled: ]
[path_smooth: 0]
[interaction_constraints: ]
[verbosity: -1]
[saved_feature_importance_type: 0]
[use_quantized_grad: 0]
[num_grad_quant_bins: 4]
[quant_train_renew_leaf: 0]
[stochastic_rounding: 1]
[linear_tree: 0]
[max_bin: 255]
[max_bin_by_feature: ]
[min_data_in_bin: 3]
[bin_construct_sample_cnt: 200000]
[data_random_seed: 175]
[is_enable_sparse: 1]
[enable_bundle: 1]
[use_missing: 1]
[zero_as_missing: 0]
[feature_pre_filter: 1]
[pre_partition: 0]
[two_round: 0]
[header: 0]
[label_column: ]
[weight_column: ]
[group_column: ]
[ignore_column: ]
[categorical_feature: ]
[forcedbins_filename: ]
[precise_float_parser: 0]
[parser_config_file: ]
[objective_seed: 16083]
[num_class: 1]
[is_unbalance: 0]
[scale_pos_weight: 1]
[sigmoid: 1]
[boost_from_average: 1]
[reg_sqrt: 0]
[alpha: 0.9]
[fair_c: 1]
[poisson_max_delta_step: 0.7]
[tweedie_variance_power: 1.5]
[lambdarank_truncation_level: 30]
[lambdarank_norm: 1]
[label_gain: ]
[lambdarank_position_bias_regularization: 0]
[eval_at: ]
[multi_error_top_k: 1]
[auc_mu_weights: ]
[num_machines: 1]
[local_listen_port: 12400]
[time_out: 120]
[machine_list_filename: ]
[machines: ]
[gpu_platform_id: -1]
[gpu_device_id: -1]
[gpu_use_dp: 0]
[num_gpu: 1]

end of parameters

pandas_categorical:[]
