tree
version=v4
num_class=1
num_tree_per_iteration=1
label_index=0
max_feature_idx=123
objective=binary sigmoid:1
feature_names=n_events_w1 n_mentions_w1 q1_w1 q2_w1 q3_w1 q4_w1 q4_m_w1 goldstein_sum_w1 goldstein_wsum_w1 tone_sum_w1 tone_wsum_w1 n_root_w1 q4_ab_w1 q4_ba_w1 r10_w1 r11_w1 r12_w1 r13_w1 r14_w1 r15_w1 r16_w1 r17_w1 r18_w1 r19_w1 r20_w1 n_events_w4 n_mentions_w4 q1_w4 q2_w4 q3_w4 q4_w4 q4_m_w4 goldstein_sum_w4 goldstein_wsum_w4 tone_sum_w4 tone_wsum_w4 n_root_w4 q4_ab_w4 q4_ba_w4 r10_w4 r11_w4 r12_w4 r13_w4 r14_w4 r15_w4 r16_w4 r17_w4 r18_w4 r19_w4 r20_w4 n_events_w13 n_mentions_w13 q1_w13 q2_w13 q3_w13 q4_w13 q4_m_w13 goldstein_sum_w13 goldstein_wsum_w13 tone_sum_w13 tone_wsum_w13 n_root_w13 q4_ab_w13 q4_ba_w13 r10_w13 r11_w13 r12_w13 r13_w13 r14_w13 r15_w13 r16_w13 r17_w13 r18_w13 r19_w13 r20_w13 n_events_w52 n_mentions_w52 q3_w52 q4_w52 goldstein_sum_w52 tone_sum_w52 q4_share_w1 q4_share_w4 q4_share_w13 q3_share_w4 q1_share_w4 conflict_share_w4 q4_mention_share_w4 goldstein_mean_w1 goldstein_mean_w4 goldstein_mean_w13 goldstein_wmean_w4 tone_mean_w4 tone_mean_w13 tone_wmean_w4 root_share_w4 r10_share_w4 r11_share_w4 r12_share_w4 r13_share_w4 r14_share_w4 r15_share_w4 r16_share_w4 r17_share_w4 r18_share_w4 r19_share_w4 r20_share_w4 rate_w1 rate_w4 rate_w13 q4_rate_w4 q4_rate_w13 ev_ratio_1_13 ev_ratio_4_52 q4_ratio_1_13 q4_ratio_4_52 goldstein_delta_1_13 goldstein_delta_4_52 tone_delta_4_52 q4_asym_w4 q4_base_4w icb_prior_crises days_since_icb_onset regime_daily
feature_infos=[0:9018] [0:241696] [0:5696] [0:935] [0:1610] [0:2996] [0:87845] [-15876.599999999999:9284.5999999999967] [-603321.50000000012:469844.49999999994] [-25053.16629009707:33695.150301716305] [-701848.68308689725:718657.33136511012] [0:5600] [0:1679] [0:1317] [0:243] [0:987] [0:409] [0:395] [0:223] [0:155] [0:388] [0:786] [0:407] [0:2198] [0:113] [0:25481] [0:633454] [0:16344] [0:3786] [0:5182] [0:7966] [0:265767] [-52402.900000000009:22448.900000000001] [-2651487.9000000004:866684.00000000012] [-106562.81550088468:95389.060436792221] [-3625777.076298493:1285505.9220568053] [0:15284] [0:4452] [0:3793] [0:619] [0:3008] [0:1562] [0:1359] [0:998] [0:591] [0:1453] [0:1806] [0:1104] [0:5682] [0:225] [0:72293] [0:2702235] [0:43371] [0:7201] [0:15630] [0:21940] [0:642080] [-163647.20000000001:68632.599999999977] [-9508266.5000000037:1377555.5] [-328102.80796545639:227819.85286536583] [-8834968.3637565393:4275707.384592847] [0:42287] [0:12127] [0:9813] [0:1447] [0:7345] [0:2315] [0:11270] [0:2181] [0:921] [0:2896] [0:4753] [0:3404] [0:13698] [0:379] [0:240448] [0:4528373] [0:43475] [0:68947] [-462701.90000000002:203988.00000000003] [-979100.68295236188:503614.2139834335] [0:1] [0:1] [0:1] [0:1] [0:1] [0:1] [0:1] [-10:10] [-10:10] [-10:10] [-10:10] [-19.327731092436998:24.074074074074101] [-19.327731092436998:18.279569892473098] [-19.327731092437002:24.074074074074101] [0:1] [0:1] [0:1] [0:1] [0:1] [0:1] [0:1] [0:1] [0:1] [0:1] [0:1] [0:1] [0:0.035424279334145353] [0:0.027090633335076619] [0:0.045431696064522617] [0:0.059710653222270933] [0:0.075868588986055308] [0:13] [0:13.000000000000002] [0:13.000000000000002] [0:13.000000000000002] [-16.155384615384616:14.078947368421053] [-15.338888888888889:12.435748792270532] [-19.000355096714227:18.953971318749087] [0:1] [0:5303.6153846153848] [0:18] [7:36631] [0:1]
tree_sizes=3478 3565 3564 3535 3560 3555 3562 3560 3558 3561 3542 3561 3540 3554 3587 3551 3562 3553 3568 3546 3558 3566 3569 3544 3550 3535 3532 3550 3569 3553 3558 3555 3555 3547 3558 3576 3550 3560 3562 3540 3544 3561 3556 3544 3570 3576 3576 3556 3581 3553 3569 3565 3590 3549 3566 3580 3570 3572 3577 3583 3558 3570 3571 3583 3566 3569 3557 3609 3593 3579 3590 3594 3587 3588 3593 3579 3579 3593 3578 3588 3575 3585 3565 3549 3589 3575 3566 3578 3584 3555 3590 3589 3570 3618 3571 3602 3597 3581 3560 3581 3575 3583 3617 3570 3602 3570 3607 3588 3579 3581 3593 3599 3577 3601 3600 3580 3571 3612 3557 3590 3596 3571 3562 3607 3594 3593 3604

Tree=0
num_leaves=31
num_cat=0
split_feature=122 73 110 122 75 121 109 80 92 79 77 58 78 74 78 77 113 122 101 92 77 94 80 95 67 48 97 110 84 102
split_gain=3899.15 839.431 511.393 292.932 278.035 525.885 242.105 206.309 162.648 152.09 116.122 114.283 99.4367 83.5962 83.3754 105.349 72.9692 67.4645 51.0391 43.8068 40.7348 40.597 38.5191 36.0895 38.5364 34.8957 33.6944 32.4478 53.3533 31.964
threshold=1474.5000000000002 3.5000000000000004 0.00055906191339466363 12196.500000000002 200.50000000000003 1.0000000180025095e-35 4.9376863438183354e-05 75.881437689835892 6.3896520362470621 234.54999999999998 1620.5000000000002 9815.3500000000004 19.500000000000004 16.500000000000004 24.500000000000004 1.0000000180025095e-35 0.19626756996327724 3054.5000000000005 0.0017675655241148115 6.2140994713228741 18.500000000000004 2.1484607694922744 721.4029794372783 0.58132009004877661 10.500000000000002 416.50000000000006 0.40085470085470093 0.00020115665125049033 0.21144244837624632 0.089562683433775839
decision_type=8 2 2 8 2 2 2 2 10 2 2 2 2 2 2 2 10 8 10 10 2 8 2 8 2 2 10 2 10 10
left_child=1 -1 4 11 5 7 -3 -2 12 14 17 19 -8 16 15 -9 -14 -6 -5 25 -7 -17 26 24 -20 29 -23 -19 -29 -4
right_child=2 6 3 18 10 20 8 9 -10 -11 -12 -13 13 -15 -16 21 -18 27 23 -21 -22 22 -24 -25 -26 -27 -28 28 -30 -31
leaf_value=-7.5502552486986847 -7.5912008692593993 -7.6173679903536433 -7.3346944910959504 -7.6152232591986202 -7.5582475342494977 -7.6337004368199448 -7.6154099137126936 -7.5968254047838366 -7.6162413683353289 -7.6022325377146212 -7.5373797255135262 -7.6212173314889391 -7.6046922674546193 -7.6151852891369112 -7.6146504221376183 -7.6159539202179927 -6.9726086571590562 -7.6396642889844113 -7.6177152487645872 -7.6168678103034546 -7.5655603496523804 -7.2790069235165991 -7.6110761542806049 -7.6022155986463735 -7.4726771476952223 -7.6162002960754815 -7.6155047336402015 -7.6272760558584283 -7.550674088836411 -7.6159277332513575
leaf_weight=5.8609066135250023 10.291337954346092 0.59792091860435714 5.0815884170588106 17.797636180650446 5.1254589543677866 60.86913819774054 0.2168880496174096 1.9707236872054616 0.37216017604805518 3.5845679473131886 5.9560415989253661 1.5364546605851499 0.32040280057117332 0.17646800400689233 1.0987351422663767 0.31744523625821097 6.5253727291710675 626.58316728868522 1.8051000856794388 0.49539202242158342 4.1593212787993243 5.269393750932065 0.44018415524624277 7.1558268552180389 2.5223094315733761 0.36427333788014937 0.23414050810970355 41.155986197059974 4.9470192408189169 0.31251596240326751
leaf_count=11890 20878 1213 10309 36106 10398 123485 440 3998 755 7272 12083 3117 650 358 2229 644 13238 1271147 3662 1005 8438 10690 893 14517 5117 739 475 83493 10036 634
internal_value=-7.61357 -7.18954 -7.6235 -7.52153 -7.62896 -7.58014 -7.05367 -7.47187 -7.02568 -7.40973 -7.63547 -7.40023 -7.00687 -6.99537 -7.36575 -7.34489 -6.98571 -7.63688 -7.58029 -7.36693 -7.62618 -7.3085 -7.29877 -7.54225 -7.50265 -7.35416 -7.28715 -7.63789 -7.61365 -7.344
internal_weight=823.144 14.0701 809.074 37.0711 772.003 88.235 8.20921 23.2065 7.61129 12.9152 683.768 7.79022 7.23913 7.02224 9.33062 8.23189 6.84578 677.812 29.2809 6.25377 65.0285 6.26116 5.94372 11.4832 4.32741 5.75838 5.50353 672.686 46.103 5.3941
internal_count=1669909 28544 1641365 75206 1566159 179002 16654 47079 15441 26201 1387157 15804 14686 14246 18929 16700 13888 1375074 59402 12687 131923 12702 12058 23296 8779 11682 11165 1364676 93529 10943
is_linear=0
shrinkage=1


Tree=1
num_leaves=31
num_cat=0
split_feature=122 90 111 80 106 84 75 121 54 113 71 96 75 93 72 51 117 59 118 100 101 80 80 80 110 84 58 93 110 97
split_gain=2978.21 554.249 491.248 261.706 246.336 201.509 177 297.059 142.697 104.107 93.2113 83.7948 78.2708 66.2339 60.5729 60.1854 59.2594 57.7107 57.5494 55.2577 53.7496 51.6751 61.829 50.3176 47.5346 51.7886 43.4166 48.2212 42.4174 37.5677
threshold=1547.0000000000002 0.60060608286805761 0.00025640603135536696 721.4029794372783 0.00061359221107797968 0.19153012146409068 200.50000000000003 1.0000000180025095e-35 48.500000000000007 0.19626756996327724 193.50000000000003 0.06254890453834118 31.500000000000004 6.0107444887468482 73.500000000000014 90.500000000000014 2.6702558293393417 340.37212557075594 -2.8368884206411686 0.024406563905050228 0.0016494848165772887 75.881437689835892 841.30588772160979 109898.35238951085 0.00015137078683425794 0.16574340140496713 -11139.199999999997 5.7582398969533912 0.00061909824601099424 0.35909882997261644
decision_type=8 8 2 2 8 10 2 2 2 10 2 10 2 10 2 2 10 2 8 10 10 2 2 2 2 10 2 10 2 10
left_child=1 4 6 10 9 20 7 21 -7 -1 14 12 -11 16 15 -4 18 -3 -14 23 -5 -2 -23 29 -8 -26 -10 -28 -22 -20
right_child=2 17 3 5 -6 8 24 -9 26 11 -12 -13 13 -15 -16 -17 -18 -19 19 -21 28 22 -24 -25 25 -27 27 -29 -30 -31
leaf_value=-0.0020566404279464636 0.028312141975872153 0.00040880031193101863 -0.003139553057104884 -0.012726610521023229 0.015793182136931611 -0.0016340625451312125 -0.025547389144578003 -0.014629450771613147 -0.0043156611787341335 -0.0014320496954291085 0.020255593286884678 0.0081935501314069001 -0.00096471695384230376 -0.0011820037134317389 -0.0036286629409553639 0.28743245218045183 0.0090151187313133197 0.1269550653428122 0.57061532931980996 0.031752001941009078 -0.0090952423262149265 0.14927357699106164 -0.0053496010924200506 0.0044319885072398452 -0.011068634111528862 0.058261299227541849 0.21465579582658154 -0.00013706458469501804 0.070462695766361702 0.0046780859010530414
leaf_weight=0.36780149146215713 10.431469448434656 4.862774022913074 0.58407211131998327 40.121449144673534 1.5504401018552023 5.5730706456524768 586.01018160802778 63.252410105837043 0.83960061433026556 0.25050279835704437 3.3562362844822928 0.49798608617857176 0.16599337384104729 0.2049329398141716 0.68758325453381974 2.5605335977452341 0.38228895267820906 4.9383860341331456 6.4879344543151056 0.82941795681836072 7.9100815822312169 12.234980404318774 2.3007188863703041 0.22751582000637416 34.590085595322307 7.9148427330073892 5.4224500822019763 1.0269915094831956 11.422187708551062 0.19047231349395577
leaf_count=727 20683 8729 1118 80989 2287 11039 1218831 130231 1560 484 6483 643 229 324 1320 4832 505 6587 7761 993 15983 20645 4625 254 71103 15813 10248 1958 21672 272
internal_value=0.000452466 0.316716 -0.00979584 0.0587385 0.430513 0.0343969 -0.0177523 0.0211551 0.122826 0.469133 0.189051 0.482028 0.496221 0.505994 0.241726 0.264667 0.514263 0.0855176 0.52574 0.532984 0.00722205 0.0991275 0.129694 0.554568 -0.0233373 0.00661463 0.179934 0.195329 0.0427306 0.563388
internal_weight=817.195 20.9564 796.239 79.5043 11.1553 72.3158 716.735 88.2196 12.8621 9.60485 7.18843 9.23704 8.73906 8.48856 3.83219 3.14461 8.28362 9.80116 7.90133 7.73534 59.4537 24.9672 14.5357 6.90592 628.515 42.5049 7.28904 6.44944 19.3323 6.67841
internal_count=1668928 29795 1639133 157202 14479 143449 1481931 176184 24805 12192 13753 11465 10822 10338 7270 5950 10014 15316 9509 9280 118644 45953 25270 8287 1305747 86916 13766 12206 37655 8033
is_linear=0
shrinkage=0.03


Tree=2
num_leaves=31
num_cat=0
split_feature=122 111 109 76 121 84 122 69 90 73 106 113 76 78 59 111 84 122 77 83 114 117 94 65 68 93 78 107 115 109
split_gain=2178.12 424.379 345.542 197.726 246.05 161.809 117.325 105.986 98.4135 82.1176 82.2089 86.2741 75.0399 62.1664 54.0237 46.8689 60.3456 50.2542 43.8889 43.599 43.1461 43.4641 42.8958 36.9551 40.8465 36.7926 34.8049 31.7645 31.712 28.1526
threshold=1692.5000000000002 0.00025640603135536696 0.00010722180681322174 588.50000000000011 1.0000000180025095e-35 0.11019845954910891 211.50000000000003 5.5000000000000009 0.90155454799147283 3.5000000000000004 0.00072595520421607387 0.31899666155976752 761.50000000000011 60.500000000000007 17424.984943771673 9.5106870412322032e-05 0.17334001336005347 16568.500000000004 4.5000000000000009 0.32052512426792662 4.4868338557993743 2.4187525504598679 5.8047530751427105 23.500000000000004 123.50000000000001 5.4223684773904104 1.5000000000000002 0.00016054634140051405 1.2001564945226919 7.6063217912484898e-05
decision_type=8 2 2 2 2 8 10 2 8 2 10 10 2 2 2 2 10 8 2 10 10 10 8 2 2 10 2 2 10 2
left_child=2 3 -1 4 18 12 -4 13 9 -8 11 -11 -3 25 19 -5 -17 -18 26 22 21 -13 23 -9 27 -7 -2 -25 -20 -6
right_child=1 5 6 15 29 7 8 14 -10 10 -12 20 -14 -15 -16 16 17 -19 28 -21 -22 -23 -24 24 -26 -27 -28 -29 -30 -31
leaf_value=0.031251405510014214 0.010381987809812586 0.10156769491377303 0.03481578547389854 -0.025885023576303127 -0.019694326332644289 0.12359072081416957 0.0065333902709945307 0.00099480947597882356 0.086923911610340743 0.015473338428618113 0.011101450266253634 0.42440816280699223 -0.0053965785111771978 0.010316992436259508 0.0091890339270236359 -0.013758812000513631 0.10746382828942734 0.0048044013805149891 0.17173844529716653 -0.00067702297874578266 0.0037973647223499322 0.0038450440488625843 2.0681755967666128e-07 0.0020510351795222747 -0.0031294100326242176 -0.0076344158696250814 0.090901316777374841 0.24083398464991504 -0.00026533699926995099 0.031799057830249493
leaf_weight=7.2422237792343394 12.081793735444085 1.8403270549315482 2.8666618968709399 547.19853031390812 44.425536431081127 4.7657067060936269 0.74771579616935291 0.80700500702368838 5.5184746071172492 0.93680308960028646 0.83867146767443124 9.3914416677143837 40.090890074061463 20.291365819954081 2.6540865590504827 66.980086465337081 2.4198642386472784 11.372337476670507 4.8141620336682527 1.1378283079829987 0.32545477198436934 0.31804831462795924 0.99941551827941921 0.61571477606776159 0.58196140619111236 1.7055543773458337 5.1727355569018973 6.076493174652569 1.0527699331287292 7.1344387050776268
leaf_count=12169 21989 3143 2405 1165619 93116 8991 1099 1530 7286 991 1007 7014 79859 38408 4888 140783 4772 22885 6746 1941 257 322 1872 1108 1092 3362 8107 10410 1496 14840
internal_value=0.000373881 -0.00963981 0.238463 -0.0172537 0.0275896 0.0531582 0.290285 0.0929826 0.314477 0.361243 0.375077 0.390714 0.00961875 0.0446024 0.15295 -0.0227625 -0.001333 0.0466165 0.0990674 0.175003 0.408948 0.416622 0.18944 0.203913 0.216849 0.100752 0.0495206 0.229137 0.154953 -0.0103879
internal_weight=812.404 784.219 28.1855 702.652 74.6814 81.5663 20.9433 39.6351 18.0766 12.5581 11.8104 10.9717 41.9312 26.7626 12.8725 627.971 80.7723 13.7922 23.1215 10.2184 10.0349 9.70949 9.08059 8.08117 7.27417 6.47126 17.2545 6.69221 5.86693 51.56
internal_count=1669507 1636957 32550 1480353 146294 156604 20381 73602 17976 10690 9591 8584 83002 50761 22841 1334059 168440 27657 38338 17953 7593 7336 16012 14140 12610 12353 30096 11518 8242 107956
is_linear=0
shrinkage=0.03


Tree=3
num_leaves=31
num_cat=0
split_feature=122 111 80 90 75 122 122 69 58 80 113 109 77 80 106 53 51 77 96 92 122 78 79 102 65 33 94 92 77 103
split_gain=1782.33 470.558 250.412 242.866 193.619 268.413 179.656 121.427 79.3894 64.7103 63.7704 61.1631 49.5847 45.1828 43.7718 42.1034 43.5227 40.7283 40.0372 38.6297 38.4416 37.2396 35.4103 35.2869 34.9085 34.808 37.5093 31.8749 31.1455 28.3405
threshold=1692.5000000000002 0.00025640603135536696 721.4029794372783 0.90155454799147283 200.50000000000003 1692.5000000000002 12196.500000000002 1.0000000180025095e-35 9815.3500000000004 75.881437689835892 3.0933105412001711 4.3936594913103705e-05 107.50000000000001 646.92570282568124 0.00082287877223304691 572.50000000000011 90.500000000000014 1351.5000000000002 0.021289185446304926 6.3896520362470621 211.50000000000003 4242.5000000000009 267.65000000000009 0.14300533491404863 27.500000000000004 -11363.9 5.761262800493328 4.907068587376906 18.500000000000004 0.22206211975664428
decision_type=8 2 2 8 2 10 8 2 2 2 10 2 2 2 10 2 2 2 10 10 10 2 2 10 2 2 10 10 2 10
left_child=3 4 15 10 5 9 7 -4 12 -2 11 -1 -9 22 19 16 -3 -6 -8 20 -13 -18 -11 29 -20 -14 -27 -5 -7 -22
right_child=1 2 6 27 17 28 18 8 -10 13 -12 14 25 -15 -16 -17 21 -19 24 -21 23 -23 -24 -25 -26 26 -28 -29 -30 -31
leaf_value=0.018955005704406617 0.020520767939014611 -0.003428580770041911 -0.011449119462385636 -0.0045558504499955809 -0.024173857715447944 -0.020329872085067421 -0.0074332503811833338 -0.0048710951653311227 -0.0083194694865500324 0.15022865588606393 0.0043236272393697393 0.037244953090623749 -0.0032109633415545154 0.010825255326284451 0.010204661445404179 0.030059367093282024 0.24006366615858718 0.044578921137512342 -0.0044657914869395219 -0.0020544831262137931 0.30703895290666877 -0.0026793054466421576 -0.0052728472910306108 0.0029535201600981815 0.080186396590491413 0.22510543012056658 0.008616058933021694 0.081057227648573996 0.040495639918504474 0.0033700022812740617
leaf_weight=1.7401662828051545 11.029532480111813 0.64473803315195066 4.6987313218414775 5.6068065731087682 596.0461606165336 56.963599981449079 48.142583882145118 0.96853762242244368 1.9172455580264784 12.808986440650189 1.1166738699248515 2.1366615419392572 0.5988608544575954 3.816516279563074 0.96881020168075238 3.4905337281234097 4.1086312565312255 3.4467191013391121 6.7448930512182397 0.36725938261952151 16.092573114496197 0.48999064211966459 1.0654299137531769 0.46140404441393812 5.3452486115274951 5.4658037844346863 1.2144880904234012 4.9936766285682097 3.93587371482863 0.39350822009146114
leaf_count=2773 20812 1126 8510 8780 1298679 121243 94635 1695 3667 16414 925 1594 935 7108 1144 5917 5927 6792 13297 498 9674 785 1786 285 9362 8119 2179 6472 7781 335
internal_value=0.000914963 -0.00899731 0.0561036 0.199143 -0.0172639 0.0229335 0.0321599 0.110443 0.151986 0.0909779 0.246859 0.256035 0.178326 0.120704 0.268536 0.175319 0.210145 -0.0234131 0.00585712 0.276685 0.281362 0.226276 0.140054 0.296642 0.0454705 0.194759 0.206284 0.0488278 -0.0136245 0.302262
internal_weight=806.821 772.943 83.8303 33.8775 689.113 89.6199 75.0964 14.8637 10.1649 28.7205 23.2771 22.1604 8.24769 17.6909 20.4202 8.73389 5.24336 599.493 60.2327 19.4514 19.0841 4.59862 13.8744 16.9475 12.0901 7.27915 6.68029 10.6005 60.8995 16.4861
internal_count=1669249 1636769 156154 32480 1480615 175144 142399 25105 16595 46120 17228 16303 12928 25308 13530 13755 7838 1305471 117294 12386 11888 6712 18200 10294 22659 11233 10298 15252 129024 10009
is_linear=0
shrinkage=0.03


Tree=4
num_leaves=31
num_cat=0
split_feature=111 121 75 121 69 80 67 80 78 121 109 84 109 84 107 60 98 92 80 77 71 62 117 93 77 101 69 67 80 85
split_gain=1284.82 606.548 240.404 205.744 159.838 183.332 118.987 70.9348 62.0986 60.1746 74.6597 65.8824 50.6477 49.0626 47.9672 42.0173 37.5015 35.6851 33.0721 32.5759 32.1959 31.7805 29.7047 28.4335 28.4112 26.5115 26.4788 24.6085 31.6854 21.4244
threshold=0.00036159318224715953 1.0000000180025095e-35 200.50000000000003 1.0000000180025095e-35 1.0000000180025095e-35 17639.37737433736 26.500000000000004 75.881437689835892 51.500000000000007 1.0000000180025095e-35 0.00011717160222208402 0.17334001336005347 2.5895543540948448e-05 0.11019845954910891 4.9057442995775975e-05 34937.305219084585 0.12513269639065819 6.3896520362470621 841.30588772160979 18.500000000000004 6.5000000000000009 4.5000000000000009 2.6702558293393417 2.4093473920952122 1.0000000180025095e-35 0.0041679074846138588 10.500000000000002 13.500000000000002 26291.351478363253 0.54549434803375274
decision_type=2 2 2 2 2 2 2 2 2 2 2 8 2 10 2 2 10 8 2 2 2 2 8 8 2 10 2 2 2 10
left_child=2 8 3 7 -3 14 9 -1 20 -4 -11 -12 -5 -7 -6 16 17 21 23 -14 -2 -16 -23 -9 -25 -10 -8 -27 -29 -28
right_child=1 4 6 12 5 13 26 18 25 10 11 -13 19 -15 15 -17 -18 -19 -20 -21 -22 22 -24 24 -26 27 29 28 -30 -31
leaf_value=0.016035500245417715 0.0091666137551474017 0.047954851459981851 -0.025688293429793063 -0.021566542798869034 0.005968672148759898 -0.0035146403725087316 0.010895745141860723 -0.0051466052595520858 -0.013019819315352583 -0.02400708579939248 0.006163303366427066 0.094848939369845939 0.0072139060115765227 0.10937678090960509 -0.0015705120729431596 -0.0022240733472330527 -0.001940084228828777 -0.0017973443202145441 0.0025688704781859297 0.077809218008226794 0.12867610657277251 0.29929043916987863 -0.0014380371480378971 0.015327395007793305 0.14765619306522912 -0.008201860414953719 -0.00615604897669462 0.093617192929511484 -0.010359418034364838 0.10386940920624377
leaf_weight=11.287787115172252 4.1895932989718849 10.772785649402065 536.03323932155035 41.17570523743052 0.83725761808455246 4.0555685829604036 9.6671874914900382 1.0344066511315748 26.77699659843347 34.957892998732859 24.022415285959145 6.5324219080212051 22.400082677282629 10.708562668238299 0.27580993750598892 0.39972420842968759 0.34491565596545015 0.31843134755036473 2.3679224496881934 3.6256045277696094 1.4280349945765918 16.042594168451608 0.25146620272426901 2.9408538462012173 13.9107226068445 6.005590982938882 1.2889951646211546 2.7654659110121429 2.6348250634327997 3.9631912664626725
leaf_count=20867 7614 13409 1195486 88359 828 5221 18745 1396 52080 74643 47386 10216 46269 9334 331 411 248 550 4806 5971 2658 14160 272 4221 15521 11189 1754 4364 4505 6273
internal_value=0.000354215 0.10541 -0.013186 0.0292647 0.178089 0.208484 -0.0201663 0.0865601 0.021624 -0.022397 0.00444515 0.0357957 -0.00175948 0.0853225 0.267783 0.276149 0.281654 0.286566 0.114908 0.028003 0.0858357 0.29124 0.295401 0.12597 0.133354 0.00333215 0.0528177 0.0339892 0.0622953 0.0870337
internal_weight=803.016 87.8076 715.208 98.7431 44.0071 33.2343 616.465 31.5417 43.8005 601.546 65.5127 30.5548 67.2014 14.7641 18.4702 17.6329 17.2332 16.8883 20.2539 26.0257 5.61763 16.5699 16.2941 17.886 16.8516 38.1829 14.9194 11.4059 5.40029 5.25219
internal_count=1669087 127174 1541913 187410 44764 31355 1354503 46811 82410 1327731 132245 57602 140599 14555 16800 15972 15561 15313 25944 52240 10272 14763 14432 21138 19742 72138 26772 20058 8869 8027
is_linear=0
shrinkage=0.03


Tree=5
num_leaves=31
num_cat=0
split_feature=111 58 75 77 70 99 113 85 95 83 103 60 108 111 69 95 100 34 113 87 60 85 118 78 79 78 96 92 47 92
split_gain=1186.93 214.499 199.447 105.194 87.9512 78.0397 64.6158 53.8336 51.1581 48.083 44.8321 47.783 44.8277 44.0552 37.6079 35.5057 37.6989 33.0305 31.7851 27.3173 29.021 25.9681 25.9758 24.1157 30.0081 22.9626 20.6189 19.5798 19.5411 20.7815
threshold=0.00033013473755581167 12.350000000000003 200.50000000000003 703.50000000000011 29.500000000000004 0.017204342404209164 0.71824144760350628 0.82814841408591422 0.50724887901353199 0.15555673859549501 0.22238707550280254 92572.440933415739 7.7606609548059609e-06 9.2946819607040698e-05 8.5000000000000018 0.866899766899767 0.023819655521783185 9369.8835064507457 0.83105289692813378 0.14217669172079436 26517.399733566996 0.73530981229204617 -2.8368884206411686 4.5000000000000009 169.75000000000003 28.500000000000004 0.030294686957682556 6.241752703312522 1.0000000180025095e-35 6.9856722416046519
decision_type=2 2 2 2 2 10 10 8 8 10 10 2 2 2 2 10 10 2 10 8 2 10 10 2 2 2 10 8 2 8
left_child=2 6 7 13 8 -6 19 12 18 17 11 15 -1 -4 -5 16 21 26 -3 -2 -21 22 -8 -14 25 28 -7 -24 29 -25
right_child=1 4 3 14 5 9 10 -9 -10 -11 -12 -13 23 -15 -16 -17 -18 -19 -20 20 -22 -23 27 24 -26 -27 -28 -29 -30 -31
leaf_value=-0.012757807388613927 -0.0082625000583095541 -0.001978803204216346 -0.025922517361564801 0.0038625099648158198 0.020098421318631425 0.20597575574529015 -0.0023092186896652603 0.0091821877646536352 0.0023209286124768603 -0.0054365707545804007 -0.0051174489354983005 0.016610534749224762 0.013669922600339683 -0.0026264767636335349 0.084261182580495392 0.0003198055379003775 0.026889086910453913 -0.0033700037744015749 0.1001525182555186 0.090631878678376451 -0.0090684741171131664 0.0018058770721594093 0.21338067465923624 0.14021140056125628 0.013233489123656021 0.0013811338737106293 -0.0019792268633847701 -0.0017283302227911821 -0.0038623549340915876 -0.0036951538344996977
leaf_weight=5.4348423022602246 3.2736420881701607 3.5612532478990016 493.71844686940312 10.940827644662933 8.1703549416270089 3.3900934675475578 0.41643743147143553 71.533340991707519 34.885588129982352 1.1046298203291369 1.0272486724425096 2.7209880014997898 7.3622585967241347 87.008110664028209 6.0258907982497467 0.93536794907413323 2.9083844578999551 0.63200330085237499 4.6800356406311039 9.9166263651277387 2.1597023695940161 0.65863853684277174 20.880091917468228 7.5128396307700269 5.4064358389587133 1.6906312008504745 0.35271632569492783 0.30536779362593591 0.73824132262962017 0.70182720912271612
leaf_count=11398 4066 5631 1132423 21367 13388 3875 467 135594 57491 1240 1618 3260 13140 181960 9182 1142 3560 880 7488 10487 1882 996 20021 11681 10158 2709 389 494 1199 1205
internal_value=0.000539532 0.0936317 -0.0136291 -0.0202077 0.0481607 0.103492 0.140261 0.0246419 0.0217157 0.15892 0.16707 0.173056 0.0559585 -0.0224844 0.0450967 0.184071 0.189715 0.181186 0.071937 0.0598838 0.0753672 0.202155 0.206776 0.071348 0.088274 0.109978 0.196454 0.210542 0.122642 0.13117
internal_weight=800.053 101.979 698.074 597.693 56.7767 13.6498 45.2025 100.38 43.1269 5.47944 29.8525 28.8253 28.8471 580.727 16.9667 26.1043 25.1689 4.37481 8.24129 15.35 12.0763 22.2605 21.6019 23.4122 16.05 10.6435 3.74281 21.1855 8.95291 8.21467
internal_count=1670391 138375 1532016 1344932 90382 19772 47993 187084 70610 6384 31558 29940 51490 1314383 30549 26680 25538 5144 13119 16435 12369 21978 20982 40092 26952 16794 4264 20515 14085 12886
is_linear=0
shrinkage=0.03


Tree=6
num_leaves=31
num_cat=0
split_feature=122 108 75 121 65 97 80 79 111 78 121 59 93 122 83 77 83 100 102 93 76 110 34 115 97 80 106 93 94 110
split_gain=1145.65 244.174 236.081 338.609 223.057 119.99 81.9273 85.5537 66.8648 48.761 45.0535 66.5962 47.9768 38.6784 37.5128 35.5226 38.6728 34.3147 32.881 30.9491 30.9423 28.8352 27.4572 26.8225 27.0042 24.7758 24.2679 24.0966 23.3395 21.4903
threshold=4666.5000000000009 0.0001609680353633871 200.50000000000003 1.0000000180025095e-35 43.500000000000007 0.078194176272112045 75.881437689835892 234.54999999999998 8.4796987640562736e-05 28.500000000000004 1.5000000000000002 8993.0543229875202 6.0107444887468482 1547.0000000000002 0.24352889941039846 1.0000000180025095e-35 0.39240372010057817 0.024406563905050228 0.15396467938840822 5.6622635781002737 14764.500000000002 0.00020115665125049033 -2843.6326269754113 4.3400412796697632 0.40085470085470093 721.4029794372783 0.0014074602325627468 2.3707841162525463 8.2492823219188534 7.2163782922136702e-05
decision_type=8 2 2 2 2 10 2 2 2 2 2 2 10 8 10 2 10 10 10 8 2 2 2 10 10 2 8 8 10 2
left_child=1 13 3 6 21 20 -2 9 -7 15 -3 12 17 19 26 -8 23 18 -12 -1 -6 -4 -22 24 25 27 -10 -17 -29 -5
right_child=2 10 4 29 5 8 7 -9 14 -11 11 -13 -14 -15 -16 16 -18 -19 -20 -21 22 -23 -24 -25 -26 -27 -28 28 -30 -31
leaf_value=0.081401740501875888 0.020565650888684461 0.033608532927072755 -0.026056596128406929 -0.022976838406673399 0.051057639181162934 -0.0051785756586248694 0.019207825118376303 0.0018272022407276284 0.12808581719686996 -0.0063892156760982418 0.18828014826952358 0.031589561418351279 0.0019002390330095627 -0.0032785368425903246 0.00071029664195597971 -0.0022024423857570459 -0.00041471807919035686 0.021106576909587092 -0.0034248634807179583 -0.011018350490932634 0.036840633643779146 -0.002859395749035216 -0.01947500751229915 0.0049242600731047755 -0.0027090964153876703 0.0017961038700573275 -0.0013834374131172175 0.21384067346175487 -0.0020500458039232655 0.026336826159348427
leaf_weight=8.1923175281845015 11.608227771357631 6.3128418426203998 510.65907740246621 46.166357723908732 4.2517559727129983 5.8746363899845191 2.9242673564003878 4.4232684685266568 13.21617994501139 1.3517264839028929 31.958322147722356 6.1963377034116993 1.5817299791669928 16.322147477418188 2.8128816230164366 0.39574094617273126 1.0828429097018659 2.6285812571877605 0.64241546837729302 2.8991099728154941 4.8725208891846696 54.656677526712883 34.853130848932778 1.0120657635561645 0.49583064645412456 0.66068157160771157 1.2891108706244274 11.607447095622771 0.36625628347974348 5.116003819188335
leaf_count=9105 20889 5095 1197273 99191 8116 13656 4027 7320 21130 1940 21123 4480 2368 34087 4306 418 987 2147 373 4764 6904 106237 69941 974 548 1097 2041 9585 304 9008
internal_value=0.00075161 0.107221 -0.0112615 0.0337489 -0.0176838 0.0323362 0.0982504 0.1255 0.0806506 0.147105 0.144451 0.155526 0.170116 0.0282887 0.104403 0.157274 0.172196 0.176493 0.184549 0.0613272 0.00122389 -0.0238585 -0.00922133 0.181868 0.190206 0.196262 0.119175 0.203142 0.208578 -0.0161546
internal_weight=796.43 76.7338 719.697 87.2107 632.486 67.1702 35.9284 24.3201 23.1928 19.8969 49.3202 43.0074 36.811 27.4136 17.3182 18.5451 15.6209 35.2293 32.6007 11.0914 43.9774 565.316 39.7257 14.538 13.526 13.0301 14.5053 12.3694 11.9737 51.2824
internal_count=1669434 83542 1585892 156288 1429604 126094 48089 27200 41133 19880 35586 30491 26011 47956 27477 17940 13913 23643 21496 13869 84961 1303510 76845 12926 11952 11404 23171 10307 9889 108199
is_linear=0
shrinkage=0.03


Tree=7
num_leaves=31
num_cat=0
split_feature=122 109 75 122 67 97 92 77 77 78 79 113 110 80 121 121 116 78 110 73 115 34 78 83 93 83 105 58 66 117
split_gain=1050.22 195.156 188.162 224.518 198.391 98.9271 49.5315 42.9452 39.1649 36.7012 39.6895 34.141 33.2291 32.3736 33.8521 36.0729 31.8664 28.0806 26.4032 56.3548 26.2067 24.8774 24.6215 23.8861 21.2219 24.9573 20.5631 19.8168 22.737 19.3076
threshold=4666.5000000000009 7.0081770155602224e-05 200.50000000000003 5353.5000000000009 8.5000000000000018 0.078955680420254692 6.454664664033877 178.50000000000003 4.5000000000000009 25.500000000000004 160.95000000000007 0.55516804520922536 0.00021337756681292274 109898.35238951085 1.5000000000000002 16.500000000000004 -3.6569631207562239 7.5000000000000009 0.00074032541659107382 68.500000000000014 4.0020000000000016 -2843.6326269754113 2.5000000000000004 0.3600087013269524 5.6622635781002737 0.24352889941039846 0.083387235877533425 9357.9500000000007 14.500000000000002 2.6702558293393417
decision_type=8 2 2 10 2 10 10 2 2 2 2 10 2 2 2 2 8 2 2 2 10 2 2 10 8 10 10 2 2 10
left_child=1 -1 3 8 12 18 11 -7 22 10 20 -3 -4 14 -13 16 -16 -18 21 27 23 -6 -2 -10 25 -9 -5 28 -20 -19
right_child=2 6 4 26 5 7 -8 24 9 -11 -12 13 -14 -15 15 -17 17 29 19 -21 -22 -23 -24 -25 -26 -27 -28 -29 -30 -31
leaf_value=0.0059948011555545841 0.011115220140319078 0.054337791895186671 -0.026158739038293362 -0.021626685090508625 0.041369890816447527 -0.011795305483120768 -0.0054591832196633563 0.10946718601792227 0.16527275440265343 -0.0042762445778983795 0.022816559403733196 0.037394142097208483 -0.00039092989164188005 -0.0051591790651103267 0.0091001817924256361 -0.0012737929855796742 0.00020096776703690247 0.16800630701802419 -0.0047842734699692756 -0.015132904408736055 -0.0038160087726082014 -0.014895023879212134 0.07145400416662355 -0.0032288581726735142 -0.00043532535461044856 -0.00022381848106221868 0.030485628054594177 -0.0054273731462782821 0.13020595742601765 0.0014416202011338446
leaf_weight=17.494792589481222 16.880669383041099 14.907326371641828 493.22911780455615 45.083382779586827 3.4057270800112738 3.2368056037521482 2.3328670906485049 13.711883052514162 8.3640251692850125 1.9956416247296136 5.2215772151830597 6.5674016133998512 49.685401095426641 1.0366219124989573 1.9006704474741125 1.2614062828943122 0.95944990601856162 37.101958312210627 0.94790433484013092 7.0974137775774579 0.72777601782581847 42.625649897556286 7.1215058147790833 0.60224896017462093 2.1016096867388159 2.0510538538219416 3.4307589999225447 1.1035878735419826 1.3666185241308992 0.72407886185101134
leaf_count=33845 26005 12286 1185366 97690 4610 6641 3891 21454 6375 2907 7566 5542 95983 1015 1245 614 1580 22598 1525 11299 718 91898 8110 573 3356 3097 6510 1998 2092 749
internal_value=0.000607636 0.097614 -0.0115106 0.0281198 -0.0174007 0.0262461 0.119523 0.0745751 0.0758255 0.108258 0.120608 0.124114 -0.0238257 0.138201 0.14146 0.152035 0.156407 0.161762 0.00361803 0.0376603 0.147595 -0.00708664 0.0382502 0.156851 0.0893815 0.0985775 -0.0154374 0.0911593 0.109442 0.165358
internal_weight=794.277 84.2866 709.99 89.4276 620.563 77.6483 66.7918 21.1014 40.9134 16.9113 14.9156 64.4589 542.915 49.5516 48.515 41.9476 40.6862 38.7855 56.5469 10.5155 9.69405 46.0314 24.0022 8.96627 17.8645 15.7629 48.5141 3.41811 2.31452 37.826
internal_count=1669138 83365 1585773 156454 1429319 147970 49520 34548 52254 18139 15232 45629 1281349 33343 32328 26786 26172 24927 113422 16914 7666 96508 34115 6948 27907 24551 104200 5615 3617 23347
is_linear=0
shrinkage=0.03


Tree=8
num_leaves=31
num_cat=0
split_feature=122 111 75 122 109 80 111 72 84 65 100 95 122 51 77 94 121 121 71 100 80 82 121 110 84 80 109 122 122 79
split_gain=978.886 295.528 161.678 172.376 115.787 100.703 99.6808 46.3996 43.0632 44.9342 40.6093 46.662 38.5947 38.3569 37.5373 34.8181 29.1474 28.6446 28.5991 28.0227 27.028 29.2494 26.5394 26.4694 25.0461 23.5562 23.1942 22.2959 21.6997 21.114
threshold=3054.5000000000005 0.00025640603135536696 200.50000000000003 30034.000000000004 4.4784400874438398e-05 721.4029794372783 0.0011190270198778898 49.500000000000007 0.21144244837624632 35.500000000000007 0.0050060340689113388 0.83355674709562122 14576.500000000002 105.50000000000001 1351.5000000000002 6.5238809867832641 9.5000000000000018 15.500000000000002 233.50000000000003 0.015635185788787486 19182.27843651767 0.2223137470254439 4.5000000000000009 0.00019574459027547867 0.16674221819280752 75.881437689835892 0.00063141349364819333 1692.5000000000002 337.50000000000006 353.55000000000013
decision_type=8 2 2 8 2 2 2 2 10 2 10 10 8 2 2 10 2 2 2 8 2 8 2 2 10 2 2 8 10 2
left_child=4 2 3 -2 -1 7 8 13 -7 -10 11 15 16 -3 23 17 19 -6 22 -8 21 -14 26 -4 -25 -5 -15 28 -12 -27
right_child=1 5 14 25 10 6 12 -9 9 -11 27 -13 20 18 -16 -17 -18 -19 -20 -21 -22 -23 -24 24 -26 29 -28 -29 -30 -31
leaf_value=0.0012146487511080579 -0.016440396855667557 -0.0052384041142060642 -0.025526347626276199 0.017548000144519738 0.14945940497658242 -0.0095277888880665462 0.15887969576762023 0.019443150094908723 -0.012240386734597685 0.088247521692787975 -0.0014804081152506678 0.022051113912141616 0.080973393551574152 0.19888752477611135 0.040239115463575489 -0.0017447761778708005 -0.0050729520958211205 -0.00065549603891692718 -0.0035261533551932062 -0.0041216941489855639 -0.015466726300237869 -0.0068749391333073357 -0.0029415975825429108 -0.011777075091373684 0.044529179827179632 0.083433898821967362 -0.0023545479698626223 -0.0081003350214046959 0.079062592870443926 -0.0022132831547776424
leaf_weight=9.4112881797482242 52.470470191969071 1.0564963408687598 503.27609572390793 12.031021208356831 38.942256422364153 50.642018114303937 3.0997145547007681 5.9183821310871281 5.1299780908739177 4.3859518373501487 3.4026001100428429 5.3684791247651438 5.0015072489914028 3.5188616447267127 3.9683096538356031 1.3691470173071127 1.0165139725722836 1.1298903441638675 0.6653014143812469 0.79501815268304188 5.3140300318773361 4.0776053625741051 0.54274320218246419 19.67939959446085 5.0620306177879675 25.14076924559777 0.42530014627845947 3.2138587175868478 12.864294543804133 2.5559506839199448
leaf_count=17815 115382 1308 1239109 20879 21816 94197 2917 7272 8864 4894 1392 5601 8269 2979 6633 1930 1373 500 811 663 8760 6602 436 43422 9249 22530 384 3354 4622 4488
internal_value=0.0016928 -0.00941176 -0.0168537 0.0190545 0.100766 0.0395524 0.0236146 0.106603 0.00267269 0.0485186 0.113823 0.130884 0.0748999 0.143952 -0.0231964 0.141091 0.124351 0.145624 0.162057 0.141994 0.0303161 0.0530891 0.175528 -0.0240462 0.00529238 0.0625316 0.188002 0.0544682 0.065828 0.0764003
internal_weight=791.475 715.773 624.184 92.1982 75.7018 91.5894 79.4623 12.1271 60.1579 9.51593 66.2905 46.8098 19.3044 6.2087 531.986 41.4413 4.91125 40.0721 5.15221 3.89473 14.3931 9.07911 4.4869 528.018 24.7414 39.7277 3.94416 19.4808 16.2669 27.6967
internal_count=1668451 1611421 1461692 163279 57030 149729 136539 13190 107955 13758 39215 29847 28584 5918 1298413 24246 4953 22316 4610 3580 23631 14871 3799 1291780 52671 47897 3363 9368 6014 27018
is_linear=0
shrinkage=0.03


Tree=9
num_leaves=31
num_cat=0
split_feature=111 122 76 122 80 122 113 75 88 77 95 77 96 49 93 37 50 32 115 116 77 31 92 104 120 120 97 77 120 111
split_gain=855.297 279.844 182.305 115.676 111.41 60.4567 59.2963 57.1071 46.3454 39.26 37.9242 36.9688 30.9006 25.4008 32.283 27.298 24.2311 26.2238 29.3485 23.6707 21.6117 30.5286 21.0138 19.5514 18.6178 19.4572 18.5685 36.0875 22.084 19.7123
threshold=0.00027849889399030064 12196.500000000002 882.50000000000011 1474.5000000000002 721.4029794372783 3054.5000000000005 0.83105289692813378 202.50000000000003 1.2001659292035403 18.500000000000004 0.83355674709562122 1351.5000000000002 0.016401354516108618 2.5000000000000004 -3.6178189766182407 1.0000000180025095e-35 109.50000000000001 91.950000000000031 0.95137021237132535 1.4673913043478266 4.5000000000000009 7.5000000000000009 7.1147419268364027 0.05549851699749031 0.1153846153846154 0.57692307692307698 0.090947384544688689 126.50000000000001 24.34615384615385 2.5116021120018581e-05
decision_type=2 8 2 10 2 8 10 2 10 2 10 2 10 2 10 2 2 2 8 10 2 2 10 8 2 2 10 2 2 2
left_child=2 6 3 7 -3 16 23 20 10 -5 13 26 -6 14 -8 -16 -4 18 -18 -17 24 22 -22 -2 -1 -26 -7 -28 29 -29
right_child=1 4 5 9 12 11 8 -9 -10 -11 -12 -13 -14 -15 15 19 17 -19 -20 -21 21 -23 -24 -25 25 -27 27 28 -30 -31
leaf_value=0.0083935197547419134 0.063383790854341884 0.096944687411645594 -0.014787647287888067 -0.018330367314049981 -0.011207079495975597 -0.026142010528269449 -0.00046008641635007325 -0.0084568119943992243 0.045103686461426526 0.047136525515034965 -0.0053415130134345989 0.037230606676579271 0.031485334026868081 0.0098205411937748698 -0.0034916559990215276 0.17513953704779409 0.10318435096792775 -0.0029325852060554641 -0.0083306709184868544 0.019378650781064613 0.10424746359865074 -0.0055802476508900797 -0.0056468095775033585 -0.0095742601280025073 0.071984693138386416 -0.0064347656603876823 -0.020305909463707261 -0.0067495527349401997 -0.015772866191815112 0.062388877138879306
leaf_weight=16.087889349553738 28.056386853539156 8.9406864201882836 4.8486700514913528 54.064753973012557 42.852179599954979 436.87492308087531 1.087679785327057 11.703571035148341 10.96667959121987 4.7219302474404676 1.0793883921578515 4.8154549887112799 17.438742816157173 1.7771033566386893 0.65669108048314839 25.840537348180082 3.332640123087911 4.9654746519227047 1.9166068203339817 2.2828800096467594 15.553762783732969 2.367052468849578 1.1575246135180339 2.3318875607219516 8.5286228031909541 2.6341242826892985 56.822196559922304 4.0299990411731432 5.5373657111485945 7.3380308655323461
leaf_count=24219 15682 9541 6067 120728 80768 1095961 381 28814 8708 8459 720 7411 28815 1242 483 11487 2900 4518 1658 686 13619 2431 1235 1383 9256 2543 141616 10081 11570 16292
internal_value=0.00119693 0.0662186 -0.013596 0.0197247 0.0204991 -0.0210493 0.104949 0.0480271 0.128858 -0.0097892 0.147228 -0.022864 0.00260692 0.152451 0.158312 0.163492 0.0312666 0.050803 0.078267 0.16733 0.0617298 0.0858364 0.0970881 0.0572235 0.0341615 0.0572137 -0.0237863 -0.00905341 0.0247703 0.0433044
internal_weight=790.611 143.311 647.301 116.819 69.2316 530.481 74.0792 58.0325 43.691 58.7867 32.7243 515.418 60.2909 31.6449 29.8678 28.7801 15.0634 10.2147 5.24925 28.1234 46.329 19.0783 16.7113 30.3883 27.2506 11.1627 510.603 73.7276 16.9054 11.368
internal_count=1669274 159896 1509378 211304 119124 1298074 40772 82117 23707 129187 14999 1282931 109583 14279 13037 12656 15143 9076 4558 12173 53303 17285 14854 17065 36018 11799 1275520 179559 37943 26373
is_linear=0
shrinkage=0.03


Tree=10
num_leaves=31
num_cat=0
split_feature=122 75 122 67 109 71 107 80 80 89 83 94 94 66 110 72 59 72 66 122 121 52 77 84 92 91 63 77 80 119
split_gain=754.125 188.65 189.749 172.585 111.296 104.095 80.2724 52.2023 40.9549 44.0548 35.6306 34.6612 38.9798 33.701 32.074 31.7126 30.4409 27.5836 26.5393 26.7557 25.3543 24.6948 44.9467 23.9991 23.9712 23.2459 22.7709 34.162 37.1682 22.2719
threshold=4666.5000000000009 200.50000000000003 30034.000000000004 8.5000000000000018 7.0081770155602224e-05 1.0000000180025095e-35 0.00087608906464117385 29770.963070252419 792.87585522409893 0.61827458256029699 0.22563473722272007 6.3206681098361459 2.7869921692971302 1.5000000000000002 0.00018112923212253935 112.50000000000001 -8223.582448037876 58.500000000000007 14.500000000000002 8511.5000000000018 10.500000000000002 397.50000000000006 174.50000000000003 0.16950583023055263 6.454664664033877 2.3379986177018455 1.5000000000000002 4.5000000000000009 235.84061203653786 0.4004405286343613
decision_type=8 2 8 2 2 2 2 2 2 10 8 10 8 2 2 2 2 2 2 8 2 2 2 10 8 10 2 2 2 8
left_child=4 2 13 14 -1 26 16 10 9 20 18 12 -7 -2 -3 24 17 -5 -8 -20 -6 22 -18 -16 -10 -21 27 -4 -29 -14
right_child=1 3 5 6 8 11 7 -9 15 -11 -12 -13 29 -15 23 -17 21 -19 19 25 -22 -23 -24 -25 -26 -27 -28 28 -30 -31
leaf_value=0.0039721711680502109 -0.022650427903909514 -0.025932647476381628 0.016117574680202897 0.078668535990844321 0.17119897470173218 -0.0010237471471519445 0.0019416049153364787 0.0043826080465788446 0.07522901453848363 0.026327179880449796 -0.0072062713073341488 -0.0049702422781143056 0.0014839964660535992 0.042358710175998043 -0.012394716912904728 -0.011295346205209649 -0.017828298709153666 -0.0092020314175687117 -0.0041145724411022879 0.16436049144639447 0.000647335929961434 -0.016277565068531671 0.061502274982952722 0.028588437735494573 -0.0089670125374556806 -0.0032237800930785283 -0.014285117507912589 0.12111066500550541 0.017078828191073522 0.1851396003633223
leaf_weight=17.950103944633156 43.899753543606494 451.01282859579078 22.30781512169051 3.5570095527509684 9.7544697512348613 1.2106520102242921 1.5733658403914894 7.2110944939486208 67.902589743462158 5.1145655369909937 1.578757208480966 0.99141689081443463 0.71629618303268205 3.7056630014267276 44.378295820526546 3.0026153482613145 9.7775985701300687 3.6494593684037682 0.79352007008856162 4.7235103359853383 0.86872607364785004 38.676780480367597 7.457227256265468 12.405217607767552 2.1294735023111562 0.60157711809733871 4.5324274465092449 3.9322730385174491 7.736611082451418 5.4571639412897639
leaf_count=33923 99241 1169199 28973 3795 4885 1494 2458 11832 34175 5474 1936 1137 713 7014 91603 1624 23112 4023 730 6064 280 77945 14730 20466 3316 1094 4030 2242 6538 4946
internal_value=0.00127327 -0.010492 0.0278704 -0.0168462 0.0735507 0.0676821 0.0231732 0.0733241 0.0866577 0.134828 0.106625 0.142677 0.156504 -0.0140449 -0.0232842 0.0683038 0.00565652 0.0486279 0.123624 0.139969 0.161923 -0.00341911 0.0226082 -0.00185231 0.0722419 0.153035 0.0368494 0.0446281 0.0779488 0.17403
internal_weight=788.609 681.886 94.4901 587.396 106.723 46.8847 79.5999 16.4818 88.7724 15.7378 9.27073 8.37553 7.38411 47.6054 507.796 73.0347 63.1181 7.20647 7.69197 6.11861 10.6232 55.9116 17.2348 56.7835 70.0321 5.32509 38.5091 33.9767 11.6689 6.17346
internal_count=1668992 1585315 156328 1428987 83677 50073 147719 24114 49754 10639 12282 8290 7153 106255 1281268 39115 123605 7818 10346 7888 5165 115787 37842 112069 37491 7158 41783 37753 8780 5659
is_linear=0
shrinkage=0.03


Tree=11
num_leaves=31
num_cat=0
split_feature=111 75 122 122 122 75 109 79 59 67 85 31 77 97 97 90 111 60 72 92 51 94 93 115 62 116 100 71 95 110
split_gain=608.605 187.533 149.589 140.372 83.9553 71.3689 63.1457 48.7012 39.0299 38.5243 34.8598 43.9413 33.865 32.9141 30.2339 29.6521 38.7121 43.7481 29.212 26.6535 24.9309 23.2396 19.7893 19.3695 47.0435 35.1704 28.367 31.4511 26.162 23.6097
threshold=0.00027849889399030064 200.50000000000003 1328.5000000000002 12196.500000000002 16568.500000000004 189.50000000000003 0.00010722180681322174 1612.8500000000001 -8223.582448037876 90.500000000000014 0.86959742351046709 7.5000000000000009 18.500000000000004 0.18770973154362419 0.061863086850107551 2.5526532380333555 0.00017501867845638001 1347.8721163581713 1.0000000180025095e-35 6.3896520362470621 120.50000000000001 2.1484607694922744 6.1637418845286289 0.97509376803231407 47.500000000000007 1.0432312507845356 0.0074227396165880309 1.0000000180025095e-35 0.83355674709562122 0.00039848823527294046
decision_type=2 2 10 8 8 2 2 2 2 2 8 2 2 8 10 10 2 2 2 8 2 10 10 10 2 10 10 2 10 2
left_child=1 2 10 19 6 20 -3 15 -6 -7 11 13 -4 18 -11 16 17 -8 21 23 -5 -1 -19 24 26 28 27 -2 29 -25
right_child=3 4 12 5 8 9 7 -9 -10 14 -12 -13 -14 -15 -16 -17 -18 22 -20 -21 -22 -23 -24 25 -26 -27 -28 -29 -30 -31
leaf_value=-0.0037082376898911031 -0.0045444884259404402 -0.020096391017480075 -0.017886633442356338 -0.0056187876122394589 0.052010077654814475 -0.0016170036815443154 -0.0070795637130298822 -0.0058465581407897019 -0.024355073124775473 -0.0088350904381398407 0.032911916626015857 0.0002297118273029152 0.042374871310225257 0.0025399085208713465 0.083434984629850509 -0.009607735560434854 0.014578501276376511 0.15481957360423731 -0.0050203056670124827 -0.0090070119702961183 0.12309837583113335 0.14922137322056533 -0.0030601701913210524 0.0042224040470886333 0.018020800173248804 0.023974077887920199 0.0016936601472168024 0.10863071703104298 -0.0057711850531947653 0.12125896632129243
leaf_weight=0.70430398097960178 2.0616042020847116 19.198136206716299 54.377990725333802 1.1502470121486106 1.5840621803654347 59.436460703262128 1.5424977156799302 9.8925159902719297 472.34254429288558 3.5005776462785416 35.035747719870415 3.9262037983862674 4.9468204743461675 2.3722006277239425 4.519627315341495 2.3538059403654179 6.430497352819657 4.2514140293642413 1.0029217743431225 2.1427189044479737 2.2493965257599484 8.0542457088013162 0.5675445956585462 2.007133627892471 23.040765651181573 8.3164142516034172 3.5082948543422381 13.814866664353756 1.1867637395625923 30.669512109248899
leaf_count=813 1162 42983 124151 1084 2180 106133 2483 16261 1240768 5004 39442 3839 8109 2002 5209 4867 6670 6489 854 2985 1552 6639 1083 1337 9123 3385 2034 7357 768 12651
internal_value=0.000987353 -0.0123065 0.022479 0.052756 -0.0198632 0.0194157 0.0181078 0.0458702 -0.0235595 0.00848745 0.0576714 0.0910479 -0.00995848 0.111792 0.0552347 0.0727166 0.0863078 0.12049 0.128489 0.0774463 0.102127 0.140045 0.144136 0.0800163 0.0533786 0.0983128 0.0830925 0.096366 0.111136 0.115584
internal_weight=786.188 628.583 110.42 157.604 518.163 70.8563 44.2364 25.0383 473.927 67.4567 51.0956 16.0599 59.3248 12.1337 8.0202 15.1458 12.792 6.36146 9.76147 86.7481 3.39964 8.75855 4.81896 84.6054 42.4255 42.1798 19.3848 15.8765 33.8634 32.6766
internal_count=1669417 1509633 185849 159784 1323784 118982 80836 37853 1242948 116346 53589 14147 132260 10308 10213 21592 16725 10055 8306 40802 2636 7452 7572 37817 19676 18141 10553 8519 14756 13988
is_linear=0
shrinkage=0.03


Tree=12
num_leaves=31
num_cat=0
split_feature=122 75 67 122 109 65 122 98 90 110 60 84 97 67 78 95 78 75 121 48 60 77 102 100 76 56 118 74 115 97
split_gain=632.82 190.783 204.377 180.102 116.578 96.203 76.5901 92.9089 50.9299 47.0877 38.4353 49.9629 39.2008 35.1688 41.0814 39.804 35.4516 34.5593 31.1064 27.8334 27.6591 27.0815 26.8126 26.0076 25.8967 25.9098 25.7472 25.1472 23.7054 25.2326
threshold=6346.5000000000009 200.50000000000003 8.5000000000000018 30034.000000000004 4.4784400874438398e-05 2.5000000000000004 8511.5000000000018 0.018407166800690301 0.86502032520325212 0.00035437954172410437 862.09826899195946 0.11364176717243765 0.14093535572408813 90.500000000000014 332.50000000000006 0.60332887021561488 129.50000000000003 189.50000000000003 9.5000000000000018 6.5000000000000009 1979.1874685173757 6.5000000000000009 0.017823107518586158 0.024406563905050228 23526.500000000004 207.50000000000003 -2.8368884206411686 9.5000000000000018 4.5358982363040434 0.40085470085470093
decision_type=8 2 2 8 2 2 10 10 10 2 2 10 10 2 2 8 2 2 2 2 2 2 10 10 2 2 8 2 10 10
left_child=4 3 -3 -2 -1 -5 13 -8 10 -9 12 -12 26 14 16 22 -4 21 -11 -10 -13 -7 -15 -22 25 -18 -6 -28 29 -23
right_child=1 2 6 5 8 17 7 9 19 18 11 20 -14 15 -16 -17 24 -19 -20 -21 23 28 -24 -25 -26 -27 27 -29 -30 -31
leaf_value=-0.0072602155840190419 -0.017093776555730713 -0.024203177596949298 -0.014951622951393255 0.038038371851564758 -0.0039188419852980248 0.00037272111339591929 -0.0066571317855270004 0.014894106184851798 0.046500555343601598 0.18299970223133308 0.010953716561400059 0.0020791657530162401 0.010551453507082075 0.10861991627788421 -0.021085397109004242 -0.013136241864165819 -0.0092505977491590275 -0.0049336028967747582 -0.0036016871922648973 -0.010233155518113423 0.089586300416054893 0.19401612412882829 -0.0071411346017407557 0.003740332050815906 -0.011630487555225097 0.083687803419596515 0.16365271342382129 0.010004261770588654 -0.0027605296452361222 -0.0026553160826998986
leaf_weight=18.734357068926329 41.444016887980979 480.50844490647432 8.9468067833222467 44.356530215998646 0.74904719565529376 0.92468999675474961 6.5603007487370615 3.6854739974951372 22.833263921667825 3.1683941365045034 14.728442846186224 4.3327261427766635 3.1248921815713393 3.2231849610106993 31.952602524223039 3.889304269949208 2.227364726306404 0.98328336240956549 0.68120463957893651 8.6360399788245541 42.598320229357341 4.10532836560742 1.5596176198159808 3.8821828743384676 3.1634645764424922 8.4565962385386211 11.411493880266788 1.7414298449875794 0.50596842778031703 0.48482159015838977
leaf_count=39218 95308 1270285 21029 44473 497 618 11176 6743 29903 3149 7537 2198 1343 3691 61441 5644 4588 1512 703 7248 12735 2714 1634 2155 7607 16869 5713 585 438 409
internal_value=0.00203769 -0.0102539 -0.0169049 0.0285574 0.0604746 0.0636428 0.027062 0.0799542 0.0714398 0.127938 0.0839264 0.0642582 0.127863 0.0103224 -0.000390602 0.0533631 0.0271935 0.14241 0.166601 0.0316629 0.0773434 0.157795 0.0865149 0.0834759 0.0511662 0.0675401 0.144466 0.151669 0.172028 0.182689
internal_weight=783.6 650.827 558.023 92.8046 132.772 51.3606 77.5143 14.0954 114.038 7.53507 82.5685 65.5417 17.0269 63.4189 54.7468 8.67211 22.7942 7.00409 3.8496 31.4693 50.8132 6.02081 4.7828 46.4805 13.8474 10.684 13.902 13.1529 5.09612 4.59015
internal_count=1669163 1560031 1414559 145472 109132 50164 144274 21771 69914 10595 32763 24625 8138 122503 111534 10969 50093 5691 3852 37151 17088 4179 5325 14890 29064 21457 6795 6298 3561 3123
is_linear=0
shrinkage=0.03


Tree=13
num_leaves=31
num_cat=0
split_feature=111 80 76 122 122 122 69 83 121 108 67 96 76 77 97 84 50 118 83 106 93 79 78 8 66 79 89 119 113 77
split_gain=627.61 154.764 141.214 109.494 75.0296 71.0582 53.2485 64.4538 37.7569 41.3736 35.8237 35.7355 31.541 31.4196 30.4744 30.1062 28.5761 27.7758 27.3914 26.5937 26.4418 26.3714 25.9329 25.4633 25.0945 23.1078 22.5449 22.0171 20.801 20.1745
threshold=0.00025640603135536696 792.87585522409893 882.50000000000011 14576.500000000002 5603.5000000000009 3054.5000000000005 1.5000000000000002 0.17073755629642631 5.5000000000000009 0.00030010238126802145 8.5000000000000018 0.021289185446304926 16949.000000000004 85.500000000000014 0.086978260869565227 0.13328392621870885 109.50000000000001 -0.095466438667092021 0.1071511266357057 0.00082287877223304691 5.6928833181297103 217.84999999999997 9.5000000000000018 -9.9999999999999929 23.500000000000004 1670.8500000000004 -0.14545454545454531 0.61346915676287506 1.0172589010372863 19.500000000000004
decision_type=2 2 2 8 10 8 2 10 2 2 2 10 2 2 10 10 2 10 10 8 10 2 2 2 2 2 8 10 10 2
left_child=2 18 4 6 15 16 24 8 9 -8 -7 -5 23 -11 -12 21 -4 -13 -2 22 -17 -1 -20 -9 -3 27 -10 -18 -19 -6
right_child=1 3 5 11 29 10 7 12 26 13 14 17 -14 -15 -16 20 25 28 19 -21 -22 -23 -24 -25 -26 -27 -28 -29 -30 -31
leaf_value=0.029664783854111202 0.011882657664345804 -0.0016294035145965734 -0.015028686818900397 -0.0085070285675099919 -0.023062571610594398 -0.025087249184252557 -0.0059354906922065402 0.078512140672967579 0.080689494285284116 -0.0042419760032280903 -0.010802131389439619 -0.0064314481155981823 0.0055160765579710088 0.16266379681704618 0.041721931705338132 0.084338732107756081 0.093478521423826913 0.001648140655038351 -0.0046187812944524257 0.015553983168997896 -0.0066707282479625254 -0.012655462433257292 0.13547361120379733 0.0056176261039242925 0.060427668501079973 -0.0031894229280934592 0.007056629578879741 -0.0072247768489032823 0.089993248297552036 0.030798057027100128
leaf_weight=53.794904746901011 3.588301338779277 21.350077041686749 5.0060292441921765 48.002974398666993 38.175650529912673 427.61179323701072 1.2289945665688744 12.942574974003948 2.5841488618461881 0.82057062559761007 30.920911779947346 6.4499104264832567 17.716659050434828 10.097990994225254 8.8012395676923898 9.6893586575461068 5.2004181394586322 3.5291556149313674 0.90788099254132859 3.5572412489564149 2.7115233220392829 14.011269879876634 20.90610570544959 6.7568242310662745 2.9583373560744795 3.9441884684783872 9.5443307369423547 1.5818914609553756 3.9997590946150012 2.89415433074464
leaf_count=66791 2559 13845 5903 92388 93307 1181656 874 2878 671 560 75135 10073 5931 5410 16936 11736 3636 6073 709 2709 4089 28682 10706 2223 1905 3477 5343 1365 6129 5137
internal_value=0.0014803 0.0503664 -0.0131286 0.0356008 0.0153501 -0.0203624 0.0565586 0.0706064 0.10619 0.139625 -0.0225799 0.00447043 0.037723 0.152728 0.00419908 0.0315817 0.0350687 0.0395354 0.109467 0.11904 0.0682402 0.0206513 0.129869 0.0597081 0.0149435 0.0557938 0.0417197 0.0768922 0.0657659 -0.0163364
internal_weight=781.285 176.942 604.343 147.982 121.277 483.066 86.0005 61.6921 24.276 12.1476 467.334 61.9818 37.4161 10.9186 39.7222 80.2071 15.7325 13.9788 28.9595 25.3712 12.4009 67.8062 21.814 19.6994 24.3084 10.7265 12.1285 6.78231 7.52891 41.0698
internal_count=1668836 170986 1497850 154303 209742 1288108 39640 23890 12858 6844 1273727 114663 11032 5970 92071 111298 14381 22275 16683 14124 15825 95473 11415 5101 15750 8478 6014 5001 12202 98444
is_linear=0
shrinkage=0.03


Tree=14
num_leaves=31
num_cat=0
split_feature=111 76 84 69 111 76 84 84 19 83 111 75 9 97 98 57 83 121 109 109 79 109 75 115 120 117 95 94 120 58
split_gain=606.505 142.73 100.006 67.8686 55.9793 50.7515 46.7605 41.9358 39.8984 30.3551 28.1997 27.174 26.4193 25.7551 24.1287 22.8901 24.4513 22.8714 35.3864 28.3041 21.8738 20.4139 24.2786 20.2677 18.6965 18.6462 17.6788 17.6728 17.5258 16.8616
threshold=0.00025640603135536696 882.50000000000011 0.1579358981395094 1.5000000000000002 9.2946819607040698e-05 532.50000000000011 0.13328392621870885 0.17334001336005347 1.0000000180025095e-35 0.32052512426792662 0.00029054283153693238 702.50000000000011 302.29487119466552 0.23090808108858654 0.12178642056690839 724.4000000000002 0.18094063113371187 1.0000000180025095e-35 2.5449659230562415e-05 7.1490580958523525e-05 185.75000000000009 0.00096027746339944072 4604.5000000000009 3.2526683087027921 0.80769230769230782 0.2096834836640272 0.71431245654383069 3.155395235088625 1.9615384615384619 -93.149999999999977
decision_type=2 2 8 2 2 2 10 10 2 10 2 2 2 10 8 2 10 2 2 2 2 2 2 10 2 10 10 10 2 2
left_child=1 6 5 28 -3 24 17 -6 21 10 -5 -9 -10 23 -12 16 26 18 -1 -19 -21 -7 25 29 -2 -23 -13 -26 -4 -8
right_child=2 4 3 9 7 8 13 11 12 -11 14 15 -14 -15 -16 -17 -18 19 -20 20 -22 22 -24 -25 27 -27 -28 -29 -30 -31
leaf_value=0.042417344520381005 -0.0049714053742479494 -0.024921091816418797 0.064710898112566376 -0.0070044608877231195 -0.009384323415437882 -0.0038784347489506095 -0.0026630547947611195 -0.0069294902014161858 0.071465262726052428 0.018595258228665455 0.10720211351167741 0.11012644488529796 0.0099005297612853715 -0.0014448024351219671 -0.0059445492663162802 -0.0093369449085833143 -0.0048419968524029402 -0.017663810436916571 -0.0047370018700691541 0.053987340498837084 -0.012225579171958297 0.0046195194604259117 -0.012790386583373137 -0.0076097670270624494 -0.0039504882157740543 0.065676665428715197 -0.0015274288433052335 0.12493261439714368 0.0096265802927631584 0.092600571778419932
leaf_weight=24.815346708521247 0.99096904572797839 395.80986951937666 2.9165494574699578 1.5173572876665264 60.430343265121337 50.008001333480934 1.5815581181668665 6.6966713583970003 13.610466911573896 7.3133005001873235 44.359751434007194 4.4181556757248455 12.2651946634287 5.4995933063910334 1.2286436232971016 2.2550330300582573 2.1512523292331025 43.588884274766315 25.829241286235629 5.714176772919016 5.1221871539019048 7.9798664039408385 7.1719392517115912 1.6970923666085571 0.75506604200927574 8.4761436659609881 1.3199189199367536 2.5495525826408993 22.202488788985647 9.4340732815617248
leaf_count=31106 741 1119387 2469 1214 140743 69357 2075 13434 10399 2587 20105 5917 11974 8128 741 2961 3540 101565 30964 9655 10541 9838 8348 2474 382 10389 2032 1154 21196 13814
internal_value=0.00177009 -0.0129548 0.0487377 0.0734807 -0.0204118 0.027274 0.0153412 0.00279681 0.0198728 0.0915155 0.0999658 0.0386482 0.0486123 0.0539775 0.103867 0.06109 0.0770334 0.00649647 0.0201035 -0.00679147 0.0287112 0.0073249 0.0275725 0.0715933 0.095816 0.044045 0.0956908 0.110836 0.0257031 0.0823618
internal_weight=779.709 596.363 183.345 79.5381 473.081 103.807 123.282 77.2714 99.5116 54.4191 47.1058 16.841 25.8757 18.2123 45.5884 10.1444 7.88933 105.07 50.6446 54.4252 10.8364 73.636 23.6279 12.7127 4.29559 16.456 5.73807 3.30462 25.119 11.0156
internal_count=1669230 1498336 170894 48312 1288014 122582 210322 168627 120305 24647 22060 27884 22373 26491 20846 14450 11489 183831 62070 121761 20196 97932 28575 18363 2277 20227 7949 1536 23665 15889
is_linear=0
shrinkage=0.03


Tree=15
num_leaves=31
num_cat=0
split_feature=111 76 80 122 122 122 69 76 76 66 108 100 50 118 96 79 61 80 79 122 48 63 118 107 96 70 70 51 42 111
split_gain=488.758 147.548 87.9596 86.6661 86.5018 70.2968 48.481 44.1536 62.3888 55.3768 36.0068 34.4572 31.4323 34.5076 30.0517 27.5959 37.6022 27.3857 26.5788 41.7247 37.6834 26.5761 25.3539 24.7248 24.2206 23.5785 21.361 21.4168 20.2746 19.5145
threshold=0.00025640603135536696 882.50000000000011 792.87585522409893 12196.500000000002 5603.5000000000009 16568.500000000004 1.0000000180025095e-35 17627.000000000004 3296.5000000000005 55.500000000000007 7.655157164990598e-05 0.017256268238937531 4696.0000000000009 0.20162194992799479 0.021289185446304926 1670.8500000000004 61.500000000000007 1065.4278740505324 144.65000000000006 8888.0000000000018 611.00000000000011 2.5000000000000004 0.036771251053378091 9.5214166602910829e-05 0.029427228304571045 12.500000000000002 68.500000000000014 697.50000000000011 27.500000000000004 0.00012937703719728555
decision_type=2 2 2 8 10 8 2 2 2 2 2 10 2 10 10 2 2 2 2 10 2 2 10 2 10 2 2 2 2 2
left_child=1 4 18 6 17 10 -4 8 -8 -9 -3 23 13 24 -5 16 -12 -1 19 20 21 -2 -16 -10 25 -11 27 -25 -20 -7
right_child=2 5 3 14 -6 29 7 9 11 12 15 -13 -14 -15 22 -17 -18 -19 28 -21 -22 -23 -24 26 -26 -27 -28 -29 -30 -31
leaf_value=0.038918040256427429 0.0017695653942106644 -0.015193807523153417 0.0032814867527519655 -0.0075794498061804638 -0.018110083550028244 -0.025399629488898279 0.0031619322194002303 -0.012694993548364678 -0.0059126072762413955 -0.0047790718893995013 -0.0088717017284536161 0.0077038235137889552 -0.0031539327563725561 -0.0039904943703574719 -0.0030369432545096909 -0.0047186014130026722 0.078122029859745867 -0.010922677514374311 -0.0096044413721741752 -0.0085709410133058325 -0.0071590924285944461 0.1340842008219725 0.06349515221354407 -0.0047334110340698848 -0.0057151171720531248 0.12938071339062418 -0.0049726754157218365 0.11866657090350187 0.052997131119874655 -0.0019039300479889115
leaf_weight=75.051130263629602 1.605556932277987 17.267026055720635 17.477292157302145 49.821609391161473 40.374067517434014 385.40309454017552 8.513189680001231 15.646661583392417 1.2206560759805167 0.93985820366651562 4.9315607083844979 4.5314730318787033 5.0360203192394684 3.0555661891121417 8.3442151651543082 9.2289456444268563 10.809222961659541 9.146717724070184 5.2808107955206633 1.9954213105083898 1.5499006559839461 16.004578997730277 6.8705734522663979 0.92859845244675554 1.1692311472725121 5.3469463328656275 0.9847755617229258 26.240651410451392 7.638535096833948 35.558737536543049
leaf_count=88469 886 41021 11440 94335 99038 1122674 2589 5931 596 307 7965 1638 2757 1206 12377 15985 13824 22799 4285 1485 532 5460 10333 233 389 1983 198 7802 4154 87030
internal_value=0.00156965 -0.011999 0.0427334 0.0313377 0.0165096 -0.0197605 0.0494498 0.0595052 0.078634 0.0262235 0.015697 0.094742 0.0589485 0.0801274 0.00425037 0.0360296 0.0552987 0.0331949 0.084256 0.10404 0.115115 0.12508 0.035281 0.105095 0.102364 0.116092 0.110074 0.114369 0.0318686 -0.0234606
internal_weight=777.973 587.771 190.202 156.127 124.572 463.199 91.0909 73.6136 42.4193 31.1943 42.2368 33.9062 15.5476 10.5116 65.0364 24.9697 15.7408 84.1978 34.0748 21.1555 19.16 17.6101 15.2148 29.3747 7.45604 6.2868 28.154 27.1692 12.9193 420.962
internal_count=1669721 1498805 170916 154114 210306 1288499 37069 25629 13056 12573 78795 10467 6642 3885 117045 37774 21789 111268 16802 8363 6878 6346 22710 8829 2679 2290 8233 8035 8439 1209704
is_linear=0
shrinkage=0.03


Tree=16
num_leaves=31
num_cat=0
split_feature=122 107 75 122 109 69 99 66 35 65 90 83 93 95 122 103 109 96 75 71 93 93 89 86 106 51 115 120 67 122
split_gain=456.785 135.083 125.115 92.4584 67.4669 61.459 65.8202 37.3669 36.4758 34.3461 32.8459 32.8283 56.2267 53.6907 46.7612 30.6831 30.3862 29.4371 29.1899 28.1335 26.4227 25.0573 23.3372 23.2325 23.0451 22.3105 21.6107 20.3747 19.9765 19.8146
threshold=6346.5000000000009 0.00018439748866134518 189.50000000000003 30034.000000000004 4.4784400874438398e-05 5.5000000000000009 0.02084782104775151 20.500000000000004 43324.765139618583 1.5000000000000002 1.2099560283952231 0.175827242810218 4.605329259039503 0.74709397716875603 509.50000000000006 0.05407926583299718 1.6837241529090752e-05 0.020411754987105721 216.50000000000003 10.500000000000002 -3.4563509455107702 5.4075124557754615 0.56667496679946905 0.22463851083388925 0.0013363403316061623 110.50000000000001 1.4097723087053595 0.1153846153846154 1.5000000000000002 8511.5000000000018
decision_type=8 2 2 8 2 2 10 2 2 2 10 10 10 10 10 10 2 10 2 2 10 8 10 10 10 2 10 2 2 8
left_child=4 2 3 -2 -1 18 -7 -8 15 16 11 13 14 28 -13 24 27 20 25 21 -16 -12 -22 -20 29 -3 -14 -5 -6 -9
right_child=1 5 -4 9 10 6 7 8 -10 -11 19 12 26 -15 17 -17 -18 -19 23 -21 22 -23 -24 -25 -26 -27 -28 -29 -30 -31
leaf_value=-0.0051689856285552869 -0.020284502669805485 -0.0085308986649077836 -0.024063833767526119 0.013614877658711855 0.016195879565630584 0.012434489079245933 -0.0083564246899772848 -0.0027731037628300932 -0.0068287523001872054 0.082926847944795962 0.058254943231456004 0.0080649720599983814 -0.016844241172641803 -0.0018333829928370738 -0.0013579966441927824 -0.0050681619992404081 -0.0049913033812475664 0.016670484595081879 -0.01699758142217862 -0.018890469637902675 0.11123146940261205 -0.0043748637953685962 0.0054113631489905237 0.014052075624461424 -0.0034974987954714885 0.060056953520376183 0.033676300793612335 0.072941136291485881 0.10364166663725762 0.16406892187858466
leaf_weight=19.151128492725547 35.094752868957585 4.7707276810542663 413.71822600957239 14.250076196534794 4.7314666396123348 21.850421292561805 1.927600774244637 0.507974247506354 1.4716397836455142 8.8083687545731646 11.31169892739854 13.033378351072313 15.306919870898129 5.6278864130727007 2.3118546706682563 1.0143780305515973 18.947200701775728 8.4531923194008396 45.714890440285672 8.462056750955524 18.335827403905576 7.8674034680880167 2.6145287975086822 33.120352628611727 0.65880512495641586 7.6547212081786711 7.2248057312099254 7.2362014108221038 30.868463346327189 5.3556135533435718
leaf_count=39223 87145 5458 1201354 17659 3388 31782 2532 290 1787 4927 13694 2349 5782 3705 773 915 12863 2091 115132 7625 5665 10149 1556 58376 586 10246 2464 5440 10567 4371
internal_value=0.00120546 -0.0103548 -0.0173124 0.0153002 0.0463921 0.0171687 0.0493636 0.096097 0.113453 0.0401934 0.0535711 0.0609813 0.0424222 0.0834042 0.0602359 0.130296 0.0227824 0.0776575 0.00363898 0.0195961 0.0929493 0.0369718 0.101613 -0.00389288 0.144412 0.0388312 0.00252914 0.0435928 0.0954454 0.154991
internal_weight=777.403 622.102 498.055 84.3366 155.301 124.047 32.7864 10.936 9.00841 49.2418 136.149 108.508 67.2805 41.2278 44.7488 7.53677 40.4335 31.7154 91.2607 27.6412 23.2622 19.1791 20.9504 78.8352 6.52239 12.4254 22.5317 21.4863 35.5999 5.86359
internal_count=1669894 1560863 1329388 128034 109031 231475 42263 10481 7949 40889 69808 38340 20680 17660 12434 6162 35962 10085 189212 31468 7994 23843 7221 173508 5247 15704 8246 23099 13955 4661
is_linear=0
shrinkage=0.03


Tree=17
num_leaves=31
num_cat=0
split_feature=122 107 84 75 122 65 108 75 113 71 70 93 99 95 76 101 34 94 75 102 115 79 103 93 121 85 112 100 98 65
split_gain=448.321 131.686 119.977 116.674 64.5422 44.1322 40.1024 37.3084 34.0497 29.6581 58.6782 39.0332 35.1937 25.7736 24.8963 39.6133 24.9742 23.7974 23.3106 24.4322 20.6368 19.774 19.5537 20.4638 27.1029 21.0659 24.397 18.9278 18.5783 18.5465
threshold=4666.5000000000009 0.00013151653483710229 0.13328392621870885 202.50000000000003 5603.5000000000009 35.500000000000007 5.3391687316952699e-05 206.50000000000003 4.1694921265427736 10.500000000000002 29.500000000000004 5.7582398969533912 0.016952837140751662 0.67022088679551739 17627.000000000004 0.0058144817414602619 485.22532848519728 3.0100813364941832 3208.5000000000005 0.060615937734581814 0.32505491720175744 234.54999999999998 0.058838647255355501 5.7582398969533912 7.5000000000000009 0.69232405891980375 1.5854533462553171 0.012527284918751576 0.028581901968998746 2.5000000000000004
decision_type=8 2 10 2 10 2 2 2 8 2 2 10 10 10 2 10 2 10 2 10 10 2 10 8 2 10 10 8 10 2
left_child=6 3 8 4 21 7 -1 -4 -3 11 14 13 -12 17 15 -11 -17 -8 19 20 -19 29 23 24 25 26 -7 -18 -15 -2
right_child=1 2 5 -5 -6 22 9 -9 -10 10 12 -13 -14 28 -16 16 27 18 -20 -21 -22 -23 -24 -25 -26 -27 -28 -29 -30 -31
leaf_value=0.0066472608662386905 0.02556654249039049 -0.010121727132209655 0.063433333705071732 -0.024065667452212159 -0.016570093636698927 0.12204404676575896 -0.00024694844683355354 -0.005871016728124458 0.046557750820494542 -0.0058783535178082158 0.011269663305230024 -0.0017372161930956432 0.086307257647532803 0.052545553424446584 -0.012237922974648589 -0.0071667424306435211 0.093938504448360702 0.027880761458993243 -0.0024301465451477306 0.00082595396605594838 0.13115384873308294 -0.0085841934150177913 0.01101764801404358 0.0011648822545097266 -0.0074516324025899576 0.000546883073310643 0.014456715920168993 -0.0033542909462629064 -0.00498820851812501 0.076814859906633726
leaf_weight=19.546311002282891 43.012600673100678 96.02426200901391 4.9501192372117684 378.55279870954109 37.406741315760883 13.148380575701603 2.043789992399982 21.094170148280682 5.5784748283622312 13.544771991088057 9.4897471041767876 5.6025052070617667 19.454852787981508 14.237200935807779 18.452815068827476 2.854328538698609 6.3609652968007113 5.3560017282143333 1.5180079894489598 1.8024413936072949 18.801982257864438 7.6000424476515027 5.9651704263233105 2.6985849432239837 1.6484465231187631 1.8730054385960091 3.768469122122041 1.7399459319422028 5.7536936335964119 5.9489257681707377
leaf_count=33518 39259 208993 4233 1137233 94178 12187 771 43079 11415 5077 3407 5691 4192 8896 6449 737 1175 3580 447 779 5953 13803 6683 3683 1207 2814 4000 398 2458 3948
internal_value=0.00226364 -0.00882769 0.0146746 -0.0166961 0.0127082 0.0482761 0.0486058 0.0153964 -0.00497201 0.0545666 0.0372735 0.0721487 0.0669893 0.0799015 0.0123519 0.0298075 0.0619442 0.0984437 0.104692 0.110337 0.116965 0.0318445 0.0711294 0.0819156 0.090253 0.0985892 0.106843 0.0797368 0.0383015 0.0383339
internal_weight=775.83 629.27 156.749 472.521 93.9683 55.1463 146.559 26.0443 101.603 127.013 71.8974 55.1156 28.9446 49.5131 42.9528 24.5 10.9552 29.5222 27.4784 25.9604 24.158 56.5616 29.1021 23.1369 20.4383 18.7899 16.9168 8.10091 19.9909 48.9615
internal_count=1670243 1586715 298294 1288421 151188 77886 83528 47312 220408 50010 21435 28575 7599 22884 13836 7387 2310 11530 10759 10312 9533 57010 30574 23891 20208 19001 16187 1573 11354 43207
is_linear=0
shrinkage=0.03


Tree=18
num_leaves=31
num_cat=0
split_feature=109 84 76 76 19 121 77 84 95 56 109 80 78 115 67 102 84 39 90 72 96 68 95 71 83 113 113 92 60 72
split_gain=366.029 176.792 132.611 68.7635 57.3947 41.204 41.2193 38.9065 47.2362 34.9272 22.8132 28.279 23.3491 22.3608 22.0141 20.5566 20.0429 18.0012 17.9654 17.9361 17.236 19.7674 16.825 16.7385 25.3533 18.1864 16.3902 15.936 23.9466 15.6052
threshold=9.8040865836300487e-05 0.10448844312544679 641.50000000000011 791.50000000000011 1.5000000000000002 1.0000000180025095e-35 18.500000000000004 0.20963514113109666 0.51087592466345833 11.500000000000002 3.4847008453983899e-05 75.881437689835892 13.500000000000002 0.29898280948021572 8.5000000000000018 0.062425059952038377 0.44471026049973422 4.5000000000000009 1.4588076683387941 42.500000000000007 0.020308534263959396 143.50000000000003 0.66676599125943592 19.500000000000004 0.043492169462293812 0.4806058261330583 0.70159650538776341 2.326217843459224 21111.216152904981 1.5000000000000002
decision_type=2 8 2 2 2 2 2 8 8 2 2 2 2 10 2 10 10 2 10 2 10 2 8 2 10 10 10 10 2 2
left_child=2 3 5 9 7 10 -7 23 13 -2 11 -1 -13 -9 -4 16 18 -10 19 -15 21 -6 -8 24 -3 -26 -16 28 -25 -11
right_child=1 4 14 -5 20 6 22 8 17 29 -12 12 -14 15 26 -17 -18 -19 -20 -21 -22 -23 -24 27 25 -27 -28 -29 -30 -31
leaf_value=0.011611921882505864 -9.4082296280354551e-05 -0.013577797803463043 -0.026275121052311039 -0.0089496238901608446 0.09628065010454559 -0.013241289220943794 0.085832263911455806 0.0098711455585646056 0.039126720361042158 0.087016342672159241 0.0012906967616876871 0.082556610407725106 -0.0084217500074690067 0.13226738606743307 0.036623263440703505 -0.0018994097617004658 -0.0045623211215461241 -0.0018816554302031586 -0.0037977540084254786 -0.0035172430909516579 0.027344052174032404 0.0064684761619033552 -0.0069732094052301977 -0.0019616355020765255 -0.0046478837981177917 0.044958086387793979 -0.012294021181846169 -0.0081156959525547322 0.068683408284950606 -0.00041839698445572221
leaf_weight=14.457468856067864 9.0325739909021667 7.777425388339906 324.3236250532791 124.47726512167719 23.938062244240431 45.084174434829038 0.95652248192345668 4.0215693695936379 36.164285196835408 7.8119454072148056 13.187970160448456 13.11657328851288 1.9449973898590531 10.147254610201337 4.9052247269137323 1.3999155836936541 0.89068256135215129 11.99772285230574 0.72370298186433579 0.6592052658088513 11.697907096386187 3.2032318659475996 1.5121698972943702 9.9350505040783883 6.8101995621691449 38.562013288406888 11.934647267422404 29.134033747279318 2.2932999250187995 2.0890313806885388
leaf_count=18855 12594 18024 1003515 267398 10748 106121 1131 5295 37627 6265 7812 7290 1139 5751 12657 1136 675 6730 1182 248 4814 1356 2104 9245 9247 44396 31690 30560 2053 1619
internal_value=0.00225055 0.0251974 -0.0160606 -0.000324845 0.0431162 0.0156334 -0.00375485 0.0333212 0.0505674 0.0464019 0.0353526 0.048179 0.0716372 0.0880763 -0.0245504 0.102165 0.111072 0.0296949 0.118683 0.125492 0.0751799 0.0883361 0.0623738 0.0193413 0.0297523 0.0377901 0.00707727 0.00419759 0.0273753 0.0746181
internal_weight=774.19 342.766 431.423 143.411 199.356 90.2599 47.5529 160.516 66.0043 18.9336 42.707 29.519 15.0616 17.8423 341.163 13.8208 12.4208 48.162 11.5302 10.8065 38.8392 27.1413 2.46869 94.512 53.1496 45.3722 16.8399 41.3624 12.2284 9.90098
internal_count=1669277 476963 1192314 287876 189087 144452 109356 172169 58644 20478 35096 27284 8429 14287 1047862 8992 7856 44357 7181 5999 16918 12104 3235 113525 71667 53643 44347 41858 11298 7884
is_linear=0
shrinkage=0.03


Tree=19
num_leaves=31
num_cat=0
split_feature=111 75 80 65 122 122 76 77 75 79 122 55 122 77 80 67 67 50 77 79 79 80 83 99 111 73 102 109 121 52
split_gain=416.62 129.766 92.4487 84.1497 75.4343 68.8076 53.2707 44.3418 52.8692 32.6237 42.7432 36.0156 30.874 30.641 57.5885 42.6261 31.5523 26.2182 26.1335 23.7389 23.1609 24.2609 39.5027 22.8726 21.2693 20.6117 20.5462 19.981 19.9587 20.1908
threshold=0.00014990468019388071 202.50000000000003 1095.9133276696473 17.500000000000004 1328.5000000000002 3054.5000000000005 17627.000000000004 1855.5000000000002 14109.500000000002 160.95000000000007 8888.0000000000018 5.5000000000000009 278.50000000000006 285.50000000000006 5217.2929805032209 2.5000000000000004 3.5000000000000004 109.50000000000001 18.500000000000004 1670.8500000000004 7.4499999999999966 34.740834039890935 0.15389167045971783 0.016952837140751662 0.00027849889399030064 2261.5000000000005 0.08346730975348339 5.7605582238069018e-05 10.500000000000002 4.5000000000000009
decision_type=2 2 2 2 10 8 2 2 2 2 10 2 10 2 2 2 2 2 2 2 2 2 10 10 2 2 8 2 2 2
left_child=1 4 9 -4 20 17 13 -8 12 10 11 -2 -9 14 15 -5 -15 -3 -6 27 21 -1 -23 -11 -18 28 -26 -19 29 -13
right_child=2 5 3 6 18 -7 7 8 -10 23 -12 25 -14 16 -16 -17 24 19 -20 -21 -22 22 -24 -25 26 -27 -28 -29 -30 -31
leaf_value=0.013036590822465031 -0.0014429600401690648 -0.012405974912047807 -0.0066354072925046753 0.10012992177672593 -0.018917936257519242 -0.023535657009669093 -0.0048483775987319998 -0.0069337091038589082 0.0058290951411439969 -0.0015696136192554443 -0.0087485230459488136 -0.0014791887050395309 0.12028408132791436 -0.0020750589635604002 -0.0086280675191499137 0.015034735769755008 -0.0074313777576297804 -0.005684613973839181 0.035435645489803325 -0.0084405253874131596 0.018735845457283792 0.10714925156544264 -0.0022391625122016173 0.05315500032741461 0.088251957956685237 -0.0055740225282566308 -0.0067858816172445538 0.1060186002868756 0.0037138766864094094 0.11339146466800117
leaf_weight=9.6335983937897272 3.396291270852088 3.519498734851366 61.601564796030289 6.7507606172293917 49.084664074005559 384.25546790234512 43.706699606409529 1.4977255089615962 14.21158202839433 12.914496785931989 3.4634052404726381 1.3063948231865747 3.578043109679129 4.6373676183284251 20.193267846130766 13.599293688894248 1.6399265132786229 1.1672468685137571 4.6262357962841625 1.9536692365363704 42.96807556253043 7.4640703106706479 3.6369980562012643 9.0499893476953712 29.948255319002786 1.1309767386992451 1.4483158770308353 2.9378748030285351 2.0989118622383094 26.545847623667214
leaf_count=12921 2322 4644 102780 6882 121276 1211029 44174 1093 11430 15464 3799 868 1030 2647 25285 10202 1779 1557 7299 2027 40142 4451 2653 4553 12152 418 439 1779 336 12092
internal_value=0.00260277 -0.0131636 0.0329566 0.0222829 0.0140802 -0.0213604 0.0346937 0.0126862 0.045239 0.0645922 0.0808939 0.0898662 0.0979328 0.0505908 0.027202 0.0574452 0.0696246 0.0440462 -0.0116172 0.0676214 0.0350156 0.0585571 0.0817446 0.0266539 0.078639 0.0986608 0.0835379 0.088577 0.102831 0.108598
internal_weight=773.967 511.247 262.719 202.813 117.414 393.834 141.211 62.9941 19.2874 59.9063 37.9418 34.4784 5.07577 78.2172 40.5433 20.3501 37.6739 9.57829 53.7109 6.05879 63.7027 20.7347 11.1011 21.9645 33.0365 31.0821 31.3966 4.10512 29.9512 27.8522
internal_count=1669523 1409778 259745 219893 188742 1221036 117113 57727 13553 39852 19835 16036 2123 59386 42369 17084 17017 10007 128575 5363 60167 20025 7104 20017 14370 13714 12591 3336 13296 12960
is_linear=0
shrinkage=0.03


Tree=20
num_leaves=31
num_cat=0
split_feature=110 76 122 122 122 71 80 67 76 122 79 77 41 35 97 80 67 70 78 73 85 82 57 77 104 78 78 53 93 110
split_gain=344.547 161.424 79.6551 63.1707 57.6365 33.944 37.3484 30.7684 65.8742 26.6214 26.5331 25.5538 22.4529 25.561 19.9289 21.8585 19.708 19.6777 19.5033 25.1387 19.8602 19.1056 18.9668 22.8161 18.8196 18.306 17.9071 17.8233 17.819 21.8103
threshold=0.00018112923212253935 863.50000000000011 1396.5000000000002 211.50000000000003 3054.5000000000005 1.0000000180025095e-35 646.92570282568124 130.50000000000003 16949.000000000004 12196.500000000002 4.0000000000000044 18.500000000000004 19.500000000000004 12958.72910007294 0.17191035067873306 910.5490609136898 8.5000000000000018 2.5000000000000004 326.50000000000006 31.500000000000004 0.56256212723658061 0.20618668225028663 555.25000000000011 174.50000000000003 0.01588089721158242 290.50000000000006 2.5000000000000004 524.50000000000011 3.7599585709445105 0.00079390780647840191
decision_type=2 2 10 10 8 2 2 2 2 10 2 2 2 2 10 2 2 2 2 2 10 10 2 2 10 2 2 2 10 2
left_child=1 2 5 14 -3 10 21 8 9 28 -1 -4 -10 24 15 -2 -6 -17 19 -19 -21 26 23 -18 27 -25 -7 -14 -5 -30
right_child=3 4 11 7 16 6 -8 -9 12 -11 -12 -13 13 -15 -16 17 22 18 -20 20 -22 -23 -24 25 -26 -27 -28 -29 29 -31
leaf_value=0.048375733733168683 0.030782059526960854 0.027106293471001019 -0.017909620459764339 0.015958811135951278 -0.025213068068705706 -0.0039428947730616587 0.0082708771348424595 0.076612438866402607 -0.015368984658012255 -0.00099556299155307464 0.0069441853840702906 0.034472802576482491 0.090940077614695108 -0.009439931795164145 0.04737144148192831 -0.021105189434732698 -0.016377604390318701 0.0040283580389691952 -0.0092313211835910527 -0.0047681883751183943 0.088861485626762118 -0.0014771316634481979 -0.018688889989872188 0.074217381703212293 -0.008794439931157744 0.0014024866258613325 0.12368712301335197 -0.0064140790335110573 0.034870447438704946 0.079876276981436997
leaf_weight=18.336458314413903 19.15821710266755 17.560541151964571 47.056080542970449 13.842992680816677 357.78165765566519 0.75483064277795886 6.753049290040507 20.816883824008983 23.447707211307716 8.4392570858180971 39.606580241554184 5.2346478684048625 3.1801443402364376 8.0694811854336859 7.4005382738250765 25.286665320803877 6.0063019649242042 17.029262319352714 22.401409439975396 2.1279162604769217 2.5707152822287753 1.3066683027136603 18.848099697672296 2.7717794184864015 2.0536241387599148 5.5056803827756085 6.122227887972258 1.3519022791006134 32.378763352200622 30.681610563216964
leaf_count=16991 14868 13593 117171 3861 1158826 498 13537 5274 12433 14210 38670 7477 1191 4362 7381 53191 16869 33150 33159 2524 3524 835 48077 5861 740 11960 2808 783 18868 6986
internal_value=0.00179238 -0.0116397 0.0176696 0.0312584 -0.0207261 0.0369743 0.0722724 0.0435428 0.0352009 0.0491558 0.0228568 -0.0101149 0.00186858 0.0263419 0.0115515 0.00618741 -0.0231901 -0.00221266 0.00965917 0.0272187 0.0658606 0.101919 -0.000902557 0.0213277 0.0553381 0.0445518 0.113916 0.0737681 0.0543841 0.0610271
internal_weight=773.882 533.645 125.171 240.237 408.474 72.8798 14.9368 144.262 123.445 85.3426 57.943 52.2907 38.1029 14.6552 95.9747 88.5742 390.914 69.416 44.1293 21.7279 4.69863 8.18373 33.1319 14.2838 6.58567 8.27746 6.87706 4.53205 76.9034 63.0604
internal_count=1669678 1453173 197987 216505 1255186 73339 17678 68708 63434 43925 55661 124648 19509 7076 147797 140416 1241593 125548 72357 39198 6048 4141 82767 34690 2714 17821 3306 1974 29715 25854
is_linear=0
shrinkage=0.03


Tree=21
num_leaves=31
num_cat=0
split_feature=111 76 80 77 69 122 77 97 94 84 113 65 109 67 92 82 56 58 84 83 122 90 96 93 80 63 107 70 11 36
split_gain=330.848 114.252 63.1631 59.7736 54.6296 50.6277 48.8669 55.9931 43.3237 35.781 33.8683 30.3346 27.3216 27.2941 25.9869 24.8352 34.4461 23.9087 23.8181 23.1706 30.1664 23.5994 24.3771 24.5359 21.4924 20.8627 22.4036 21.6956 27.1175 20.5552
threshold=0.00022839299546610178 863.50000000000011 792.87585522409893 18.500000000000004 1.5000000000000002 4666.5000000000009 132.50000000000003 0.074057942960381998 4.2593660577505057 0.19356361753327853 0.3251270523846756 7.5000000000000009 7.7613386229773225e-05 26.500000000000004 5.1766309130893022 0.090936840936840943 118.50000000000001 5884.8500000000013 0.27786652467163658 0.17244238577228801 653.00000000000011 0.19715633423180598 0.043450496973735361 4.0087004857374664 12592.891983653069 126.50000000000001 0.00082106649724295879 3.5000000000000004 64.500000000000014 219.50000000000003
decision_type=2 2 2 2 2 10 2 10 10 10 10 2 2 2 10 10 2 2 10 10 10 8 8 10 2 2 2 2 2 2
left_child=1 3 -2 5 14 -1 -3 13 -9 25 -5 -12 -10 -8 -4 16 -16 18 -14 21 -21 22 23 -11 -22 26 -6 -28 -29 -18
right_child=2 6 4 10 9 -7 7 8 12 19 11 -13 17 -15 15 -17 29 -19 -20 20 24 -23 -24 -25 -26 -27 27 28 -30 -31
leaf_value=0.017667731733777933 0.060566026336870964 -0.024004060504964182 -0.015461097436032587 -0.0073654484294581428 0.008921343643992545 -0.023358170603834893 -0.023561898528510653 -0.00044870208989654858 -0.009108429206843351 0.0011148920378201829 0.095677149446642518 -0.0088079425649827091 0.12133962391348387 0.029479116563231218 -0.006187901360847587 -0.0061242000395041428 0.094096401540302216 -0.0067093861331508605 0.00078665651325836013 -0.010932672975877248 0.069218141161308533 0.024953864979069745 -0.0060524156174464822 0.12445741308791344 -0.0041757960823661251 -0.001384802351593327 0.0022662328559427901 0.085981035760999081 0.0041716186492362708 -0.0068057039076023906
leaf_weight=76.739509725361131 47.864700962643838 329.66731898408034 38.090684623864945 4.2704060093092258 27.277074838348199 35.591531376267085 46.160805121267913 15.289711935009111 2.1780600998899882 1.7332566040568025 9.3187418416200654 2.0728802326775613 4.711335232219426 6.0928746699646572 6.3293605164799391 15.057470466708763 4.4259632660541683 1.4384488522773606 1.816524967754958 10.570708329556512 7.6700597432209161 10.798324727569709 1.2500327028392355 8.1895429708529246 4.2563066765433177 28.418233487347607 7.0428041183622581 9.988448607065946 5.5221170434961087 1.4628918548114596
leaf_count=84058 18943 1075701 46736 6222 27520 97243 136734 35097 5950 456 12835 2469 7690 12288 11132 19846 6387 2749 2246 3977 1222 4968 356 1952 1036 23265 5244 7223 5358 2269
internal_value=0.00173953 -0.0113082 0.0309641 0.0130488 0.0220575 0.00422742 -0.0190267 0.00226892 0.0350281 0.0334736 0.0599843 0.0797773 0.0709936 -0.0153429 -0.000230302 0.0201397 0.0448862 0.0879613 0.102684 0.054046 0.0242977 0.0743552 0.0996248 0.110505 0.049529 0.0192386 0.0300538 0.0493554 0.0649722 0.0774154
internal_weight=771.296 535.348 235.948 127.993 188.083 112.331 407.355 77.6878 25.4341 122.717 15.662 11.3916 10.1444 52.2537 65.3664 27.2757 12.2182 7.96631 6.52786 44.4682 22.4971 21.9712 11.1728 9.9228 11.9264 78.2487 49.8304 22.5534 15.5106 5.88886
internal_count=1669172 1481282 187890 202827 168947 181301 1278455 202754 53732 82577 21526 15304 18635 149022 86370 39634 19788 12685 9936 13967 6235 7732 2764 2408 2258 68610 45345 17825 12581 8656
is_linear=0
shrinkage=0.03


Tree=22
num_leaves=31
num_cat=0
split_feature=122 76 67 122 71 108 122 98 100 67 78 93 110 83 111 63 97 83 102 104 122 80 56 116 97 92 71 101 117 115
split_gain=325.458 128.266 124.865 85.6391 50.4757 50.4693 41.7159 56.1251 33.9403 44.3939 30.3193 29.4252 26.5446 25.5201 24.5334 22.9228 22.1196 21.6448 20.8998 22.7731 20.2101 19.6774 20.4225 19.4486 18.8569 18.7765 17.6216 17.4695 17.382 17.1967
threshold=6346.5000000000009 791.50000000000011 8.5000000000000018 30034.000000000004 1.5000000000000002 4.7297606058126669e-05 8511.5000000000018 0.018407166800690301 0.00079270821551106596 114.50000000000001 31.500000000000004 5.4816461828645515 0.00044837746709345177 0.11333667669675694 0.0001160034475626098 1.5000000000000002 0.061863086850107551 0.17073755629642631 0.035099415204678373 0.027788632106484069 211.50000000000003 26291.351478363253 207.50000000000003 1.0026178290659999 0.19991843393148453 6.3896520362470621 162.50000000000003 0.023266787127735066 0.69549103304250925 4.2263211382113832
decision_type=8 2 2 8 2 2 10 10 10 2 2 10 2 10 2 2 10 10 10 10 10 2 2 10 10 10 2 10 8 10
left_child=5 3 14 -2 -5 -1 16 -8 23 27 11 15 -9 -11 -3 -6 -4 21 19 20 -15 22 -18 25 -16 -7 -14 -10 -22 -17
right_child=1 2 6 4 10 8 7 12 9 13 -12 -13 26 18 24 29 17 -19 -20 -21 28 -23 -24 -25 -26 -27 -28 -29 -30 -31
leaf_value=-0.0035939448770154364 -0.015903458539205714 -0.025491454551047586 -0.010228239409369897 0.023878427061734455 0.010497453528364772 0.066819627953637536 -0.010027457490715519 0.012901194090238925 -0.0033280970222978705 -0.011485769166135997 -0.0080248933804977392 -0.0033502094885212081 0.13081111965702472 -0.0032136833898551939 -0.010493321567933159 0.15122382213378324 -0.0083443772007828522 -0.011636191069270919 -0.0037951944710373766 -0.0026504628516796093 0.10596625904727175 -0.0076318750596156022 0.061951971294952286 0.024904097471903138 0.03529263701210017 -0.0060395333971648042 0.0030002104501222135 0.036300596102295288 0.0012438753690756157 0.00096962353083091695
leaf_weight=23.383297684049467 35.397551001253305 320.4172294914315 35.933901093638269 60.63453494454734 2.4026150114950706 63.320538344531087 7.005578146781775 4.7863312921253947 39.680418810865376 3.0542208183906068 1.8229732363834035 1.750053019961342 3.7655583845044021 1.7039250250672981 68.764445398701355 4.2673048863653094 3.3088240875804429 9.6843256836000347 2.9578563509858204 2.6382587832631534 10.845930279523591 5.7212057583092237 13.264207739004631 24.951417372765718 4.1878383123257654 2.5095118447497944 1.361090463993605 8.0881756206799746 1.69921642640839 0.81035848258761678
leaf_count=44134 91071 1101776 78792 49172 1520 28661 11158 7382 15549 802 2849 1947 2107 305 157373 2698 6547 12555 421 549 1691 7099 17691 10984 7251 3707 984 1828 363 578
internal_value=0.00278994 -0.00821728 -0.0148649 0.0208074 0.0387892 0.0369435 0.0173925 0.0534518 0.0427462 0.0244406 0.0876712 0.10275 0.0866341 0.0545878 -0.0219523 0.11897 0.00535982 0.0218905 0.0650217 0.0751886 0.0865456 0.0359178 0.0492361 0.0549763 -0.00576982 0.0638119 0.115114 0.00618565 0.0961786 0.139623
internal_weight=770.119 585.286 478.201 107.085 71.6878 184.833 84.831 16.9186 161.449 70.668 11.0533 9.23033 9.91298 22.8994 393.37 7.48028 67.9125 31.9786 19.8452 16.8873 14.2491 22.2942 16.573 90.7815 72.9523 65.8301 5.12665 47.7686 12.5451 5.07766
internal_count=1669544 1560550 1410715 149835 58764 108994 144315 21631 64860 21508 9592 6743 10473 4131 1266400 4796 122684 43892 3329 2908 2359 31337 24238 43352 164624 32368 3091 17377 2054 3276
is_linear=0
shrinkage=0.03


Tree=23
num_leaves=31
num_cat=0
split_feature=111 76 122 122 80 69 74 107 86 93 94 42 51 121 73 82 53 76 105 90 90 55 80 115 115 58 93 122 121 92
split_gain=294.242 129.842 76.1135 61.8815 56.2989 86.1725 34.819 36.4961 28.2439 35.4843 27.3086 50.3499 32.8424 57.9666 40.1601 24.8135 24.6713 27.2613 22.4286 35.9707 27.5425 26.3209 22.218 22.45 23.9801 22.0581 21.969 21.8733 21.8476 21.4418
threshold=0.00014990468019388071 588.50000000000011 5353.5000000000009 3054.5000000000005 865.82514990430934 1.5000000000000002 1.0000000180025095e-35 0.00051630224642991473 0.066572371522866589 5.4816461828645515 2.919010284801502 28.500000000000004 217.50000000000003 2.5000000000000004 14.500000000000002 0.24679296238929269 3.5000000000000004 88.500000000000014 0.068997683993823999 1.6643398268398271 -0.82744506888342495 633.50000000000011 13345.450889295187 2.7088511790949652 0.60005770340450093 -77.150000000000034 -1.9530569614250848 2051.5000000000005 7.5000000000000009 6.2687298813208647
decision_type=2 2 10 8 2 2 2 2 10 8 8 2 2 2 2 10 2 2 10 10 10 2 2 10 10 2 8 10 2 8
left_child=1 2 8 -3 10 28 7 -7 -1 16 11 -2 15 14 -14 -12 17 -10 19 20 -9 29 23 24 -20 -19 -13 -8 -6 -22
right_child=4 3 -4 -5 5 6 27 18 9 -11 12 26 13 -15 -16 -17 -18 25 22 -21 21 -23 -24 -25 -26 -27 -28 -29 -30 -31
leaf_value=0.020193774955216522 -0.0076599418611909137 0.036388852244858931 -0.020465070257639044 -0.022143086825712959 -0.010463283012195084 0.016551368540149925 -0.015270782163763381 -0.0051772426754941358 -0.0066013387828357606 -0.0069857930055829591 -0.004868540305912732 0.064214812162339804 0.17041099359873021 -0.0086630674148797122 -0.0051417756849862287 0.060480142890703331 -0.0017426334626684022 -0.0013778263279473563 -0.0098802440164823951 0.0076971262068587336 0.10734420112697202 -0.0039895898862788506 -0.001283468298982365 -0.0075276913393937939 0.074403909641462013 0.1241439019506945 -0.0060804128694780949 0.033229248644594415 0.033249685724739582 -0.0054731138373422606
leaf_weight=55.908714126999257 17.729534479731228 12.611321917909661 29.575303269724827 368.74868158460595 77.660544252372347 45.102686078666011 19.215278650022814 2.2265032131690559 1.4075615364999965 4.1132310063985669 8.094594732072439 21.007397846260574 3.679104119713883 2.0023171084176283 1.0257827307796104 6.9176372087385962 2.4244770462100851 1.285421775683061 2.4148247465200319 7.7248148247017516 20.309554478590144 1.9111924099561282 13.670007777371209 4.2907867892063214 11.336649247910826 7.0628681930247685 3.7656859506096252 7.8018922369519705 6.8430746949743471 1.1122993949684374
leaf_count=55355 14128 12542 83298 1246471 124340 42694 14164 630 1293 3419 4665 4519 1901 717 428 2863 1522 900 706 10826 12073 1712 4449 1760 3680 4337 2498 6070 4060 1088
internal_value=0.00248426 -0.0117646 0.0177225 -0.0197616 0.0263562 0.0184381 0.0327166 0.039913 0.0336771 0.0643374 0.0503749 0.03037 0.0765135 0.118506 0.149206 0.0328314 0.0834463 0.0980338 0.0537839 0.0709517 0.0856817 0.0937353 0.0285558 0.0465368 0.0609152 0.11154 0.0543028 0.00173691 -0.00526372 0.101559
internal_weight=768.98 483.138 101.778 381.36 285.842 221.62 137.116 110.099 72.2023 16.2936 64.2221 42.5026 21.7194 6.7072 4.70489 15.0122 12.1803 9.75585 64.9966 33.2844 25.5595 23.333 31.7123 18.0423 13.7515 8.34829 24.7731 27.0172 84.5036 21.4219
internal_count=1669108 1409137 150124 1259013 259971 228252 99852 79618 66826 11471 31719 21145 10574 3046 2329 7528 8052 6530 36924 26329 15503 14873 10595 6146 4386 5237 7017 20234 128400 13161
is_linear=0
shrinkage=0.03


Tree=24
num_leaves=31
num_cat=0
split_feature=111 75 84 75 122 122 70 71 77 82 122 79 107 101 50 80 60 97 78 70 54 79 122 94 79 73 70 1 94 42
split_gain=297.376 128.903 78.2333 51.1743 50.5363 37.1796 38.4598 60.6602 36.6683 31.8121 29.1928 24.9695 23.4519 22.7828 25.2571 21.2614 25.5028 24.8931 21.1563 20.5771 20.155 22.153 19.5733 18.757 21.4466 23.2345 21.0955 18.5274 17.3795 16.7619
threshold=9.9590346966929973e-05 202.50000000000003 0.10448844312544679 103.50000000000001 1328.5000000000002 211.50000000000003 30.500000000000004 9.5000000000000018 18.500000000000004 0.21744726092552183 1547.0000000000002 1.0000000180025095e-35 0.00038863027674551149 0.0039246491998213276 1174.5000000000002 910.5490609136898 561.9736600727415 0.19991843393148453 28.500000000000004 205.50000000000003 48.500000000000007 -127.49999999999997 1179.5000000000002 3.0100813364941832 1670.8500000000004 1.5000000000000002 12.500000000000002 128.50000000000003 3.0100813364941832 26.500000000000004
decision_type=2 2 8 2 10 10 2 2 2 10 8 2 2 10 2 2 2 10 2 2 2 2 8 8 2 2 2 2 10 2
left_child=1 4 3 -2 11 15 7 23 -6 12 -3 -1 -8 -9 27 16 29 -17 -18 -14 -19 -22 -5 -7 25 -25 -27 -15 -13 -4
right_child=2 10 5 22 8 6 9 13 -10 -11 -12 28 19 14 -16 17 18 20 -20 -21 21 -23 -24 24 -26 26 -28 -29 -30 -31
leaf_value=0.055367735520315202 0.058774872474867387 0.03276989758638213 -0.014455505479318422 0.023654735353462387 -0.019091729283635655 -0.0037384555499289655 0.019777522103613013 -0.013338393212146847 0.045589728398211724 0.015738908455444407 -0.024481327325136651 -0.0027889763049618833 0.11273719106357596 -0.0011654166303268771 -0.0098499037545042006 -0.0032830856496181469 0.096703560217078266 -0.007744344940131616 -0.0068402163371357435 0.022298393329586341 -0.0073280713788446633 0.097964258397190071 -0.0094558770103259689 -0.0046740928871165065 -0.0016323471640407687 0.07721109563308827 -0.0054759060999756502 0.058125547806039922 0.031244479410998654 0.034586148351296961
leaf_weight=18.531944459013175 8.1681704428046924 4.0760727022425272 8.4665340688952728 14.508144336985422 44.453712648595683 4.0925328390731011 7.6115236641780966 23.533579044480575 4.5236434007238122 11.296351098746525 320.66410677481326 24.72086290732841 15.56160876672948 6.3654318652988939 11.25423605594551 51.063256982743042 3.2825457203434771 3.0847171240311573 1.4692644800816195 5.8366560208378351 1.6091802881564947 1.3287452264048623 88.307053465163335 3.2855023440206415 4.5015839450352351 32.684209187398665 2.3111247461347366 11.63130354444729 22.896809372294229 7.5243800967291454
leaf_count=15471 4941 3439 7207 3905 117957 1305 3006 13326 6663 2434 1140971 23041 4531 1508 3593 82456 1188 6067 965 1093 1254 1178 177061 3653 3536 12450 556 2472 19047 3208
internal_value=0.00237752 -0.0136976 0.0237672 0.00304455 0.0131666 0.0340217 0.0431809 0.0305193 -0.00944797 0.0676643 -0.0232767 0.0293978 0.0825975 0.00714314 0.023163 0.0159376 0.0386597 0.00523286 0.0775959 0.0969646 0.0461729 0.0720035 -0.00390335 0.0536169 0.0589206 0.0654072 0.0717485 0.0414606 0.0149898 0.0113623
internal_weight=768.645 439.867 328.778 110.983 115.127 217.794 139.966 99.6595 48.9774 40.3061 324.74 66.1496 29.0098 52.7846 29.251 77.8286 20.7427 57.0859 4.75181 21.3983 6.02264 2.93793 102.815 46.875 42.7824 38.2808 34.9953 17.9967 47.6177 15.9909
internal_count=1669482 1326589 342893 185907 182179 156986 53463 42399 124620 11064 1144410 57559 8630 20899 7573 103523 12568 90955 2153 5624 8499 2432 180966 21500 20195 16659 13006 3980 42088 10415
is_linear=0
shrinkage=0.03


Tree=25
num_leaves=31
num_cat=0
split_feature=111 75 122 122 64 75 51 86 93 31 87 84 48 69 118 74 69 71 70 98 121 118 95 58 59 83 100 75 54 121
split_gain=272.709 119.323 68.4941 52.1138 47.0913 38.8219 67.3407 31.2993 30.5425 28.6422 28.1282 26.2448 26.1893 23.3302 23.2798 29.7975 38.4013 24.3806 32.6107 30.0952 30.5724 25.0678 25.7413 24.3085 23.6864 34.7462 23.4986 22.3659 21.6184 22.0274
threshold=9.0678226868364442e-05 200.50000000000003 12467.500000000002 5353.5000000000009 71.500000000000014 216.50000000000003 212.50000000000003 0.066572371522866589 5.4669629344399899 7.5000000000000009 0.16230684765830142 0.36390954849372709 1.5000000000000002 22.500000000000004 -1.0600748487254656 1.5000000000000002 1.5000000000000002 10.500000000000002 4.5000000000000009 0.018407166800690301 5.5000000000000009 -0.55396601039676552 0.67022088679551739 7444.4000000000015 2686.0973669575183 0.24352889941039846 0.014939322081182873 26.500000000000004 47.500000000000007 1.5000000000000002
decision_type=2 2 8 10 2 2 2 10 8 2 10 10 2 2 8 2 2 2 2 10 2 10 10 2 2 8 10 2 2 2
left_child=1 3 14 7 5 6 -4 -1 9 27 13 -7 -8 -6 15 16 -2 21 -19 -20 23 -16 26 24 -21 -26 28 -9 -23 -30
right_child=2 -3 4 -5 10 11 12 8 -10 -11 -12 -13 -14 -15 17 -17 -18 18 19 20 -22 22 -24 -25 25 -27 -28 -29 29 -31
leaf_value=0.012661707953478736 0.010248301833746457 -0.023218833626277153 -0.00535277945677209 -0.017406618728581388 0.0023074589146660908 -0.0089864392702855983 0.108306373737967 -0.0064281189951984246 -0.0057619575378445708 -0.0065232696098407135 -0.0071219744521975733 0.046510113981170012 -0.0039195390777256901 0.097183431134932302 0.0017403254356539658 -0.01047997598105363 0.11161212091931312 -0.014182652994787753 -0.0025276537772361491 0.020082209389526873 0.012579145502801198 0.035673173335412159 0.016169879933847279 0.0020042715085523966 0.10852899630781919 -0.0083503733289598536 -0.00319191730310471 0.10027777286116928 -0.0058824461697647139 0.1049432324875007
leaf_weight=60.328620985470479 6.1614691384311318 313.11329295279575 15.634689780563351 33.086742265062639 3.352449505182447 119.0981588360446 4.7560959041293236 1.3601976381323755 4.8903184087830622 2.6620512617810155 4.1694671817240296 3.2331759933149433 1.8963840053474994 5.1400305801944342 11.927008133381603 2.6465081920905495 7.2702666127297562 19.365440136840334 23.185761622065911 9.8729868915397727 29.995107739930972 20.503185283072526 19.604573602991877 6.1858073032635721 9.9199588298506534 1.9041984680516186 3.9174981706601093 9.2710939967946597 1.2080234379682213 13.41357664647512
leaf_count=60421 4715 1133435 10902 95994 3448 258869 4446 1166 4745 2888 3796 5591 1827 4023 5986 1025 2361 8779 9922 1772 7348 9973 10489 2165 2554 415 1497 6120 346 2905
internal_value=0.00219857 -0.0138204 0.0218703 0.0124137 0.00694046 0.0012491 0.0336848 0.0252704 0.0553502 0.073262 0.0531884 -0.00575094 0.0883603 0.0744649 0.0339145 0.0665976 0.0805077 0.0290369 0.0180794 0.0261627 0.036943 0.0424021 0.0498851 0.0572545 0.0696808 0.0928186 0.0630571 0.0889363 0.0699229 0.0966212
internal_weight=769.074 424.712 344.362 111.599 157.28 144.619 22.2872 78.5123 18.1837 13.2933 12.6619 122.331 6.65248 8.49248 187.081 16.0782 13.4317 171.003 100.429 81.0638 57.8781 70.5739 58.6469 27.883 21.6971 11.8242 39.0423 10.6313 35.1248 14.6216
internal_count=1669923 1304769 365154 171334 292902 281635 17175 75340 14919 10174 11267 264460 6273 7471 72252 8101 7076 64151 32955 24176 14254 31196 25210 6906 4741 2969 14721 7286 13224 3251
is_linear=0
shrinkage=0.03


Tree=26
num_leaves=31
num_cat=0
split_feature=111 75 84 76 69 122 122 72 65 80 108 101 122 122 73 79 90 76 40 45 70 122 64 109 77 59 74 55 73 76
split_gain=267.699 107.64 59.4401 45.9042 43.1881 35.9986 32.378 31.297 44.2389 38.4907 28.4793 29.4798 27.6125 27.1145 24.6922 53.843 37.5517 38.805 28.5124 37.206 26.1394 27.7529 23.0336 26.9865 22.716 29.896 21.6975 21.156 20.3874 19.6601
threshold=9.0678226868364442e-05 202.50000000000003 0.10525645152636945 817.50000000000011 5.5000000000000009 5353.5000000000009 4342.5000000000009 5.5000000000000009 40.500000000000007 1048.070159686368 0.00034843248084794303 0.0041679074846138588 1547.0000000000002 1547.0000000000002 83.500000000000014 -1436.9499999999996 1.1494533659488524 3296.5000000000005 209.50000000000003 34.500000000000007 1.5000000000000002 211.50000000000003 207.50000000000003 0.00041204840081461716 100.50000000000001 1132.7574246567622 1.5000000000000002 289.50000000000006 1653.0000000000002 17627.000000000004
decision_type=2 2 8 2 2 10 8 2 2 2 2 10 8 10 2 2 10 2 2 2 2 8 2 2 2 2 2 2 2 2
left_child=1 5 3 -2 7 -1 -5 8 9 -4 -10 -12 -3 -11 15 -6 17 -17 29 22 -19 -22 23 -20 -15 -26 27 -23 -21 -16
right_child=2 12 4 6 14 -7 -8 -9 10 13 11 -13 -14 24 18 16 -18 20 19 28 21 26 -24 -25 25 -27 -28 -29 -30 -31
leaf_value=0.020522745676408279 0.040320779282391472 0.032956458738670057 0.042439622941304142 0.021337063416417754 -0.0087978134407658629 -0.014841691544887091 -0.015314005652558456 -0.0057044347794982025 -0.0014834981827030417 -0.014513361040028719 0.10203540101108716 0.0017021188154542496 -0.024489977414128648 -0.012659914823561715 0.042497982995924562 -0.00065912943486555475 0.0062877026386855203 0.0033927802884071837 -0.0054127594868596841 -0.0082291533017144567 -0.001876428574575303 0.14339124833245773 -0.0057258731259370987 0.13042967976688205 0.085869933361468254 -0.0049016364170259971 -0.0039234980626614768 -0.0035874490418547496 0.04806857183963064 0.0032585939422147534
leaf_weight=82.792524026153842 19.702358823094983 3.5739015755243599 22.683758715167642 25.308031007705722 6.1777246053097761 32.580213267472573 72.545468632597476 36.758781371609075 4.446808235486972 37.2597783615347 8.6203265201474988 3.4811900533677536 299.45459132807446 5.368886717973508 11.896106325206345 3.146378676814499 5.7364530024351543 2.1681352382875074 1.0873132234555694 9.9668931833293737 1.3870442237821405 12.796035762527021 1.1658648695156442 4.1525004554714542 3.2831298311066348 4.5512259896786418 0.74919964603032063 0.67465264126076441 5.7184301665693047 38.910997937753564
leaf_count=84166 14142 3176 12341 11651 1170 96210 174631 36004 4590 50964 5345 1212 1121349 7306 2377 1495 5088 885 242 2842 204 4433 408 1172 2892 4324 559 379 1422 16515
internal_value=0.00211611 -0.0140045 0.0213269 0.00371399 0.029978 0.0103345 -0.00525842 0.0170912 0.0262413 0.0140088 0.0645144 0.0821092 -0.0232885 -0.00144503 0.0439226 0.0656792 0.0816022 0.0970566 0.030536 0.0560171 0.110701 0.121168 0.0986792 0.113362 0.0292907 0.0517716 0.130536 0.137052 0.0189533 0.0154306
internal_weight=768.145 418.401 349.743 117.556 232.188 115.373 97.8535 126.454 89.6951 73.1468 16.5483 12.1015 303.028 50.463 105.734 32.8356 26.6579 20.9214 72.8981 22.091 17.7751 15.6069 6.40568 5.23981 13.2032 7.83436 14.2199 13.4707 15.6853 50.8071
internal_count=1669494 1304901 364593 200424 164169 180376 186282 124978 88974 77827 11147 6557 1124525 65486 39191 14213 13043 7955 24978 6086 6460 5575 1822 1414 14522 7216 5371 4812 4264 18892
is_linear=0
shrinkage=0.03


Tree=27
num_leaves=31
num_cat=0
split_feature=109 90 76 122 122 57 78 69 105 122 57 122 80 117 89 67 83 64 113 60 85 31 97 105 115 121 90 122 122 28
split_gain=243.867 87.1612 82.8474 46.6302 37.3784 36.3422 25.9043 41.8535 57.9757 33.6645 33.6246 24.8196 23.8457 24.4795 23.6276 22.7641 22.4174 22.2984 23.9052 21.9575 20.6352 22.6919 24.1257 20.5023 19.8256 19.6215 23.9656 19.3254 18.7353 17.4091
threshold=9.178754275057458e-05 1.0675277777777781 726.50000000000011 15239.000000000002 1328.5000000000002 308.05000000000013 28.500000000000004 6.5000000000000009 0.086953040693424313 6346.5000000000009 458.35000000000008 455.50000000000006 21223.738697457029 0.31522998602138347 3.3630604288499026 8.5000000000000018 0.21054305611356638 69.500000000000014 4.1694921265427736 131712.39730931612 0.57148680915497063 6.5000000000000009 0.11759130192361307 0.12393037372924744 2.9556120774532331 3.5000000000000004 -2.4109903381642508 4342.5000000000009 1039.5000000000002 2.5000000000000004
decision_type=2 10 2 8 10 2 2 2 8 10 2 8 2 8 8 2 10 2 10 2 8 2 10 10 10 2 10 8 8 2
left_child=2 6 4 5 20 14 9 27 10 -2 11 -9 13 25 -3 -4 19 18 -5 24 21 22 29 -6 -13 -10 -27 -8 -7 -1
right_child=1 3 15 17 23 28 7 8 12 -11 -12 16 -14 -15 -16 -17 -18 -19 -20 -21 -22 -23 -24 -25 -26 26 -28 -29 -30 -31
leaf_value=0.10074176755909632 0.070152491742626819 0.069711792083485422 -0.025550304920749264 -0.017795808607099631 -0.020180188275946326 0.032458555383350414 0.023340681800268128 0.014326140713806388 0.0080062793405890811 -0.012707325535341554 0.025851893540293821 0.1313708257333189 -0.010430202010897784 -0.0086831489699970687 -0.0060568563249380498 0.010352783592700218 0.016879965192713453 0.035360617065531341 0.033022466532625631 -0.0047300413567853295 0.011500685940575021 -0.010379147758976253 -0.008412325486479702 0.035198329394935286 0.0027793397065376917 -0.0017198713201789721 0.074319268652622658 -0.00046378950299750654 -0.0120934074995973 -0.0052877663069733332
leaf_weight=4.8631707472377439 20.727743652358189 12.144604121276641 257.44282561578439 95.631484392302809 37.721568136272253 7.4756630595074967 59.857109628122998 5.7654511312721297 13.054743807268098 3.6651991294347672 21.228585805278271 11.512781091034414 17.813279199326644 10.261285789543761 3.7668192097044075 14.324142573430434 4.5736644009302827 4.1768505739746606 4.5178077914169981 0.9272627819154885 49.144846276351018 2.6355861305491999 1.9413646476168649 2.3613113854953545 1.3892148497689056 4.4799614136572954 12.197669977322219 57.908347388787661 21.747798826603688 1.0656423558248205
leaf_count=2495 13801 16341 981878 261784 101196 2854 12339 610 6573 4562 11467 3721 7793 2864 6484 42062 2452 4284 9716 351 37821 1838 1125 4819 436 566 1971 99339 26989 532
internal_value=0.00230499 0.0186075 -0.0150381 0.000463118 0.00805468 0.0244052 0.0294301 0.0251071 0.0387122 0.0576585 0.0625615 0.084847 0.0164934 0.0283117 0.0546152 -0.0235051 0.0991595 -0.0105374 -0.0140421 0.114663 0.0223759 0.0531361 0.0701751 -0.0133759 0.122168 0.0404915 0.0582081 0.0120932 0.00238053 0.0879839
internal_weight=766.324 394.823 371.5 149.461 99.7335 45.1349 245.362 220.969 103.204 24.3929 45.397 24.1684 57.8069 39.9937 15.9114 271.767 18.4029 104.326 100.149 13.8293 59.6506 10.5058 7.87018 40.0829 12.902 29.7324 16.6776 117.765 29.2235 5.92881
internal_count=1671063 497297 1173766 328452 149826 52668 168845 150482 38804 18363 19037 7570 19767 11974 22825 1023940 6960 275784 271500 4508 43811 5990 4152 106015 4157 9110 2537 111678 29843 3027
is_linear=0
shrinkage=0.03


Tree=28
num_leaves=31
num_cat=0
split_feature=109 75 121 75 51 70 95 113 92 121 93 111 80 103 67 49 115 118 95 86 82 73 63 65 95 53 107 94 118 71
split_gain=239.194 86.6401 69.3883 43.8064 47.1325 32.3245 30.136 26.1666 25.0143 23.0593 21.9516 19.0548 19.9943 20.2937 18.8719 18.7156 16.9144 16.4911 27.8995 31.4972 26.8527 18.0491 36.775 21.3117 32.038 24.7734 26.6761 22.7808 25.8862 22.723
threshold=9.3883686375572395e-05 200.50000000000003 1.0000000180025095e-35 200.50000000000003 212.50000000000003 2.5000000000000004 0.55264648030041141 0.79596729876015349 6.3896520362470621 1.5000000000000002 5.5859646416371769 0.00036159318224715953 26291.351478363253 0.063663036154443201 8.5000000000000018 1.0000000180025095e-35 4.2263211382113832 -0.84573872716602605 0.59461723029562241 0.16673777019340161 0.35900259798938222 1557.0000000000002 131.50000000000003 85.500000000000014 0.60526841474441206 33.500000000000007 0.0010019054574588605 5.7171422065602018 -0.62181183269648999 24.500000000000004
decision_type=2 2 2 2 2 2 8 10 10 2 10 2 2 10 2 2 8 10 8 8 8 2 2 2 10 2 2 10 8 2
left_child=1 9 3 4 -2 -5 7 -7 17 -1 11 -9 13 15 -3 -13 -6 18 -4 -20 -21 22 23 25 -25 27 -27 28 -19 -28
right_child=2 14 8 5 16 6 -8 10 -10 -11 -12 12 -14 -15 -16 -17 -18 21 19 20 -22 -23 -24 24 -26 26 29 -29 -30 -31
leaf_value=0.016497274405309591 0.0041046435823948318 -0.02655187190501138 0.0078173340856245634 -0.018968913189196312 0.099246308749182513 -0.0082722594172804434 -0.003204421853905003 0.0055287711280818577 -0.016171982526352335 -0.01184989130164198 -0.0080304157767625405 0.1245475087290675 -0.0060447259829001492 -0.0051465221606935216 0.0064687020920668669 -0.0041148944223113916 -0.0052717741860768786 -0.010201362516672361 -0.005910653413805941 0.098987086969819379 0.0091440784276337912 0.063089081532603619 -0.00065652358030620901 0.07566346406274603 0.0053427088625511519 -0.018628188686876389 -0.0037405563217008343 -0.0029577113560575997 0.044290300597664659 0.062296048138520438
leaf_weight=71.690206217841478 16.05534349556547 246.73345872745267 11.582390247232977 62.923131253977772 4.7415664682630441 7.4157135957502787 57.649057718663244 4.283818141469963 8.0016626065480505 34.635959196806652 3.1900768290797705 4.3156592966406606 1.2595605788519604 1.0340411414508706 14.737002445734104 0.79256082259234961 1.0616405819309873 7.0460584084503353 3.7124898837355458 12.413803577452201 4.943125243735266 7.5198555366368955 46.61669544284814 15.096800735133003 9.354302652704062 21.019670597655931 8.6034738232556247 13.78915337732178 58.993415529344929 4.0867482574249143
leaf_count=76173 6233 975641 6771 189114 1963 13885 119972 8374 14357 85044 6265 4082 1264 1302 42925 505 507 4947 6799 7091 4241 1408 15095 3806 3751 15497 2740 14111 35095 1183
internal_value=0.00187428 -0.015453 0.0178995 0.0028427 0.0380245 -0.003644 0.00882516 0.0348229 0.0282703 0.00714565 0.0529829 0.0670542 0.0860773 0.0992036 -0.0246043 0.112424 0.0865353 0.0301699 0.0502711 0.0676335 0.0811678 0.0255652 0.0224133 0.0299574 0.0542351 0.0226619 0.000787515 0.0313082 0.0381675 0.0291225
internal_weight=765.298 367.797 397.502 164.722 21.8586 142.864 79.9405 22.2914 232.78 106.326 14.8757 11.6856 7.40182 6.14226 261.47 5.10822 5.80321 224.778 32.6518 21.0694 17.3569 192.126 184.606 137.99 24.4511 113.539 33.7099 79.8286 66.0395 12.6902
internal_count=1670141 1179783 490358 353466 8703 344763 155649 35677 136892 161217 21792 15527 7153 5889 1018566 4587 2470 122535 24902 18131 11332 97633 96225 81130 7557 73573 19420 54153 40042 3923
is_linear=0
shrinkage=0.03


Tree=29
num_leaves=31
num_cat=0
split_feature=111 75 99 122 122 75 60 122 122 109 35 27 93 78 97 74 95 78 122 96 118 111 96 69 121 103 122 79 90 79
split_gain=225.044 102.945 49.9237 43.6496 32.7678 32.4007 44.8947 59.9188 40.8432 37.4623 31.6331 40.0901 30.8945 33.0156 26.8905 24.1155 22.1647 22.0803 18.0126 17.6278 19.0007 17.1602 16.9739 16.5649 28.7535 24.4092 18.5479 18.4416 25.919 15.8275
threshold=9.9590346966929973e-05 202.50000000000003 0.037030746779388092 1547.0000000000002 5353.5000000000009 206.50000000000003 639.46583488176077 2392.5000000000005 8888.0000000000018 0.0010523136196760323 12958.72910007294 224.50000000000003 5.5553056661305371 25.500000000000004 0.18162639048715001 9.5000000000000018 0.57146697388632883 6.5000000000000009 653.00000000000011 0.043545984017337135 -0.11530175848567968 0.00036159318224715953 0.026794918998527248 1.5000000000000002 8.5000000000000018 0.0093610382713180899 401.50000000000006 1612.8500000000001 -1.293810348446683 -5.3000000000000016
decision_type=2 2 10 8 10 2 2 8 10 2 2 2 8 2 10 2 8 2 10 8 10 2 10 2 2 10 8 2 10 2
left_child=1 4 5 -3 29 6 21 -8 12 14 11 -11 13 17 18 16 -13 -9 -7 20 -20 -2 -19 -4 25 26 -25 28 -27 -1
right_child=2 3 23 -5 -6 9 7 8 -10 10 -12 15 -14 -15 -16 -17 -18 22 19 -21 -22 -23 -24 24 -26 27 -28 -29 -30 -31
leaf_value=0.044443035152416141 -0.014922668443161397 0.044527340967851818 0.013851900149275303 -0.023610116725080604 -0.013785982139425373 -0.0097735644955519781 -0.014468932605610755 -0.0033117243135397825 -0.0090562220288641481 0.017618427262601613 -0.0080156123490462902 0.11475431485269556 -0.0028807353183508467 0.0041540137268352359 0.033737980132546252 -0.0031402373307882836 0.020677816500289062 0.16632115089456015 0.019180535648331293 0.04639605480378281 -0.011068439806364055 0.033764679792058619 0.0015659658753891168 -0.0049797125874386037 -0.00043045762373732061 0.00070443937520818154 0.10778304579784892 -0.002140937605139961 0.066087584772329566 0.012456796293789376
leaf_weight=14.730167556757804 12.828997334378075 4.2536703399091493 18.876288615079829 285.73872872098582 31.984429749980336 95.380233526986558 4.5590197950368747 0.61780662942328479 2.1578047494404009 38.909541069209808 15.393540171149651 5.9682660669204752 1.6318559733917943 2.0205304631672334 17.048468977009179 2.7814892480382687 6.2183897038048608 5.2322958730801474 30.883375832432648 5.198288338026031 34.293948186386842 5.322025907225906 0.69686904840636987 0.98087264830246568 8.0614529561134969 7.5814446792646786 8.472029693628425 7.8459673975594333 15.519691228546439 73.340201225684723
leaf_count=10864 8871 3412 18030 1140633 97140 176280 1078 331 2504 25139 13258 2258 1160 1247 11988 889 4493 2099 24185 3497 29604 1416 229 129 1381 1592 3474 3356 4560 74348
internal_value=0.00275828 -0.0123106 0.020118 -0.0218729 0.0107383 0.0141958 0.0394725 0.0684011 0.0943357 0.0099801 0.0279562 0.0380417 0.111993 0.126871 0.00260536 0.0734265 0.0867317 0.146546 -0.00149086 0.0096384 0.00360999 0.00356199 0.156532 0.042645 0.0515158 0.060787 0.0984075 0.0372063 0.0485731 0.0199068
internal_weight=764.528 410.047 354.48 289.992 120.055 287.143 35.0672 16.9162 12.3572 252.076 69.2712 53.8777 10.1994 8.5675 182.804 14.9681 12.1867 6.54697 165.756 70.3756 65.1773 18.151 5.92916 67.3377 48.4615 40.4 9.4529 30.9471 23.1011 88.0704
internal_count=1669445 1326397 343048 1144045 182352 310526 18935 8648 7570 291591 46037 32779 5066 3906 245554 7640 6751 2659 233566 57286 53789 10287 2328 32522 14492 13111 3603 9508 6152 85212
is_linear=0
shrinkage=0.03


Tree=30
num_leaves=31
num_cat=0
split_feature=109 75 122 80 60 122 99 71 118 70 70 93 51 48 60 109 79 102 83 77 62 72 34 57 115 118 70 97 94 77
split_gain=199.03 97.708 81.1903 61.1926 43.986 43.6811 33.6304 32.2151 35.4561 33.2623 31.8522 30.8528 29.5896 32.5675 27.3448 24.2905 24.241 28.755 24.6537 23.6541 22.6189 23.7759 19.6665 24.2823 19.2837 17.9578 17.5345 17.0469 16.5971 15.988
threshold=9.8040865836300487e-05 200.50000000000003 15239.000000000002 865.82514990430934 799.50076379779591 2822.5000000000005 0.020005589714924544 9.5000000000000018 -0.60732641758586492 26.500000000000004 2.5000000000000004 5.7915631637154821 198.50000000000003 1.5000000000000002 14910.57303616348 0.00044805268669809037 2505.9500000000007 0.014297070179423122 0.23685382199934388 19.500000000000004 47.500000000000007 19.500000000000004 11.059422009818039 48.149999999999984 3.8251846193022669 2.1387774845671097 1.0000000180025095e-35 0.16670135997779631 3.0603363735616527 190.50000000000003
decision_type=2 2 8 2 2 10 10 2 8 2 2 10 2 2 2 2 2 8 10 2 2 2 2 2 8 8 2 8 10 2
left_child=1 5 7 4 6 22 -4 11 14 -10 -5 -2 -6 15 -9 24 17 18 -12 -7 -11 -22 -1 25 -14 26 27 28 -24 -3
right_child=2 29 3 10 12 19 -8 8 9 20 16 -13 13 -15 -16 -17 -18 -19 -20 -21 21 -23 23 -25 -26 -27 -28 -29 -30 -31
leaf_value=0.010284646664702328 0.048004126520564218 -0.025678348081845125 -0.0076043767155704479 -0.022323986189508635 -0.0093418130733739207 -0.023142151826513972 0.049084257877630169 0.01433842634873375 -0.0056463714605937765 0.074059162263569692 0.055201777565082912 -0.0066600194107384421 0.13539439548304769 -0.0079823305315325065 0.080527068682509542 -0.0052250398071427197 -0.012344959630012368 -0.005986450457516162 -0.013252982522120817 0.035402220929186705 -0.016924908836987971 0.028268587579502343 -0.0056198848712984677 -0.0072710193980967588 -0.003705229695488537 -0.0089075261437450565 -0.0076336400359554102 -0.0036844286301321244 0.091173753974030672 0.00072305782804478458
leaf_weight=48.550063556409441 83.908801870944444 230.61233185522724 27.053847400908126 65.248270073992899 2.2501634891377753 34.314821049803868 8.6439893070782983 14.497080037341222 57.162446097616339 3.3451380535552735 16.121858710583187 9.1125428522645944 4.6059524039446824 1.8045452791557179 8.2766759204387181 1.0484833961236288 32.347936302860035 18.716928610330797 3.9516400899738064 2.7970133465714744 10.812958845286628 31.797554010961903 1.149122029484716 5.5459739780635564 0.70178928712266486 2.1045864061452511 1.7003571408276901 1.8338743964850444 11.331554084783418 22.330324742390076
leaf_count=40819 41536 954031 27289 197391 1414 101454 5299 4950 21782 811 34836 11683 2844 1406 2680 550 70570 34980 6562 4491 3404 6856 841 5105 563 1453 1108 1015 6561 75308
internal_value=0.00275132 -0.0132743 0.0171998 0.00228187 0.0303621 0.0101035 0.0104663 0.0293074 0.0182465 0.00961563 -0.00794935 0.0425826 0.0730531 0.0906897 0.0485598 0.109884 0.00583529 0.0206746 0.0417703 -0.0150504 0.0272907 0.0162271 0.0231677 0.0431934 0.124127 0.0568715 0.0655784 0.0739998 0.0832034 -0.0233787
internal_weight=763.679 362.27 401.409 182.495 46.1088 109.327 35.6978 218.913 125.892 103.118 136.387 93.0213 10.4109 8.16077 22.7738 6.35623 71.1384 38.7904 20.0735 37.1118 45.9557 42.6105 72.2155 23.6655 5.30774 18.1195 16.0149 14.3146 12.4807 252.943
internal_count=1669592 1192186 477406 383704 39365 162847 32588 93702 40483 32853 344339 53219 6777 5363 7630 3957 146948 76378 41398 105945 11071 10260 56902 16083 3407 10978 9525 8417 7402 1029339
is_linear=0
shrinkage=0.03


Tree=31
num_leaves=31
num_cat=0
split_feature=109 76 84 79 67 122 64 122 71 70 82 58 94 76 93 115 118 122 69 90 84 118 54 76 103 71 71 35 45 105
split_gain=196.363 70.5792 60.5079 35.9653 34.8868 34.6325 29.9297 28.5634 28.1323 52.7062 31.3483 29.6648 28.9528 27.8338 26.8326 24.6895 24.6856 22.6659 21.5571 29.6296 22.8981 21.3845 20.3638 20.2585 20.1017 20.4478 20.8109 19.464 17.651 17.2925
threshold=9.8040865836300487e-05 588.50000000000011 0.085867146036637573 112.85000000000001 8.5000000000000018 2822.5000000000005 2.5000000000000004 337.50000000000006 9.5000000000000018 30.500000000000004 0.22816373569641907 7782.2500000000009 5.761262800493328 687.50000000000011 3.7599585709445105 0.31723223753976676 -0.57981732574720346 981.50000000000011 1.0000000180025095e-35 -0.70834917617237003 0.20456917821218451 -1.1043448899260342 60.500000000000007 267.50000000000006 0.028991170108196431 6.5000000000000009 19.500000000000004 -46763.086308446676 37.500000000000007 0.014499761724553585
decision_type=2 2 8 2 2 10 2 10 2 2 10 2 10 2 10 8 10 8 2 10 10 10 2 2 8 2 2 2 2 10
left_child=1 5 3 6 -3 21 -2 13 12 -10 11 -11 14 23 -9 -16 -13 -5 -15 -20 24 -1 -22 -4 25 -21 -27 -28 29 -24
right_child=2 4 7 17 -6 -7 -8 8 9 10 -12 16 -14 18 15 -17 -18 -19 19 20 22 -23 28 -25 -26 26 27 -29 -30 -31
leaf_value=0.0052636894089112358 0.043089107417176552 -0.024826921654749392 -0.006407326433156983 0.033198726548371797 0.017825518132513627 -0.01733011216033923 -0.01627998487113777 0.006980067259127286 0.00099774776298303439 0.074372313291761957 -0.00188150714119605 0.055176605588280338 -0.0011163525295552344 -0.012686496886392777 0.011162765948259329 0.074097654347581032 -0.010050279830628631 -0.015139087596150791 -0.018272682304785775 -0.015019977913741645 -0.007923739508538568 0.039293135361619179 -0.0064195279893145786 0.064015385493528101 -0.010562840742692854 0.07530814657511406 0.04271255488857946 -0.016072739168827233 -0.0076714227019720072 0.085726218648932817
leaf_weight=44.270717395003885 19.163647441921061 243.96694925495831 3.87474913871847 4.957063180510886 15.068014732009031 30.489592555444688 8.0128168736118806 10.309598624342469 59.303542957524769 21.031628954020562 10.834222725854486 3.0887569541227959 9.4948288990271958 34.786075995638384 8.8158803678670647 35.503059267997742 11.400361837062521 85.700427430259879 15.187292870134113 4.9825490614603067 3.1300036526808972 23.543239373597316 1.3525025923154306 8.6978369910793827 19.581815482102684 4.397444097645347 3.6510292644816182 7.8871680981101253 1.7043160262692243 8.7176848478557059
leaf_count=36397 14441 1007889 1131 1881 44504 90120 6624 3193 25434 3665 2371 1257 8747 81880 7566 13590 5346 222326 9590 9280 4691 13164 1019 2746 26619 6529 1461 10815 700 3790
internal_value=0.00215321 -0.0139579 0.0163456 -0.00173583 -0.0220553 0.00741369 0.0257748 0.0236536 0.0314562 0.0203498 0.0426 0.0547254 0.0469608 0.0115999 0.0547098 0.0639796 0.014443 -0.0108989 0.00549204 0.0146966 0.0244985 0.0189648 0.0512112 0.0466641 0.0101206 0.0277852 0.0415597 0.00981821 0.0646072 0.0753265
internal_weight=762.905 357.339 405.566 117.834 259.035 98.3035 27.1765 287.732 169.782 105.659 46.355 35.5207 64.1234 117.95 54.6285 44.3189 14.4891 90.6575 105.378 70.5918 55.4045 67.814 14.9045 12.5726 40.5 20.9182 15.9356 11.5382 11.7745 10.0702
internal_count=1668766 1192074 476692 245272 1052393 139681 21065 231420 71169 38073 12639 10268 33096 160251 24349 21156 6603 224207 156374 74494 64904 49561 10200 3877 54704 28085 18805 12276 5509 4809
is_linear=0
shrinkage=0.03


Tree=32
num_leaves=31
num_cat=0
split_feature=111 76 122 75 71 77 122 95 65 78 112 67 63 71 85 113 79 78 92 94 108 75 101 83 78 41 108 65 52 67
split_gain=176.407 101.093 39.918 40.0375 33.8567 32.8268 38.2191 34.5549 26.9583 32.1192 26.4887 23.6678 27.0022 21.8301 19.8306 19.37 19.8314 18.9067 18.7083 21.5279 22.7051 22.0689 18.6102 19.843 18.3807 17.3193 17.068 17.5059 16.8154 16.7098
threshold=9.2946819607040698e-05 863.50000000000011 211.50000000000003 214.50000000000003 1.5000000000000002 18.500000000000004 1328.5000000000002 0.82618901816697299 43.500000000000007 326.50000000000006 0.86669155085946181 87.500000000000014 538.50000000000011 86.500000000000014 0.75759582580774643 0.9359712740536642 -328.64999999999981 35.500000000000007 5.5980542156843383 7.2239635228036025 3.5941512489397091e-05 83.500000000000014 0.040875999522616065 0.22034008665499791 1.5000000000000002 18.500000000000004 1.9407397281343953e-05 6.5000000000000009 15.500000000000002 8.5000000000000018
decision_type=2 2 10 2 2 2 10 8 2 2 10 2 2 2 10 10 2 2 10 10 2 2 8 10 2 2 2 2 2 2
left_child=1 5 3 4 -2 6 18 26 -5 15 22 -11 13 -13 -12 -10 -17 28 -1 20 21 24 23 -4 -20 -18 -7 -28 -6 -3
right_child=2 29 10 8 17 7 -8 -9 9 11 14 12 -14 -15 -16 16 25 -19 19 -21 -22 -23 -24 -25 -26 -27 27 -29 -30 -31
leaf_value=0.0082087286719376273 -0.00078188695005169105 -0.02446326694702939 0.016872954529611569 -0.015316591223826134 0.0062718135781529138 -0.0059579851286104997 -0.018055363017242549 -0.007166744560560461 -0.0080985465558239458 -0.017343925818919921 0.038038963162154944 -0.0079765314966752914 -0.012491626208597019 0.071393164326529979 -0.0041297473547718478 -0.0082484116507834868 0.091469731965417952 -0.0079564076795360962 -0.0038459993047160988 -0.0088870244442362505 0.0047031626779472828 -0.0056258691310388459 0.044310006777092917 -0.0096699024857632328 0.13134717749306304 -0.0060201813555851042 0.1043184068606933 -0.0050680280074375866 0.094721231191693095 0.00465394777635607
leaf_weight=57.710073391266633 12.398501784467955 249.31644816558401 70.132813339092536 68.458352389556239 3.2578585645242111 1.2375245477887773 40.167443686310435 5.4966177931346474 3.2070956742973058 28.082178587996168 102.85326682895538 3.1548336073756236 8.6375951183435955 5.3492685231904034 10.04717001285462 1.8837820844782971 5.3684466637059804 1.7933637773967337 0.73333954758709197 3.515127363440115 4.4987240816117264 1.1518187024630604 10.284261126231284 34.282346621606848 1.3208418638678265 1.2509478250867685 4.3784801630245056 1.0133047210692891 6.0490602208155906 17.499688031180995
leaf_count=45021 5921 1071377 42768 172223 1131 2268 114127 7391 3926 46318 35270 1832 5792 3387 11623 1299 5874 1480 465 3485 3915 1951 4173 12050 520 1081 5492 1219 2810 52791
internal_value=0.00180498 -0.0123127 0.0163264 0.00404699 0.0361671 0.0101194 0.00387231 0.0487847 -0.00312841 0.0115802 0.0240997 -0.00139995 0.0227383 0.0498974 0.0342703 0.047128 0.0632434 0.0648636 0.0170071 0.0457812 0.0644043 0.0942682 0.0130753 0.00811456 0.114567 0.0783834 0.0783116 0.0912136 0.0767721 -0.0225031
internal_weight=764.531 388.039 376.491 148.891 23.4988 121.223 109.097 12.1259 125.393 56.9341 227.6 45.2239 17.1417 8.5041 112.9 11.7103 8.50318 11.1003 68.9299 11.2199 7.70472 3.206 114.699 104.415 2.05418 6.61939 6.62931 5.39178 9.30692 266.816
internal_count=1668980 1310022 358958 253074 11342 185854 169484 16370 241732 69509 105884 57329 11011 5219 46893 12180 8254 5421 55357 10336 6851 2936 58991 54818 985 6955 8979 6711 3941 1124168
is_linear=0
shrinkage=0.03


Tree=33
num_leaves=31
num_cat=0
split_feature=109 75 79 122 69 105 8 122 94 78 60 53 77 57 33 73 83 77 80 121 79 122 90 90 94 109 80 67 122 8
split_gain=184.143 73.3912 54.606 50.0198 32.0549 29.1221 29.8655 27.2282 26.4442 24.1718 26.3551 27.9281 23.5297 21.9498 21.5244 21.1631 22.6349 26.1957 24.6677 22.7023 24.9088 26.0032 25.1252 29.033 21.1541 24.0414 20.476 20.1953 19.8136 22.5885
threshold=9.3883686375572395e-05 202.50000000000003 291.75000000000006 16568.500000000004 5.5000000000000009 0.10870467255998557 -6.1000000000000014 2822.5000000000005 5.3445823937499073 25.500000000000004 799.50076379779591 1.0000000180025095e-35 19.500000000000004 425.75000000000011 -83.049999999999969 2.5000000000000004 0.17398790816122844 91.500000000000014 17639.37737433736 7.5000000000000009 -10496.999999999998 1110.0000000000002 -0.76861480222496892 0.60060608286805761 7.2239635228036025 3.2313651758571613e-05 26291.351478363253 8.5000000000000018 337.50000000000006 -2.9999999999999978
decision_type=2 2 2 8 2 8 2 10 10 2 2 2 2 2 2 2 10 2 2 2 2 10 10 8 10 2 2 2 10 2
left_child=1 7 9 5 -5 6 13 8 -1 10 11 -2 -9 -4 -12 -11 17 -17 28 20 -19 22 -22 -24 25 -10 -6 -3 -18 -30
right_child=2 27 3 4 26 -7 -8 12 24 15 14 -13 -14 -15 -16 16 18 19 -20 -21 21 -23 23 -25 -26 -27 -28 -29 29 -31
leaf_value=0.0054153766349007391 0.052723503631012171 -0.025939365250275487 0.07418507149121821 -0.016125139877166711 0.031060818181516806 -0.014845317948683585 0.014298013165620937 -0.023533498828328329 0.089703345904353818 -0.018691464691626806 -0.0049982365023664337 -0.0053063091772285248 0.034978934519619691 0.0093677224852931409 0.084384940856717772 -0.010775879965863436 0.00058733795307915071 -0.010631912674149495 -0.01391844119577035 0.0031688910956626745 -0.0073468434839636422 0.015161168088957348 0.10952397537531099 -0.0012545456944506447 -0.0089819118794626611 0.0063546920273923283 -0.01634569096766211 0.0080659464702515747 0.041290439703739315 0.0020259115745672671
leaf_weight=62.653964372962946 8.0428332948358747 216.25427107556607 12.521941319151667 94.371146045334172 21.512733934010615 14.540486801590303 61.131284167349804 32.06231845250295 5.0212577964994107 8.2255863262253097 2.1798604511568564 15.565151089511344 2.847766880731796 8.6560384731710638 13.071474403448516 5.8810573063092297 30.101434749463806 2.6675891582272007 18.994367495324695 8.3786458421091066 1.5940414688229818 8.8898866256931779 12.578143951352105 2.2948663145944037 3.5538101243728297 5.7126755858189426 8.1678059797122824 14.696540851087773 41.805284890520852 19.105103115289239
leaf_count=53345 5567 966900 4808 281124 28857 6754 48443 100748 4273 12753 1012 8727 4523 4177 8594 7183 27775 506 7793 904 677 2888 4198 2194 3379 3531 13399 42791 6649 4808
internal_value=0.00205451 -0.0141502 0.015283 0.00482135 -0.00770314 0.0204542 0.0271831 0.00563841 0.0153348 0.0264726 0.0471419 0.020223 -0.0149762 0.0545417 0.0735297 0.0201958 0.0228236 0.0406444 0.0145044 0.0492497 0.060461 0.0684594 0.0869999 0.096416 0.046153 0.0614605 0.0175392 -0.0236504 0.0208522 0.0300627
internal_weight=763.079 342.803 420.277 220.901 124.052 96.8498 82.3093 111.852 76.9417 199.375 38.8593 23.608 34.9101 21.178 15.2513 160.516 152.29 42.2842 110.006 36.4032 28.0245 25.3569 16.4671 14.873 14.2877 10.7339 29.6805 230.951 91.0118 60.9104
internal_count=1669280 1179490 489790 387562 323380 64182 57428 169799 64528 102228 23900 14294 105271 8985 9606 78328 65575 18550 47025 11367 10463 9957 7069 6392 11183 7804 42256 1009691 39232 11457
is_linear=0
shrinkage=0.03


Tree=34
num_leaves=31
num_cat=0
split_feature=109 76 84 122 122 78 93 77 67 80 77 111 57 42 71 104 85 115 54 52 118 77 78 117 101 56 62 108 67 34
split_gain=155.588 85.8676 60.9956 38.2087 30.2636 28.2755 30.081 28.1773 24.5562 22.6209 24.1498 32.6686 36.0142 21.0308 31.4673 27.3028 31.7938 29.3784 22.4941 28.5711 19.5024 18.8197 25.2059 17.1915 16.0219 20.1746 28.1949 20.9049 16.0092 15.2897
threshold=9.178754275057458e-05 882.50000000000011 0.11019845954910891 4570.5000000000009 2468.5000000000005 147.50000000000003 5.4223684773904104 18.500000000000004 8.5000000000000018 276.99518406045519 4.5000000000000009 2.9218236605243556e-05 15.900000000000007 30.500000000000004 9.5000000000000018 0.0076550145326124332 0.47135405024482419 0.78892977046811985 54.500000000000007 103.50000000000001 -1.1992840747791937 1.5000000000000002 2.5000000000000004 0.99731122210751588 0.015641873650107992 1475.5000000000002 38.500000000000007 0.00056495410755275273 1.0000000180025095e-35 485.22532848519728
decision_type=2 2 8 8 10 2 8 2 2 2 2 2 2 2 2 10 10 10 2 2 8 2 2 10 10 2 2 2 2 2
left_child=1 4 3 5 9 6 -2 -6 -3 10 21 12 28 14 18 20 -17 -18 19 -4 -15 22 -1 -5 -16 26 -26 29 -12 -28
right_child=2 8 13 23 7 -7 -8 -9 -10 -11 11 -13 -14 15 24 16 17 -19 -20 -21 -22 -23 -24 -25 25 -27 27 -29 -30 -31
leaf_value=0.0077842349932131056 0.057202902221268219 -0.025793317762623703 0.028066904665772933 -0.015394451329410558 -0.023404290151685266 -0.0037287281843497778 -0.01444627404700431 0.038890654874865954 0.011323583480643443 -0.0041284441587034013 0.11616098394294805 -0.011460905503005558 -0.0064854738671509165 0.049046288858733411 -7.5326496779470347e-05 0.006749570792765394 0.0075026765108241094 0.089027169470277584 0.04968036098828104 -0.011955741278352534 -0.0086556193703052307 -0.013745811280266943 0.066941622041364668 0.010734311908022915 -0.012395460576263695 -0.013832074634794684 -0.0042827708351298246 0.017033419013476877 -0.0039475049664581228 0.1091914760902683
leaf_weight=23.562706293072555 17.655462763388641 208.59384913666872 60.387598405999597 89.319620161710191 31.337388103929698 19.949229405610822 4.6231860161060494 3.2728852009022367 14.595543570059816 25.080561758149997 5.0527241253002995 3.0713238292373708 2.6418338544608559 2.191085340367863 85.621300700280699 10.382600270211695 6.117573283059758 16.083676840673434 31.346643076612963 18.117735712046851 15.769683581602296 11.559431376663268 4.8999896202876689 25.897939875532757 5.1327341560245321 6.0432758832175741 0.82441396839567405 9.5632469168049266 0.75345347556867626 2.3196955093444558
leaf_count=24033 7640 955504 56994 231263 99573 6994 3929 4914 42096 30573 1823 1103 1260 550 66104 2509 1302 4003 12107 29150 4486 7072 3593 61743 2578 2121 410 1617 251 681
internal_value=0.00261173 -0.0126094 0.0145312 -0.00034732 0.00866795 0.0225272 0.0424119 -0.0133479 -0.0231711 0.018821 0.029366 0.0607141 0.081459 0.0230589 0.0182822 0.0402772 0.0549241 0.0720714 0.0292947 0.0186675 0.00753118 0.0146025 0.0264492 -0.00931919 0.00643806 0.0257593 0.0392628 0.0577368 0.10596 0.0950753
internal_weight=761.768 334.422 427.347 157.445 111.232 42.2279 22.2786 34.6103 223.189 76.622 51.5415 11.5193 8.44801 269.901 219.357 50.5446 32.5839 22.2013 109.852 78.5053 17.9608 40.0221 28.4627 115.218 109.505 23.8834 17.8401 12.7074 5.80618 3.14411
internal_count=1667976 1171795 496181 311569 174195 18563 11569 104487 997600 69708 39135 4437 3334 184612 171762 12850 7814 5305 98251 86144 5036 34698 27626 293006 73511 7407 5286 2708 2074 1091
is_linear=0
shrinkage=0.03


Tree=35
num_leaves=31
num_cat=0
split_feature=111 76 97 77 77 122 118 69 96 78 107 118 57 83 93 108 118 118 65 93 80 52 56 48 84 69 28 113 85 104
split_gain=160.193 78.4448 42.0863 41.2409 33.9618 31.4536 28.9059 36.2185 43.5616 30.5563 32.9061 28.0681 25.9343 31.9831 25.7686 25.0683 24.8157 23.177 22.9734 20.884 21.5243 21.7708 19.7075 24.464 19.6139 20.0546 20.2138 19.3865 19.3475 23.732
threshold=0.00022076271842032963 863.50000000000011 0.083320802005012545 132.50000000000003 18.500000000000004 4666.5000000000009 -1.0172572594786182 1.5000000000000002 0.014711894569765765 42.500000000000007 0.00038863027674551149 -2.8368884206411686 577.95000000000016 0.17244238577228801 5.4075124557754615 2.0560121344234041e-05 -0.89866167056014812 0.23219103182956113 7.5000000000000009 -3.4563509455107702 64568.288210065228 35.500000000000007 112.50000000000001 7.5000000000000009 0.10448844312544679 27.500000000000004 12.500000000000002 0.36866518194368475 0.47135405024482419 0.0077830678079040278
decision_type=2 2 10 2 2 10 8 2 10 2 2 10 2 8 8 2 10 8 2 10 2 2 2 2 10 2 2 10 10 10
left_child=1 4 -3 -4 5 -1 7 -2 11 14 -11 -9 13 16 17 -6 -5 -8 -17 -13 21 -21 -12 -24 -25 26 -26 -18 -27 -30
right_child=6 2 3 12 15 -7 9 8 -10 10 22 19 -14 -15 -16 18 27 -19 -20 20 -22 -23 23 24 25 28 -28 -29 29 -31
leaf_value=0.01134420418962343 -0.00096294100061065186 -0.022446709156938222 -0.01295929728488383 -0.0086887230254629137 -0.01126417363379661 -0.022096906568907219 0.016619004074490195 -0.0074979937339486767 0.00032270180651640179 -0.0048765748703703485 -0.0097717409713489519 -0.0052201909297676288 -0.011427927909594926 -0.010712410463700008 -0.010040934139424015 0.069157179935985039 -0.0060255535445637347 0.078098668238240451 -0.010268786930892873 -0.0043227869154131701 -0.0047556941558648536 0.13060938432752212 0.043263168717612412 -0.011889256326323039 0.029636206105674238 -9.5747756317583407e-05 -0.003295250808113629 0.096715418983754742 0.0052633206197656851 0.065781016539493101
leaf_weight=93.52897982345894 10.446088277996752 252.80544731320697 40.741804400837282 2.0291030023363428 4.5942336645384811 29.128561887424439 13.592236705851969 1.6555478960799526 6.7648558527580454 75.524427149968687 17.030497892847052 1.0383814773231286 6.2950505623011841 4.320904479100137 5.4927465489017804 12.535129916912409 1.2543366096360822 11.34451047101175 2.5881083953427142 0.83074922754894664 0.93663048374583091 8.2365488066279777 33.368199812364765 18.065825490950374 20.969743288325844 9.8971001965110172 44.96860694597126 7.7769620524195489 9.3362047566624842 16.176644492690684
leaf_count=83808 10899 1065354 164961 4315 6836 97245 9061 1088 2273 63415 15220 349 13225 10020 6822 12369 2994 6762 2239 331 829 4211 23007 19220 4959 2159 16951 13637 2144 3391
internal_value=0.00238381 -0.00882264 -0.0170869 0.00467618 0.00943366 0.00284822 0.0190319 0.0453432 0.0653137 0.0154216 0.0113837 0.0900648 0.0340392 0.0508859 0.0417763 0.0415369 0.0707933 0.0529606 0.0563905 0.10247 0.111663 0.121104 0.0185482 0.0219146 0.0144501 0.0194835 0.00852833 0.0853836 0.0363042 0.0481265
internal_weight=763.274 457.599 315.224 62.4182 142.375 122.658 305.676 29.9088 19.4627 275.767 245.337 12.6979 21.6764 15.3813 30.4295 19.7175 11.0604 24.9367 15.1232 11.0423 10.0039 9.0673 169.813 152.782 119.414 101.348 65.9384 9.0313 35.4099 25.5128
internal_count=1670094 1477003 1274506 209152 202497 181053 193091 19980 9081 173111 150466 6808 44191 30966 22645 21444 20946 15823 14608 5720 5371 4542 87051 71831 48824 29604 21910 16631 7694 5535
is_linear=0
shrinkage=0.03


Tree=36
num_leaves=31
num_cat=0
split_feature=107 79 90 78 122 122 113 84 83 83 110 122 78 118 19 103 65 102 64 71 122 79 57 71 77 35 65 83 61 9
split_gain=169.485 64.3567 33.4943 26.3698 28.3326 22.4878 18.9697 17.5089 23.0104 16.7735 16.7628 16.4846 14.9606 18.9625 14.6717 19.293 24.7694 22.7209 18.652 17.3325 14.4885 14.4667 14.2858 13.9673 22.3386 14.8148 15.8108 17.8437 14.7616 13.704
threshold=0.0001417482440979336 226.44999999999996 0.88335945663531878 25.500000000000004 6262.5000000000009 6262.5000000000009 4.1694921265427736 0.083351810790835187 0.092950354888557143 0.042557128683244884 0.0010771069885655081 1547.0000000000002 23.500000000000004 0.91207236793396351 1.5000000000000002 0.013337376187588439 837.00000000000011 0.032797642098016444 39.500000000000007 2.5000000000000004 981.50000000000011 19.800000000000018 433.75000000000011 10.500000000000002 1724.5000000000002 5208.8024752343563 27.500000000000004 0.16240677227938377 121.50000000000001 6.0606060606060632
decision_type=2 2 10 2 8 10 10 10 10 10 2 8 2 10 2 10 2 10 2 2 8 2 2 2 2 2 2 8 2 2
left_child=1 3 12 5 29 -1 7 20 9 -9 -11 -3 21 14 18 22 -17 -18 19 -14 -4 -2 -16 25 -25 26 28 -28 -21 -5
right_child=2 11 6 4 -6 -7 -8 8 -10 10 -12 -13 13 -15 15 16 17 -19 -20 23 -22 -23 -24 24 -26 -27 27 -29 -30 -31
leaf_value=0.018348978167160756 0.075687406475263175 0.014698763586307957 0.028451575285110907 0.03357911795650409 -0.021343050433975778 -0.013227776163218555 0.042220819288780173 -0.0085979880233306334 -0.011031257530220424 0.042378900321887514 -0.0077533829509649757 -0.021753523563987281 -0.0039335093288791218 -0.012695539068720688 0.076360293703453305 0.0059837497009600227 0.06431082679050952 -0.009045524307789812 -0.0062639723074097969 0.033459606780871641 -0.016836973508461056 0.01048610613252607 -0.0013128928029214157 0.0082045939345310459 0.05845847956156084 -0.0084034959514355315 0.093766060469548995 0.019242958299873398 -0.01513674218925674 -0.0087190620374750453
leaf_weight=91.608215493266471 6.054164455359567 8.3886142354167514 2.6940769330540206 11.457579920708669 53.817407940950943 21.813027456912096 6.2102823834866276 9.0007633889181289 23.377681056372239 25.237528197816577 5.7623296084057065 231.20178208446305 17.738117282249732 10.408516478433738 10.162306168844223 32.129395385025418 11.75345674654818 3.4680804044473907 22.479254584279261 11.480573272434418 45.058254385745386 6.8313968475995352 2.2854071629990349 55.821538398129633 4.8165782772412049 3.2694373252452342 6.3640002298488954 8.3130467261071317 4.9952395556465481 8.9917743632540788
leaf_count=76615 2002 4116 1160 5560 202769 71574 10801 19400 27683 36159 4110 985596 9383 6488 1968 9613 2098 380 8174 8628 119238 5413 622 35071 1678 1016 1832 1554 3736 4814
internal_value=0.00242952 -0.0100587 0.0182383 0.00307896 -0.0104042 0.0119741 0.0050184 0.00121112 0.0111815 0.0239466 0.0332776 -0.0202029 0.0250706 0.0220411 0.0241654 0.0365939 0.0233616 0.0494933 0.017563 0.0223757 -0.0118274 0.0537152 0.06581 0.0272362 0.0163454 0.041915 0.0476277 0.0671717 0.018632 0.0169213
internal_weight=762.99 427.278 335.711 187.688 74.2668 113.421 117.341 111.131 63.3783 40.0006 30.9999 239.59 218.371 205.485 195.076 59.7986 47.3509 15.2215 135.278 112.799 47.7523 12.8856 12.4477 95.0604 60.6381 34.4223 31.1529 14.677 16.4758 20.4494
internal_count=1669251 1351044 318207 361332 213143 148189 218551 207750 87352 59669 40269 989712 99656 92241 85753 14681 12091 2478 71072 62898 120398 7415 2590 53515 36749 16766 15750 3386 12364 10374
is_linear=0
shrinkage=0.03


Tree=37
num_leaves=31
num_cat=0
split_feature=109 75 122 80 122 70 51 37 42 75 69 93 83 57 71 116 93 109 98 67 56 56 96 100 57 80 115 109 77 77
split_gain=146.716 72.9038 43.9021 48.1279 33.6118 29.1635 24.8877 32.4602 41.2621 24.6517 32.6818 22.0793 20.8611 23.7095 26.8868 20.5307 20.2717 18.3496 17.4887 17.4815 16.528 27.1576 17.3579 18.8154 18.9321 14.6755 16.2727 20.828 15.4535 14.6469
threshold=9.3883686375572395e-05 189.50000000000003 15239.000000000002 865.82514990430934 2822.5000000000005 2.5000000000000004 194.50000000000003 2.5000000000000004 22.500000000000004 4604.5000000000009 1.5000000000000002 5.742018911080061 0.24004662004662006 458.35000000000008 5.5000000000000009 0.12862021304717045 -2.292596958495047 0.00044805268669809037 0.037048869956218207 8.5000000000000018 45.500000000000007 188.50000000000003 0.03451780207457248 0.022230743012951606 -1532.9499999999996 75.881437689835892 0.22435303461513009 1.358713612069398e-05 6.5000000000000009 15.500000000000002
decision_type=2 2 8 2 10 2 2 2 2 2 2 10 10 2 2 10 10 2 10 2 2 2 8 10 2 2 8 2 2 2
left_child=1 4 15 6 25 -5 -4 17 -9 10 -7 12 13 14 -12 20 18 -8 -10 -3 -2 -22 23 24 -23 -1 27 28 -27 -29
right_child=2 19 3 5 -6 9 7 8 16 -11 11 -13 -14 -15 -16 -17 -18 -19 -20 -21 21 22 -24 -25 -26 26 -28 29 -30 -31
leaf_value=-0.0015242827445192428 0.050210986062805225 -0.025254397154478074 -0.002329797432143343 -0.021593453764428783 -0.017107564251036614 -0.0044996958112293369 0.087871722400026983 -0.02117286151757139 0.081107099074691394 -0.018678631760673126 -0.0071277410493927147 -0.012780726550507609 -0.010327420896015006 0.011525918786152008 0.10609587585767322 0.010513493152960985 -0.0028088317995700247 -0.0065858139363778444 -0.0071776184557702273 0.0067286930578076441 -0.0012774592330386709 0.0089945551264267627 -0.0045000801085608834 -0.010310706041679297 0.04739440171912937 0.054963297391699896 0.045860804949365896 -0.017545019995404539 -0.0083226551896088668 0.028040920010002718
leaf_weight=24.472069132461911 24.876836182113038 203.31765983643709 18.762997655547224 62.716552634912659 32.203205192738096 29.099092534539523 7.7027493408677383 11.922397479953363 5.5231035462056752 21.453736759693129 1.5562571486079884 3.7061529180791686 2.6212897859804789 7.2764508354885038 6.0189194642734947 105.0389270317246 4.9174959578085673 1.3932873500161802 1.5593124361766966 14.596837984106967 32.193200824200176 17.757344454643317 10.12502823093382 5.6055892720760303 53.971848379951552 6.6452180001360812 17.914458200277295 18.941413105872929 3.285152241907781 3.7792135089403009
leaf_count=25502 23567 980917 9605 204367 103076 74247 4283 20078 2253 41138 2797 7553 3735 13671 6223 38563 3492 594 489 42936 12587 2355 1918 1713 14588 3826 9488 9576 1503 1619
internal_value=0.00192239 -0.013213 0.0132369 0.00210778 0.00683108 -0.00742884 0.025343 0.0393066 0.0145309 0.00555562 0.0166506 0.0410194 0.0527355 0.0636637 0.0892497 0.021337 0.045798 0.0761993 0.0667431 -0.0230092 0.0285886 0.0222594 0.0305237 0.035104 0.0390937 0.0175315 0.0260613 0.0105503 0.0382512 -0.00627242
internal_weight=760.954 325.155 435.799 186.23 107.241 134.448 51.7813 33.0183 23.9223 71.7319 50.2782 21.1791 17.4729 14.8516 7.57518 249.569 11.9999 9.09604 7.08242 217.914 144.53 119.653 87.4598 77.3348 71.7292 75.0375 50.5655 32.651 9.93037 22.7206
internal_count=1668259 1178443 489816 394525 154590 353731 40794 31189 26312 149364 108226 33979 26426 22691 9020 95291 6234 4877 2742 1023853 56728 33161 20574 18656 16943 51514 26012 16524 5329 11195
is_linear=0
shrinkage=0.03


Tree=38
num_leaves=31
num_cat=0
split_feature=110 76 67 59 55 122 72 77 113 122 97 99 90 65 43 105 80 82 83 109 100 80 71 69 106 121 99 105 70 99
split_gain=139.778 73.8436 35.5472 31.1857 28.1698 26.995 25.4431 25.7008 22.7034 20.7687 20.5983 27.7433 26.8344 40.4682 36.4192 23.6636 27.2891 26.5238 26.9409 20.0336 23.0519 24.3015 29.8105 19.3181 19.6639 17.5625 15.4814 18.2054 23.8255 23.2345
threshold=7.0652518341915546e-05 863.50000000000011 132.50000000000003 8993.0543229875202 633.50000000000011 1328.5000000000002 16.500000000000004 4090.5000000000005 0.35070729471620882 2822.5000000000005 0.19991843393148453 0.066570327552986516 -0.76861480222496892 36.500000000000007 2.5000000000000004 0.23314000916334218 276.99518406045519 0.092444902489297612 0.052645231756433895 0.00029350647161877227 0.010649639341287485 11874.291283314349 1.5000000000000002 234.50000000000003 0.00010407501061931937 2.5000000000000004 0.01924501424501425 0.046259425901829528 93.500000000000014 0.045422308188265641
decision_type=2 2 2 2 2 10 2 2 8 8 10 10 10 2 2 10 2 10 10 2 10 2 2 2 10 2 10 10 2 8
left_child=1 5 3 10 6 8 -4 -8 -1 -3 11 15 -12 -14 -15 17 -17 18 -2 -20 21 22 -21 26 -25 -18 -6 -28 -29 -30
right_child=2 9 4 -5 23 -7 7 -9 -10 -11 12 -13 13 14 -16 16 25 -19 19 20 -22 -23 -24 24 -26 -27 27 28 29 -31
leaf_value=0.00033983738675639005 -0.011145009531200031 0.016277289642796955 -0.0047369347211764943 -0.018859528698750284 -0.01506591855635683 -0.011045369200205917 0.11795676464918853 -0.006050813069597265 0.030125266884798781 -0.022188764786591535 0.0037066256100452438 0.041473489783733226 0.0022474678496750976 0.11063912365799582 -0.0087511437928060147 0.072818460082205785 -0.010891188040327106 -0.0023549338381071584 -0.0034312202661183908 -0.0076362318346770873 -0.0063061332249427018 0.0071966175874885333 0.08233896771142804 0.079534531008120912 -0.0059878740761891355 0.028659733316927467 -0.014401055563894189 -0.003889120702152644 0.072963165579683964 -0.007921710864475566
leaf_weight=42.340851077111438 15.652221810203626 9.8869901789003034 2.0945049203000954 24.370994278535363 10.73999514148454 44.021050941373687 3.9054794842086267 1.2471120489062739 45.806830866218661 229.07384183828253 15.257735890903861 19.648406882508425 7.9674930003238869 6.2804089104174619 2.0223667369718896 4.9103991809242862 13.705572251521515 167.414116597065 10.780206424678907 3.0241065478621811 6.367590335168642 9.470607038936576 14.727140778064493 3.7180253422993692 2.4429681007459294 19.362257180720917 6.3645060283306547 8.6477120307390596 8.327695480169492 3.0172782210283922
leaf_count=31948 35983 7978 655 24906 4701 119076 975 316 34663 1089566 5162 11335 6824 1687 640 3795 18001 204104 24704 3315 5845 8374 15511 364 466 3554 1336 1905 1491 299
internal_value=0.00262781 -0.0104918 0.0150413 0.0112165 0.0375265 0.00732821 0.0799418 0.0997441 0.0166044 -0.0202962 0.0137889 0.0108375 0.0353382 0.057157 0.0891995 0.00784465 0.0282969 0.00389421 0.0201652 0.0312205 0.0413453 0.0517406 0.0687012 0.0228741 0.0581325 0.0129897 0.0108094 0.0220741 0.0342437 0.0556086
internal_weight=762.596 371.13 391.467 340.962 50.5053 132.169 7.2471 5.15259 88.1477 238.961 316.591 285.063 31.528 16.2703 8.30278 265.414 37.9782 227.436 60.0219 44.3697 33.5894 27.2219 17.7512 43.2582 6.16099 33.0678 37.0972 26.3572 19.9927 11.345
internal_count=1669479 1283231 386248 373740 12508 185687 1946 1291 66611 1097544 348834 334521 14313 9151 2327 323186 25350 297836 93732 57749 33045 27200 18826 10562 830 21555 9732 5031 3695 1790
is_linear=0
shrinkage=0.03


Tree=39
num_leaves=31
num_cat=0
split_feature=111 75 84 113 122 122 19 122 78 71 71 122 64 65 71 50 48 122 85 97 65 52 118 77 52 92 58 75 118 83
split_gain=125.167 79.4891 27.4288 34.0252 33.6675 24.218 22.3909 22.061 21.769 16.765 26.6733 26.065 20.2693 17.4699 17.1659 16.7415 21.0685 15.8659 15.1472 14.1043 14.0231 21.2251 19.3857 13.841 13.7771 19.0654 13.7388 14.0811 13.7097 13.5402
threshold=9.0678226868364442e-05 202.50000000000003 0.11019845954910891 4.4606673862205444 1257.5000000000002 1547.0000000000002 1.5000000000000002 5353.5000000000009 377.50000000000006 10.500000000000002 2.5000000000000004 8511.5000000000018 9.5000000000000018 5.5000000000000009 110.50000000000001 47.500000000000007 6.5000000000000009 337.50000000000006 0.57148680915497063 0.11115721530659291 31.500000000000004 103.50000000000001 0.29584015670312663 19.500000000000004 164.50000000000003 5.0969329986533838 69.850000000000037 31.500000000000004 0.22252413492058623 0.16240677227938377
decision_type=2 2 8 10 8 8 2 10 2 2 2 10 2 2 2 2 2 8 8 10 2 2 10 2 2 10 2 2 10 8
left_child=1 7 3 4 8 -3 9 18 24 10 13 -11 -13 -4 -14 -12 20 -8 19 26 21 22 -17 -9 -2 -26 27 -1 -5 -22
right_child=2 5 6 28 -6 -7 17 23 -10 11 15 12 14 -15 -16 16 -18 -19 -20 -21 29 -23 -24 -25 25 -27 -28 -29 -30 -31
leaf_value=0.001655094601370554 0.015939588881837313 0.030494465684501964 0.023100746370906339 0.0025079733668657636 -0.0095484677006562706 -0.022250897461697589 -0.0034111412033963093 -0.020981527318378223 -0.010742759896141112 -0.0011783060328909105 -0.013176774745908748 -0.012056827777745475 0.072313765377974501 -0.011725634945015639 -0.0056997245683051067 0.064388544899399477 0.013052905414196386 0.038666576958221149 0.0085645365071012197 -0.0048302925339316852 0.091521641701586859 -0.0060965400337616238 -0.0025727077337394048 0.025984558650626495 -0.0064360181062763037 0.096553369744020262 0.0047739274751070274 0.083891998909898471 0.081807062831026567 -0.0017950880566812641
leaf_weight=2.5739429134409892 12.526005282590633 3.9209104687324725 17.516010596154956 3.2938481923920326 101.77513410907704 227.09614398590929 8.3351983518805337 24.915077066296366 7.3609461123705833 94.97096520998457 3.8764356927422332 3.3492629814136299 6.1307305345253535 25.781426281668246 2.3994997799309203 9.5914301993616444 23.984967871467234 59.558823046259931 78.879902164335363 4.5192626404023022 7.3201947043125957 8.7410933435603493 4.7990313750633495 2.5010956372279898 1.3476504206773818 1.8711300368886439 5.3393214308307506 4.7405122592608677 1.4374447078589581 1.3648969140776905
leaf_count=1727 2445 3175 13816 3817 199360 1120519 775 91884 1599 60831 3073 4072 3844 15942 1731 8961 7785 14968 71053 3305 3355 11257 4554 3938 247 528 4680 3194 1391 492
internal_value=0.00245917 -0.0104972 0.0137252 0.00220659 -0.00192788 -0.0207286 0.0189668 0.00870798 0.0273661 0.0135529 0.021924 0.00486603 0.039223 0.00329634 0.0563723 0.0341391 0.0382394 0.0336211 0.0153529 0.0375711 0.0528749 0.0295234 0.0471526 -0.0133499 0.0434776 0.0757506 0.0497936 0.067375 0.0562545 0.0815587
internal_weight=761.818 354.486 407.332 129.612 124.881 231.017 277.72 123.469 23.1057 209.826 102.975 106.85 11.8795 43.2974 8.53023 59.6781 55.8016 67.894 96.0529 17.173 31.8166 23.1316 14.3905 27.4162 15.7448 3.21878 12.6538 7.31446 4.73129 8.68509
internal_count=1668318 1303475 364843 209387 204179 1123694 155456 179781 4819 139713 69235 70478 9647 29758 5575 39477 36404 15743 83959 12906 28619 24772 13515 95822 3220 775 9601 4921 5208 3847
is_linear=0
shrinkage=0.03


Tree=40
num_leaves=31
num_cat=0
split_feature=109 75 122 90 122 78 76 122 98 93 122 46 64 121 122 113 64 115 53 70 70 78 98 112 87 91 70 108 84 75
split_gain=119.384 65.1946 41.5145 32.5256 27.7807 24.275 30.1666 28.2779 30.6668 25.9023 27.6447 22.9227 27.6227 23.211 22.8121 21.0472 20.1373 27.9087 24.9038 21.2028 19.9342 21.7218 21.1808 19.3661 19.0498 17.8292 17.1673 17.6499 15.8497 16.7119
threshold=6.8789656660163807e-05 189.50000000000003 15239.000000000002 1.6100062189054734 1257.5000000000002 40.500000000000007 3296.5000000000005 8511.5000000000018 0.018407166800690301 5.3921938257821536 6346.5000000000009 39.500000000000007 9.5000000000000018 9.5000000000000018 4570.5000000000009 4.1694921265427736 7.5000000000000009 0.30603244241759514 59.500000000000007 32.500000000000007 8.5000000000000018 96.500000000000014 0.069028213166144214 1.6051152218002642 0.082192736629211768 3.2839446162910595 1.5000000000000002 0.00053580454269354187 0.38729838709677428 37.500000000000007
decision_type=2 2 8 10 10 2 2 10 10 10 8 2 2 2 10 10 2 10 2 2 2 2 10 10 8 10 2 2 8 2
left_child=1 4 5 24 -1 9 -7 14 -9 10 25 12 -10 23 16 -5 17 -8 20 -18 21 -19 -23 -14 -4 26 27 28 29 -2
right_child=2 -3 3 15 -6 6 7 8 11 -11 -12 -13 13 -15 -16 -17 19 18 -20 -21 -22 22 -24 -25 -26 -27 -28 -29 -30 -31
leaf_value=0.017665982934489701 -0.0042293465473264959 -0.023511557434018785 0.025119937225138091 -0.018152771959229177 -0.014052588942431568 -0.0085830937749506418 -0.012881221137406888 -0.004090945278975632 0.0011863764668245381 -0.0030101743860852983 -0.0018870702773381 -0.0077277059473531097 0.13754445428135473 -0.0049474745335131654 -0.014265850498217365 0.030365151028158646 -0.0019540957000577434 -0.0095529168076683123 -0.013543201567524648 0.023630594024855421 0.0038308478608543644 0.076848585692690874 -0.003437597820149586 -0.0036616506076707486 0.0017589018161900693 -0.0029714145829669893 0.0080708701277527606 0.0022573086638573658 0.0086367174375479808 0.11215743584604779
leaf_weight=63.494471528654685 0.81486810144270627 184.37822318459803 43.895933890438755 73.357318810900324 34.478176681470359 39.08068410983833 7.1560883239435489 5.4089910323673385 2.685698311950544 9.4279021504480607 6.7279669351264628 1.7229533417121263 3.9445538719446631 0.98430177880800318 17.774396896915277 4.438617962121497 57.212204516778002 2.3165368032496216 4.0422908514010478 52.986874863039702 7.3000968568376257 22.104841937441964 2.8522036624781313 0.68751098397478916 90.217913257496548 2.7637420091632512 4.4282012938201651 2.4137165290885596 2.7529680307488897 10.385666239642886
leaf_count=38112 324 938479 78499 242668 106767 13117 2575 6943 2243 13966 11893 807 1363 666 15557 9620 10691 1278 1326 7140 1388 3419 396 186 147873 2496 1709 615 1587 4771
internal_value=0.00212298 -0.0132149 0.0111906 0.0011984 0.00636336 0.0189256 0.0145504 0.0194273 0.0535589 0.0396328 0.0514525 0.0756742 0.0893815 0.111134 0.0149819 -0.013718 0.0186546 0.0345496 0.0438083 0.0108395 0.0513776 0.0615389 0.0686308 0.125565 0.0100331 0.0643486 0.0721373 0.083526 0.0932801 0.104998
internal_weight=762.236 282.351 479.885 211.91 97.9726 267.975 228.26 189.18 15.434 39.715 30.2871 10.025 8.30206 5.61637 173.746 77.7959 155.971 45.7721 38.616 110.199 34.5737 27.2736 24.957 4.63206 134.114 23.5592 20.7954 16.3672 13.9535 11.2005
internal_count=1668474 1083358 585116 478660 144879 106456 69095 55978 12208 37361 23395 5265 4458 2215 43770 252288 28213 10382 7807 17831 6481 5093 3815 1549 226372 11502 9006 7297 6682 5095
is_linear=0
shrinkage=0.03


Tree=41
num_leaves=31
num_cat=0
split_feature=109 76 90 122 72 69 105 118 111 122 121 67 121 113 122 79 51 77 53 57 56 66 65 80 122 68 105 122 118 111
split_gain=117.12 48.5844 39.4083 18.5698 18.5192 25.1909 28.6992 28.4731 23.9907 20.861 19.9587 18.2002 17.7284 17.5826 17.5435 27.9786 40.0887 21.401 19.8941 25.2722 18.8726 17.4437 37.9938 20.6493 20.3707 18.963 17.1716 19.2155 16.9228 16.7049
threshold=7.0081770155602224e-05 761.50000000000011 1.2099560283952231 1257.5000000000002 1.5000000000000002 5.5000000000000009 0.081094955324934812 -0.71097215244126544 0.0026396578883344248 337.50000000000006 4.5000000000000009 8.5000000000000018 2.5000000000000004 0.70159650538776341 1039.5000000000002 353.55000000000013 217.50000000000003 2323.0000000000005 19.500000000000004 285.65000000000009 30.500000000000004 16.500000000000004 33.500000000000007 841.30588772160979 6262.5000000000009 10.500000000000002 0.025481571949786657 1911.5000000000002 -2.6470967975915589 0.0003803764224812713
decision_type=2 2 10 10 2 2 8 10 2 8 2 2 2 8 8 2 2 2 2 2 2 2 2 2 10 2 8 8 10 2
left_child=1 3 4 -1 21 26 7 28 -9 -10 -11 -3 -8 -13 18 16 -16 -17 19 -4 -18 22 23 24 -2 -24 27 29 -7 -6
right_child=2 11 14 -5 5 6 12 8 9 10 -12 13 -14 -15 15 17 20 -19 -20 -21 -22 -23 25 -25 -26 -27 -28 -29 -30 -31
leaf_value=0.012112184958107819 0.043846096311298002 -0.025084830390138663 -0.0074779613905838543 -0.014043148807477713 -0.0096279745066916028 -0.0065888286632288509 -0.01300244308498368 0.0084861955389309175 -0.0091339685030978144 0.096273502312379425 -0.0037746941538435988 0.043243540223005285 0.015967042881803443 -0.014839503509592815 -0.0082811421041532936 -0.015674573190014897 0.075706070884294749 0.031587440495281345 -0.0074350938416707819 0.086023024273595164 -0.0017909186053081101 -0.0070670782954547449 0.087661692750951786 0.0061440448067202657 -0.013630655991490851 -0.0067739285036268228 -0.0085318657623978181 -0.0015431583418914565 0.083471113453263635 0.062505738254969245
leaf_weight=65.400938142629457 32.214979399082949 171.78339229941776 2.9821706420043466 32.576378872618079 2.3384551545605046 1.383263543670181 24.625139811672852 41.307592225348344 2.1390307918190956 3.3005725286784573 1.8247344730189068 3.1912125108065057 49.762893248975161 6.8674730181810455 18.422561308951121 105.83424439460214 6.0619290095346496 4.7376346628880119 6.9237944366177544 1.9790475263143887 3.4954651144216768 10.500345699663738 8.4697123610822 44.546348401694559 4.1468382647872195 1.4388671044434875 69.584024529656745 18.140409595260284 8.1639307006989821 5.6669809351442382
leaf_count=42338 7137 912635 1525 102027 598 736 14632 17370 220 1184 295 9859 8068 22515 19366 320395 8830 4358 2097 720 5827 5446 3424 55304 4228 718 65873 28301 2778 661
internal_value=0.00147665 -0.0138033 0.0104349 0.00315621 0.0161714 0.0110237 0.0192505 0.0341874 0.0205543 0.0577411 0.0763793 -0.0227811 0.00616217 0.0118277 -0.00224788 -0.00558277 0.0190502 -0.0123706 0.0267701 0.0542773 0.0564827 0.026704 0.0307736 0.0210861 0.0364359 0.0762756 -0.000754068 0.0179922 0.0726429 0.0458341
internal_weight=759.81 279.819 479.991 97.9773 329.554 228.237 132.507 58.1191 48.5719 7.26434 5.12531 181.842 74.388 10.0587 150.437 138.552 27.98 110.572 11.885 4.96122 9.55739 101.317 90.8167 80.9082 36.3618 9.90858 95.7299 26.1458 9.54719 8.00544
internal_count=1669465 1089374 580091 144365 216973 140716 45283 22583 19069 1699 1479 945009 22700 32374 363118 358776 34023 324753 4342 2245 14657 76257 70811 66669 11365 4142 95433 29560 3514 1259
is_linear=0
shrinkage=0.03


Tree=42
num_leaves=31
num_cat=0
split_feature=110 75 84 75 122 111 78 122 71 52 71 121 85 104 54 55 42 71 53 71 122 44 102 121 97 53 19 122 84 57
split_gain=123.07 69.275 29.9489 29.6261 26.7056 18.3146 27.6517 18.2656 17.9508 17.3621 16.3369 15.9272 18.0058 16.2669 14.5869 24.6272 29.7308 20.6596 19.1602 24.3442 23.9465 18.4221 22.5816 28.3514 26.531 20.45 19.4704 18.3845 16.1592 14.8657
threshold=7.0652518341915546e-05 200.50000000000003 0.11019845954910891 65.500000000000014 1328.5000000000002 0.0003803764224812713 311.50000000000006 2822.5000000000005 1.0000000180025095e-35 4.5000000000000009 7.5000000000000009 1.5000000000000002 0.76477574402682691 0.031856087966141165 139.50000000000003 94.500000000000014 8.5000000000000018 9.5000000000000018 26.500000000000004 1.0000000180025095e-35 509.50000000000006 4.5000000000000009 0.011429187590498784 8.5000000000000018 0.062507814453613419 1972.0000000000002 2.5000000000000004 211.50000000000003 0.30787458986511124 197.85000000000005
decision_type=2 2 10 2 10 2 2 8 2 2 2 2 10 10 2 2 2 2 2 2 8 2 10 2 10 2 2 8 10 2
left_child=1 4 3 9 8 -5 10 -3 -1 -2 -7 12 13 -12 17 16 -16 18 19 -4 -21 -17 23 24 -23 27 -24 -26 -29 -22
right_child=2 7 14 5 -6 6 -8 -9 -10 -11 11 -13 -14 -15 15 21 -18 -19 -20 20 29 22 26 -25 25 -27 -28 28 -30 -31
leaf_value=0.0080752660879974108 -0.0075670148322008312 0.013556022356480393 -0.0046495775555022312 -0.013526979855924087 -0.012052328758643975 0.0039901393546434077 -0.014130798407301489 -0.022645286963920177 0.041172822308095491 0.064186283042269462 0.095857187415663153 0.0039681912273804758 -0.004591910670152766 -0.0053911450666857211 0.081851426398502028 0.004910334762367654 -0.0042628491235671808 -0.0037870528585677095 -0.007916166227246094 -0.0094056043755984982 0.047583808055238326 -0.002696659640443451 -0.01350362936753291 -0.0026481069942811508 -0.0065670368351231911 -0.0079893621842190721 0.025947804244038402 0.091753076451440554 -0.0054576049682555786 0.0012224854169606599
leaf_weight=73.619190937373787 3.0067020723654414 10.125557422288692 17.288212179992115 65.852458580295206 43.4279935509403 17.796548727958001 23.156914822931867 215.07714003763977 14.758865925396092 4.8598522338434123 4.053142544027649 6.4386113548534922 2.0816972485044971 1.0915912242489865 8.6359702150948561 48.696956368206884 4.2614615746133486 50.624577640468488 16.433178945095278 7.8963088018936105 42.725932677800301 4.822855686274127 14.559371258626923 8.0708861596067418 1.3816167910117654 1.7490011191111978 23.57427838401054 16.09928931912874 1.0763698008668132 7.4665605481422963
leaf_count=43370 2190 7844 12155 171110 122300 14561 23158 1104143 5878 2487 6507 3429 4320 1988 2835 24963 1562 46855 10095 878 30452 1912 3690 1823 186 289 3650 3887 138 11045
internal_value=0.00193974 -0.0108117 0.0132107 0.00116083 0.00632084 -0.00332745 0.00907305 -0.0207585 0.0155111 0.0444781 0.0257477 0.045424 0.0656324 0.0823056 0.0187059 0.0258357 0.0601563 0.0114015 0.0195395 0.0256453 0.0343155 0.0198897 0.0291241 0.0457024 0.0590938 0.0714026 0.011066 0.0789927 0.0858041 0.0414227
internal_weight=760.709 357.009 403.7 128.338 131.806 120.471 54.6185 225.203 88.3781 7.86655 31.4616 13.665 7.22643 5.14473 275.363 132.928 12.8974 142.435 91.8102 75.377 58.0888 120.031 71.3337 33.2 25.1291 20.3063 38.1336 18.5573 17.1757 50.1925
internal_count=1669700 1283535 386165 229750 171548 225073 53963 1111987 49248 4677 30805 16244 12815 8495 156415 44935 4397 111480 64625 54530 42375 40538 15575 8235 6412 4500 7340 4211 4025 41497
is_linear=0
shrinkage=0.03


Tree=43
num_leaves=31
num_cat=0
split_feature=109 75 122 75 70 122 51 53 78 115 118 56 53 114 67 122 74 93 117 91 118 122 77 109 93 122 84 90 83 83
split_gain=118.292 65.6846 29.9506 41.916 25.3701 23.8681 23.78 22.2104 23.0899 19.1997 18.4848 23.0286 31.6284 18.4596 17.8795 17.4223 20.7836 20.4862 15.9004 19.2409 18.2177 14.5211 14.3639 13.6602 13.9816 13.5765 13.5683 23.0942 16.9758 13.758
threshold=9.8040865836300487e-05 189.50000000000003 337.50000000000006 214.50000000000003 2.5000000000000004 2822.5000000000005 194.50000000000003 2.5000000000000004 28.500000000000004 4.2263211382113832 -0.86377643510217472 38697.500000000007 273.50000000000006 1.1144433664807181 8.5000000000000018 6346.5000000000009 1.5000000000000002 5.286096831297745 -1.7175666376889882 1.9089537703723249 -2.8368884206411686 34551.500000000007 29.500000000000004 0.0001594899555570689 4.605329259039503 509.50000000000006 0.22079970502683438 -0.76861480222496892 0.120694857761222 0.17398790816122844
decision_type=2 2 10 2 2 10 2 2 2 8 8 2 2 8 2 10 2 8 10 8 10 8 2 2 10 8 10 10 10 10
left_child=1 5 3 6 -5 -1 23 -8 9 22 15 12 13 -12 -3 16 17 18 -4 20 -20 -17 -9 24 -2 -22 -6 -28 -29 -30
right_child=2 14 10 4 26 -7 7 8 -10 -11 11 -13 -14 -15 -16 21 -18 -19 19 -21 25 -23 -24 -25 -26 -27 27 28 29 -31
leaf_value=0.013715982245449629 0.04340684112118013 -0.02549652415799122 0.0094053156764897644 -0.019758600111295228 -0.0015644385757130612 -0.01560115790762873 -0.0038685576556780087 0.10444390172758621 -0.0084005475862495016 -0.0060895563616182218 0.00790990277950138 0.05155782442247378 -0.015668198664371833 0.027894383574467472 0.0070977623021999487 -0.015287428076041569 -0.0094054025459338955 -0.0099420950584801198 -0.0057914815944893417 -0.0014556127550619563 -0.0008722084823741213 0.042618470560736116 -0.0041611855561440895 -0.016009063241814919 -0.010800567353348282 0.10190350308693251 -0.016939517765833436 0.0014325420766273167 0.073424964047057825 -0.0018317787841996011
leaf_weight=81.993570043967338 6.014591813625886 181.26697078403959 5.5963176133809673 56.189939495714498 82.215781329228776 30.396076136748889 4.147156291481223 6.5755158874380841 1.9277882314636361 1.265623553365004 112.71020315359056 9.1858946889697091 29.608619833263219 67.031854626504355 14.401887436644754 9.2294367344438779 3.62614424037747 2.4598718482011526 1.1791765012894817 2.3463134634657825 1.1555344059597699 0.36916906762053159 0.79958459906629276 9.8481932399299676 4.3467995621467708 11.079604117316174 6.3426869408285738 7.3660049119935129 5.99363834421092 2.4313703656371217
leaf_count=52079 2226 991821 1145 175599 140501 104054 3243 3591 1105 1031 64883 906 10070 32988 44620 13130 697 1463 223 1677 108 221 481 3655 2161 2078 3112 6322 2614 1574
internal_value=0.00152817 -0.0126828 0.0112668 0.00232595 -0.00438748 0.0054603 0.0298701 0.0534154 0.0699172 0.0840647 0.0179289 0.0139999 0.0111878 0.015916 -0.0229804 0.0366869 0.047193 0.055947 0.0639824 0.0764292 0.0867484 0.000773655 0.0957454 0.00553171 0.0245523 0.0947598 0.00441453 0.0228192 0.0390221 0.0591132
internal_weight=759.101 308.059 451.043 195.465 160.539 112.39 34.9253 14.7157 10.5685 8.64072 255.578 218.537 209.351 179.742 195.669 37.0416 27.443 23.8168 21.3569 15.7606 13.4143 9.59861 7.3751 20.2096 10.3614 12.2351 104.349 22.1337 15.791 8.42501
internal_count=1669378 1192574 476804 347215 329722 156133 17493 9451 6208 5103 129589 108847 107941 97871 1036441 20742 7391 6694 5231 4086 2409 13351 4072 8042 4387 2186 154123 13622 10510 4188
is_linear=0
shrinkage=0.03


Tree=44
num_leaves=31
num_cat=0
split_feature=109 75 84 122 71 67 122 85 97 87 79 113 90 99 122 64 62 121 72 113 85 122 69 43 91 65 4 71 58 97
split_gain=105.49 53.7997 31.8612 27.7001 27.1198 24.0316 22.3028 18.3913 17.4533 21.4156 20.6578 16.8842 16.3141 15.8135 21.301 40.508 16.7663 16.2623 15.0317 14.6506 14.5523 18.9249 17.0589 19.3061 23.1812 22.3965 19.2065 18.8528 16.1636 15.4261
threshold=9.178754275057458e-05 202.50000000000003 0.11019845954910891 15239.000000000002 6.5000000000000009 8.5000000000000018 1328.5000000000002 0.57148680915497063 0.11115721530659291 0.15504123951653304 112.85000000000001 0.46910081652587732 1.2099560283952231 0.071349029589564114 8511.5000000000018 8.5000000000000018 209.50000000000003 9.5000000000000018 16.500000000000004 2.1825516270169749 0.28590176227971509 653.00000000000011 248.50000000000003 1.0000000180025095e-35 1.6486944368693759 4.5000000000000009 3.5000000000000004 14.500000000000002 -3109.3499999999999 0.12513048016701464
decision_type=2 2 8 8 2 2 10 8 10 10 2 10 10 10 10 2 2 2 2 10 10 10 2 2 10 2 2 2 2 10
left_child=1 6 3 4 11 -3 7 8 9 10 -1 -2 -5 14 20 -16 18 19 -15 -17 21 -4 23 24 26 -26 -22 -27 -28 -30
right_child=2 5 13 12 -6 -7 -8 -9 -10 -11 -12 -13 -14 16 15 17 -18 -19 -20 -21 22 -23 -24 -25 25 27 28 -29 29 -31
leaf_value=0.091377007958693204 -0.007163792663654394 -0.024103069063158435 0.0050493512023706399 0.0064167217603939251 -0.0057819759229595239 0.013516426529305459 -0.01340521057597188 0.0051337767083552317 -0.01166781203942327 0.0011285180516466629 -0.0043394931232281064 0.04025066093656559 -0.018678506497064727 0.025504284776091311 -0.0056251021496713767 0.081647533870308681 -0.0055071580142944873 -0.0074506009594317961 0.086075036036542998 -0.00060835914613392283 -0.0060956877101314049 0.05493820244299473 0.047998453486064845 -0.0018409298510391736 -0.012354602574733659 0.068618438191159647 -0.0096579371767143343 -0.0065834386390910046 0.0061026478918227225 0.046821375902719044
leaf_weight=4.8797143316915008 6.7837171341525382 167.80581750393321 14.558902605727782 33.63876801916922 29.480813951740856 13.608202730421906 36.550069576245733 64.025198778981576 3.1654550188104613 5.5813805916695856 2.0054483679123223 28.210307385917986 58.475123931013513 21.842684312636273 10.975375511901804 11.368410336202937 5.8022196824895209 1.6460607665649156 2.9903979032387715 2.1286580954911196 42.118745809872053 10.127783626026938 4.5453572506085029 115.78422181820497 3.4845265538315315 11.396193360909818 9.4785455097735376 2.669579943016287 16.432858121421305 16.712635399861028
leaf_count=1637 6779 961411 11080 64973 19873 41906 115465 45466 1919 3383 1507 22710 197626 11647 15348 6540 688 1017 626 904 32900 2725 520 59729 6165 13855 1961 3025 10594 5221
internal_value=0.00281609 -0.0109946 0.0117613 0.000713337 0.0151559 -0.0209943 0.00483815 0.0135063 0.0382438 0.0506294 0.0734006 0.0313127 -0.00965553 0.0173472 0.0145406 0.0383284 0.0368423 0.0636736 0.0460019 0.072017 0.0113186 0.0313222 0.00846107 0.00657964 0.0157524 0.0430046 0.00802693 0.0563622 0.021157 0.0300799
internal_weight=758.273 297.621 460.652 156.589 64.4748 181.414 116.207 79.6572 15.632 12.4665 6.88516 34.994 92.1139 304.063 273.428 26.1185 30.6353 15.1431 24.8331 13.4971 247.309 24.6867 222.623 218.077 102.293 17.5503 84.7428 14.0658 42.624 33.1455
internal_count=1669200 1172694 496506 311961 49362 1003317 169377 53912 8446 6527 3144 29489 262599 184545 171584 23809 12961 8461 12273 7444 147775 13805 133970 133450 73721 23045 50676 16880 17776 15815
is_linear=0
shrinkage=0.03


Tree=45
num_leaves=31
num_cat=0
split_feature=109 75 84 67 76 70 75 108 105 118 96 85 79 72 77 95 109 80 83 100 71 58 69 104 82 108 77 28 93 70
split_gain=93.4976 66.4644 31.5538 21.5331 20.7002 22.4258 24.3987 27.3219 18.8366 17.4625 21.2335 16.8682 15.6356 17.9304 20.8906 14.9926 14.7972 16.4537 17.83 14.2969 20.1763 23.9239 17.5717 17.2304 23.1389 22.5264 19.9578 14.2796 13.9276 13.2527
threshold=9.3883686375572395e-05 202.50000000000003 0.14291721734951343 8.5000000000000018 817.50000000000011 13.500000000000002 4379.5000000000009 0.00042636920864400904 0.028594140358846245 -1.0172572594786182 0.014711894569765765 0.57896643783371482 766.85000000000025 2.5000000000000004 25.500000000000004 0.64243823767363961 0.00015568343365482876 3030.1631478906252 0.17244238577228801 0.00079270821551106596 2.5000000000000004 -1989.2499999999998 28.500000000000004 0.0090955051015718363 0.21744726092552183 0.00062923073094654878 11651.500000000002 3.5000000000000004 4.4262127800957014 3.5000000000000004
decision_type=2 2 8 2 2 2 2 2 10 8 10 10 2 2 2 10 2 2 10 8 2 2 2 10 10 2 2 2 10 2
left_child=1 8 4 -3 27 12 7 -7 -1 10 -4 -9 13 14 -6 -13 17 -11 -19 20 -18 -22 -21 -24 25 -25 -27 28 -2 -16
right_child=2 3 9 -5 5 6 -8 11 -10 16 -12 15 -14 -15 29 -17 19 18 -20 22 21 -23 23 24 -26 26 -28 -29 -30 -31
leaf_value=0.0025659734145815922 0.025759221384011398 -0.02470966676491685 0.056551926037300672 0.010810923493802594 -0.016137177590932337 -0.010906296491963672 0.0009112904798109653 -0.0044598588230943615 0.039416057425149163 0.011703461488544535 0.00050623308950581815 0.097190862575831968 -0.018257176833120198 -0.016202202486425659 0.010724428640620049 0.0030930610672244021 -0.0022015179231080493 0.08342329967240078 -0.0071579100637187872 -0.0045478624581644913 -0.0020993505669925235 0.037835675231554552 -0.0050923075489669118 -0.0054280399888130193 -0.0026044640778557842 0.094272642832250647 0.0027803144352733316 0.051166207601229363 -0.0090241876592258557 0.056426925812520665
leaf_weight=108.09601822411059 16.411212932493072 164.94412111768906 16.382395873908539 14.106570025207473 10.129776355839565 4.410965330011094 42.279052046695142 2.0226385082059988 9.2506165623926773 14.37124289525673 8.6304526722233259 3.9548059976950753 66.285693087731488 22.912796438875375 19.93280192294333 2.2443317174620461 25.942427291083732 3.9842580262047695 1.5589282131550133 71.918910495296586 17.188372020551469 50.336103139299667 13.900787593767744 3.4306765270885107 8.984861705102956 5.0904468618100491 3.1218836276093498 6.0627359705831614 16.348756446619518 5.4037138134299303
leaf_count=157742 7880 966609 10063 42780 32098 9012 43041 966 12014 17285 4658 3081 188294 24632 29902 2442 16784 7623 2012 35001 2779 23816 2084 368 1663 726 285 3225 14195 6564
internal_value=0.00263194 -0.0104208 0.0110056 -0.0216935 0.00261121 -0.0018506 0.013384 0.0430321 0.00696304 0.0182913 0.0405198 0.065151 -0.0088184 0.00249355 0.0150814 0.0797144 0.0149172 0.037298 0.0666353 0.0118321 0.0200979 0.0282263 0.00399815 0.0201221 0.0347922 0.0557635 0.0737065 0.0211059 0.00950427 0.0281654
internal_weight=759.638 296.397 463.241 179.051 218.399 179.577 54.9118 12.6327 117.347 244.842 25.0128 8.22178 124.665 58.3791 35.4663 6.19914 219.829 19.9144 5.54319 199.914 93.4669 67.5245 106.448 34.5287 20.6279 11.643 8.21233 38.8227 32.76 25.3365
internal_count=1669624 1179145 490479 1009389 365332 340032 58542 15501 169756 125147 14721 6489 281490 93196 68564 5523 110426 26920 9635 83506 43379 26595 40127 5126 3042 1379 1011 25300 22075 36466
is_linear=0
shrinkage=0.03


Tree=46
num_leaves=31
num_cat=0
split_feature=110 75 122 51 84 76 65 63 101 101 70 122 31 84 96 85 70 61 118 64 113 113 113 96 52 117 70 122 95 122
split_gain=75.2238 74.3776 26.4608 20.6677 19.7344 24.252 18.741 18.6386 16.5805 14.7272 19.0094 21.2716 19.5084 16.9522 16.4461 15.3309 21.8548 29.7056 29.1753 22.4476 20.8629 18.9767 22.5196 17.1855 18.495 15.3122 15.0395 14.3314 12.4628 12.2463
threshold=8.1906242798707963e-05 200.50000000000003 1328.5000000000002 212.50000000000003 0.10448844312544679 383.50000000000006 4.5000000000000009 2.5000000000000004 0.026887494237458617 0.052664597503797143 3.5000000000000004 2607.5000000000005 7.5000000000000009 0.2424887169568021 0.01333526626075191 0.54549434803375274 32.500000000000007 395.50000000000006 0.08277625179701277 4.5000000000000009 2.2266192170818511 1.6278731156289366 0.75673658733360238 0.027404770487863498 6770.5000000000009 -0.38140515745830866 201.50000000000003 1474.5000000000002 0.64912471044161346 5603.5000000000009
decision_type=2 2 10 2 10 2 2 2 10 10 2 10 2 10 8 10 2 2 10 2 10 10 10 10 2 10 2 8 10 8
left_child=1 2 3 -1 5 7 -3 -2 29 10 11 12 -6 -13 25 28 17 19 20 -17 23 22 -21 24 26 -11 -18 -7 -12 -8
right_child=4 6 -4 -5 9 27 8 -9 -10 14 15 13 -14 -15 -16 16 18 -19 -20 21 -22 -23 -24 -25 -26 -27 -28 -29 -30 -31
leaf_value=0.011743969217513688 -0.0027322355540895849 -0.026580132279726016 -0.0094196207086677704 0.05351978929073279 0.026222935077243621 0.014040435919079474 0.014547421311592548 0.058475689974966057 0.034157494794331944 0.07322571833106048 0.0024130257950236459 0.00065818840713541141 -0.013264607431876968 0.05265388461202157 -0.00065204927644420523 -0.0026572491107427574 0.091150307536572966 -0.010510684817325186 0.0073138713333591281 -0.00065059454781128537 -0.0074195100539797311 -0.0067979235978673971 0.089495091534419535 -0.0049603802220968092 0.010587542816127303 -0.00067453126943485737 -0.0051510675470823955 -0.010918236170133541 0.025910662883674097 -0.015133840041967751
leaf_weight=84.626931509264978 7.0723131307749991 117.57606869550364 43.062375859357417 8.2470035850419645 8.8271375624899502 22.73653701247531 10.456239617298705 5.4865751470642863 2.9479213423473984 6.5806416850682572 73.34786410878587 11.59503599026357 59.850603438113467 6.2369111158768638 6.1219481469452157 9.1782653192058223 15.468175567701122 25.529710444388911 17.297090467443923 3.1520682382106298 2.8866354237979968 2.7339353709830894 5.7738761000655359 2.1621387225168283 5.2664046281424808 3.1106642392696786 1.0155580489954434 79.72987845930038 23.759770129545359 85.770534066527034
leaf_count=45292 4668 669283 122939 4148 6812 4419 10153 1816 13937 2308 22126 10498 46963 3578 1756 8436 5975 19885 6256 1897 1199 2116 3238 804 1616 814 242 189492 10885 445496
internal_value=0.00216702 -0.00790256 0.00928663 0.0179982 0.0109271 0.000371235 -0.0186492 0.0330445 -0.00842217 0.0150382 0.0128973 0.00114698 -0.00675414 0.0263924 0.040132 0.0181462 0.0268185 0.0106636 0.0409896 0.0336191 0.0581576 0.054402 0.0688575 0.065988 0.0726497 0.0573489 0.0853992 -0.00498451 0.00914956 -0.0113494
internal_weight=757.607 352.687 135.936 92.8739 404.92 115.025 216.751 12.5589 99.1747 289.894 274.081 86.5097 68.6777 17.8319 15.8133 187.571 90.4639 46.3679 44.096 20.8381 26.7989 11.6599 8.92594 23.9123 21.7501 9.69131 16.4837 102.466 97.1076 96.2268
internal_count=1669047 1311248 172379 49440 357799 200395 1138869 6484 469586 157404 152526 67851 53775 14076 4878 84675 51664 35572 16092 15687 9836 7251 5135 8637 7833 3122 6217 193911 33011 455649
is_linear=0
shrinkage=0.03


Tree=47
num_leaves=31
num_cat=0
split_feature=109 76 84 79 105 92 94 109 115 72 111 67 120 65 93 122 60 64 72 93 95 115 121 41 72 67 28 65 82 113
split_gain=99.9199 47.9135 28.2011 20.3565 18.2113 17.7147 16.7935 17.9422 17.3994 16.7092 16.5184 15.6596 14.9335 30.0487 22.9471 22.1609 20.8343 25.308 18.7039 17.3258 23.746 17.1064 17.8672 17.0447 29.6211 19.9246 31.0388 18.0943 16.8508 16.5619
threshold=9.3883686375572395e-05 641.50000000000011 0.084514482563633267 743.25000000000034 0.066235611172624165 5.5980542156843383 7.2239635228036025 4.6542614077016351e-05 1.1822448309812932 3.5000000000000004 0.00046692554512498772 8.5000000000000018 1.9615384615384619 17.500000000000004 4.6732354316351907 8511.5000000000018 38617.739851234401 8.5000000000000018 44.500000000000007 3.577507998040105 0.25085034013605451 3.1933770412189646 9.5000000000000018 2.5000000000000004 5.5000000000000009 145.50000000000003 205.50000000000003 32.500000000000007 0.055544377375363295 1.3825736474839625
decision_type=2 2 8 2 10 10 10 2 8 2 2 2 2 2 10 10 2 2 2 10 10 8 2 2 2 2 2 2 10 10
left_child=1 4 3 9 5 -1 7 8 -7 10 -2 -3 14 -14 19 23 17 -17 21 -4 -21 22 28 24 27 -25 -27 -15 -19 -29
right_child=2 11 12 -5 -6 6 -8 -9 -10 -11 -12 -13 13 15 -16 16 -18 18 -20 20 -22 -23 -24 25 -26 26 -28 29 -30 -31
leaf_value=-0.005618484769341397 0.0045671897856334907 -0.023091385403768795 0.0032260641642410551 -0.015206855713387552 0.03905391361362693 0.076541368224672335 -0.012228081841366046 -0.0085776746765461338 -0.0052667841387606506 -0.018990564735660777 0.039429144594921528 0.007475067524617688 -0.0066958454474842577 0.013121422932411744 0.0058259373583057677 -0.0014635431788116206 -0.0051916495146533421 -0.0043111129917148654 0.002345509127749485 -0.004101787556745189 0.081038181551222166 -0.0056425476753582246 -0.0051135265690005708 0.0026466595613588093 -0.0035349601251459229 0.049835228623891004 0.0029945461050762535 0.075405140130492238 0.11200475671348084 0.0015531030234089388
leaf_weight=84.59603499431978 40.86441372455738 168.5339113267255 5.7793461989931556 51.680231287013157 7.152802058029919 4.8502507379889703 5.1114314008009378 3.3862146075989585 2.271665840773494 11.192546400488935 13.497487038810503 14.206030168745199 57.4759286626213 14.35353587716236 19.202756655591656 5.4961537612980527 5.851160831123706 0.83565491664921321 3.3348136400018111 3.0740664281329364 10.364798206908743 1.1446036436100264 1.0235594316327485 137.61033839489392 16.314039749646327 18.814826856309082 28.839146574115148 12.002645277141708 7.4465631357743405 3.5108642319828496
leaf_count=114993 67682 993751 2852 161884 6747 5969 8446 3074 3518 13913 6837 42910 70096 10660 29109 5582 4983 836 1485 2049 7163 387 632 74860 10005 2718 6715 5121 3765 1391
internal_value=0.00229775 -0.0114272 0.0108058 -0.00188672 0.00437219 0.000158549 0.0252224 0.0415085 0.059038 0.00894778 0.0158151 -0.0205794 0.0149948 0.0124508 0.0319614 0.0167858 0.0415264 0.0538533 0.0704274 0.0514816 0.0657317 0.0843632 0.0935366 0.0132779 0.0287979 0.00875409 0.0244644 0.0444331 0.103064 0.063144
internal_weight=759.818 290.108 469.709 117.235 107.368 100.216 15.6196 10.5081 7.12192 65.5544 54.3619 182.74 352.475 314.054 38.421 256.578 25.1325 19.2813 13.7852 19.2182 13.4389 10.4504 9.30578 231.445 46.1811 185.264 47.654 29.867 8.28222 15.5135
internal_count=1670133 1179408 490725 250316 142747 136000 21007 12561 9487 88432 74519 1036661 240409 199236 41173 129140 17670 12687 7105 12064 9212 5620 5233 111470 27177 84293 9433 17172 4601 6512
is_linear=0
shrinkage=0.03


Tree=48
num_leaves=31
num_cat=0
split_feature=110 75 84 111 115 28 80 118 94 0 109 36 70 122 122 77 88 83 74 122 57 48 101 96 54 85 57 62 72 112
split_gain=86.8126 66.1682 22.8308 26.1517 26.835 23.881 23.7879 22.1601 30.9567 21.5123 20.2164 23.6768 24.2336 18.3656 18.0528 17.2316 17.0256 16.7998 16.4162 15.4874 17.5909 14.9293 14.8472 23.2946 15.4146 27.7241 18.7827 17.7532 24.2963 14.7859
threshold=7.0652518341915546e-05 200.50000000000003 0.17145146520146523 0.00016413974091390862 2.1681733889661574 19.500000000000004 276.99518406045519 -0.52917187409956656 -3.7347695491138926 8.5000000000000018 0.00096027746339944072 251.50000000000003 2.5000000000000004 2822.5000000000005 4666.5000000000009 17.500000000000004 -0.47692307692307673 0.043492169462293812 1.0000000180025095e-35 1474.5000000000002 785.75000000000011 1.0000000180025095e-35 0.051355311355311357 0.01333526626075191 127.50000000000001 0.54549434803375274 -36.749999999999979 48.500000000000007 16.500000000000004 2.9255225080385858
decision_type=2 2 10 2 10 2 2 10 10 2 2 2 2 8 10 2 10 10 2 8 2 2 10 8 2 10 2 2 2 10
left_child=1 9 6 4 5 15 7 8 -2 14 19 12 -12 -3 -1 -4 -9 -17 -14 20 -8 -10 24 -24 26 -26 -5 -27 -29 -19
right_child=2 13 3 22 -6 -7 10 16 21 -11 11 -13 18 -15 -16 17 -18 29 -20 -21 -22 -23 23 -25 25 27 -28 28 -30 -31
leaf_value=0.0099008316313183992 -0.0046013761234683492 0.014408695897543327 -0.0057045380690306825 0.013841085723117069 -0.0024778539559483555 -0.0086080445479169623 0.00018853280230766658 0.032036043233500115 -0.0055948444709714206 0.051011040697834187 -0.0093506493922557495 -0.010581137412250047 0.04894283478146759 -0.02129656531541867 -0.015851396585777736 -0.0048767797330645946 -0.0078796709873011923 0.11096262600063651 -0.011088471609462927 -0.011386525777227055 0.047799139917207648 0.087129055987552051 0.063965636581258714 -0.0081439423669776058 0.005236487944075675 0.06927478603025955 -0.015630643739966057 -0.018180914113815286 0.035961582379232124 -0.0038919789427539174
leaf_weight=104.46870112849865 5.5521418956341222 10.501905596465802 1.1671599331311906 38.983326953268261 5.8880888000130644 2.0065059569024006 33.218579711829079 10.390704859571995 1.1425459178280997 4.6190312292164881 9.3929244722239655 18.049035137431929 23.030239716987129 191.34151002095314 26.782627026026603 0.96848418908484557 21.799584086038521 6.9068794472404988 2.8946858804265494 101.06903085147496 3.8572075492120339 6.5031081239576451 7.3823336629429805 4.4709066107752742 53.548571494146017 8.2486264717590512 29.921430905189482 7.449902752647179 17.477227377181407 0.74121674959314976
leaf_count=70548 6432 7768 967 12109 10425 2558 5006 5470 1036 5220 8085 14977 15685 1103568 95955 1697 18012 10086 1692 229516 935 5618 1154 775 9062 1939 16936 2114 3055 895
internal_value=0.00284276 -0.0084249 0.0118517 0.0196228 0.0505899 0.0699379 0.00549775 0.0238394 0.050519 0.00760067 0.000654851 0.0155203 0.0285173 -0.0191354 0.00425708 0.0835097 0.00757954 0.0932515 0.0415309 -0.00542936 0.0102333 0.0765392 0.0149824 0.0424199 0.0116373 0.0196933 0.000851536 0.0392857 0.0194461 0.102693
internal_weight=759.774 337.714 422.06 185.161 17.6783 11.7902 236.9 45.3881 13.1978 135.87 191.512 53.3669 35.3179 201.843 131.251 9.78374 32.1903 8.61658 25.9249 138.145 37.0758 7.64565 167.482 11.8532 155.629 86.7243 68.9048 33.1758 24.9271 7.6481
internal_count=1669295 1283059 386236 73772 26628 16203 312464 36568 13086 171723 275896 40439 25462 1111336 166503 13645 23482 12678 17377 235457 5941 6654 47144 1929 45215 16170 29045 7108 5169 10981
is_linear=0
shrinkage=0.03


Tree=49
num_leaves=31
num_cat=0
split_feature=109 75 90 83 122 67 93 85 73 73 72 69 48 59 117 83 85 122 79 76 53 68 113 79 51 93 51 65 78 122
split_gain=81.2989 37.2265 25.5041 24.8349 22.582 20.2889 19.868 19.6604 19.2727 21.2119 19.4974 25.9397 22.4933 23.2245 18.319 18.8485 17.755 29.7494 17.4827 18.8563 27.289 17.4052 17.1006 15.7483 15.7198 15.296 15.2931 28.728 15.5061 14.6439
threshold=7.0081770155602224e-05 202.50000000000003 1.5549373162049218 0.08229532221482494 15239.000000000002 8.5000000000000018 -2.3889768124870638 0.25023364485981314 1557.0000000000002 2549.5000000000005 50.500000000000007 6.5000000000000009 14.500000000000002 2686.0973669575183 1.1975029737809642 0.4167333333333334 0.15010729613733909 653.00000000000011 19.800000000000018 2479.5000000000005 30.500000000000004 5.5000000000000009 4.1694921265427736 234.54999999999998 8807.5000000000018 5.0492862815050019 227.50000000000003 8.5000000000000018 127.50000000000001 1257.5000000000002
decision_type=2 2 10 10 8 2 10 10 2 2 2 2 2 2 10 10 10 8 2 2 2 2 10 2 2 10 2 2 2 10
left_child=1 29 3 18 23 -3 -6 16 10 -10 11 14 13 -13 15 -9 -5 -18 -2 -20 21 -21 -8 25 -15 -4 -16 28 -28 -1
right_child=2 5 4 7 6 -7 22 8 9 -11 -12 12 -14 24 26 -17 17 -19 19 20 -22 -23 -24 -25 -26 -27 27 -29 -30 -31
leaf_value=0.0083878942445789785 0.068233384826283175 -0.0249768964895766 0.062215273676827082 0.0050000697294853074 0.041947176052357517 0.013960971047736623 -0.020794582630078683 -0.0060877424865777704 0.051677446426236763 -0.011510016664473583 -0.011627639819437348 0.0088224539772481184 0.0093403301695266592 0.074781250947018554 -0.009838077014694354 0.036976558015018625 -0.010443128310995642 0.070267701086170933 -0.0089404515729855812 0.081562494232063187 0.0023233199868312048 -0.0071047133069731851 0.023783778627838412 0.001862193978547786 -0.0070152153034291559 -0.007060401582455759 0.082172121158996914 0.0039537305496805336 -0.0063851760153420941 -0.014268526849629284
leaf_weight=73.765127133287024 5.9701945216802406 138.20059586134448 4.1060906923958091 15.412489244277824 0.83636282029328768 10.010195607086642 69.746533612444182 138.9023106181703 10.983278024912577 4.602228198258671 50.749128661176655 13.336698551647716 58.97913475317182 10.689532706455791 8.2828018882864871 4.8034939297358497 4.0744517607963644 9.9053782120172382 12.037262433907019 5.2124026821547913 12.563402719228177 1.5454026264487764 4.4770470273797391 30.716876596634393 1.512862442745244 2.8409456471854355 4.8733568572788526 15.153291604161494 1.3432629161834482 33.114744899488869
leaf_count=50282 3077 897133 3901 8296 1491 32279 246885 139742 1909 1353 23406 6058 19364 2908 4390 1772 337 4833 17889 8302 11470 1963 9584 37595 944 3445 5794 11156 1892 109832
internal_value=0.00115463 -0.0124969 0.00812369 0.0117156 -0.00430172 -0.0219772 -0.0135412 0.00896565 0.00656251 0.0347552 0.0046074 0.00796278 0.021079 0.0422203 0.00115652 -0.0034534 0.0306657 0.0501902 0.0336288 0.0185632 0.0340136 0.0668871 -0.0167743 0.0135405 0.0655486 0.042787 0.0207723 0.0322524 0.0687205 0.00104427
internal_weight=758.747 255.091 503.656 390.932 112.724 148.211 75.0599 353.604 324.211 15.5855 308.626 257.877 84.5182 25.5391 173.359 143.706 29.3923 13.9798 37.3287 31.3585 19.3212 6.75781 74.2236 37.6639 12.2024 6.94704 29.6527 21.3699 6.21662 106.88
internal_count=1669282 1089526 579756 276855 302901 929412 257960 234154 220688 3262 217426 194020 29274 9910 164746 141514 13466 5170 42701 39624 21735 10265 256469 44941 3852 7346 23232 18842 7686 160114
is_linear=0
shrinkage=0.03


Tree=50
num_leaves=31
num_cat=0
split_feature=109 76 122 122 67 97 76 51 79 65 113 92 109 120 70 120 118 95 66 122 118 122 56 111 79 91 122 63 73 68
split_gain=70.608 49.6466 27.1858 26.2643 22.0701 20.9132 20.0519 23.9362 18.6387 17.4604 16.6815 16.5752 25.2233 20.9979 16.2326 15.2452 15.1058 29.2492 25.2241 21.3524 21.2169 20.2397 16.972 20.2477 25.9528 20.1886 20.4417 16.1994 16.9821 15.9995
threshold=9.178754275057458e-05 338.50000000000006 4666.5000000000009 337.50000000000006 8.5000000000000018 0.18212530712530714 936.50000000000011 227.50000000000003 -103.69999999999995 43.500000000000007 0.70159650538776341 5.5980542156843383 1.5960650963861679e-05 0.1153846153846154 2.5000000000000004 2.192307692307693 -1.0380811936617913 0.48783774899743609 1.5000000000000002 912.00000000000011 -0.46857610567050484 509.50000000000006 38697.500000000007 0.00017501867845638001 1670.8500000000004 3.1600289435600586 15239.000000000002 113.50000000000001 1.5000000000000002 24.500000000000004
decision_type=2 2 10 10 2 10 2 2 2 2 8 10 2 2 2 2 8 8 2 10 10 10 2 2 2 10 8 2 2 2
left_child=1 2 11 5 -3 6 7 -2 -7 -10 -6 -1 13 -13 -8 -9 29 18 -18 21 -21 -20 23 24 25 26 -19 28 -22 -5
right_child=3 4 -4 16 10 8 14 15 9 -11 -12 12 -14 -15 -16 -17 17 22 19 20 27 -23 -24 -25 -26 -27 -28 -29 -30 -31
leaf_value=0.0089254613276112497 -0.0031340012583315016 -0.020911359594051195 -0.022701204810774124 0.043157257019485126 0.043468592935675697 -0.0069774965892996392 -0.020882487154867999 0.053497644127773233 0.0084320498330836581 0.076028085045172583 -0.0092806644549064 -0.0065812016095657929 -0.00046009636533805441 0.10024552248950347 -0.00019342603526088637 -0.010126627761959229 -0.008564322224473472 0.063970938374077579 0.04078894994053596 -0.0054202124017223288 -0.0064545229789505706 -0.019034639560930346 0.038048810673482591 6.7542487238437095e-05 -0.015300059107460665 -0.012117228613217745 -0.010171063418139843 0.0020436363623355276 0.082478558622843923 -0.0060316406796764709
leaf_weight=63.458469210949261 23.839187495148508 176.26865334909235 15.534634535375515 24.776464987677176 4.3902062618290048 7.8697674805735032 47.406994580043829 10.735277013372977 8.2253282601450319 3.4709000924776765 9.4726172095251968 1.4009696127613991 6.1477238879888318 2.1374856404145248 98.143786492597428 2.5301170744933179 8.879564723451038 13.817206788226029 3.4320936321746549 3.4961170900642164 1.3668075153691557 8.070111853478009 9.741602862486614 161.17827343875251 7.2310873943788456 3.3820586375077246 2.5626875811431189 3.3858714817324644 15.994143943316883 6.0342134980164692
leaf_count=45504 13711 1014644 64868 15506 12108 3643 168964 9126 10084 1580 29716 1153 3076 1287 152560 2763 6529 13485 281 1543 1758 659 871 52819 17469 6886 7288 1188 5859 1596
internal_value=0.00235663 -0.00952607 0.0086797 0.0093497 -0.0180223 0.00109337 -0.00234033 0.0160354 0.0271002 0.0452523 0.0145187 0.0163705 0.0455017 0.0788638 -0.00740175 0.0419123 0.0153283 0.0123137 0.0330046 0.0431146 0.0568191 0.00576598 0.00695005 0.0043969 0.0261973 0.0414049 0.0527053 0.0663231 0.0755993 0.0340266
internal_weight=754.38 278.811 88.6793 475.57 190.131 202.221 182.655 37.1046 19.566 11.6962 13.8628 73.1446 9.68618 3.53846 145.551 13.2654 273.348 242.538 44.6247 35.7451 24.2429 11.5022 197.913 188.171 26.993 19.762 16.3799 20.7468 17.361 30.8107
internal_count=1668524 1172356 115888 496168 1056468 362431 347124 25600 15307 11664 41824 51020 5516 2440 321524 11889 133737 116635 17817 11288 10348 940 98818 97947 45128 27659 20773 8805 7617 17102
is_linear=0
shrinkage=0.03


Tree=51
num_leaves=31
num_cat=0
split_feature=109 75 69 118 105 76 75 51 121 61 105 122 70 122 79 38 105 67 118 92 57 53 122 92 94 57 67 75 76 122
split_gain=73.7146 49.2234 28.2023 28.3293 31.6914 28.4838 25.3111 24.3162 24.1558 22.4026 19.9436 20.0953 19.8429 22.3589 17.3657 18.98 17.0019 16.6972 16.3475 16.409 16.2796 15.9373 15.9236 21.8493 21.0422 15.9359 15.6867 17.6295 15.4777 15.3854
threshold=9.8040865836300487e-05 202.50000000000003 1.5000000000000002 -0.84573872716602605 0.085742133110554175 16949.000000000004 127.50000000000001 217.50000000000003 7.5000000000000009 4222.5000000000009 0.066235611172624165 2822.5000000000005 3.5000000000000004 8784.5000000000018 3777.1500000000001 30.500000000000004 0.025651306725885718 8.5000000000000018 -2.8368884206411686 4.4718497596467257 410.75000000000011 1.0000000180025095e-35 1396.5000000000002 5.1766309130893022 5.7171422065602018 -66.949999999999974 20.500000000000004 220.50000000000003 13367.500000000002 3688.5000000000005
decision_type=2 2 2 8 10 2 2 2 2 2 10 10 2 8 2 2 8 2 10 10 2 2 8 8 10 2 2 2 2 8
left_child=1 10 6 4 18 12 7 21 22 -7 11 -1 26 20 15 -15 -10 -3 -4 -20 28 -2 23 -8 25 -25 27 -5 -14 -9
right_child=2 17 3 5 -6 9 8 29 16 -11 -12 -13 13 14 -16 -17 -18 -19 19 -21 -22 -23 -24 24 -26 -27 -28 -29 -30 -31
leaf_value=0.0073987442344200524 0.02849672973880318 -0.023486945003420679 -0.0080662273329584529 0.034909979796481659 0.0055736495741322816 -0.007577154423783595 -0.0083299029795461197 -0.0081539579404389852 0.057124822167688237 0.019933105389027719 0.037382952997847579 -0.020470831032675552 0.011744273405515496 0.076840274853746768 -0.0063131570721025121 -0.00086413249377813924 -0.001923150786411714 0.0076421031608914633 0.074772338622834347 -0.0044650724339418482 -0.015830476102211593 -0.01063348230213383 -0.01278787047978429 -0.0071678680567067886 -0.0065501447134370732 0.078018350023092861 0.039207123733819807 -0.0078986994228307985 0.057790532019312994 0.067073740667586909
leaf_weight=84.649493772420101 10.342536229494728 146.88401559948397 1.8190038970642515 5.5665094411961027 17.494511042939848 84.796572059800383 20.897733624617103 1.8278444446041247 4.2874936635489549 32.884000951686176 9.6774574844603176 26.45523093517113 29.712015138968127 13.505295023904187 2.5947347472101674 3.2094459047075352 7.726569507489331 14.916862742029478 16.342847260952116 2.0339086019812376 7.581985735858324 19.541498355640215 121.8686071819975 1.5396051376592366 5.1717013895395212 3.8684707016800548 6.1872819384589084 42.939183176131337 5.1891719363920847 6.9971800445637182
leaf_count=60856 5676 976040 1542 1707 6577 59525 3271 381 2831 10596 11002 99847 3033 14003 4075 1664 2488 44386 11013 2250 2385 8364 295229 172 1559 778 969 35051 436 1617
internal_value=0.0021313 -0.00989982 0.00930348 0.0155411 0.0382949 0.0111547 0.000820977 0.0211689 -0.00442375 0.000609251 0.00451626 0.000166909 0.0213447 0.0324023 0.0562296 0.0651566 0.0297443 -0.020474 0.0599087 0.0669232 0.0167918 0.00505247 -0.00795537 0.00994247 0.0371252 0.0619738 0.0071841 -0.000182795 0.0249743 0.0541787
internal_weight=758.509 282.583 475.926 271.856 37.6903 234.166 204.069 38.7091 165.36 117.681 120.782 111.105 116.486 61.7926 19.3095 16.7147 12.0141 161.801 20.1958 18.3768 42.4832 29.884 153.346 31.4775 10.5798 5.40808 54.693 48.5057 34.9012 8.82502
internal_count=1669323 1192131 477192 154826 21382 133444 322366 16038 306328 70121 171705 160703 63323 25596 19742 15667 5319 1020426 14805 13263 5854 14040 301009 5780 2509 950 37727 36758 3469 1998
is_linear=0
shrinkage=0.03


Tree=52
num_leaves=31
num_cat=0
split_feature=109 75 93 99 117 75 70 94 94 109 115 58 70 95 118 113 79 67 53 85 77 53 34 119 67 72 104 122 122 83
split_gain=81.0613 44.3149 25.5928 17.0157 16.5001 18.7478 17.0268 16.4858 18.6115 18.8993 22.8462 18.8136 16.2834 16.0443 21.5906 27.8583 21.0648 19.0996 22.9025 18.2172 17.9448 15.9628 15.3657 14.9904 14.4472 14.2506 14.0424 14.0111 13.1462 20.5767
threshold=9.178754275057458e-05 202.50000000000003 5.8088212890104129 0.069019650300438481 -0.87376335713232389 11900.000000000002 1.0000000180025095e-35 5.4674694694687602 7.2239635228036025 4.6542614077016351e-05 2.786730228196312 234.95000000000007 29.500000000000004 0.41941524707019456 0.23219103182956113 0.67918463257814132 -210.84999999999994 108.50000000000001 93.500000000000014 0.83343763037129759 644.50000000000011 39.500000000000007 6.6666666666666758 0.30451766304347833 8.5000000000000018 19.500000000000004 0.027788632106484069 3688.5000000000005 15239.000000000002 0.099646214115556159
decision_type=2 2 10 8 8 2 2 10 10 2 8 2 2 10 10 10 2 2 2 10 2 2 2 8 2 2 10 10 8 10
left_child=1 7 3 13 -5 6 -6 -1 9 10 11 22 -4 14 -2 -16 -17 18 20 -18 21 28 -9 26 -3 -22 -19 -20 29 -15
right_child=2 24 12 4 5 -7 -8 8 -10 -11 -12 -13 -14 17 15 16 19 23 27 -21 25 -23 -24 -25 -26 -27 -28 -29 -30 -31
leaf_value=-0.0025791671436089323 0.0047828670364659298 -0.023809753706337998 -0.016639539015523452 0.0014609193852721061 0.0095035436517953934 -0.006595016980083219 0.067068713172758379 -0.0050177407665731076 -0.013728169902895731 -0.006515434157681398 -0.0078635020681742593 -0.0070488839395854682 0.023202624543721607 0.037626661424323062 -0.0028325135017209769 -0.0023605265680439551 0.10013894804839517 0.034598022159609422 -0.017827891786943197 -0.0054999473052765252 0.043779033650347646 -0.010008003697911891 0.096368042723718059 -0.0079872064052231729 0.0061445858904814171 -0.011510902786424396 -0.0097875418527508407 0.011551703961187074 4.8454315195109468e-05 0.0076291167119497934
leaf_weight=96.509530107359751 20.665239866881166 140.27731294314435 44.138514543097699 13.815112790718556 8.5951592315395882 4.9651493727287734 14.051510993071131 0.99838447106595118 6.0421730218222356 5.1969997944688648 3.1214796892018066 1.5328824834286932 6.7858550510572959 25.551751907536527 5.9830007292184737 2.5423642000096152 6.0390049786947184 42.266801993217086 50.953559859714005 1.1184670902875948 15.181012948582067 40.945438052469399 5.4403771228098776 9.6677715780679119 14.08267455967143 3.0510297189321127 5.2131052314653052 15.886606592321185 71.603655802406138 74.412302778466255
leaf_count=137591 17776 960893 107596 5930 6460 489 4731 759 11400 5094 4680 3512 4418 21438 7363 644 3557 10268 59042 1751 4343 40025 6426 1676 42081 962 1720 15930 163663 16871
internal_value=0.00231971 -0.0106236 0.0096682 0.0120374 0.0294814 0.0411275 0.0508908 0.00311907 0.0237112 0.0375606 0.0538185 0.0716926 -0.00973063 0.0098407 0.0277068 0.049455 0.0717001 0.00765037 0.00440824 0.0881584 0.00886604 0.00597341 0.0853257 0.0228202 -0.0209699 0.0340405 0.0292565 -0.010527 0.00996285 0.0167239
internal_weight=756.634 273.202 483.432 432.508 41.4269 27.6118 22.6467 118.842 22.3323 16.2901 11.0931 7.97164 50.9244 391.081 36.3481 15.6828 9.69984 354.733 297.585 7.15747 230.745 212.513 6.43876 57.1477 154.36 18.232 47.4799 66.8402 171.568 99.9641
internal_count=1669089 1172436 496653 384639 17610 11680 11191 169462 31871 20471 15377 10697 112014 367029 31091 13315 5952 335938 322274 5308 247302 241997 7185 13664 1002974 5305 11988 74972 201972 38309
is_linear=0
shrinkage=0.03


Tree=53
num_leaves=31
num_cat=0
split_feature=109 75 67 55 55 72 82 73 94 94 41 69 75 47 33 87 105 91 73 41 54 96 67 120 76 73 113 73 77 120
split_gain=64.7862 46.0709 24.0769 29.6362 28.3143 22.3428 26.6479 21.9473 21.7202 28.4754 20.2067 19.0664 33.8466 20.424 20.4165 19.6807 18.8133 22.3033 18.7768 15.6873 18.7784 15.4621 15.3757 14.9873 18.8039 24.5228 14.4864 14.475 30.2531 14.2788
threshold=9.3883686375572395e-05 202.50000000000003 74.500000000000014 650.50000000000011 284.50000000000006 16.500000000000004 0.13499555950266431 1557.0000000000002 5.3445823937499073 6.0928663842175519 59.500000000000007 5.5000000000000009 254.50000000000003 8.5000000000000018 298.55000000000007 0.31738367770804005 0.070816637065958213 0.97334947538337369 2549.5000000000005 16.500000000000004 94.500000000000014 0.023571584027857796 8.5000000000000018 380.1153846153847 200288.00000000003 372.50000000000006 1.2636620934647811 20.500000000000004 107.50000000000001 45.423076923076927
decision_type=2 2 2 2 2 2 8 2 10 8 2 2 2 2 2 8 8 10 2 2 2 10 2 2 2 2 10 2 2 2
left_child=1 8 4 5 11 -4 10 23 -1 -10 -7 12 14 16 15 -2 17 26 -9 20 -15 -14 -3 24 -5 -26 29 28 -23 -13
right_child=2 22 3 7 -6 6 -8 18 9 -11 -12 13 21 19 -16 -17 -18 -19 -20 -21 -22 27 -24 -25 25 -27 -28 -29 -30 -31
leaf_value=-0.0027937058547395427 0.0012814932804826517 -0.023500497335533287 0.0029137782151330981 -0.015893989456192293 -0.018946404985370053 0.10485483677391876 0.0071513172064126438 0.048666247245980121 0.056445553924063419 -0.0017574139562783835 0.0025581218792981681 0.070508456697196034 -0.0074446047245487973 -0.0070424186932881204 0.052952379472568492 0.032115513005030814 -0.0033233972423137555 -0.00025192172716486776 -0.010949254164322981 -0.0078298854712900989 0.087475471016613598 -0.012663592525287667 0.0069128856979952663 -0.019371231875613574 -0.015386947769176394 0.049427410117517667 0.0052833234076636298 -0.0080193705954347064 0.044648391979824301 -0.00030351978430101485
leaf_weight=95.114072612836026 54.014438741010963 137.98397928412305 7.6565323271788683 9.6150647477479652 35.061837433604524 6.5287665440118836 6.1945151707914201 12.685206758091228 9.5601057356543588 15.141382128858824 2.3468050171795767 10.107466310888414 154.68529613004648 1.5046033942926431 9.0672143454721645 23.79932572261896 33.510068649004097 17.080001467547845 4.3440415525983544 1.7374421115964649 4.1685266823042184 10.53541133530962 14.498028026922837 19.265712288528448 5.0887758826138461 10.347556234948568 7.5831447361415476 17.922776545397937 16.636996128378087 3.0349675862962604
leaf_count=136297 41987 966141 2874 2956 28269 2449 1372 1940 10528 23198 772 2722 286108 988 13475 11298 9029 19186 1308 792 1808 24192 42820 5354 1200 2429 1922 10417 13853 1251
internal_value=0.00179512 -0.00980405 0.00834732 0.0224978 0.00513568 0.048494 0.0651565 0.00993828 0.00406013 0.0264787 0.088475 0.00767111 0.00391593 0.0202942 0.0189966 0.0120817 0.0130471 0.0262509 0.0344252 0.0566823 0.070852 -0.00294607 -0.0204811 -0.00200729 0.0123476 0.0295236 0.0438959 0.0116877 0.0239125 0.058579
internal_weight=756.82 272.298 484.522 84.073 400.45 22.7266 15.0701 61.3464 119.816 24.7015 8.87557 365.388 286.661 78.7262 86.881 77.8138 71.3156 37.8056 17.0292 7.41057 5.67313 199.78 152.482 44.3171 25.0514 15.4363 20.7256 45.0952 27.1724 13.1424
internal_count=1668935 1178984 489951 22654 467297 7467 4593 15187 170023 33726 3221 439028 401330 37698 66760 53285 34110 25081 3248 3588 2796 334570 1008961 11939 6585 3629 5895 48462 38045 3973
is_linear=0
shrinkage=0.03


Tree=54
num_leaves=31
num_cat=0
split_feature=109 75 94 94 93 70 97 79 36 75 69 118 105 95 71 77 78 118 77 89 58 109 78 35 71 77 78 62 73 111
split_gain=67.3661 45.2465 21.2184 21.5772 18.9212 30.6062 17.9583 17.6196 17.1657 16.5612 29.2646 25.1001 41.7918 25.8448 21.1874 24.531 19.6423 18.0327 16.598 15.9707 15.3051 15.3548 23.2377 16.4403 15.0423 27.2512 31.7316 18.4984 17.8387 14.8853
threshold=9.8040865836300487e-05 202.50000000000003 5.4674694694687602 7.2239635228036025 5.8088212890104129 26.500000000000004 0.0925654627911352 1831.6500000000003 258.50000000000006 208.50000000000003 5.5000000000000009 -0.71097215244126544 0.085054508828060219 0.48783774899743609 1.5000000000000002 31.500000000000004 701.50000000000011 -2.6470967975915589 11.500000000000002 2.6788061457031547 261.85000000000008 4.6542614077016351e-05 1.5000000000000002 25.291069141210389 9.5000000000000018 164.50000000000003 114.50000000000001 12.500000000000002 14.500000000000002 4.3399756070012657e-05
decision_type=2 2 10 8 10 2 10 2 2 2 2 8 10 8 2 2 2 10 2 10 2 2 2 2 2 2 2 2 2 2
left_child=1 2 -1 20 9 -6 -3 -8 -7 14 24 12 17 16 -2 18 -13 -12 -16 -20 21 22 -4 -24 25 27 28 -11 -27 -25
right_child=4 6 3 -5 5 8 7 -9 -10 10 11 13 -14 -15 15 -17 -18 -19 19 -21 -22 -23 23 29 -26 26 -28 -29 -30 -31
leaf_value=-0.0018509536951184726 0.0096532803956047887 -0.023891127420463579 -0.0060233663564708941 -0.013748646801536268 -0.018340216805656354 0.056374745666724749 -0.0087321534892527072 0.042395327749417899 -0.0095025365600684576 -0.010287753378899854 -0.0078947947995637834 0.058433384789107201 0.00074209110665786836 0.0053938443075282711 0.013303592765043446 -0.010890169589031606 0.0027469261881232212 0.07320900554112901 0.082760818175273768 -0.0062762817864467947 -0.0081711146707987604 0.0015138064601814257 -0.0054462040789537034 0.10644436838869638 -0.0089512401794267053 0.090020668344825472 0.0091512272110246939 0.020779920952928094 -0.0037231077480914675 -0.0010132350580546736
leaf_weight=98.139706339337863 40.837142901233165 127.47287474285986 2.4993488828477002 6.056092200989954 41.087575747733354 4.3399296567367838 21.791586216437285 2.8730435471225055 3.7470012068661163 60.066814815087127 1.7634256298915705 11.496017550773105 15.21090430789627 124.22824865872099 8.7571341363509472 4.3264388654497443 9.5000301697145897 16.02604413844529 10.61957104380417 1.2931690184341267 3.2390722226846256 4.5019346705958005 1.101987602189183 5.108899266939261 79.820000985229854 3.9931399139022714 26.076210344894207 18.513129063518136 1.8116653304750796 1.2048917625215834
leaf_count=138702 20390 873812 3394 11552 102006 1797 131353 14839 3291 134893 1151 2863 4654 49321 3189 974 2684 5976 2596 488 6209 3339 886 6000 107323 4558 11338 17213 852 1037
internal_value=0.00293235 -0.00885195 0.00469439 0.027389 0.00963233 -0.00741749 -0.0195058 0.00336536 0.0338825 0.0116251 0.00891618 0.0174741 0.0394969 0.0113216 0.0250887 0.0444936 0.0386116 0.0652012 0.0559492 0.0740974 0.0414195 0.0517961 0.0664657 0.0834837 0.000658327 0.0076892 0.0289741 -0.00216308 0.0725795 0.0945526
internal_weight=757.503 273.989 121.852 23.7122 483.514 49.1745 152.138 24.6646 8.08693 434.339 368.506 178.225 33.0004 145.224 65.8335 24.9963 20.996 17.7895 20.6699 11.9127 17.6561 14.4171 9.91513 7.41578 190.281 110.461 31.881 78.5799 5.80481 6.31379
internal_count=1668680 1191123 171119 32417 477557 107094 1020004 146192 5088 370463 342826 66649 11781 54868 27637 7247 5547 7127 6273 3084 20865 14656 11317 7923 276177 168854 16748 152106 5410 7037
is_linear=0
shrinkage=0.03


Tree=55
num_leaves=31
num_cat=0
split_feature=110 75 122 105 84 111 70 118 105 40 7 80 53 103 71 65 97 79 122 103 115 103 78 83 2 83 52 79 78 34
split_gain=52.2884 46.4198 19.3762 17.9162 17.368 18.404 17.68 25.2637 38.4356 19.3207 17.1219 17.0378 16.8424 16.17 17.3387 16.6874 16.1396 20.5714 15.4333 15.1553 13.4157 13.3928 13.1605 13.0554 12.9808 12.9086 12.1547 11.8183 11.6311 14.3351
threshold=7.2163782922136702e-05 202.50000000000003 2822.5000000000005 0.40031545741324931 0.16674221819280752 0.00017501867845638001 13.500000000000002 -0.49179723121316915 0.079263151400485357 9.5000000000000018 13.550000000000006 319.12556660829654 34.500000000000007 0.010641201337916939 237.50000000000003 36.500000000000007 0.083320802005012545 1831.6500000000003 847.50000000000011 0.037975928942557254 3.0591736694677878 0.020419745650814242 40.500000000000007 0.080909505968926682 11.500000000000002 0.046400296178162569 4.5000000000000009 234.54999999999998 245.50000000000003 485.22532848519728
decision_type=2 2 8 10 10 2 2 10 10 2 2 2 2 10 2 2 10 2 8 10 10 10 2 10 2 10 2 2 2 2
left_child=1 10 22 4 6 11 12 8 13 24 27 -6 18 -8 15 -15 -4 -18 19 -2 25 26 -3 -19 -9 -13 -5 -1 -20 -30
right_child=3 2 16 21 5 -7 7 9 -10 -11 -12 20 -14 14 -16 -17 17 23 28 -21 -22 -23 -24 -25 -26 -27 -28 -29 29 -31
leaf_value=0.0054997599665550182 0.042915632614941336 0.043586249873660353 -0.02365855281889365 -0.0065118023427543229 -0.011801168652837295 0.010032986167974515 -0.0071917235021865134 -0.010119399590656844 -0.011007770495884783 -0.0059582020588342267 0.035101390042498064 -0.0070459014198835847 -0.018514278074354074 -0.0050663576953135598 0.0013862933365709012 0.10055341842237299 -0.011623282401212803 -0.0066155366197545584 -0.0065858655162468619 -0.011075723314314759 -0.0040757853966644645 -0.0092399555708057041 -0.0070716401905720483 0.060967317609578894 0.050495569893337089 0.064799044727503682 0.051759037933518208 -0.020271875759248537 -0.011639051734571223 0.051450170408396383
leaf_weight=117.98417094620527 9.3265957407420483 3.1488568514323552 136.81293020861631 2.6405520096886965 3.2248273236327831 176.33182057629165 1.568440374147033 2.5194866238452951 7.5092084284260627 50.518972442427184 11.102256646889144 1.5306365316064354 46.677441016203375 1.0048356083861998 2.5755582313868217 6.2212229053693591 26.0063908835582 2.6964100773475357 75.2769581037428 4.4199701343022744 3.0947801280417471 3.5761713779647826 8.0086986937676539 1.9253526542452162 5.4139338811510243 12.689995480628566 13.957269023871048 13.459084835238171 3.135801609590998 2.3603202102531213
leaf_count=138925 1386 2380 923411 1475 3403 47290 1792 2759 4100 39520 13965 2556 79054 1530 1673 5392 153102 13187 145686 832 6064 2083 5436 8463 6197 16105 5596 28201 4950 2985
internal_value=0.00233632 -0.00678718 -0.0167811 0.00906366 0.00747146 0.0138183 0.00157242 0.0126615 0.0386727 0.00187497 0.00587883 0.0379881 -0.00472626 0.064824 0.0748845 0.0898008 -0.0193932 0.00030617 0.00267088 0.0272318 0.0478274 0.0338529 0.0162887 0.03859 0.0347754 0.0572448 0.0431273 0.00221472 -0.00285284 0.0270573
internal_weight=756.719 321.144 178.599 435.575 415.401 196.872 218.529 77.3317 18.8793 58.4524 142.546 20.5402 141.197 11.3701 9.80162 7.22606 167.441 30.6282 94.5196 13.7466 17.3154 20.174 11.1576 4.62176 7.93342 14.2206 16.5978 131.443 80.7731 5.49612
internal_count=1669498 1287070 1105979 382428 373274 75418 297856 62963 14487 48476 181091 28128 234893 10387 8595 6922 1098163 174752 155839 2218 24725 9154 7816 21650 8956 18661 7071 167126 153621 7935
is_linear=0
shrinkage=0.03


Tree=56
num_leaves=31
num_cat=0
split_feature=110 75 122 97 122 111 83 65 109 34 26 34 95 118 117 118 69 66 105 78 78 70 70 93 95 90 86 69 72 27
split_gain=60.0012 45.6678 23.8257 17.0181 16.8287 20.9108 16.499 16.4683 17.4102 16.752 18.0277 15.8994 17.8491 31.1831 29.8441 15.9615 20.8929 15.7264 20.4123 26.1187 20.85 30.9798 30.6226 24.9395 15.6784 16.8594 14.8747 14.4779 21.281 17.8179
threshold=7.0652518341915546e-05 202.50000000000003 653.00000000000011 0.083320802005012545 15239.000000000002 0.00012937703719728555 0.45628033980582533 2.5000000000000004 1.0508755433833217e-05 11.059422009818039 17.500000000000004 -2843.6326269754113 0.50724887901353199 -0.028077310432185195 -0.2596551055993056 -0.89866167056014812 22.500000000000004 1.5000000000000002 0.025481571949786657 86.500000000000014 125.50000000000001 26.500000000000004 54.500000000000007 5.4223684773904104 0.55264648030041141 -0.9646446078431371 0.66743471582181269 4.5000000000000009 2.5000000000000004 147.50000000000003
decision_type=2 2 10 10 8 2 10 2 2 2 2 2 10 10 10 8 2 2 10 2 2 2 2 10 8 8 10 2 2 2
left_child=1 2 7 -3 5 -2 17 8 9 -1 -11 15 13 -13 -15 16 -6 -7 19 -19 23 -22 -23 -21 -9 -26 -14 28 -20 -29
right_child=4 3 -4 -5 11 6 -8 24 -10 10 -12 12 26 14 -16 -17 -18 18 27 20 21 22 -24 -25 25 -27 -28 29 -30 -31
leaf_value=0.010357753683042203 0.044628761225180828 -0.021488966143241226 -0.010603412587661735 0.0016703773292949873 -0.0094924273315711467 -0.010797787591218267 0.041450450559025825 -0.0048990101664011998 -0.0043089530197500192 0.084640977821313676 -0.0074660948454889154 -0.013022833100498704 -0.010224488755872195 -0.0039652680415819888 0.067821560699207459 0.00099661953109249075 0.075985762070547622 -0.011103979619625805 0.012143648538018227 0.10521426113819878 -0.0067276949434763407 0.072478577783772979 -0.0025888716413430242 -0.0070934374198533328 -0.0086440753541532182 0.06730190482885795 0.026511224690722042 0.027327271412367619 -0.021350548384574588 0.0041149023434321362
leaf_weight=29.890609012334608 15.068470034821074 139.3708038644545 49.04820468838443 34.739463845267892 2.3027732930349885 25.726621617737692 11.639758007600902 4.4766090523480644 46.139421094150748 1.5387854875152691 1.6510638484178342 14.367056185961703 103.93122649706493 7.6476942730223554 8.4736828912282345 11.400452601141298 3.1952895831054775 9.1609755683020904 30.231900105209206 2.7498818687308804 15.379966442706065 9.265505239687629 6.9341946481872574 1.5378503649844786 1.9998013567965243 7.9138865098793758 6.1319397118058978 44.597371229654527 28.438468466687482 79.915397498567472
leaf_count=22479 18754 925563 127188 176210 1940 8928 1197 1705 21749 775 2837 25278 242744 11742 12056 5275 996 4488 7079 749 5528 1907 1808 874 663 3504 8485 4953 8394 13507
internal_value=0.00304061 -0.00684366 0.00564766 -0.0169504 0.0101841 0.0145284 0.0120274 0.0142685 0.00765642 0.0227198 0.0615142 0.00223173 -0.00142358 0.0172293 0.0408901 0.0260177 0.0527149 0.00990441 0.0124197 0.0295376 0.0400064 0.0236726 0.0473142 0.0827998 0.0393081 0.0542201 -0.00711474 0.0075389 -0.00449323 0.013163
internal_weight=754.865 316.769 142.658 174.11 438.096 280.646 265.578 93.6102 79.2199 33.0805 3.18985 157.45 140.552 30.4884 16.1214 16.8985 5.49806 253.938 228.212 45.0284 35.8674 31.5797 16.1997 4.28773 14.3903 9.91369 110.063 183.183 58.6704 124.513
internal_count=1669355 1282673 180900 1101773 386682 78166 59412 53712 47840 26091 3612 308516 300305 49076 23798 8211 2936 58215 49287 15354 10866 9243 3715 1623 5872 4167 251229 33933 15473 18460
is_linear=0
shrinkage=0.03


Tree=57
num_leaves=31
num_cat=0
split_feature=90 107 111 79 78 122 87 122 8 41 115 78 79 53 54 64 63 122 122 30 80 76 83 9 116 122 32 91 93 83
split_gain=57.7194 28.2939 25.1055 29.5527 18.9505 20.6765 16.0919 16.896 20.2277 16.0833 18.4691 14.5361 14.3503 13.2892 21.8703 19.2266 18.5521 15.9428 12.8098 12.759 12.6111 12.5635 12.3649 13.4384 12.254 11.8659 11.4575 11.354 11.3151 11.2408
threshold=1.2099560283952231 3.1165246517313409e-05 9.5106870412322032e-05 291.75000000000006 14.500000000000002 718.50000000000011 0.081090368719234709 912.00000000000011 -9.9999999999999929 2.5000000000000004 0.35146313988184819 43.500000000000007 -378.69999999999999 13.500000000000002 18.500000000000004 69.500000000000014 333.50000000000006 2822.5000000000005 3860.5000000000005 10.500000000000002 1200.1465583164652 2344.5000000000005 0.11882563724706489 95.075239190979588 -3.6569631207562239 6262.5000000000009 52.350000000000001 -4.5614703049759227 4.3682292464916568 0.24726273726273731
decision_type=10 2 2 2 2 8 10 10 2 2 8 2 2 2 2 2 2 10 10 2 2 2 10 2 10 10 2 10 10 10
left_child=1 4 3 28 25 -6 9 27 24 10 11 -3 -11 14 18 -15 -17 -16 -4 21 -20 -12 23 -10 -9 -1 -7 -8 -2 -29
right_child=2 6 13 -5 5 26 7 8 22 12 19 -13 -14 15 17 16 -18 -19 20 -21 -22 -23 -24 -25 -26 -27 -28 29 -30 -31
leaf_value=0.014310666137552289 -0.012808322064386184 0.031534543467887491 -0.011486396707570215 -0.023030715641472889 0.027439894650912268 -0.022408708798991227 0.027932784703668213 -0.0058492112281596951 -0.011948838048958623 0.038409607173649545 0.021839549864790007 -0.013046400728382587 -0.0015049147351381272 -0.0097569318134854144 0.071840924873247072 0.058434523253736548 -0.012024822362652843 -0.0079225338232423431 0.051282146323348467 -0.00350818640844483 -0.010416773698985098 0.099374957860595747 -0.0052340438672358611 0.044205640917454436 0.03145984880024609 -0.017011299326477828 0.010302943148147663 0.0059619004080253496 0.011678429286946729 -0.011820614182091486
leaf_weight=55.771347021844122 22.836894305568421 11.528758840097003 15.985608506525756 115.40418941853568 5.9071345750999171 57.377577230829047 10.925800882061592 7.2901531065290319 3.2524004991864768 6.3209743152110596 7.1068462222610815 7.3175926481781053 27.320241953042569 54.11383483793179 4.1233079512458053 3.1379145207756656 3.3256523298041429 1.7907363468984838 2.3793758516985681 1.7885061660490453 2.6572604329703609 4.0279298129171366 39.23047144850716 5.8790516148146708 67.994927620122326 8.8506507477577525 8.3848962288175226 115.42418040263874 38.84076661861036 38.613375436383649
leaf_count=56329 52549 12362 31091 750190 1412 245449 5836 3271 1993 1672 8587 12415 23134 95249 5570 2094 2211 2367 2770 4502 6247 7359 19026 2071 19526 36571 48465 106855 69627 32533
internal_value=0.00318573 0.00924773 -0.00801071 -0.0143757 -0.00231115 -0.0125292 0.0136679 0.0102946 0.0184639 0.0267638 0.0407475 0.0151187 0.00999438 0.00494949 0.0206425 -0.0030704 0.032749 0.0551241 0.00221415 0.0634785 0.0297576 0.071991 0.00282607 0.0270538 0.0277078 0.00910719 -0.0178046 0.0038083 0.00233133 0.00127278
internal_weight=754.908 490.313 264.596 177.082 136.292 71.6696 354.021 288.61 123.647 65.4108 31.7696 18.8464 33.6412 87.5137 26.9363 60.5774 6.46357 5.91404 21.0222 12.9233 5.03664 11.1348 48.3619 9.13145 75.2851 64.622 65.7625 164.963 61.6777 154.038
internal_count=1669333 649368 1019965 872366 388226 295326 261142 191111 45887 70031 45225 24777 24806 147599 48045 99554 4305 7937 40108 20448 9017 15946 23090 4064 22797 92900 293914 145224 122176 139388
is_linear=0
shrinkage=0.03


Tree=58
num_leaves=31
num_cat=0
split_feature=107 79 97 94 92 109 122 75 65 90 113 119 78 86 122 113 45 52 67 100 40 45 64 11 108 77 79 71 117 113
split_gain=50.4085 43.9784 24.1329 17.6947 16.0424 16.8908 13.5268 14.8905 15.0343 16.1962 12.555 13.1674 16.5985 12.5197 17.7458 14.7834 13.2663 13.4336 11.8123 11.7335 20.8996 29.6607 22.4858 16.7904 22.9747 14.4044 21.3685 18.1243 17.8665 17.9754
threshold=0.0001417482440979336 226.44999999999996 0.093338533541341667 5.3042200521264879 7.2628961128804415 0.0001228419252429392 6262.5000000000009 189.50000000000003 1.5000000000000002 -0.10455488494907593 0.31899666155976752 0.53597308488612849 1.5000000000000002 0.58366666666666678 653.00000000000011 0.50330909405915547 5.5000000000000009 7.5000000000000009 23.500000000000004 0.00079270821551106596 209.50000000000003 42.500000000000007 394.50000000000006 590.50000000000011 0.00053580454269354187 104.50000000000001 -1140.4499999999996 36.500000000000007 1.5051308397896974 1.1783694918645968
decision_type=2 2 10 10 10 2 8 2 2 10 10 8 2 10 8 10 2 2 2 10 2 2 2 2 2 2 2 2 10 10
left_child=1 3 18 6 5 10 -1 8 -8 -10 -5 -12 -13 15 -15 -2 17 -16 -3 25 -21 23 -23 24 -22 28 -27 -28 -17 -30
right_child=13 2 -4 4 -6 -7 7 -9 9 -11 11 12 -14 14 16 19 -18 -19 -20 20 21 22 -24 -25 -26 26 27 -29 29 -31
leaf_value=0.013729848318682795 -0.010313996380830895 -0.022546283608274924 0.0078631996677985677 -0.0072223939893929518 -0.014312626944904804 -0.0019573967534724747 -0.0053048971762957864 -0.021684314666161789 -0.0068505341936159073 0.043814811676448663 -0.0060768803126159676 -0.0017621244364108344 0.0670404523151132 -0.0041960479768672039 -0.0090738466906971609 -0.0022618615610298185 -0.010281358024129885 0.052652310678744596 0.016026415422356152 -0.0018508925868966925 -0.0045311336787365649 -0.020338951243548824 0.02905155952548058 -0.0033193349520792867 0.079140079592469076 -0.0034738901851632908 0.037803522007072987 -0.0018826688900523516 -0.010665609534340585 0.050424495787672725
leaf_weight=40.008086632587947 31.102930632128846 139.63304278263968 29.010936068923911 2.8916696989545043 6.441251551907043 10.883021633082533 66.467422504501883 31.034617382611032 7.8349275911605245 8.3632509260351053 2.5177830163811477 3.4890436061978134 13.832763133352271 10.95774358086055 2.1274781225656687 59.472210251391516 2.5494705564633469 18.782047512810095 4.1109955229912876 125.41913067805581 3.1253150095872106 15.410740813065788 8.9772148933843692 3.899449218180961 8.3822538980748487 19.296519277835614 56.069533219473669 11.917911679731331 4.2745154853619161 8.0084818816394527
leaf_count=34002 29566 858097 122659 7978 13889 7467 82706 169362 3805 4623 9551 4166 23978 833 890 105797 856 6282 8771 95733 320 3425 1176 1531 1364 3702 40897 11981 6611 7437
internal_value=0.00272433 -0.00522824 -0.0160192 0.00455363 0.0210867 0.028845 -0.000283393 -0.00558492 0.00135121 0.0234729 0.0412861 0.048387 0.0558915 0.010174 0.026459 0.00825149 0.0389995 0.0458328 -0.0209415 0.0101619 0.00436069 0.0219588 -0.000308738 0.0486458 0.0619265 0.0158718 0.023757 0.0311943 0.0053573 0.0322298
internal_weight=756.292 366.519 172.755 193.764 40.0555 33.6143 153.708 113.7 82.6656 16.1982 22.7313 19.8396 17.3218 389.773 34.4167 355.356 23.459 20.9095 143.744 324.253 165.214 39.795 24.388 15.407 11.5076 159.039 87.284 67.9874 71.7552 12.283
internal_count=1669455 1351054 989527 361527 67029 53140 294498 260496 91134 8428 45673 37695 28144 318401 8861 309540 8028 7172 866868 279974 103549 7816 4601 3215 1684 176425 56580 52878 119845 14048
is_linear=0
shrinkage=0.03


Tree=59
num_leaves=31
num_cat=0
split_feature=84 75 122 78 57 53 113 95 108 99 118 122 104 101 83 103 80 104 79 112 90 80 77 122 83 79 53 36 103 121
split_gain=62.5666 38.3333 24.4862 21.2105 20.6653 32.2446 19.9679 19.0133 17.9338 17.0497 17.5663 15.8734 15.4533 14.3608 13.4667 22.6474 13.3592 13.3103 20.1977 14.8396 13.0399 13.717 12.831 12.3403 22.0491 26.295 12.8798 12.5735 13.0849 13.182
threshold=0.10448844312544679 103.50000000000001 1547.0000000000002 4.5000000000000009 269.4500000000001 19.500000000000004 4.1694921265427736 0.55886381950040309 1.1691925738903607e-05 0.069019650300438481 -0.028077310432185195 8511.5000000000018 0.021378306975704944 0.015641873650107992 0.12264741303988477 0.010641201337916939 438.27635381280049 0.01588089721158242 -791.19999999999982 0.60465617415493 1.1795639517614214 216.71142557936437 374.50000000000006 1474.5000000000002 0.17398790816122844 73.900000000000034 12.500000000000002 3.5000000000000004 0.060614335600681864 7.5000000000000009
decision_type=10 2 8 2 2 2 10 10 2 10 10 10 10 10 10 10 2 10 2 10 8 2 2 10 10 2 2 2 10 2
left_child=1 3 4 -1 -3 -6 -4 -8 -2 11 -11 13 20 23 15 -13 -5 22 -19 -20 21 -12 -15 24 25 27 -25 -10 29 -29
right_child=8 2 6 16 5 -7 7 -9 9 10 12 14 -14 17 -16 -17 -18 18 19 -21 -22 -23 -24 26 -26 -27 -28 28 -30 -31
leaf_value=-0.0020589745952915928 -0.015556514882101143 -0.0049912171801231387 -0.018425790550098662 0.029839348826764468 0.084460391560728543 -0.0070645565470566262 0.059509704451244136 -0.011287952265659781 -0.008675651799030553 0.0093793405322197577 -0.0018947668680468742 -0.0028636286674918006 -0.0096480589327115687 -0.0071624604423375458 0.0065857945595974307 0.063494878688734199 -0.014012757895249405 0.006498334959286603 -0.0014858057466481276 0.079279849274729128 -0.0074144454736236988 0.07078209036768035 0.022333970794507784 0.012656196386177853 -0.005606480436075663 0.0056672622459894382 -0.01772305730768442 0.055607390658822343 -0.004047979529152668 -0.0024209560932355284
leaf_weight=71.086753819763544 17.828560314155766 23.400138185214022 201.89532519556815 35.935204318986507 2.0732260960794511 5.4215014880755916 1.3663154775640567 4.6115780887848814 3.4048573360778382 25.720618354112958 2.3851272308747857 6.0301080256904269 2.3040431626868658 21.99554565714061 17.855709741997998 10.362797599038457 4.3481056575110406 11.974716012962746 2.3239655327997744 5.3979147514182841 1.6373475724540245 13.34956217704166 22.625054759868362 13.93199314362573 73.297110898602114 91.792079157676199 35.988704106159275 21.724557464600373 4.1446704032787229 3.590957149048335
leaf_count=100895 120909 5815 1024477 24696 699 1738 3266 18222 1473 17204 851 11622 1543 12432 14971 11024 4387 1973 1294 2571 4348 6105 3727 10570 57348 173868 16624 11217 3333 249
internal_value=0.0029969 -0.00626795 -0.0129624 0.00802463 0.0106431 0.0419204 -0.0166383 0.0246279 0.0108956 0.01228 0.0288369 0.00973102 0.0472176 0.00733145 0.0278837 0.0441208 0.0240814 0.0194381 0.0374048 0.0639421 0.0552303 0.0619651 0.00853723 0.00386787 0.007218 0.0146841 -0.00886438 0.0357942 0.0414469 0.0483345
internal_weight=759.804 350.138 238.768 111.37 30.8949 7.49473 207.873 5.97789 409.666 391.837 45.3967 346.441 19.6761 312.192 34.2486 16.3929 40.2833 64.3172 19.6966 7.72188 17.372 15.7347 44.6206 247.875 197.954 124.657 49.9207 32.865 29.4602 25.3155
internal_count=1669451 1184195 1054217 129978 8252 2437 1045965 21488 485256 364347 30051 334296 12847 296679 37617 22646 29083 21997 5838 3865 11304 6956 16159 274682 247488 190140 27194 16272 14799 11466
is_linear=0
shrinkage=0.03


Tree=60
num_leaves=31
num_cat=0
split_feature=107 76 122 105 89 67 55 69 60 104 72 104 53 22 121 68 79 33 92 93 71 122 71 82 28 117 122 72 72 78
split_gain=57.9816 32.6194 19.2971 17.913 16.319 14.5064 25.789 20.9438 21.0991 25.2395 20.3417 20.3276 18.0468 25.0116 19.7609 18.0336 17.5712 26.1943 24.9809 24.9321 20.0774 18.3538 16.714 21.2499 16.3657 16.1167 16.0917 15.6345 16.1796 15.5559
threshold=8.8937018262179033e-05 863.50000000000011 3054.5000000000005 0.05879519437832937 -3.9990384615384609 82.500000000000014 289.50000000000006 6.5000000000000009 10605.375948659826 0.020083202249456939 5.5000000000000009 0.027788632106484069 587.50000000000011 7.5000000000000009 5.5000000000000009 2.5000000000000004 291.75000000000006 858.55000000000018 5.1569777968948713 5.5859646416371769 11.500000000000002 3054.5000000000005 2.5000000000000004 0.092444902489297612 19.500000000000004 -0.10846211561205797 401.50000000000006 16.500000000000004 100.50000000000001 196.50000000000003
decision_type=2 2 8 10 10 2 2 2 2 10 2 10 2 2 2 2 2 2 10 8 2 10 2 10 2 10 10 2 2 2
left_child=1 3 -3 -1 -2 6 7 10 29 24 16 12 14 -14 27 -11 22 -18 -19 20 21 -20 -6 26 -10 -15 -24 -7 -29 -9
right_child=4 2 -4 -5 5 11 -8 8 9 15 -12 -13 13 25 -16 -17 17 18 19 -21 -22 -23 23 -25 -26 -27 -28 28 -30 -31
leaf_value=-0.00080831204695925912 0.035298419813038648 0.011341829462923827 -0.018975948307079563 0.028435889334652874 0.0042132366728127911 0.0021314006213048772 -0.01781502826544706 0.025682573665311018 0.037431788519620333 -0.0014610544045883134 -0.011943843716181264 -0.018651060610481912 -0.016685413079266093 -0.0037819825895537107 0.0098428603598940262 0.087779555421268057 -0.011232243390075268 -0.011818480828564855 0.10144755011252772 0.0042942380102140429 -0.0024187851595942359 -0.0055434260170915189 0.08130470915063831 0.014058439749927586 -0.001294539818085555 0.042062133485539527 0.0066837937509803755 0.076447691645621318 -0.0071007070247885613 -0.015450786769071436
leaf_weight=131.1046760299796 16.8445502331233 18.083509957024944 155.4610150422377 16.96784044749802 46.29045919393684 4.2737488972634337 33.838603488504305 8.3504686663654883 13.971675938686529 2.3201157129878984 52.373698558563774 7.7561416933021965 16.705003887836938 9.5426792134821898 16.371738579502562 5.6592832397000166 64.864692452065356 11.433431805409784 3.8878217362143896 11.594778991828209 2.6087285545145278 1.1312578471188315 5.4626430050193431 33.421040288849326 19.695825913026056 14.334129597235004 4.7565550764920772 12.642292625168919 1.4579324311926019 16.765005792673037
leaf_count=168780 4455 9587 1062849 11870 27933 1650 26698 4133 4110 870 62309 2479 5039 2076 1792 1675 144440 30670 7868 32473 5169 2234 4493 17677 10540 3651 1805 2962 330 6954
internal_value=0.0026668 -0.00694523 -0.0155877 0.0033622 0.00971786 0.00829378 0.00537593 0.00819848 0.0224314 0.0343677 0.00382337 0.0191993 0.0240149 0.00868938 0.0385697 0.0712646 0.00847289 -0.000581351 0.0203696 0.0380024 0.0672528 0.0866007 0.017614 0.0299343 0.0175386 0.0262576 0.0601788 0.0565853 0.0682116 0.000218756
internal_weight=759.971 321.617 173.545 148.073 438.354 421.51 338.426 304.587 66.7624 41.6469 237.825 83.0837 75.3275 40.5818 34.7457 7.9794 185.451 95.5207 30.656 19.2226 7.62781 5.01908 89.9307 43.6402 33.6675 23.8768 10.2192 18.374 14.1002 25.1155
internal_count=1669571 1253086 1072436 180650 416485 412030 392051 365353 28282 17195 337071 19979 17500 10766 6734 2545 274762 222854 78414 47744 15271 10102 51908 23975 14650 5727 6298 4942 3292 11087
is_linear=0
shrinkage=0.03


Tree=61
num_leaves=31
num_cat=0
split_feature=109 58 90 78 67 26 65 55 72 82 78 93 79 40 41 104 79 57 79 54 105 101 119 7 71 78 85 102 35 77
split_gain=43.2095 35.2678 16.4158 17.1811 17.7472 22.7914 22.3109 19.4092 22.2276 19.267 17.5237 17.7528 24.2967 16.7125 18.1627 16.2284 15.9049 29.0723 20.7259 15.7739 18.5766 16.6566 15.4546 15.0184 14.9243 13.5459 13.1846 13.1412 14.1436 12.6366
threshold=7.0081770155602224e-05 261.85000000000008 2.5684447605500238 25.500000000000004 109.50000000000001 2562.5000000000005 17.500000000000004 633.50000000000011 16.500000000000004 0.14066544117647062 133.50000000000003 5.3921938257821536 623.0500000000003 209.50000000000003 77.500000000000014 0.0034176413835957892 494.60000000000008 120.35000000000004 19.800000000000018 127.50000000000001 0.029894745596143208 0.015641873650107992 0.22586145257542009 14.650000000000004 2.5000000000000004 13.500000000000002 0.78266298918472843 0.0034934524463320279 218.92199133075582 412.50000000000006
decision_type=2 2 10 2 2 2 2 2 2 8 2 10 2 2 2 10 2 2 2 2 8 10 8 2 2 2 8 10 2 2
left_child=1 23 3 16 5 6 -5 8 -6 15 11 12 -8 -9 22 -10 17 18 -2 -12 29 -22 -15 25 -14 -1 -26 28 -19 -21
right_child=2 -3 -4 4 7 -7 10 13 9 -11 19 -13 24 14 -16 -17 -18 27 -20 20 21 -23 -24 -25 26 -27 -28 -29 -30 -31
leaf_value=0.003222870892999578 0.034828595008824126 -0.023997731196078061 -0.012956619114307618 -0.0059870799885512471 -0.0098640982667244081 -0.01471837692398896 0.011295471927536153 -0.011407581855701895 -0.0058768603678062414 -0.0015630019237631433 -0.0027526654334090149 -0.0043194032806398554 -0.0036404606291312986 0.061860537151077435 0.0048927864800236733 0.089365620979164243 -0.010725398427551656 -0.0018637947857859094 0.00055906298020143405 -0.0077790747477498416 -0.0084836610730869219 0.026419877580249031 -0.0091078857387277799 0.028305344875012729 0.087702132013938616 -0.016797138442943196 -0.0049336894475914897 -0.0056059798254830696 0.094806962566372277 0.047151153509213783
leaf_weight=88.721772446282557 22.587200051944819 89.84387831078493 35.411049016125617 101.38438383246103 3.8462488270597524 59.047510103002423 17.283815980947114 21.583354315313045 1.1984633749816538 3.3299549799994574 80.602659386255255 10.135354637088311 1.8154379266925378 6.6623957142583068 29.291748452902539 5.9882531512994319 10.554564526966713 1.3849915688551835 37.83082014611864 3.0556895624904454 29.104056443378795 14.446767573623218 2.1106403614976452 9.9162175129895314 7.2007535030279515 40.343430254877603 0.98269267226714951 1.1436647547961909 3.8784960106422659 15.461038365065177
leaf_count=148118 5242 671126 120674 168319 1137 72250 7728 5426 347 481 63307 14113 1649 1131 5367 1083 45190 2140 26117 1902 11593 2074 283 53806 6329 216197 2299 1521 5673 6033
internal_value=0.000862055 -0.00989378 0.00557852 0.00702974 0.00448075 0.00148571 0.00508257 0.0172947 0.0436538 0.0600983 0.0113078 0.0283378 0.0392597 0.00806225 0.0191447 0.0775881 0.0195842 0.0247848 0.0150535 0.00603313 0.0167972 0.00462307 0.0476786 -0.000259603 0.0677186 -0.00342808 0.0789259 0.0697283 0.0808539 0.0383597
internal_weight=756.147 228.825 527.322 491.911 414.531 340.52 281.473 74.0111 14.3629 10.5167 180.088 37.4181 27.2827 59.6481 38.0648 7.18672 77.3797 66.8252 60.418 142.67 62.0676 43.5508 8.77304 138.981 9.99888 129.065 8.18345 6.40715 5.26349 18.5167
internal_count=1668655 1089247 579408 458734 372851 357596 285346 15255 3048 1911 117027 32118 18005 12207 6781 1430 85883 40693 31359 84909 21602 13667 1414 418121 10277 364315 8628 9334 7813 7935
is_linear=0
shrinkage=0.03


Tree=62
num_leaves=31
num_cat=0
split_feature=109 75 84 75 122 101 118 99 85 80 122 96 78 70 42 71 71 69 60 44 58 79 69 93 93 93 51 41 101 102
split_gain=48.2651 32.7793 20.5433 16.6072 15.4646 14.5692 13.0744 24.1217 19.0575 12.0873 11.8019 19.5799 15.4584 15.4869 14.8051 18.5252 24.4841 31.7016 24.9087 18.3843 16.335 17.1536 20.4491 16.0715 15.6926 13.9918 13.8697 13.5939 15.1228 13.8215
threshold=6.8789656660163807e-05 202.50000000000003 0.089909799357123968 73.500000000000014 1257.5000000000002 0.026887494237458617 -1.0172572594786182 0.020005589714924544 0.58824704003006967 744.09429075942046 8511.5000000000018 0.0070189123354407875 25.500000000000004 2.5000000000000004 8.5000000000000018 2.5000000000000004 9.5000000000000018 8.5000000000000018 11011.278064284748 11.500000000000002 2699.5000000000005 -1884.0499999999997 6.5000000000000009 -4.5130774351644982 5.742018911080061 5.4967080297999571 105.50000000000001 9.5000000000000018 0.03001501501501502 0.079948453608247441
decision_type=2 2 8 2 10 10 8 10 10 2 10 10 2 2 2 2 2 2 2 2 2 2 2 10 8 10 2 2 8 10
left_child=1 4 3 -2 -1 -3 7 -4 -9 -6 12 -12 25 -14 15 -15 17 24 -18 23 21 -20 -23 -16 27 26 -8 28 29 -17
right_child=2 5 6 -5 9 -7 10 8 -10 -11 11 -13 13 14 19 16 18 -19 20 -21 -22 22 -24 -25 -26 -27 -28 -29 -30 -31
leaf_value=0.0096780139352672621 0.0229961373372434 -0.022288327956010767 0.0026348831865049055 -0.0066271811167750898 -0.020251093027885029 0.020238940198167854 -0.0013717813113562657 0.015675533858703909 0.073997139974949083 0.022192845883708699 -0.0054517725356056593 0.03866958796424113 -0.0081130062361472847 -0.016709228553688643 0.03898696010088306 0.07980202346769337 -0.015840309842417202 -0.013978656175603336 -0.0028328308561446128 0.013114683303949402 -0.004138709341165712 0.0065241328244342277 0.068825473891393929 -0.014924381030563538 -0.0025035368733058961 -0.0087913252428606647 0.041750928052136288 -0.0021914750567052412 -0.0041454655458785404 -0.0056793986367894757
leaf_weight=77.221921992517309 14.709893028906661 111.63928385695181 24.163447180566436 122.68164761258231 28.814077208662642 3.956318059237673 8.519484854507029 15.0045411733081 6.9899071984618777 3.0461889467260326 12.052436891099203 21.54214899562794 70.254456290735106 10.558546639069389 0.65101938892621447 16.182526665885245 22.054086343450763 5.9917762867553384 8.1091745366575214 45.325621381591191 14.637033940351101 8.8641378632310097 9.1663904986926337 56.876967005271581 3.6984733738863786 7.7027264504940822 22.010287383083778 2.5010357878927598 1.9011407293583023 1.1596521410610865
leaf_count=49888 7482 895877 24066 313857 99676 28234 3101 4953 3668 9464 16580 14464 62948 8723 242 8344 17802 1061 1978 7374 17680 6133 1755 24130 4429 15446 17398 1037 517 1030
internal_value=0.00226285 -0.00926902 0.00716208 -0.00275942 0.002538 -0.020054 0.0105965 0.0249745 0.0444832 -0.0137331 0.00837381 0.0241849 0.00634341 0.00367506 0.00775978 0.01542 0.0196791 0.0393843 0.00764412 -0.000400124 0.0206885 0.0330229 0.0462629 -0.0112455 0.0521831 0.0230726 0.0312177 0.0602138 0.0671037 0.0740942
internal_weight=757.986 224.678 533.309 137.392 109.082 115.596 395.917 46.1579 21.9944 31.8603 349.759 33.5946 316.165 277.932 207.678 104.824 94.2654 31.4346 62.8308 102.854 40.7767 26.1397 18.0305 57.528 25.4428 38.2325 30.5298 21.7444 19.2433 17.3422
internal_count=1669337 1083139 586198 321339 159028 924111 264859 32687 8621 109140 232172 31044 201128 165183 102235 70489 61766 16418 45348 31746 27546 9866 7888 24372 15357 35945 20499 10928 9891 9374
is_linear=0
shrinkage=0.03


Tree=63
num_leaves=31
num_cat=0
split_feature=107 76 105 122 75 77 77 83 95 122 74 118 105 103 96 54 51 70 97 77 55 102 63 63 69 115 118 122 59 79
split_gain=47.9169 35.5392 20.683 17.9906 17.4804 20.8904 17.8783 15.3181 15.1337 24.341 25.7477 19.3693 20.5073 17.7553 19.4266 17.7213 14.5363 13.911 13.5475 13.1901 12.5125 17.79 15.1195 16.1963 18.3197 11.9627 11.8519 11.5953 11.5444 11.2323
threshold=8.8937018262179033e-05 726.50000000000011 0.066235611172624165 1618.5000000000002 208.50000000000003 107.50000000000001 11.500000000000002 0.22034008665499791 0.48783774899743609 912.00000000000011 1.0000000180025095e-35 -0.71097215244126544 0.085054508828060219 0.058838647255355501 0.004740357901617912 133.50000000000003 1593.5000000000002 75.500000000000014 0.078194176272112045 43.500000000000007 94.500000000000014 0.031258621482435169 82.500000000000014 125.50000000000001 5.5000000000000009 2.0314283362598773 -2.8368884206411686 5353.5000000000009 2013.9505117352553 2785.650000000001
decision_type=2 2 10 8 2 2 2 8 10 8 2 10 10 10 10 2 2 2 10 2 2 10 2 2 2 10 10 10 2 2
left_child=1 2 27 -3 6 16 -2 -4 9 -7 13 12 15 14 -11 -10 -6 -16 -5 -8 21 29 -22 24 -24 -14 -17 -1 -18 -13
right_child=4 3 7 18 5 8 19 -9 11 10 -12 20 25 -15 17 26 28 -19 -20 -21 22 -23 23 -25 -26 -27 -28 -29 -30 -31
leaf_value=0.0044291159865281248 0.0044749289653948122 0.012826363994371417 0.057993319962770962 -0.022785329955433298 -0.01263915640151546 -0.0047020011070528969 0.044417334211499793 0.0038725555443883536 0.0011924789196541875 0.0076644914692503381 -0.0083148498214461498 0.011053925895313774 -0.015814010241959321 -0.0058227804543328592 0.078628617498836789 -0.0076378820955736969 0.045262774398607972 -0.0058808163957257582 -0.0018121390447437035 -0.010415587061017098 -0.018873083400442525 0.03673886703875634 -0.011707498473169054 -0.0030982589938409856 0.040245291999140495 0.024409743749536757 0.056524103886447921 -0.018137354100091055 -0.0079271683952692566 -0.014774265123341936
leaf_weight=103.44243537592411 26.107798313976673 15.178672464593545 5.5532360137876795 123.77801395591814 65.258626495320641 16.873641469253926 25.829037273731959 9.8989548877289053 9.3299136152854789 6.8652934627243729 7.3256333320168769 46.941865986111225 13.533592491628953 3.6324788122219607 14.500896436162291 1.6858469917060599 2.9682392231989061 1.196630898877628 36.485365978973277 2.6076411295216522 33.937888600325095 14.675750622118356 6.4149077503097969 85.570538276675506 13.251022963631838 5.3987066907211547 17.58860800765251 20.26793147619901 4.499152332165977 16.5896144902581
leaf_count=67620 18507 5297 3873 900033 167376 1347 9466 4393 12913 5111 3233 30797 5318 2662 6545 1299 10558 333 190997 626 23469 8397 8844 38226 6089 2318 7849 80305 13278 32173
internal_value=0.00244955 -0.00644197 0.00479823 -0.0152437 0.00877133 0.00635201 0.0240041 0.0327454 0.00967565 0.0240498 0.0372545 0.00654645 0.022909 0.0492883 0.0576076 0.036984 -0.00775347 0.072322 -0.0182099 0.0385835 0.00253368 0.0117545 -0.00287576 0.00290527 0.0243606 -0.00164049 0.0504949 0.00017101 0.0228888 0.0037237
internal_weight=757.188 314.605 139.163 175.442 442.583 388.039 54.5445 15.4522 315.313 50.3946 33.5209 264.918 47.5367 26.1953 22.5628 28.6044 72.726 15.6975 160.263 28.4367 217.382 78.2072 139.174 105.236 19.6659 18.9323 19.2745 123.71 7.46739 63.5315
internal_count=1669252 1252518 156191 1096327 416734 388135 28599 8266 196923 19231 17884 177692 29697 14651 11989 22061 191212 6878 1091030 10092 147995 71367 76628 53159 14933 7636 9148 147925 23836 62970
is_linear=0
shrinkage=0.03


Tree=64
num_leaves=31
num_cat=0
split_feature=107 75 75 77 65 53 122 96 70 97 70 98 122 72 105 105 25 79 110 57 117 110 65 87 109 77 118 122 45 105
split_gain=44.6421 35.1812 21.1934 32.2714 27.0785 27.073 22.4592 24.387 22.6823 21.514 19.582 22.6255 21.8757 24.2966 20.4961 19.9781 17.7549 19.6495 16.5063 16.4667 23.4047 31.261 16.35 15.7558 15.2695 20.8434 15.2597 14.6407 14.377 14.2715
threshold=4.1950207737324152e-05 140.50000000000003 216.50000000000003 11.500000000000002 17.500000000000004 33.500000000000007 1839.5000000000002 0.0053343495934959359 14.500000000000002 0.10197834352169376 31.500000000000004 0.047558546691224508 1257.5000000000002 19.500000000000004 0.11108540284847551 0.063561037535167786 206.50000000000003 2634.0500000000006 0.00053199349971605405 -36.749999999999979 -0.61064535717090473 0.001292781839575296 5.5000000000000009 0.40007281995266714 0.00046837131130367059 193.50000000000003 1.3497740717289599 1179.5000000000002 44.500000000000007 0.066235611172624165
decision_type=2 2 2 2 2 2 8 10 2 10 2 10 10 2 10 10 2 2 2 2 10 2 2 8 2 2 8 8 2 10
left_child=1 29 3 -2 27 6 9 -8 16 24 19 12 -12 -14 15 -15 17 -9 -13 20 21 23 26 -7 -6 -26 -5 -4 -20 -1
right_child=2 -3 4 22 5 10 7 8 -10 -11 11 18 13 14 -16 -17 -18 -19 28 -21 -22 -23 -24 -25 25 -27 -28 -29 -30 -31
leaf_value=0.0007418430031169048 0.00029789173084298959 -0.017014124370563238 0.013349081072795123 0.061546013983211592 -0.009794480339944683 0.071802135371782524 0.0091873779797180012 0.088622346737315977 -0.0075395340383245628 -0.0078959435135985447 -0.0027361695535675639 -0.0010535895601361492 -0.011108657726937133 0.01418162835192076 -0.0024050706087384542 0.084477679585398147 0.00019651943691626926 -0.006694392476882003 0.071860903672988419 -0.012511048148005181 -0.0068645265206803002 -0.0047984580216603942 0.010561575622078403 -0.00754254405581661 -0.0083842093524604689 0.067035635841282817 -0.0060122093328256344 -0.01300094378483083 -0.0070355757528441365 0.03095764060309469
leaf_weight=110.61728038314322 32.375967601568846 142.43258139192767 19.721336953894934 19.781558864371618 3.8119769440381779 7.613933903929138 17.118584829375322 12.924650753171596 2.9949334820266804 27.649865148647223 67.571380476780178 5.1957266929457537 9.1358043217915128 9.1748149317281804 6.8716558953165068 5.939610894129145 2.9248637063792549 1.4333456074018602 7.2748586451925785 73.02768921724055 34.388472555525368 11.413138106319819 14.766088715587101 1.66887206897809 3.2310113530838844 6.357469042588491 2.4706707867953837 84.691881989587273 1.5021761573443653 11.163558949163415
leaf_count=133109 28558 934351 3743 11703 592 3763 22807 12047 2239 1900 26891 2227 4137 3888 2200 1341 2984 2454 1108 120911 12869 2178 4615 1840 303 544 1891 315841 402 6122
internal_value=0.00272444 -0.00714036 0.00802955 0.0228537 0.005363 0.00966878 0.024425 0.0398607 0.0588159 0.00756204 0.00446206 0.0133141 0.00714632 0.0260117 0.0406366 0.0559387 0.0694262 0.0798356 0.0435147 -0.00353042 0.00842591 0.0302246 0.040198 0.0598907 0.0329359 0.0474583 0.0543182 -0.00764142 0.0607051 0.00462338
internal_weight=757.246 264.213 493.032 69.3943 423.638 319.225 78.4467 37.3964 20.2778 41.0503 240.778 112.666 98.6933 31.1219 21.9861 15.1144 17.2829 14.358 13.9728 128.112 55.0844 20.6959 37.0183 9.28281 13.4005 9.58848 22.2522 104.413 8.77703 121.781
internal_count=1669558 1073582 595976 46767 549209 229625 45870 42531 19724 3339 183755 42194 38457 11566 7429 5229 17485 14501 3737 141561 20650 7781 18209 5603 1439 847 13594 319584 1510 139231
is_linear=0
shrinkage=0.03


Tree=65
num_leaves=31
num_cat=0
split_feature=107 75 79 79 70 69 71 105 94 85 84 111 66 45 65 67 122 62 48 115 111 55 89 15 120 122 89 122 103 58
split_gain=40.5211 28.7056 15.1276 19.034 24.3404 18.2355 23.2084 25.7033 29.5811 21.4394 31.9879 20.0961 17.9845 17.7363 20.1423 18.4651 17.2293 17.1788 16.5635 16.4864 14.9032 14.2617 13.5335 17.3307 16.9106 15.0447 22.6248 14.8768 15.762 12.9329
threshold=4.6305226519848565e-05 140.50000000000003 291.75000000000006 -181.04999999999995 4.5000000000000009 5.5000000000000009 168.50000000000003 0.079263151400485357 5.6306016526702045 0.76477574402682691 0.12495614035087721 0.00014990468019388071 7.5000000000000009 3.5000000000000004 59.500000000000007 123.50000000000001 981.50000000000011 1612.5000000000002 572.50000000000011 0.42870233004625191 2.1225407965134261e-05 97.500000000000014 -2.3339080459770112 2.5000000000000004 23.961538461538463 1039.5000000000002 2.0001355013550142 11111.500000000002 0.026088026624147932 -561.39999999999998
decision_type=2 2 2 2 2 2 2 10 10 10 10 2 2 2 2 2 10 2 2 10 2 2 10 2 2 8 10 8 10 2
left_child=1 -1 3 4 -2 22 7 8 9 10 11 -7 -13 14 19 21 -12 -8 -17 -6 -3 -15 -4 25 27 26 -24 -25 -29 -5
right_child=2 20 5 29 13 6 17 -9 -10 -11 16 12 -14 15 -16 18 -18 -19 -20 -21 -22 -23 23 24 -26 -27 -28 28 -30 -31
leaf_value=0.0036631498368056101 -0.0096578957747139801 -0.023833628793849159 0.035588453106198487 0.048608021720360647 -0.0035219244084022374 -0.0028786145880488486 -0.021434988601522782 -0.010013462146530434 -0.0084803159862969889 -0.0128035256816853 -0.00059860016632861735 -0.0046503796757678562 0.11115717104853205 0.018782356307684007 0.0084092848154446766 0.028598762382480322 0.044117463531871431 0.024764093468968847 -0.015089128786561289 0.069706805811528535 -0.0042274102437071352 -0.018202218651382215 -0.015159500453693844 -0.0020958578595118554 -0.011648816818086093 -0.017930563468133799 0.051181430238295376 0.0046472438783785215 0.061186917424169457 0.016691212109230587
leaf_weight=121.86940983358363 55.060227662950638 82.500720930212992 2.3007242099338319 11.674397472277631 2.8829888858017538 1.6355206236039501 21.980886305274911 15.696377656728144 11.572284011177542 3.7054004094316033 14.108810488054589 0.91373385771294113 6.46551362714672 8.3719636344612791 19.570297021127772 28.959560429066187 11.869880336693312 5.2875496759370426 6.6992018031305625 8.7825289952597796 62.30580110081064 29.495960951477173 6.9495841568859742 14.167988885114026 20.986029874839005 84.180928655347088 3.1143411048105918 8.844798840495061 6.1832209266140117 79.200656507782696
leaf_count=139742 24016 692762 3816 7270 1429 6415 11899 8914 9077 7106 5811 1231 5948 2191 4811 2899 2634 927 1630 3468 265863 9067 1350 5601 39010 299666 956 25940 17306 60740
internal_value=0.00231741 -0.00701294 0.00740807 0.0124889 0.00593037 0.00195341 0.0119903 0.0211569 0.0309147 0.0423176 0.0490253 0.0876127 0.100731 0.0141899 0.0314493 0.00532207 0.0236555 -0.0100275 0.0195449 0.0559822 -0.0158203 -0.00878853 -0.00460932 -0.00641908 0.00735252 -0.013753 0.015544 0.0207169 0.037378 0.0231126
internal_weight=757.337 266.676 490.661 250.698 159.823 239.964 93.236 65.9675 50.2711 38.6989 34.9935 9.01477 7.37925 104.763 31.2358 73.5267 25.9787 27.2684 35.6588 11.6655 144.807 37.8679 146.728 144.427 50.182 94.2449 10.0639 29.196 15.028 90.8751
internal_count=1669495 1098367 571128 117521 49511 453607 59962 47136 38222 29145 22039 13594 7179 25495 9708 15787 8445 12826 4529 4897 958625 11258 393645 389829 87857 301972 2306 48847 43246 68010
is_linear=0
shrinkage=0.03


Tree=66
num_leaves=31
num_cat=0
split_feature=107 79 75 54 77 61 122 97 105 44 26 37 76 56 61 77 75 121 69 42 99 62 103 94 69 119 99 118 122 77
split_gain=36.2286 24.7018 19.5982 24.5908 23.7575 21.9461 13.2232 13.2194 12.4068 22.3133 17.1591 26.2504 18.1667 16.2191 16.1274 18.0675 15.6292 17.7027 26.7083 14.1844 14.1524 14.7148 16.8373 13.9937 13.1322 12.3963 14.4877 12.2893 12.2694 12.2626
threshold=3.0542177630073194e-05 226.44999999999996 208.50000000000003 48.500000000000007 11.500000000000002 123.50000000000001 1179.5000000000002 0.083320802005012545 0.01735836061986715 4.5000000000000009 2230.5000000000005 2.5000000000000004 5478.5000000000009 515.50000000000011 395.50000000000006 374.50000000000006 3086.5000000000005 7.5000000000000009 1.5000000000000002 10.500000000000002 0.01924501424501425 69.500000000000014 0.0093610382713180899 4.4386806344532035 15.500000000000002 0.28368293666801131 0.049978089395267315 1.3497740717289599 11903.000000000002 45.500000000000007
decision_type=2 2 2 2 2 2 8 10 10 2 2 2 2 2 2 2 2 2 2 2 10 2 10 10 2 10 10 10 10 2
left_child=1 -1 4 -4 -2 6 -5 -3 10 14 11 -7 -13 19 15 28 17 18 -17 -14 24 -22 -23 -20 -11 26 -24 29 -10 -6
right_child=2 7 3 5 27 8 -8 -9 9 20 -12 12 13 -15 -16 16 -18 -19 23 -21 21 22 25 -25 -26 -27 -28 -29 -30 -31
leaf_value=0.00068942909525916761 0.0021560342807661181 -0.023478152630717092 -0.0057337192273026923 -0.0037629685402173329 0.045797560332912227 -0.012510773501540744 0.06247673116334073 0.004599340263786637 -0.013409212642662703 0.023782678958092596 -0.0063462061158475417 -0.0067072069777120548 0.075375282614013162 0.0045106984282363149 -0.011907362830723189 -0.0075306453788292213 -0.012467316332475994 -0.0054580350721013396 0.0039416807355695093 -0.006346832242759227 -0.011868258649904278 0.057833670871718049 0.032557446803057 0.085655384783252825 -0.010914724666116909 -0.0063767274897939931 -0.0039906108801306813 -0.0084995019422807426 0.031021324910457178 -0.0095437517687733849
leaf_weight=151.58530018764577 33.913981155215879 77.671893154700228 139.95002364159154 2.9140906084794551 31.165874174206692 6.9480640289111788 5.6560341864242201 16.665169421452447 28.654908108561362 8.838125555572331 12.621815423757651 3.9638203585127512 12.856906764434827 5.3672708363592383 79.908091072567913 4.2339508523582543 5.1454407048149724 5.7732270524575133 2.8659155378409178 1.3166326073260268 7.8834522516699499 8.181333344182347 34.67373886279529 6.3178713349479949 28.824822843649599 13.600369162944842 11.610875739163019 3.3209233219895387 1.8536354281532101 2.2853404981433405
leaf_count=300931 27880 592557 428494 216 12820 9497 2232 100378 21570 5904 20654 2502 11517 4709 91413 1588 2998 379 523 581 1624 990 6396 753 12812 2086 1198 2051 1723 613
internal_value=0.0024616 -0.00690805 0.00699716 0.004513 0.0211394 0.00930857 0.0468657 -0.0185363 0.00743231 0.00462583 0.0214502 0.0322413 0.0453442 0.0551181 -0.00360702 0.00847089 0.0254161 0.0360508 0.0505439 0.0681084 0.014131 0.0212008 0.0255809 0.0705342 -0.000939479 0.0170575 0.0238939 0.0362935 -0.00672168 0.0412673
internal_weight=756.569 245.922 510.647 439.96 70.6861 300.01 8.57012 94.3371 291.44 248.366 43.0745 30.4527 23.5046 19.5408 134.753 54.8449 24.3364 19.191 13.4177 14.1735 113.613 75.9498 68.0663 9.18379 37.6629 59.885 46.2846 36.7721 30.5085 33.4512
internal_count=1669589 993866 675723 632359 43364 203865 2448 692935 201417 151957 49460 28806 19309 16807 120947 29534 6241 3243 2864 12098 31010 12294 10670 1276 18716 9680 7594 15484 23293 13433
is_linear=0
shrinkage=0.03


Tree=67
num_leaves=31
num_cat=0
split_feature=90 112 79 109 105 121 99 89 75 101 107 95 91 62 116 58 92 105 95 93 109 93 115 102 75 102 86 112 113 79
split_gain=41.9112 22.1468 18.767 29.6494 20.1208 17.925 17.0603 17.0267 14.5949 15.877 14.254 12.7418 16.4909 13.1098 12.6568 12.4229 11.9515 15.9003 13.7237 12.657 25.0291 16.045 15.6323 12.001 11.6331 14.6196 12.3978 11.0876 17.1435 10.6388
threshold=1.0675277777777781 0.62760624604997473 291.75000000000006 0.00022260425391749223 0.052618138809741415 2.5000000000000004 0.025336294555859677 7.0078947368421067 65.500000000000014 0.052664597503797143 2.3146413648439145e-05 0.54549217338952449 2.071112663484302 8.5000000000000018 -1.5042126957129278 725.75000000000011 5.4451354917321018 0.090860241316985016 0.59461723029562241 4.6285992093713046 0.00017217786752653349 3.8168059771207439 1.0685288528083843 0.064549731182795708 2869.5000000000005 0.0088593685615054076 0.40629502881844387 0.33343514559152926 1.3189030484757625 7202.9499999999989
decision_type=10 10 2 2 10 2 10 10 2 10 2 8 10 2 8 2 10 10 10 10 2 10 8 10 2 10 10 10 10 2
left_child=1 6 4 -4 5 7 8 -2 -1 -10 -3 12 -5 -14 -6 -16 19 18 23 21 -21 24 -23 29 -12 -26 -27 28 -8 -18
right_child=2 10 3 11 14 -7 27 -9 9 -11 16 -13 13 -15 15 -17 17 -19 -20 20 -22 22 -24 -25 25 26 -28 -29 -30 -31
leaf_value=0.0073061555307375381 -0.01217319241939295 -0.015426276260777904 -0.022636471010904394 -0.0040978054013712109 -0.0090481151106684785 0.027018367698461238 0.043284430859793541 0.039266971836028078 -0.014275178300139003 0.025862422358837425 -0.006581199839559927 -0.0061315841186223505 -0.0027856283677730781 0.059096148229122042 0.068628511998326799 -0.0067993682297412279 0.0599660762931205 -0.0061806031731059903 0.0096367515270831105 0.031151533478682682 -0.0090089476546316802 0.0061028620018917824 0.040113056918764406 -0.0080228493807540727 0.029734345733807791 0.012151368527260006 -0.019535020559723875 0.0014954134822911687 -0.0099875752698632102 -0.0041258169858713967
leaf_weight=54.340829829976428 60.261806311478722 11.459790427281403 104.88545464784693 13.477145356482653 2.1494627794381813 11.299878114419696 14.073779923288386 1.4936658954102302 100.02941550428659 5.1362437802599734 31.574442071789235 62.703025716371485 3.8139833561581309 5.0955773561581736 3.8149277702541431 1.4595178538584148 18.139931769539551 8.7310334120775206 16.014278580762038 13.090969638244131 56.262940125583555 21.235133344380301 31.887284068878216 1.801607658730062 26.829901672201231 30.365925807323947 11.2609362173971 27.519997216993943 5.3614404727850333 1.906115609614061
leaf_count=63710 101055 89833 773998 16542 5078 23219 13487 1696 200741 5014 44683 125749 11383 6197 6340 4278 11664 9152 22863 29808 21625 11779 16920 1152 18082 10613 2478 14504 3665 528
internal_value=0.00209283 0.0073262 -0.00729311 -0.0123411 0.00464772 -0.00126912 -0.00015544 -0.0080811 -0.00488499 -0.01123 0.0127382 0.000901487 0.0181234 0.0411269 0.0399508 0.0546049 0.0141971 0.0275656 0.0351608 0.0108535 0.00015664 0.0155393 0.0282124 0.0485908 0.00778649 0.0144102 0.00240391 0.0148348 0.0295521 0.0542648
internal_weight=757.476 487.022 270.454 189.975 80.4793 73.0554 206.462 61.7555 159.506 105.166 280.56 85.0897 22.3867 8.90956 7.42391 5.27445 269.1 46.593 37.8619 222.508 69.3539 153.154 53.1224 21.8477 100.031 68.4568 41.6269 46.9552 19.4352 20.046
internal_count=1667836 592301 1075535 933869 141666 125970 301121 102751 269465 205755 291180 159871 34122 17580 15696 10618 201347 45359 36207 155988 51433 104555 28699 13344 75856 31173 13091 31656 17152 12192
is_linear=0
shrinkage=0.03


Tree=68
num_leaves=31
num_cat=0
split_feature=109 75 77 122 108 85 101 70 95 93 122 83 122 122 103 27 70 97 99 103 121 109 77 122 100 122 56 109 59 79
split_gain=33.1933 28.2466 16.4044 20.9441 18.785 16.131 16.0694 13.4703 13.3258 15.1276 22.4641 21.4453 16.4879 18.9375 17.1744 16.2273 15.2069 25.8862 19.8969 14.9709 16.7962 13.6092 25.8762 17.12 27.6562 22.9805 16.1068 13.9812 13.5699 13.9227
threshold=9.8040865836300487e-05 202.50000000000003 15.500000000000002 2468.5000000000005 1.9407397281343953e-05 0.3273531777956557 0.026887494237458617 1.0000000180025095e-35 0.5001845018450185 4.605329259039503 15239.000000000002 0.17398790816122844 509.50000000000006 718.50000000000011 0.014636377836788434 10.500000000000002 13.500000000000002 0.0925654627911352 0.018434644534351282 0.011370100320612269 7.5000000000000009 0.00016781100476267636 170.50000000000003 1039.5000000000002 0.0045471776138948242 11111.500000000002 116.50000000000001 0.0016775816478994392 111.10031970895538 -181.04999999999995
decision_type=2 2 2 10 2 10 10 2 10 10 8 10 8 8 10 2 2 10 10 10 2 2 2 10 10 10 2 2 2 2
left_child=1 2 3 -1 -4 -6 -3 -7 -2 12 11 21 -10 14 -14 28 -17 18 -18 -20 -21 22 -11 24 26 -25 -23 -28 -15 -30
right_child=8 6 4 -5 5 7 -8 -9 9 10 -12 -13 13 15 -16 16 17 -19 19 20 -22 23 -24 25 -26 -27 27 -29 29 -31
leaf_value=0.0064454798670767104 0.015491068084497584 -0.018765126855427462 -0.010199845353594977 -0.022212118195677547 -0.0093161290708642826 0.073530998351134663 0.02338753020308966 -0.0065012092888837242 -0.0081353348794529559 -0.0053237258500388324 -0.013946977994219381 -0.013527396386033754 0.064624969478063773 -0.0061083393538487202 0.0064394564151571132 -0.0060498768746798364 0.0039628745431767448 -0.010011254163654575 -0.0097619627998578196 0.061853227254500778 -0.009069987444597187 -0.0047272186315936594 0.079598072498305861 -0.010792170630513472 -0.013411327094447357 0.040767142834010964 0.063693431430478786 -0.0032566239456791788 -0.0045854144985034333 0.04983004371347758
leaf_weight=85.312578162091086 119.44025987494388 117.76893379444664 5.5889241456170557 25.780946260289056 2.2343495134118694 5.7092445352827781 4.5518137637773171 1.3762927278876302 34.667664432199672 4.7102149355778229 76.98488980619004 30.548920666158665 6.9254243405303013 6.2310332065317224 9.4101284375647065 60.545310246234294 19.630435182407382 22.57113180248416 2.3586230088985785 15.692868971440477 2.1484158485545768 4.4289637577021557 2.3754863647045568 42.661147832055576 9.0766550014377554 4.3143966805218943 12.383388947811907 2.7882753246813072 4.3536528292024803 15.187983113559307
leaf_count=55187 87329 988596 9444 100672 1123 3862 31595 1106 2949 6270 216744 6987 453 3180 628 67023 24201 5895 1170 5717 641 1045 1333 22615 1102 5521 1021 365 2396 12820
internal_value=0.00254964 -0.00636096 0.00358012 -0.000875175 0.028661 0.0473895 -0.0163397 0.0617273 0.0069127 0.00412265 -0.00192094 0.00649549 0.00978657 0.0136794 0.0404711 0.00951584 0.00444165 0.0143148 0.027679 0.0453672 0.0531969 0.014238 0.0442986 0.00885076 0.0251946 -0.00259056 0.0421644 0.0536319 0.0290672 0.0392426
internal_weight=757.758 248.323 126.002 111.094 14.9088 9.31989 122.321 7.08554 509.435 389.995 190.272 113.287 199.723 165.055 16.3356 148.719 122.947 62.4015 39.8303 20.1999 17.8413 82.7385 7.0857 75.6528 28.6773 46.9755 19.6006 15.1717 25.7727 19.5416
internal_count=1668990 1191585 171394 155859 15535 6091 1020191 4968 477405 390076 263003 46259 127073 124124 1081 123043 104647 37624 31729 7528 6358 39272 7603 31669 3533 28136 2431 1386 18396 15216
is_linear=0
shrinkage=0.03


Tree=69
num_leaves=31
num_cat=0
split_feature=107 76 122 105 79 97 115 69 106 75 76 75 108 79 62 122 80 56 115 70 106 71 103 101 70 62 77 72 111 118
split_gain=35.346 26.3727 23.895 22.8609 17.2961 15.1163 13.4671 13.1507 17.1879 13.7753 19.0392 30.7212 17.2019 16.8065 16.5263 16.4837 17.6001 17.9743 18.793 16.6684 14.18 14.0247 15.8798 12.5633 12.7973 12.1856 17.6411 32.1017 25.5984 16.8982
threshold=8.8937018262179033e-05 726.50000000000011 1618.5000000000002 0.066235611172624165 -20.999999999999989 0.078194176272112045 7.3974673202614385 234.50000000000003 0.00010407501061931937 208.50000000000003 3211.5000000000005 953.50000000000011 0.002171924976534035 1394.7500000000005 43.500000000000007 337.50000000000006 64568.288210065228 340.50000000000006 3.1933770412189646 6.5000000000000009 0.0002485781521245153 12.500000000000002 0.008701962516564651 0.10033557046979867 2.5000000000000004 47.500000000000007 440.50000000000006 7.5000000000000009 0.00029054283153693238 -0.29746206227917321
decision_type=2 2 8 10 2 10 8 2 8 2 2 2 2 2 2 8 2 2 10 2 10 2 10 10 2 2 2 2 2 10
left_child=1 3 -3 -1 -5 -4 -6 9 -9 -2 -11 13 23 14 21 -14 17 -17 19 -19 -21 22 -12 24 -13 26 -26 28 -28 -27
right_child=7 2 5 4 6 -7 -8 8 -10 10 11 12 15 -15 -16 16 -18 18 -20 20 -22 -23 -24 -25 25 29 27 -29 -30 -31
leaf_value=-0.00083985416168071711 0.019673073877265763 0.017990783979429627 -0.022356617846984689 -0.00091853299171750077 0.065881307854800578 0.00013042016216241359 -0.0074394423191603814 0.055117683365235239 -0.0095285414626629893 -0.0090240678602655951 0.011125218322777023 -0.014938223812171653 -0.016539973612502781 -0.0071049138243070402 -0.0067075390348694756 -0.0025305062232840983 -0.015001367682495589 0.0080591466850191314 -0.0074452498322875697 0.073356772335177706 -0.0065040367994531056 -0.0016361558298047833 0.094250946711237488 0.040736521092857941 0.00090485415096782848 0.010859494628513086 -0.012204299310818977 -0.017065651692931734 0.063100975175575197 -0.009465604821838846
leaf_weight=125.0461595609595 59.020730284115416 15.48050876475463 112.64155800642038 8.2298376425751503 6.559951147741228 34.806827179520042 1.6410271971253685 6.080143813916945 3.6352483611262878 71.406323119241279 4.4429616539709986 35.938456367926847 5.917581090296153 4.161834663078479 2.6630118227403718 8.9698631961073243 4.9651437496067947 7.4184657359292094 4.1925777584547168 14.845318370920724 1.3683836236887135 2.382541301456512 5.5998172559629893 2.1710463739218531 41.017919829893799 55.574199272035912 3.3387112643904464 6.3628593062894643 14.151294036695615 89.039792345174646
leaf_count=147630 28537 5309 900070 2403 4534 190814 1285 409 489 143927 5449 52696 663 15238 1462 5072 3847 1094 988 3564 648 3784 5549 515 50515 28218 3795 2891 3399 53618
internal_value=0.00247567 -0.00538325 -0.0134367 0.00403345 0.0326645 -0.0172181 0.053949 0.00773868 0.0359101 0.00673135 0.00452584 0.00769517 0.0049397 0.0402276 0.0518022 0.0205134 0.0269712 0.0337522 0.0440524 0.0528933 0.0666724 0.0626685 0.0733972 0.0015941 0.000441397 0.0033666 0.0136598 0.0316358 0.0492084 -0.00155292
internal_weight=759.07 304.406 162.929 141.477 16.4308 147.448 8.20098 454.664 9.71539 444.949 385.928 314.522 295.272 19.2502 15.0883 47.6773 41.7598 36.7946 27.8247 23.6322 16.2137 12.4253 10.0428 247.594 245.423 209.485 64.8708 23.8529 17.49 144.614
internal_count=1668412 1252045 1096193 155852 8222 1090884 5819 416367 898 415469 386932 243005 211523 31482 16244 15876 15213 11366 6294 5306 4212 14782 10998 195647 195132 142436 60600 10085 7194 81836
is_linear=0
shrinkage=0.03


Tree=70
num_leaves=31
num_cat=0
split_feature=109 51 67 117 93 78 78 94 94 62 109 4 17 76 77 72 69 91 51 50 94 95 93 115 96 85 121 109 71 109
split_gain=35.5062 19.6209 14.9679 13.8541 12.8561 12.7801 15.571 11.5602 11.9492 11.4207 10.6735 10.6535 10.5645 14.5919 24.5729 18.5098 17.4994 13.8144 16.6766 21.9377 14.693 15.6454 16.0009 12.9069 12.8529 19.6704 16.3938 12.7979 12.0464 11.9365
threshold=6.8789656660163807e-05 133.50000000000003 14.500000000000002 -3.6268225473813929 5.9144367885431386 4.5000000000000009 16.500000000000004 5.3445823937499073 7.2239635228036025 7.5000000000000009 4.6542614077016351e-05 6.5000000000000009 28.500000000000004 16949.000000000004 1724.5000000000002 59.500000000000007 1.5000000000000002 1.6486944368693759 194.50000000000003 65.500000000000014 4.9074147734438958 0.71431245654383069 5.4669629344399899 4.6457464268617938 0.021743136909245345 0.54549434803375274 2.5000000000000004 0.00014125821904353508 209.50000000000003 0.000283820359933527
decision_type=2 2 2 8 10 2 2 10 10 2 2 2 2 2 2 2 2 8 2 2 8 10 10 10 8 10 2 2 2 2
left_child=1 5 11 9 12 -1 7 -7 10 -2 -9 -3 13 16 -15 28 17 27 -19 29 -21 22 -22 24 -18 -26 -27 -5 -16 -20
right_child=3 2 -4 4 -6 6 -8 8 -10 -11 -12 -13 -14 14 15 -17 23 18 19 20 21 -23 -24 -25 25 26 -28 -29 -30 -31
leaf_value=-0.0075083812220119589 0.043073055084472893 -0.022431517542714715 0.023820783586535093 0.013398931211437023 -0.010296222813380752 0.0073909481587187773 -0.011771444638145112 0.067498340813942306 -0.0080022529818759569 -0.0042223543565021102 -0.0059566177579631809 0.013930410639934077 0.023192339245258358 -0.015039026724462968 0.032516593185306177 -0.0043915386229275094 0.024894557845041416 -0.0073369266298938729 0.063550231875040331 -0.012177101132211564 0.051435167026034505 -0.0092111036589150284 -0.0044119161349749549 -0.01415618556090243 -0.012169638265650155 0.047228363631674888 -0.0058319335833387194 -0.0095508383093865813 -0.0097013032445943358 -0.00697605143233171
leaf_weight=68.17907543048932 10.508267458317276 93.987682132072223 3.3598809152899767 23.926757898123469 41.885213101253612 20.62321753293509 13.058636762907552 5.4499455602563085 1.8141714694647815 5.3557353609066913 1.2317802968827889 4.5594334171983055 26.34330916669569 70.013901950405852 25.391077136417156 39.338566595295561 88.836651662990334 23.996828602263122 7.7909392399233166 15.06628618368268 10.399186335118427 7.9645452735712743 5.5413763600809025 8.0331341109267651 24.332910709519638 7.7175738183141203 7.2459499057003995 87.467125005343405 5.1726424340158692 1.4972680023347491
leaf_count=111574 9348 819528 11666 42838 112908 39234 56068 9706 6076 4282 1129 28848 3693 96680 8149 12729 49877 26100 11792 42208 25083 30908 17996 3672 5870 6265 1514 70359 2251 1468
internal_value=0.00177749 -0.00850158 -0.0176615 0.00583048 0.00483272 0.000355871 0.0125167 0.0235377 0.0454734 0.0299206 0.0572033 -0.0201578 0.00622794 0.00501679 -0.00299017 0.00927624 0.00851186 0.00233781 0.012123 0.0215797 0.00868258 0.0216617 0.0356032 0.0164612 0.0188403 0.00388839 0.026509 -0.00425753 0.0250122 0.0537186
internal_weight=756.089 212.264 101.907 543.825 527.961 110.357 42.1778 29.1191 8.4959 15.864 6.68173 98.5471 486.076 459.733 139.916 69.9023 319.817 183.65 72.2564 48.2596 38.9714 23.9051 15.9406 136.166 128.133 39.2964 14.9635 111.394 30.5637 9.28821
internal_count=1669819 1083829 860042 585990 572360 223787 112213 56145 16911 13630 10835 848376 459452 455759 119809 23129 335950 268752 155555 129455 116195 73987 43079 67198 63526 13649 7779 113197 10400 13260
is_linear=0
shrinkage=0.03


Tree=71
num_leaves=31
num_cat=0
split_feature=109 58 32 78 78 90 78 45 113 51 54 19 72 65 110 79 76 63 87 67 111 90 122 111 109 10 109 115 68 63
split_gain=34.4119 29.1757 12.7102 14.982 17.8323 11.9449 17.1417 15.5056 19.8405 14.8862 17.5741 14.1967 18.1737 22.773 14.6714 13.2117 17.9537 11.9043 11.8876 11.5704 11.2144 14.8807 10.9655 10.3923 10.0227 9.90033 9.87766 13.3935 13.072 13.3563
threshold=7.6063217912484898e-05 261.85000000000008 37.050000000000018 14.500000000000002 9.5000000000000018 2.5684447605500238 25.500000000000004 1.0000000180025095e-35 4.8423909395973164 217.50000000000003 5.5000000000000009 1.5000000000000002 5.5000000000000009 126.50000000000001 0.00079390780647840191 19.800000000000018 431.50000000000006 2.5000000000000004 0.068857367232747643 40.500000000000007 4.3399756070012657e-05 1.8075134408602154 4666.5000000000009 8.5941229088391709e-06 4.065123585302413e-05 445.36684543492566 0.00015568343365482876 0.97509376803231407 2.5000000000000004 4.5000000000000009
decision_type=2 2 2 2 2 10 2 2 10 2 2 2 2 2 2 2 2 2 8 2 2 10 10 2 2 2 2 10 2 2
left_child=1 2 3 4 22 6 7 8 9 15 17 12 13 26 19 16 -2 -11 23 25 21 -6 -1 -4 -25 -15 27 28 29 -8
right_child=5 -3 18 -5 20 -7 11 -9 -10 10 -12 -13 -14 14 -16 -17 -18 -19 -20 -21 -22 -23 -24 24 -26 -27 -28 -29 -30 -31
leaf_value=0.0038519934235818052 0.00027447305677703973 -0.02218498263118571 -0.0045391383620073727 -0.017382695071621518 0.065007895937685509 -0.010815333419191086 0.00050176311149228222 -0.011813031144658412 0.063594291741134276 0.081267312650707135 0.010121813098648234 0.013526851584568379 -0.0070441593930403654 -0.0044478388460370945 -0.0069624493361913143 -0.0087334078721531018 0.058274303778964545 0.0054726086219435066 -0.0088756613711346733 -0.0060454145555378803 -0.0072312994198332342 -0.0084628019635840952 -0.021903414654586385 0.075074342247011469 -0.0050776973986445184 0.080358335902208103 0.00089425001586482635 -0.0061370859359766612 -0.010931817315307745 0.059457059076526347
leaf_weight=71.033521332152304 12.627107137421261 79.361126199393766 2.0657163578071023 37.679005779944418 4.4638119885130418 32.46146269881865 4.8215924577016294 9.6722277568696864 5.5417385728869695 3.3484763727174167 17.177476097989711 107.46349966056005 136.20506037940504 0.85258354424149541 2.7458193035563454 25.769701696634002 2.7998170130740609 3.398446759187209 3.5191280952276438 1.2422039903322 2.8896533769948292 1.9575008234460254 13.51437498659652 1.8519230074307418 1.0165980700548969 4.1380324672500137 149.15114737877593 10.028035540592098 2.8603929940145454 8.0542291948659095
leaf_count=70675 2718 689916 11404 216684 12604 114821 14102 10635 2271 8982 27248 30285 117991 785 602 22212 510 5922 25204 887 2743 5551 63056 13425 4419 867 131650 29057 10224 21929
internal_value=0.00165402 -0.0082487 0.000144385 -0.00260172 0.00391106 0.00571268 0.00686418 0.0191786 0.0239211 0.016251 0.0328061 0.00435547 0.00111577 0.00718607 0.0441115 0.00412677 0.0224883 0.0616689 0.0279609 0.0596955 0.0348886 0.0487109 -0.00125796 0.0454772 0.0614923 0.0708951 0.00411742 0.0195986 0.0335242 0.0436956
internal_weight=759.711 219.352 139.991 131.538 93.8589 540.359 507.898 80.335 70.6628 65.121 23.9244 427.563 320.099 183.894 8.97864 41.1966 15.4269 6.74692 8.45337 6.23282 9.31097 6.42131 84.5479 4.93424 2.86852 4.99062 174.915 25.7643 15.7362 12.8758
internal_count=1669379 1115681 425765 371313 154629 553698 438877 80498 69863 67592 42152 358379 328094 210103 3141 25440 3228 14904 54452 2539 20898 18155 133731 29248 17844 1652 206962 75312 46255 36031
is_linear=0
shrinkage=0.03


Tree=72
num_leaves=31
num_cat=0
split_feature=90 79 109 105 112 65 53 113 122 94 83 102 62 35 113 113 67 116 70 121 67 83 72 113 89 84 79 72 44 113
split_gain=29.4166 18.2675 31.1527 21.8004 14.4708 14.3887 24.3387 16.406 15.4246 13.8019 12.6087 12.3209 11.9218 23.9232 12.0879 12.8901 12.3554 11.8149 11.7659 11.5118 11.2563 15.3381 10.7814 11.1794 10.6523 9.88949 11.7132 9.59145 9.54874 9.46108
threshold=1.1652245896919093 291.75000000000006 0.00021615370120941127 0.048393392259071799 0.84782990135381775 31.500000000000004 64.500000000000014 1.1082255595731938 912.00000000000011 5.2230762588414423 0.092950354888557143 0.064549731182795708 11.500000000000002 11557.47973964278 0.58336124134851541 1.9349099482083314 121.50000000000001 -1.5042126957129278 41.500000000000007 14.500000000000002 8.5000000000000018 0.24004662004662006 6.5000000000000009 1.6474396154457336 7.0078947368421067 0.083351810790835187 1731.4500000000005 2.5000000000000004 2.5000000000000004 0.66782388439551554
decision_type=8 2 2 10 10 2 2 10 10 10 10 10 2 2 10 10 2 8 2 2 2 8 2 10 10 10 2 2 2 10
left_child=4 3 -3 24 5 27 7 8 -7 -6 12 22 -4 14 -14 16 19 -5 -8 25 -10 -22 28 -24 -2 -16 -27 -1 29 -11
right_child=1 2 10 17 9 6 18 -9 20 11 -12 -13 13 -15 15 -17 -18 -19 -20 -21 21 -23 23 -25 -26 26 -28 -29 -30 -31
leaf_value=-0.00031599684829457453 -0.0024387701312037534 -0.022342621136042108 -0.0045384551781046658 -0.0082081478216683348 0.0078662319916520153 0.012016551577303716 -0.014097652489029996 -0.0016735472605762943 0.0071074936578178751 0.0065444111606865127 -0.015604165984927216 -0.013526606274263152 -0.008384467613860816 -0.015086567113568762 0.0077812332352755597 -0.0093422926872153006 -0.005479663451745072 0.056576511178629753 0.0094593316573737419 -0.0065321333739390046 0.083992232137604123 -0.00095974215298184602 -0.011225630145057343 0.029012135943276458 0.036416213133586478 -0.0048429863552484015 0.081971110407069656 -0.019023868383149612 -0.0020004403343571423 0.050304444006509505
leaf_weight=105.09968804736127 97.000731204047042 92.853173603485629 27.953092516625475 1.8749409486044895 179.90769108531094 17.48545571900468 32.042000008812465 13.780555531549906 4.6430941984508527 7.2261904402475947 19.889099793683272 4.030996958121249 3.3156614557301536 9.045590520508993 3.7288294500249384 2.2525264115101882 2.3257567935797843 5.039342260984994 34.511419202193792 1.3826974382973265 6.5034087100939333 2.1600161777460025 10.735128203901697 5.5230971792916526 1.7718774809763989 0.95735621015773986 9.1883966601744742 27.298488704953343 4.4685343332021139 23.577100335598516
leaf_count=199866 161180 747663 85215 4594 189146 12875 24531 7469 1941 13529 29559 3861 5343 14306 8970 2864 867 9651 9477 497 1389 297 8604 2502 2361 904 8777 79921 1394 29155
internal_value=0.00260261 -0.00509177 -0.0109804 0.00460226 0.00708399 0.00188692 0.009629 0.0255511 0.0362668 0.0123079 0.00273952 0.0248531 0.00953707 0.0207248 0.0349113 0.0423795 0.0496068 0.0429367 -0.00207472 0.0572839 0.0561474 0.0702112 0.0287862 0.00605228 -2.07203e-05 0.0636893 0.0748848 -0.0047252 0.0372128 0.0423863
internal_weight=757.572 278.579 172.892 105.687 478.993 243.524 111.126 44.5725 30.792 235.469 80.039 55.561 60.1499 32.1968 23.1512 19.8356 17.583 6.91428 66.5534 15.2573 13.3065 8.66342 51.5301 16.2582 98.7726 13.8746 10.1458 132.398 35.2718 30.8033
internal_count=1668708 1082751 904965 177786 585957 337766 57979 23971 16502 248191 157302 59045 127743 42528 28222 22879 20015 14245 34008 19148 3627 1686 55184 11106 163541 18651 9681 279787 44078 42684
is_linear=0
shrinkage=0.03


Tree=73
num_leaves=31
num_cat=0
split_feature=84 75 78 109 113 118 89 122 66 85 77 100 90 118 75 67 90 79 70 118 109 34 67 83 122 83 63 70 76 71
split_gain=35.1035 23.4058 20.3626 18.4099 16.8987 16.8168 14.1434 21.494 18.0603 13.6052 18.1155 28.7379 19.7158 18.348 15.9587 15.9488 15.6866 13.0997 13.6925 13.0329 12.475 14.7746 12.3118 11.8224 11.3631 10.9248 14.8309 21.4295 14.484 16.7247
threshold=0.085229294726625701 73.500000000000014 4.5000000000000009 0.00020995907449371118 3.9385913552950709 0.28500055056484813 -3.9990384615384609 653.00000000000011 1.0000000180025095e-35 0.60977139884322318 142.50000000000003 0.0011841330379427355 -0.26149386845039008 -1.0380811936617913 286.50000000000006 76.500000000000014 0.41356978447373932 2505.9500000000007 21.500000000000004 0.036771251053378091 0.0001594899555570689 11.772779065353211 14.500000000000002 0.19389168409746174 4487.0000000000009 0.17244238577228801 43.500000000000007 75.500000000000014 1033.5000000000002 1.0000000180025095e-35
decision_type=8 2 2 2 10 10 8 10 2 10 2 10 10 10 2 2 10 2 2 10 2 2 2 10 10 8 2 2 2 2
left_child=1 2 -1 22 23 -6 7 -2 -9 16 14 12 -12 15 -11 -13 25 -14 -19 -20 21 -4 -3 -5 -23 26 -8 -28 29 -27
right_child=6 3 20 4 5 -7 9 8 -10 10 11 13 17 -15 -16 -17 -18 18 19 -21 -22 24 -24 -25 -26 28 27 -29 -30 -31
leaf_value=-0.007411251293382058 -0.0020472545322424134 -0.020756301464964301 -0.00097362173533784935 -0.012026281741293839 -0.010104399021489796 0.065486635109083646 0.0021517778836883483 -0.0050618860209243584 0.06693316817149772 0.015489740505569819 -0.013138178693067376 -0.010199924297194927 0.061052972903586106 -0.0026555432765225577 -0.013102100266941983 0.059156054059341497 -0.0081476334094598042 -0.0056946568404318562 0.05615274203028834 -0.0070640043081891301 -0.0093046830573548789 0.065163431857728632 0.019369285458121568 0.014644527589942237 -0.0064176314661361497 0.0017376725040039646 0.041291136012415623 -0.0027486185019868371 -0.0041421256471474571 0.035306898520284624
leaf_weight=21.488603069577948 11.95803873913974 114.53834443672531 5.3006755278474911 46.484603168944886 2.5160326665645689 1.5814127112826097 45.47910720649088 3.2952924892015272 7.579670817583974 27.115543503743538 3.7791706904827143 2.5659136504982589 18.233732087799581 47.178908924790449 33.790991509391461 3.9737471996195382 94.202121865826484 9.774212927688497 4.7000793204133506 2.7674472759608761 3.6001885492878491 8.5102682019933109 3.5046699304730273 16.350084792138659 1.3592860528588051 38.318623538318207 24.781499574353802 14.039748945928293 124.92395418261731 15.974555940185381
leaf_count=26233 12181 783539 4032 110613 3582 1909 38417 1893 1761 53367 2169 5564 16980 48507 154411 915 196383 19202 2402 2003 557 2389 12019 11511 3586 49500 4850 1406 88086 9314
internal_value=0.00237901 -0.00744764 0.012223 -0.0119379 0.000674846 0.0390274 0.00655105 0.0274958 0.0503943 0.0053592 0.012671 0.0206581 0.0386135 0.00536655 -0.000163596 0.0393148 0.00208259 0.0450686 0.0182397 0.0392874 0.0315313 0.0411267 -0.0188263 -0.00451843 0.0564619 0.0058233 0.0144008 0.0268678 0.00150724 0.0137591
internal_weight=759.667 225.234 40.259 184.975 66.9321 4.09745 534.432 22.833 10.875 511.599 153.88 92.9732 39.2546 53.7186 60.9065 6.53966 357.72 35.4755 17.2417 7.46753 18.7704 15.1702 118.043 62.8347 9.86955 263.517 84.3004 38.8212 179.217 54.2932
internal_count=1669281 959970 36797 923173 127615 5491 709311 15835 3654 693476 305520 97742 42756 54986 207778 6479 387956 40587 23607 4405 10564 10007 795558 122124 5975 191573 44673 6256 146900 58814
is_linear=0
shrinkage=0.03


Tree=74
num_leaves=31
num_cat=0
split_feature=90 79 109 105 35 113 59 122 106 100 118 109 111 90 31 54 97 68 39 110 94 99 93 69 109 122 64 52 58 84
split_gain=27.3524 23.0518 20.6954 18.9583 14.9326 14.1017 30.6473 20.9415 20.2778 16.0033 15.6706 14.7341 30.7605 19.2243 16.3573 13.7253 15.3566 14.1708 12.3153 12.3373 11.833 11.3374 14.4209 12.4777 11.1174 10.9964 18.4838 11.5275 10.6336 10.4353
threshold=1.2099560283952231 291.75000000000006 0.00013804224534406367 0.066235611172624165 1044.3827612741172 1.6852055558689509 5617.895765491513 718.50000000000011 1.0000000180025095e-35 0.021754906291411625 0.24229785879498381 1.5659060278361025e-05 3.4589859313417058e-05 -0.066921079209349324 33.500000000000007 2.5000000000000004 0.18770973154362419 2.5000000000000004 45.500000000000007 0.00048855460551340167 6.0429154510564427 0.11089409722222222 4.7572380357525885 234.50000000000003 0.00011717160222208402 1039.5000000000002 2.5000000000000004 116.50000000000001 1073.5500000000002 0.21144244837624632
decision_type=10 2 2 10 2 8 2 8 8 10 8 2 2 10 2 2 10 2 2 2 10 10 10 2 2 8 2 2 2 10
left_child=5 3 -3 4 -2 11 10 -8 9 18 -7 -1 13 -13 15 -15 17 20 19 -9 24 23 -23 -14 -17 26 27 -4 -6 -27
right_child=1 2 25 -5 28 6 7 8 -10 -11 -12 12 21 14 -16 16 -18 -19 -20 -21 -22 22 -24 -25 -26 29 -28 -29 -30 -31
leaf_value=-0.011226500196044337 -0.0029274806223000835 -0.023462913416120727 -0.0063336573626396235 0.044353589872705552 0.058836820825775474 -0.00025555323215270266 -0.011103154723432117 -0.0040369811329805634 -0.0088788316700794696 -0.006321968540197241 0.023325459685507501 -0.0063604938262896973 0.00082232899539507159 0.0034119999642833769 -0.0060479308584603627 0.11934913869088466 -0.005397474250997833 -0.0043320657807722276 -0.0045031189181219053 0.096591842908350142 0.00017191048691531951 0.045415311178147365 -0.010311272717851455 0.033092757711467684 -0.0027065966356841342 -0.010101308322430537 -0.007136476377136337 0.071065059032679997 -0.0077135955192333691 0.020359983763551127
leaf_weight=49.203323710164113 65.661253896905691 72.956737775624788 1.3334160392405459 5.8827868000007575 1.4113592683497693 72.062251097493572 2.8341143765719607 0.77254115228424058 2.0873652589798448 1.3251021320029401 34.049351461850165 5.1217623831689734 311.96257516190235 3.0713221326441253 2.5144633319214327 3.8322020072373562 1.0923760076184406 0.84335089701926325 0.87301047722576264 7.922307414613897 0.96415739792428201 6.8548413118769513 4.0637339268505457 6.1828437297372139 0.4912162608525249 73.241861998161767 8.0529864056152274 1.5252648718887938 1.718524890959088 6.9044745822684481
leaf_count=211823 113492 669347 622 11131 2753 66176 254 686 1095 602 33522 11424 257984 5392 19816 17637 3602 5917 323 1943 5136 2650 2905 589 371 205075 2020 369 3546 10889
internal_value=0.00239067 -0.00593125 -0.0121091 0.00754615 0.00160643 0.00624445 0.0149669 0.0484539 0.0609291 0.0728909 0.00802032 0.00340712 0.00561214 0.0392395 0.0541394 0.0660115 0.080345 0.0911842 0.082266 0.0894414 0.10112 0.0032199 0.0279505 0.00195181 0.111467 -0.00226444 0.0207679 0.0539028 0.0400252 -0.00643563
internal_weight=756.813 238.689 164.015 74.6739 68.7911 518.124 121.926 15.8144 12.9803 10.893 106.112 396.198 346.995 17.9309 12.8091 10.2946 7.2233 6.13093 9.56786 8.69485 5.28758 329.064 10.9186 318.145 4.32342 91.058 10.9117 2.85868 3.12988 80.1463
internal_count=1669091 1019244 888322 130922 119791 649847 104601 4903 4649 3554 99698 545246 333423 69295 57871 38055 32663 29061 2952 2629 23144 264128 5555 258573 18008 218975 3011 991 6299 215964
is_linear=0
shrinkage=0.03


Tree=75
num_leaves=31
num_cat=0
split_feature=109 58 7 75 112 79 44 69 78 69 115 71 119 70 72 32 109 58 65 70 119 103 3 109 45 113 94 114 80 111
split_gain=25.987 29.8207 17.1662 16.4165 13.0439 13.5652 15.3682 11.9581 12.9343 19.9807 11.4251 11.139 12.8335 11.7105 11.5188 8.73021 12.4504 16.4546 15.9517 20.4861 14.3775 11.9362 14.5835 11.9321 10.6497 10.6578 9.21495 9.16089 8.62339 9.20058
threshold=6.8789656660163807e-05 261.85000000000008 14.650000000000004 200.50000000000003 0.78006903876792366 3777.1500000000001 5.5000000000000009 275.00000000000006 701.50000000000011 41.500000000000007 0.54192633429210624 168.50000000000003 0.23067873303167424 37.500000000000007 442.00000000000006 271.4500000000001 0.000283820359933527 -62.299999999999997 58.500000000000007 4.5000000000000009 0.51765683423348585 0.0080267594441938896 45.500000000000007 0.00032653168271623974 13.500000000000002 0.57231771909287066 5.6756045193704407 2.3648447666852581 75.881437689835892 4.1630977788510525e-05
decision_type=2 2 2 2 10 2 2 2 2 2 8 2 8 2 2 2 2 2 2 2 10 10 2 2 2 10 10 10 2 2
left_child=1 2 3 28 7 15 -7 8 9 -2 -4 12 13 -8 -13 16 -6 18 19 20 -18 -17 23 -23 25 -21 27 -27 -1 -30
right_child=4 -3 10 -5 5 6 11 -9 -10 -11 -12 14 -14 -15 -16 21 17 -19 -20 24 -22 22 -24 -25 -26 26 -28 -29 29 -31
leaf_value=-0.0072377167272727446 0.0008172298799239185 -0.022091440861387729 0.051489208518210781 -0.020702910189936547 0.019395712461253031 -0.015831051500064509 -0.0057896434658713707 0.035190360698685905 -0.013686236023745987 0.051274245784163057 -0.0025814341997984639 -0.016894875222041514 -0.0095348721960705884 0.056924892944408119 0.030289070318609123 -0.0055651959077263153 -0.008685075352961296 -0.0093855425559796549 0.0002114506228126153 -0.0036659776726754275 0.031494634752805097 0.00051932069484655647 -0.0054657565210217349 0.060145292898343618 -0.0071734691336418823 0.081201499335497959 -0.0048046849917603284 0.0036229123376820172 0.015952744717245483 -0.009718809327609039
leaf_weight=35.80723797804967 197.91981768194819 70.792133117043704 4.5686248977071928 27.250246866875386 78.183099832873268 32.700368694466306 2.4190330798883224 3.5626297026756211 50.501921008442878 2.332396358891855 4.8427439062143103 12.600972111933514 3.733480093484105 5.9665618483995786 1.4277408279303916 6.0082785236954832 18.174478003769767 46.607511337460892 50.521054673474282 1.7737165361177165 7.4995707263151408 3.8271375582116915 4.5385929559342904 11.080740917692308 1.5419837684894435 7.0849968644906731 0.93162051116814915 2.0912898007081822 49.061265728836588 12.675931337536893
leaf_count=60172 286061 667135 23894 234374 116238 58897 2303 276 27098 647 29516 4697 2225 1468 199 12087 4557 40401 6878 314 1479 10088 1085 6097 301 1556 237 485 58778 9741
internal_value=0.00196697 -0.00704517 0.00139997 -0.00209861 0.0053408 0.00953803 -0.00315543 0.000322019 -0.000851666 0.00263966 0.0324239 0.0126933 0.0290929 0.0434285 -0.00539584 0.0126531 0.0102089 0.00443631 0.0117407 0.0249253 0.00627232 0.028185 0.0376181 0.0488131 0.0492168 0.0564921 0.0647682 0.0710349 0.00385477 0.0103486
internal_weight=758.027 204.998 134.206 124.795 553.029 298.712 58.8482 254.317 250.754 200.252 9.41137 26.1478 12.1191 8.38559 14.0287 239.864 214.409 136.226 89.6187 39.0977 25.674 25.4547 19.4465 14.9079 13.4236 11.8816 10.1079 9.17629 97.5444 61.7372
internal_count=1669284 1083610 416475 363065 585674 271592 69789 314082 313806 286708 53410 10892 5996 3771 4896 201803 172446 56208 15807 8929 6036 29357 17270 16185 2893 2592 2278 2041 128691 68519
is_linear=0
shrinkage=0.03


Tree=76
num_leaves=31
num_cat=0
split_feature=84 94 111 80 113 84 80 94 77 93 53 93 93 54 53 80 122 83 103 77 78 85 95 71 36 79 118 122 69 100
split_gain=21.8737 21.4277 24.2722 24.2154 23.2454 16.7423 13.1348 13.8062 15.4253 12.9263 12.7097 18.106 31.9639 17.534 14.9915 14.6402 12.4028 12.6447 25.3024 12.0117 12.4703 13.3225 11.8658 11.7306 11.613 11.5556 11.5218 11.0499 11.047 11.7217
threshold=0.084514482563633267 5.0387400506833622 0.00026794344214835193 7150.1171508309772 0.9046551453028413 0.063501947063590913 340.67034016693771 6.0429154510564427 1.5000000000000002 5.7915631637154821 1.0000000180025095e-35 5.0318667399281063 3.577507998040105 8.5000000000000018 2.5000000000000004 132.51276799296127 8511.5000000000018 0.13726650423483006 0.010641201337916939 21.500000000000004 24.500000000000004 0.87506670224119543 0.28616924476797095 168.50000000000003 9.5000000000000018 426.94999999999999 -1.7004583511062676 5603.5000000000009 380.50000000000006 0.00079270821551106596
decision_type=10 8 2 2 10 8 2 8 2 10 2 8 10 2 2 2 10 10 10 2 2 10 10 2 2 2 8 10 2 10
left_child=1 -1 6 4 -4 9 7 8 -3 -6 11 12 -2 15 -12 -14 28 18 -18 -8 21 -21 -17 25 -23 -20 -24 -28 29 -16
right_child=10 2 3 -5 5 -7 19 -9 -10 -11 14 -13 13 -15 16 22 17 -19 23 20 -22 24 26 -25 -26 -27 27 -29 -30 -31
leaf_value=-0.012728993971354047 -0.012937201080827658 0.061096672994561847 0.0027334689493764787 -0.0098241210617777512 0.091774550004420738 -0.0066782186960197666 -0.022336469821479091 0.0010256199521507092 -0.0045030392976917969 -0.0045828781184919735 -0.015009283042720502 -0.0088757018890722583 -0.0055362290995792313 -0.00076996962314888624 0.0088042690274348495 -0.00084949224869407063 -0.010139293581847753 0.0010481249739836371 0.00014929246082023503 -0.0076730631640669856 -0.009404659038131976 -0.0068375469305539151 -0.0034230800264437207 -0.0076991407291530766 0.067354704286213221 0.065077747515783935 0.11181283409462894 -0.0029543294390830112 0.037388411359486291 -0.001779162194071195
leaf_weight=131.2399063071789 5.442887553159383 2.8993472998699872 7.7327503548149279 8.3499729423638183 5.7891254652349717 1.4241602547990631 33.963537784402433 63.509505057467322 4.3798652040204615 0.8993051686848047 26.527192897548957 7.7314073471716283 1.1224311507176006 3.1653647917264598 192.83679639898037 1.1641092996360383 7.0002781427319887 18.031289149665099 2.896327702910642 4.3837492285529178 21.197425552425557 1.4726709032402143 0.64000299045437714 1.712749061276553 1.7790191114399929 12.584594051368184 4.7020716143451864 0.54525625579844916 4.1135072733159168 177.07566392431181
leaf_count=603785 9539 3085 7418 14620 4387 1840 174321 89521 2839 1559 49735 14347 708 2382 312720 910 13023 15636 2108 20415 132127 6935 849 928 12372 14721 3445 1025 237 151155
internal_value=0.0024449 -0.00399976 0.00342908 0.0282197 0.0458152 0.0701791 -0.0019172 0.00673782 0.0358643 0.0824004 0.00643106 0.025602 0.0398771 0.0614294 0.00509567 0.0766666 0.00653988 0.0210974 0.033301 -0.0114511 0.00277723 0.0269353 0.0866196 0.0492871 0.0499706 0.0559323 0.0963622 0.104265 0.0046398 0.00378186
internal_weight=756.312 289.02 157.78 24.1953 15.8453 8.11259 133.585 70.7887 7.27921 6.68843 467.292 24.5135 16.7821 11.3392 442.778 8.17387 416.251 42.2252 24.1939 62.7964 28.8329 7.63544 7.05144 17.1937 3.25169 15.4809 5.88733 5.24733 374.026 369.912
internal_count=1668692 1075224 471439 29824 15204 7786 441615 95445 5924 5946 593468 33205 18858 9319 560263 6937 510528 46416 30780 346170 171849 39722 6229 17757 19307 16829 5319 4470 464112 463875
is_linear=0
shrinkage=0.03


Tree=77
num_leaves=31
num_cat=0
split_feature=109 58 90 65 31 58 86 90 72 101 117 40 41 54 68 59 51 64 102 53 109 64 86 109 105 119 72 82 95 119
split_gain=25.9973 32.6616 16.0911 18.0846 20.3998 17.9434 18.3617 15.0207 14.0698 22.3772 24.792 19.1543 18.8604 13.6293 29.8779 18.2443 22.992 23.8877 19.7417 15.8191 15.647 15.0374 13.9978 13.5108 13.3466 13.5797 13.0324 12.8928 15.2689 14.0085
threshold=6.8789656660163807e-05 261.85000000000008 -0.066921079209349324 1.5000000000000002 30.500000000000004 123.00000000000003 0.4000402090872538 2.830122256591546 1.5000000000000002 0.023819305865320658 0.16313927721289373 209.50000000000003 79.500000000000014 48.500000000000007 3.5000000000000004 618.97638667838885 217.50000000000003 1.5000000000000002 0.040846847213461664 1.0000000180025095e-35 0.0001594899555570689 14.500000000000002 0.46433463796477498 0.00042995407154786211 0.11118215402102871 0.91396854764107316 239.50000000000003 0.084756173739224602 0.57694533475783483 0.096796990767126431
decision_type=2 2 8 2 2 2 10 10 2 10 10 2 2 2 2 2 2 2 10 2 2 2 10 2 8 10 2 8 10 10
left_child=1 2 -1 -4 5 6 -5 8 13 11 -11 27 23 15 21 16 19 18 -18 20 -2 24 -16 -13 25 -15 -25 28 29 -10
right_child=7 -3 3 4 -6 -7 -8 -9 9 10 -12 12 -14 14 22 -17 17 -19 -20 -21 -22 -23 -24 26 -26 -27 -28 -29 -30 -31
leaf_value=-0.012579175926133541 0.034562612024833961 -0.022277652080121398 0.0022115245847362354 0.079859642425412852 -0.013563809303738491 -0.0016657352581190203 -0.0075421656837992438 -0.015731114217670365 -0.0091086110177281809 0.032900639036942667 -0.010372488209215313 -0.0095258865884026971 0.002299804315554542 0.075093944246309025 -0.017106091545857849 -0.0075762128897999088 0.046978783950213467 -0.00164127204256805 -0.010743824906915422 -0.0081222344240041312 -0.012038122197048735 -0.0034979783522532705 0.028281382842304095 0.062691311999134233 0.0039908126297273343 0.0010075544228957821 -0.007616210453386423 -0.0072527711612240774 -0.0052442022712988999 0.035457155124669591
leaf_weight=39.59182560066256 14.892831123186626 68.741137477874872 77.731138365561492 6.4645269747416041 4.1246877652738467 4.5207326115414608 1.6754062202962812 22.265639681587345 6.3678753983840606 35.797582021150447 14.04092089201731 2.2482038748858022 29.24201457403251 12.830298586472059 13.329485433569063 41.518500093341572 33.726941408764105 16.893855039095797 4.2745573158608741 43.687483679765137 6.571239720688026 3.9754911294658077 4.202482633139879 8.7336345574294665 4.54474802804907 2.7013390913416506 1.6642288200964674 183.55917026653333 30.913845081340696 18.071820839119027
leaf_count=144520 10230 667473 175124 34250 32239 23334 7257 83712 7447 9693 4338 429 5450 8409 11921 103454 50806 19697 5584 30168 3840 2485 1030 1431 749 1866 428 147862 57650 16337
internal_value=0.00285829 -0.00623126 0.00249888 0.00912958 0.0333059 0.0480926 0.0658455 0.00620015 0.00725246 0.00334672 0.0208752 -7.51315e-05 0.0174869 0.0133762 0.0279091 0.00891022 0.014687 0.0281118 0.0399916 0.00217816 0.0207169 0.0465857 -0.00236495 0.0420024 0.0552232 0.0655918 0.0526192 -0.0034496 0.00871823 0.0242705
internal_weight=758.904 202.849 134.108 94.5165 16.7854 12.6607 8.13993 556.054 533.789 330.639 49.8385 280.801 41.8881 203.149 41.5838 161.565 120.047 54.8954 38.0015 65.1516 21.4641 24.0519 17.532 12.6461 20.0764 15.5316 10.3979 238.913 55.3535 24.4397
internal_count=1669213 1084197 416724 272204 97080 64841 41507 585016 501304 251065 14031 237034 7738 250239 26460 223779 120325 76087 56390 44238 14070 13509 12951 2288 11024 10275 1859 229296 81434 23784
is_linear=0
shrinkage=0.03


Tree=78
num_leaves=31
num_cat=0
split_feature=109 58 33 122 109 83 90 80 69 77 80 26 122 78 86 79 118 66 28 40 110 64 28 97 109 94 27 108 109 79
split_gain=24.6777 28.5595 16.03 13.0228 17.2441 18.8117 17.2083 17.9012 20.4835 15.5441 28.466 25.8075 17.7355 15.5272 20.6214 19.1176 17.2357 15.5167 14.5876 14.4993 14.6304 14.2458 12.9637 14.0262 12.9249 12.7165 12.8957 11.5813 12.5191 12.0108
threshold=6.8789656660163807e-05 261.85000000000008 115.25000000000003 15239.000000000002 0.00016369065018530173 0.064183276041502424 1.9908965344048222 23453.313066568149 7.5000000000000009 170.50000000000003 256.66413234067846 2438.5000000000005 455.50000000000006 3610.0000000000005 0.37038980218413592 1865.8500000000001 -0.4091863343367162 7.5000000000000009 10.500000000000002 4.5000000000000009 0.00034013168877778039 69.500000000000014 1.5000000000000002 0.076912662209169133 9.8040865836300487e-05 6.2015507272904458 297.50000000000006 1.2418971975168127e-05 2.8944150140618033e-05 73.900000000000034
decision_type=2 2 2 8 2 10 10 2 2 2 2 2 10 2 8 2 10 2 2 2 2 2 2 10 2 8 2 2 2 2
left_child=1 2 -1 4 9 25 7 8 18 10 -2 12 -11 14 15 16 -10 -18 19 -5 22 -17 -21 -24 -14 26 -6 -4 29 -29
right_child=3 -3 27 6 5 -7 -8 -9 13 11 -12 -13 24 -15 -16 21 17 -19 -20 20 -22 -23 23 -25 -26 -27 -28 28 -30 -31
leaf_value=-0.002044074839037284 0.05319528090338474 -0.021703919649025662 -0.008829377035211014 0.00033851908508637438 0.045105766394783309 0.0041236065036649406 -0.015905223144712686 -0.020832740448188013 -0.0053506594433605937 -0.0065649846993139707 -0.0056032871682439294 -0.010940381528369444 -0.0041636739895150746 -0.0043181305167926945 -0.0041638811983503981 -0.0097728257363791128 -0.0040644186232874149 0.11297819570823239 -0.014788385361292627 -0.0045520255219326016 -0.00055977877713653571 0.042951596249867351 -0.0074203923428814156 0.06736802266854397 0.098646383968388623 -0.010083245468850938 -0.010272466922518325 -0.0055895883070181604 0.0012514668635346194 0.078378701442886028
leaf_weight=122.39749176288024 5.4133477372888619 67.25917639000545 3.5011223810724905 70.410824748651066 18.075689490069639 280.4182173484005 43.837673037305649 17.829327918858326 1.0793672158761181 1.3555358476587551 22.97182094949676 2.8488779240215081 0.80412232261005545 8.9499220362922625 6.5440705573564619 6.8403858841484162 0.78272554847354259 2.9664855086812167 30.421729494162719 3.2256667558613143 11.269640965838333 3.5889762058795895 1.6422189438526382 7.2865982889925363 4.2891643798357109 4.0253902263066292 2.5814904085127628 1.1422326440952004 4.5903462065034546 2.471347268379759
leaf_count=349670 3206 667514 30447 125597 15480 50938 191132 29774 1233 230 22408 3054 1550 3584 4358 9821 1587 2284 72651 5709 12276 896 5873 12246 2462 5648 1630 4753 17804 14176
internal_value=0.00240304 -0.00649594 0.0016376 0.00563515 0.0092319 0.00660725 -0.000134841 0.0041998 0.00764009 0.0272191 0.0118977 0.0534759 0.0742829 0.02766 0.0391439 0.0541616 0.0858728 0.100185 0.00180712 0.00766341 0.0257487 0.01641 0.0431953 0.0558867 0.088393 0.0293762 0.037532 0.029225 0.0426588 0.0639992
internal_weight=760.821 201.362 134.103 559.459 342.784 305.101 216.676 172.838 155.009 37.6829 28.3852 9.2977 6.44882 30.7519 21.802 15.2579 4.82858 3.74921 124.257 93.8349 23.4241 10.4294 12.1545 8.92882 5.09329 24.6826 20.6572 11.705 8.20393 3.61358
internal_count=1669991 1084364 416850 585627 106606 73696 479021 287889 258115 32910 25614 7296 4242 23763 20179 15821 5104 3871 234352 161701 36104 10717 23828 18119 4012 22758 17110 67180 36733 18929
is_linear=0
shrinkage=0.03


Tree=79
num_leaves=31
num_cat=0
split_feature=109 75 66 115 90 122 90 56 71 109 94 93 66 77 73 78 73 121 93 100 54 102 113 121 93 69 111 83 115 109
split_gain=26.5496 20.9533 18.2099 18.2497 16.838 14.5699 13.4634 13.9462 12.7642 19.4477 20.7701 12.6322 11.6161 11.6073 10.6944 19.0429 17.1589 10.5601 10.2472 10.1731 16.2508 17.3656 14.7242 19.0125 20.3939 17.3789 13.156 13.0121 18.0213 17.5357
threshold=7.0081770155602224e-05 200.50000000000003 5.5000000000000009 0.76503212206384263 1.287156334231806 1257.5000000000002 2.4222875816993468 1.5000000000000002 1.0000000180025095e-35 2.8383481447052895e-05 5.1206715728395293 -2.1955875654187582 1.5000000000000002 18.500000000000004 1557.0000000000002 4941.5000000000009 2549.5000000000005 2.5000000000000004 5.5553056661305371 0.0023068054159522265 1435.5000000000002 0.01563114673485445 4.4606673862205444 2.5000000000000004 3.8168059771207439 1.5000000000000002 0.00044235245410567718 0.089892109803080295 0.7224404162470629 0.00056538516525696128
decision_type=2 2 2 8 10 10 10 2 2 2 8 10 2 2 2 2 2 2 10 10 2 8 10 2 10 2 2 10 10 2
left_child=1 5 -3 4 11 8 7 12 -1 10 -10 -4 -2 -7 15 19 -16 -8 -12 22 -21 26 25 24 -24 27 -22 28 -9 -30
right_child=6 2 3 -5 -6 13 17 14 9 -11 18 -13 -14 -15 16 -17 -18 -19 -20 20 21 -23 23 -25 -26 -27 -28 -29 29 -31
leaf_value=0.0032074264977820367 0.049011138938381216 -0.022624874124511907 -0.0067408971433085179 -0.016596475402130582 -0.011444631311767936 -0.020679534172476054 -0.018095828654305649 -0.0037050517196068064 -0.0090101294235365899 -0.0086350134617745426 0.088750360497526007 0.070396226678867857 -0.0093343196919109007 0.020752127346459107 0.038903580965277913 -0.019371836990780034 -0.012829369519950472 0.012910029250830608 -0.0039871350227448036 -0.0021127812661599879 -0.0073241998470604417 -0.01230021493788629 -0.0095664528674955871 -0.012106627726891543 0.071590634398374167 0.015611004555749569 0.068565806992292519 -0.0044027326791645487 0.047195641176540709 -0.0076656221317125302
leaf_weight=67.970415808827966 7.1284113939036597 76.318216258041502 1.4486326913392984 8.4242467720250698 3.0833611370107974 27.154752314992951 30.192635858809808 23.324050812596397 2.1343607898015744 4.7923626890260493 2.8216442331613512 3.067406878864861 2.2437961702307803 3.2736192360898704 14.985869419440862 21.899191442469601 5.280660313248517 9.6655272972857329 0.7630898618226637 153.54707299502479 1.5491883981157997 3.2821743082895418 2.295576014024844 3.2847749700813429 6.1683204964501783 139.48249202954321 3.4740072067943402 110.42911638883379 13.244432792853333 5.6144535072235149
leaf_count=37685 7712 809460 9011 65787 32441 104339 126602 51970 1682 1741 887 21607 3435 5116 1896 6158 1361 18006 479 123898 133 545 1134 680 3832 78307 566 112933 33934 6284
internal_value=0.00259916 -0.00663034 -0.016752 0.00994781 0.0342821 0.00231019 0.00596268 0.00727468 0.0090607 0.0336755 0.0566199 0.0551117 0.0366549 -0.0139225 0.00638042 0.00533225 0.0255527 -0.00997606 0.0781848 0.0066874 0.000576628 0.032407 0.00988047 0.0375823 0.0542008 0.0081525 0.0531826 0.00105668 0.0143007 0.0326793
internal_weight=758.344 201.252 92.3419 16.0236 7.5994 108.91 557.092 517.234 78.4819 10.5115 5.71909 4.51604 9.37221 30.4284 507.861 487.595 20.2665 39.8582 3.58473 465.696 161.852 8.30537 303.843 11.7487 8.4639 292.095 5.0232 152.612 42.1829 18.8589
internal_count=1669621 1090235 938306 128846 63059 151929 579386 434778 42474 4789 3048 30618 11147 109455 423631 420374 3257 144608 1366 414216 125142 1244 289074 5646 4966 283428 699 205121 92188 40218
is_linear=0
shrinkage=0.03


Tree=80
num_leaves=31
num_cat=0
split_feature=109 76 67 113 122 59 109 92 94 122 94 118 115 35 73 78 73 99 70 79 85 118 109 113 96 94 78 55 122 83
split_gain=15.1217 24.887 16.7671 13.8607 12.5985 15.2075 13.7014 20.9506 14.2434 13.0959 11.1534 13.0228 11.0615 12.6637 10.6925 15.5068 15.315 12.1245 11.6432 22.6416 15.7598 24.9803 15.9628 15.9202 12.869 13.7669 12.1671 15.047 21.9039 18.874
threshold=7.0081770155602224e-05 863.50000000000011 8.5000000000000018 0.7738315633858216 1257.5000000000002 135.29580093009866 2.5895543540948448e-05 5.0352322153699083 7.2239635228036025 16431.500000000004 3.6729534392114407 -0.86377643510217472 2.6016850291639666 25.291069141210389 1557.0000000000002 4941.5000000000009 2549.5000000000005 0.019883675203917244 31.500000000000004 4059.3500000000008 0.56898181344110565 0.08277625179701277 0.00088639197478202565 2.0344737603279808 0.027404770487863498 -3.4542690072848763 321.50000000000006 83.500000000000014 11370.500000000002 0.23685382199934388
decision_type=2 2 2 8 10 2 2 10 10 8 8 10 8 2 2 2 2 10 2 2 10 10 2 10 10 10 2 2 8 10
left_child=1 4 -3 -4 6 -6 7 -1 12 -7 11 -8 13 -9 15 18 17 -16 19 26 22 23 -20 24 25 -22 27 -2 -29 -30
right_child=14 2 3 -5 5 9 10 8 -10 -11 -12 -13 -14 -15 16 -17 -18 -19 20 -21 21 -23 -24 -25 -26 -27 -28 28 29 -31
leaf_value=0.0078432609565141278 0.0057680687073167437 -0.02003710124323663 0.042890014222644213 -0.012000799969083339 -0.019971213348015208 -0.011340182635966376 -0.011850895377751287 -0.00499904220175442 -0.0082012216687105087 0.051161181282126787 -0.015386185695073861 0.048969390274071524 -0.00026909235681431921 0.086104509981910451 -0.0029392060705816709 -0.018334817395817521 -0.012686915605557699 0.048474764163315719 -0.014049041441798082 -0.018359640513025178 -0.003750636445948682 -0.0034774035806982751 0.021495257017748279 -0.0093694569340702655 -0.0066051648634956198 0.058825167073403482 -0.0044931814909395518 0.0020334207411639564 0.073612878409019866 -0.0086255428761752226
leaf_weight=44.059622784443491 285.90410885495658 82.293727448326536 3.2305865866801442 4.9967812443937882 24.882909724714413 3.0353207139924052 3.24559292554477 0.99162077475921062 1.8733130626133059 1.2835858055550478 21.49074578496948 1.4543141454851136 2.0555540962668601 4.5458658546122024 4.8276839122409028 22.026835105847567 5.2059433973190599 11.008081981650319 23.878661373746581 35.968485699879238 2.9315783569836737 17.245095491271059 13.757224944041807 3.6268504398467476 2.6112970122776451 22.004812839855731 89.146593346835289 13.409619846868734 5.9553297974925981 2.0149730159973842
leaf_count=30553 392937 898330 11806 20699 91901 8591 2175 332 1560 5042 14488 625 1039 2540 1153 6180 1350 763 6900 84776 1119 11426 2099 2253 952 11699 42928 2024 6986 3669
internal_value=0.00235366 -0.00466276 -0.0158716 0.0176181 0.00494055 -0.0107142 0.0109691 0.0191113 0.0507192 0.024719 -0.00606737 0.0225101 0.0627403 0.0751593 0.00486488 0.0039203 0.0237166 0.0358567 0.00503192 0.00294045 0.0148023 0.0252783 -5.92491e-05 0.0394673 0.0463486 0.0520709 0.00507763 0.00788172 0.0296961 0.0575118
internal_weight=760.963 199.44 90.5211 8.22737 108.918 29.2018 79.7166 53.526 9.46635 4.31891 26.1907 4.69991 7.59304 5.53749 561.523 540.481 21.0417 15.8358 518.455 432.399 86.0555 48.4196 37.6359 31.1745 27.5477 24.9364 396.431 307.284 21.3799 7.9703
internal_count=1668895 1089681 930835 32505 158846 105534 53312 36024 5471 13633 17288 2800 3911 2872 579214 575948 3266 1916 569768 533320 36448 27449 8999 16023 13770 12818 448544 405616 12679 10655
is_linear=0
shrinkage=0.03


Tree=81
num_leaves=31
num_cat=0
split_feature=84 75 109 78 72 69 93 67 41 92 67 98 94 122 113 109 95 77 78 92 122 122 104 114 105 115 58 95 122 97
split_gain=24.8142 21.6322 16.1418 14.7095 14.3125 10.3494 12.159 21.55 19.6661 17.736 31.3737 21.9845 16.0823 14.9077 12.6398 12.1791 11.9511 20.1983 25.7096 15.799 13.4384 11.7963 10.8862 10.8829 15.0078 10.7237 12.32 17.3859 10.6845 10.704
threshold=0.084514482563633267 65.500000000000014 0.00020995907449371118 4.5000000000000009 1.0000000180025095e-35 372.50000000000006 3.577507998040105 24.500000000000004 19.500000000000004 4.5255545757652369 2.5000000000000004 0.034485278185107361 4.5723130529752227 2905.5000000000005 0.64388844686923807 0.00056538516525696128 0.53658851949264263 380.50000000000006 830.50000000000011 5.1766309130893022 9508.5000000000018 509.50000000000006 0.0040913744953785473 1.202745073447568 0.037017871687988126 0.22435303461513009 870.35000000000025 0.48783774899743609 8784.5000000000018 0.078194176272112045
decision_type=10 2 2 2 2 2 10 2 2 10 2 10 10 10 10 2 8 2 2 10 10 8 10 10 10 8 2 10 10 10
left_child=1 3 -3 -1 -4 6 7 14 21 10 11 12 25 -12 -2 -15 17 -11 19 -19 -21 -9 -23 -18 -25 -8 27 -27 -10 -30
right_child=5 2 4 -5 -6 -7 9 8 28 16 13 -13 -14 15 -16 -17 23 18 -20 20 -22 22 -24 24 -26 26 -28 -29 29 -31
leaf_value=-0.001442773411510533 0.0063642219370650451 -0.0172163937004771 0.014262358384304273 0.023675877746967743 -0.011383646229605963 0.03604083862024525 0.010621924658837786 -0.010903831964944407 -0.0056294828447203647 -0.0002386590368903771 -0.0044228101552475146 0.0040309095495004383 -0.0071158206252943876 -0.0078592221581778501 -0.023769922174848034 0.04244081907234401 -0.007126594315204922 0.0015212074880512059 -0.013529807026297344 0.061323627616734905 -0.0053592341717672949 -0.0063147370308576775 0.049708464578008156 0.026975839249868364 -0.005185931350795361 0.0029641118464399751 -0.00065254138897051397 0.08436043147961278 -0.007178881487618991 0.044729559535974808
leaf_weight=65.245187598848133 14.733057339319201 123.51703812016785 32.053431903703313 25.569152643744019 36.560171731020091 5.110501928953453 6.0470256367043538 2.762715449440293 60.064298296507332 50.582788249259465 48.466058738456923 14.184854113373147 2.8293795518620746 4.4448162945045615 41.152565557837079 8.1428695021168078 102.06324061763007 7.1665084958804099 7.5080571520520598 15.76272245810833 2.2552834068046641 2.5633817273628692 11.784351322829023 19.08682666830282 25.642368931868987 3.1351622774600463 2.1425105846647048 13.523235355751238 4.1742477766820221 3.3770875231421087
leaf_count=91855 74184 839098 64970 16121 63572 277 11304 249 13717 62179 20754 17747 4352 3092 138857 1825 151489 1366 2654 3705 487 4033 7713 26555 23057 2782 5281 14081 1944 641
internal_value=0.00165519 -0.0053303 -0.0109432 0.00649593 0.000752076 0.00579647 0.00509699 -0.00224551 0.0071828 0.00818491 0.0182377 0.0367256 0.0503012 0.00374082 -0.0159554 0.0274945 0.00339575 0.0121254 0.0287494 0.0415071 0.053626 0.0317461 0.040654 -0.00179286 0.00987052 0.056936 0.0664714 0.0732622 -0.000790956 0.0246064
internal_weight=761.651 282.945 192.131 90.8143 68.6136 478.706 473.595 140.612 84.7261 332.984 102.916 41.8622 27.6773 61.0537 55.8856 12.5877 230.068 83.2754 32.6926 25.1845 18.018 17.1104 14.3477 146.792 44.7292 24.8479 18.8009 16.6584 67.6156 7.55134
internal_count=1669941 1075616 967640 107976 128542 594325 594048 241338 28297 352710 81218 55547 37800 25671 213041 4917 271492 70391 8212 5558 4192 11995 11746 201101 49612 33448 22144 16863 16302 2585
is_linear=0
shrinkage=0.03


Tree=82
num_leaves=31
num_cat=0
split_feature=107 79 65 57 91 105 56 36 32 26 121 33 59 109 113 56 92 76 103 87 69 53 115 105 51 69 33 95 111 28
split_gain=22.4169 22.1845 21.7753 17.5634 15.2279 13.8843 16.3029 19.9514 14.1074 14.4269 11.7857 11.1434 10.8158 14.7622 17.4806 13.5928 18.108 12.4219 11.3472 10.757 11.7928 20.5189 14.4157 16.3226 13.7899 13.612 13.0328 10.4482 14.2037 14.1287
threshold=0.00038863027674551149 251.14999999999992 4.5000000000000009 418.4500000000001 -3.3136178861788612 0.025016046213093713 98.500000000000014 287.50000000000006 251.25000000000003 286.50000000000006 14.500000000000002 31986.150000000005 446.42743150010949 0.00019190213946955424 1.1254746886331104 86.500000000000014 5.8798456965783457 2044.5000000000002 0.080030792917628962 0.48782464323832869 27.500000000000004 39.500000000000007 0.98492236695537538 0.12821127713214045 1564.5000000000002 1.5000000000000002 -1860.8 0.57010770458171878 0.0016749728875017594 199.50000000000003
decision_type=2 2 2 2 8 10 2 2 2 2 2 2 2 2 10 2 8 2 10 10 2 2 10 10 2 2 2 10 2 2
left_child=1 -1 4 12 -3 6 -2 8 9 -8 -10 -5 -4 14 15 16 17 -14 -19 20 21 24 -22 27 -7 -26 -27 28 -24 -29
right_child=5 2 3 11 -6 19 7 -9 10 -11 -12 -13 13 -15 -16 -17 -18 18 -20 -21 22 -23 23 -25 25 26 -28 29 -30 -31
leaf_value=0.0032160159557122845 0.0012640839371232948 0.02137024819458349 -0.0094660551710009574 -0.017384008736460621 -0.025299582429178354 -0.00081688535134655325 0.046533659477415501 -0.0025647020388771418 0.064085616672507506 -0.00071429929262129249 -0.0066171700032898358 0.023873025741418152 -0.0040389341725062316 -8.615109931426056e-05 -0.0051376782916169143 0.0096725875257531249 -0.0040501783445355743 0.10902977569463147 -0.0032023294621572442 0.026359679236607453 -0.0053759985122624615 -0.014188727568539838 0.0086323409193564613 -0.0073438908807317337 -0.011167277646740826 -0.010406435552328692 0.046488116753140886 0.032165431696565439 0.07001620997950174 -0.013151148548978029
leaf_weight=269.58165740080585 32.098810410971055 3.1311741915487801 18.329077243004576 51.801421984484477 71.384402719348145 51.165884767375246 3.9697841930392341 13.229005350978694 13.997613248124251 16.125022102081857 1.4010268618876569 2.2232443141256217 0.77755134217295774 26.76012380256725 7.0554300784788202 7.7900554153238772 1.9354835701669797 2.5505084659307617 0.59658477071934601 12.820550780132178 24.482576080699801 68.323892426160455 7.1658385386108439 10.459836434485622 4.4958130496816038 2.5363975888758423 13.188515830501272 7.2637143085448761 6.2492610120680183 8.4266940175439213
leaf_count=410482 48050 18699 121996 230503 597815 23704 1904 10451 11209 5934 440 3506 4711 26156 38293 33744 13318 12911 2652 2201 4934 32236 836 2167 3251 277 2675 897 522 2277
internal_value=0.00177742 -0.0023428 -0.00994123 -0.00178584 -0.022118 0.00813705 0.018382 0.0284922 0.0389551 0.0160315 0.0576076 -0.0138077 0.00836345 0.0154944 0.0317308 0.0470556 0.0694175 0.0876195 0.0988461 0.00398539 0.00197997 -0.0029381 0.0121439 0.0223718 0.00805376 0.0262118 0.0370145 0.0325619 0.0484738 0.010531
internal_weight=761.317 463.917 194.335 119.819 74.5156 297.4 80.8213 48.7225 35.4934 20.0948 15.3986 54.0247 65.7948 47.4657 20.7056 13.6502 5.86013 3.92464 3.14709 216.579 203.758 139.711 64.0479 39.5653 71.3866 20.2207 15.7249 29.1055 13.4151 15.6904
internal_count=1668751 1514786 1104304 487790 616514 153965 77988 29938 19487 7838 11649 234009 253781 131785 105629 67336 33592 20274 15563 75977 73776 62143 11633 6699 29907 6203 2952 4532 1358 3174
is_linear=0
shrinkage=0.03


Tree=83
num_leaves=31
num_cat=0
split_feature=107 75 75 65 61 54 71 118 105 118 95 94 93 66 69 117 120 28 77 65 52 75 77 66 64 117 59 120 73 53
split_gain=23.6399 21.0252 14.663 26.4305 15.9893 24.8717 15.9457 29.6784 30.546 15.1712 15.0735 14.3215 19.6027 22.3679 14.1713 15.3111 15.8919 14.8993 13.9169 23.3692 20.4182 13.5927 13.5103 12.8497 11.3174 11.2666 11.2634 10.7346 10.8206 10.2499
threshold=2.9989764953713332e-05 140.50000000000003 218.50000000000003 17.500000000000004 251.50000000000003 127.50000000000001 19.500000000000004 -0.71097215244126544 0.085054508828060219 -2.7339677543057381 0.47064568014705888 5.6756045193704407 4.1331942732729958 18.500000000000004 17.500000000000004 0.56826581361534501 24.34615384615385 13.500000000000002 17.500000000000004 6.5000000000000009 12.500000000000002 2310.5000000000005 1620.5000000000002 175.50000000000003 17.500000000000004 1.4457294205970013 795.98939291264355 27.961538461538463 22.500000000000004 587.50000000000011
decision_type=2 2 2 2 2 2 2 10 10 10 10 10 10 2 2 10 2 2 2 2 2 2 2 2 2 10 2 2 2 2
left_child=1 -1 18 -4 11 -6 14 8 9 -8 -9 12 26 21 17 16 -16 24 25 20 -20 -14 -12 29 27 -2 -5 28 -7 -11
right_child=2 -3 3 4 5 6 7 10 -10 23 22 -13 13 -15 15 -17 -18 -19 19 -21 -22 -23 -24 -25 -26 -27 -28 -29 -30 -31
leaf_value=0.0022801072954570121 -0.0025564717496656501 -0.015749553462994299 -0.0095990045481546479 0.020871543670434353 -0.012261971210867813 -0.0032238081708215777 -0.010197008025128755 0.023775985016680087 -0.0095511986040719143 0.071036988958976671 -0.016991832396624676 -0.0087035864490464434 0.046670677257052699 -0.010252567955799284 -0.0071311064008342685 -0.0087410395327827302 0.077170758392529779 -0.0084814088069810317 -0.0031684500871523246 -0.0022415582893376075 0.062225712165668773 -0.0079447930614013149 0.0026466244873285714 0.010659038069443964 -0.0086870279962459728 0.026890558472091056 -0.017690396729786555 -0.0016878704498206694 0.070888725316293491 -0.0051698132463871335
leaf_weight=122.49603088759613 39.268878771275922 104.07156968366326 107.41843534628424 6.6915145354068981 63.275271564925788 1.6941267671354596 2.5036072468137709 12.509486942246438 12.192129582741471 12.276685914672276 50.788272017831332 11.686194376081401 35.64029516892333 6.8353862503863629 1.5124037310451948 1.9628312094573628 5.5707016753949574 15.415072382689685 4.945032623880258 12.029734014802669 14.065918313870496 3.0847330829201374 69.889816308015725 7.7924275902769287 3.3537029487270038 11.224581472277348 11.414711678233287 3.3666557358083082 3.8476343341899337 1.036395179646205
leaf_count=137273 32830 850233 377829 7842 110845 734 1858 3674 4565 7102 42252 11262 19678 1595 250 294 737 6132 1613 3489 8000 1071 22148 1141 868 8124 3915 450 621 780
internal_value=0.00186759 -0.00616288 0.00530487 0.00309956 0.00714162 0.0035597 0.0086018 0.0043582 0.0267568 0.0438992 -0.00241291 0.0189109 0.0242443 0.0338434 0.0252671 0.0504378 0.0636681 0.0105816 0.0166388 0.0309846 0.0480981 0.0419091 -0.00596556 0.0510402 0.0300616 0.00582259 -0.00200651 0.0425279 0.0574493 0.0653127
internal_weight=759.86 226.568 533.293 451.758 344.34 268.987 205.712 168.989 35.8012 23.6091 133.188 75.3528 63.6666 45.5604 36.7231 9.04594 7.08311 27.6772 81.5341 31.0407 19.011 38.725 120.678 21.1055 12.2621 50.4935 18.1062 8.90842 5.54176 13.3131
internal_count=1669205 987506 681699 627643 249814 204451 93606 83520 15446 10881 68074 45363 34101 22344 10086 1281 987 8805 54056 13102 9613 20749 64400 9023 2673 40954 11757 1805 1355 7882
is_linear=0
shrinkage=0.03


Tree=84
num_leaves=31
num_cat=0
split_feature=109 75 76 122 60 58 109 79 51 97 86 79 62 80 80 90 89 64 66 97 70 51 50 66 64 28 28 69 107 82
split_gain=19.7031 25.9263 17.6932 13.2388 17.9101 23.3101 19.4863 12.2775 11.8318 11.9457 12.7287 11.4545 11.3118 10.8575 18.4088 12.2499 10.5956 11.847 11.5075 12.1037 10.5579 10.5056 13.1379 12.3785 12.2618 10.7439 14.2 15.8834 15.5563 16.9952
threshold=7.0081770155602224e-05 202.50000000000003 9063.5000000000018 16431.500000000004 369.67812490513677 261.85000000000008 4.6542614077016351e-05 4.0000000000000044 3507.5000000000005 0.048302929173619322 0.28916786549181805 234.54999999999998 1.0000000180025095e-35 53.279294203065625 181.75089012673544 -1.7265564738292005 -2.0552528735632176 4.5000000000000009 1.5000000000000002 0.074057942960381998 1.0000000180025095e-35 217.50000000000003 64.500000000000014 1.0000000180025095e-35 1.0000000180025095e-35 1.0000000180025095e-35 11.500000000000002 1.5000000000000002 0.00059309782488732316 0.22581874883176423
decision_type=2 2 2 8 2 2 2 2 2 10 10 2 2 2 2 8 10 2 2 10 2 2 2 2 2 2 2 2 2 10
left_child=1 3 -3 -1 7 6 11 12 9 -4 -11 20 13 -5 15 -15 17 18 19 -2 -6 -18 23 24 -23 -24 27 -27 -28 -30
right_child=16 2 8 4 5 -7 -8 -9 -10 10 -12 -13 -14 14 -16 -17 21 -19 -20 -21 -22 22 25 -25 -26 26 28 -29 29 -31
leaf_value=-0.012060425916520252 0.019054019594745161 -0.024583363253634381 -0.0056336895064828746 0.0046201159489648322 0.097437994377085724 -0.010715577232828411 -0.0083480540284085504 -0.0074727329405724829 -0.01317424813399805 0.067613475276951343 -0.0074055050600114174 -0.0044044548452034371 -0.01494315402537065 -0.0060247563419465666 -0.008341531668058658 0.073666400190985873 -0.0086259238512371734 -0.0015381676254221097 0.035133692224354675 -0.014715392532126014 -0.0035360928564395597 0.059699119127603527 -0.012310367841133943 -0.0021413086201720033 -0.0078911913750370922 0.0026472734475214391 -0.0080866405174926034 0.022217361331616798 0.012019281636634209 -0.01483896104771818
leaf_weight=30.06366730958689 22.243166648608167 66.959216880371969 4.848976753237368 14.91424322163221 3.4678626664826862 4.3231614907708718 1.9164967450778929 40.100498189298378 9.2566354424125148 1.7612714752322065 1.638160899368813 0.85945620416896407 4.9081749136821591 1.2471546890737952 3.2815504652244272 4.8237132530630316 54.77679885723046 27.947301479740418 25.4936493541245 10.282053554510638 0.66521074042248063 5.6667861152964161 30.195298841848853 6.6911239365290385 1.7574321621505076 78.849969636874448 103.15362104938686 68.620032069280569 108.56746814859071 21.594316040063859
leaf_count=79802 15469 774263 55859 16242 3763 11266 1411 38183 71342 16473 11500 2248 2952 480 1212 1621 51200 7034 10805 3414 841 7907 72896 6217 2172 172719 134007 44057 45692 5988
internal_value=0.0022146 -0.00590747 -0.0179324 0.00365669 0.00988791 0.0382948 0.0605853 0.00301422 0.00731781 0.0266076 0.048574 0.0779834 0.0164128 0.0242243 0.0429864 0.061968 0.00504137 0.0144547 0.0216691 0.00784034 0.0881476 0.00322337 0.00483277 0.0292142 0.0469626 0.0036543 0.0050634 0.0121835 0.000401854 0.0071793
internal_weight=760.874 195.035 84.4643 110.571 80.5075 11.2322 6.90903 69.2753 17.505 8.24841 3.39943 4.99253 29.1748 24.2667 9.35242 6.07087 565.839 85.9662 58.0189 32.5252 4.13307 479.873 425.096 14.1153 7.42422 410.981 380.785 147.47 233.315 130.162
internal_count=1669035 1089458 929437 160021 80219 19529 8263 60690 155174 83832 27973 6852 22507 19555 3313 2101 579577 36722 29688 18883 4604 542855 491655 16296 10079 475359 402463 216776 185687 51680
is_linear=0
shrinkage=0.03


Tree=85
num_leaves=31
num_cat=0
split_feature=107 75 75 65 55 50 93 77 54 100 53 77 61 62 122 40 104 65 122 65 116 72 97 121 68 103 105 80 105 109
split_gain=19.7342 15.9584 14.9715 19.4774 25.1557 18.0603 13.0906 14.1194 13.0085 24.0303 14.3689 15.959 14.1194 14.9996 17.8663 13.5274 15.0993 17.9651 12.8946 12.6426 12.533 11.4415 13.7937 12.1156 19.4537 16.0741 13.5177 19.7962 12.0937 11.3431
threshold=2.9989764953713332e-05 140.50000000000003 206.50000000000003 32.500000000000007 37.500000000000007 418.50000000000006 3.5136389292090606 17.500000000000004 127.50000000000001 0.00079270821551106596 59.500000000000007 331.50000000000006 275.50000000000006 36.500000000000007 981.50000000000011 209.50000000000003 0.0077830678079040278 1343.0000000000002 1328.5000000000002 9.5000000000000018 0.42338982080336468 47.500000000000007 0.11542042687294087 5.5000000000000009 11.500000000000002 0.020419745650814242 0.081094955324934812 8882.5598883073835 0.013398841440061281 0.0012995596969636349
decision_type=2 2 2 2 2 2 10 2 2 10 2 2 2 2 10 2 10 2 10 2 10 2 10 2 2 10 10 2 10 2
left_child=1 18 6 -4 5 29 -2 -8 12 10 11 -10 13 -6 -15 21 -17 -18 -1 -9 -12 22 23 24 -11 -26 27 -27 -29 -5
right_child=2 -3 3 4 8 -7 7 19 9 15 20 -13 -14 14 -16 16 17 -19 -20 -21 -22 -23 -24 -25 25 26 -28 28 -30 -31
leaf_value=0.0078441719435832207 -0.007661187634612771 -0.013726843192895462 -0.0049240200102977395 0.058651223671198807 -0.01080147270052019 -0.008075381836164448 0.009548011104398995 0.047543847900516197 -0.0084371916687448149 -0.0085937164747963007 0.022002757039704557 0.052240383406968072 -0.017811715810862366 -0.0063362458078638556 0.053715586662124025 -0.0087788597405633485 0.041376412220337326 -0.00074921622526490626 -0.013036966582120077 -0.0028636684412000845 -0.012064383191350041 -0.016666296144804169 -0.012817734681854612 -0.0079249941568118321 0.0011431311946492684 0.0024953252066021504 -0.0016807328020497911 -0.0044273473109675736 0.090215557167509647 -0.0072056263805015466
leaf_weight=90.308168683346594 13.494714742577342 101.56345739848621 168.00582740486425 12.067802790399584 13.268006046193479 4.5265282618784104 40.770451817697904 19.155122837648381 3.2224123773703495 11.689060994074678 21.702532351118862 16.729700716154184 35.85960205829906 6.2055420106626098 5.3030394755041925 14.102611020512994 18.496599790669279 14.596367128135169 32.020908598024107 4.8276208966926779 11.300846538251788 33.581732716644183 27.025619074986025 16.334590412596299 9.2477332400230825 4.2040960305530444 3.4490032327885265 0.85976655890408427 5.9266735468772822 1.5572986733459391
leaf_count=39082 5562 850891 473522 5243 4672 6177 28388 6404 875 15212 11146 1862 54167 2278 808 2510 3531 1784 98389 1001 6698 16829 6400 4773 7038 4833 2577 862 5845 423
internal_value=0.00217309 -0.00523305 0.00527781 0.00311819 0.00776199 0.037875 0.0170047 0.0223259 0.0051156 0.00857751 0.0251342 0.0427136 -0.00674427 0.00957502 0.0292231 0.00248418 0.015132 0.0251365 0.00208101 0.0386535 0.0102851 -0.00324878 0.00312734 0.0118561 0.0208401 0.0343311 0.0498252 0.0614601 0.0814336 0.0512104
internal_weight=761.403 223.893 537.511 459.263 291.257 18.1516 78.2479 64.7532 273.106 212.469 52.9555 19.9521 60.6362 24.7766 11.5086 159.514 47.1956 33.093 122.329 23.9827 33.0034 112.318 78.7365 51.7109 35.3763 23.6873 14.4395 10.9905 6.78644 13.6251
internal_count=1669782 988362 681420 640065 166543 11843 41355 35793 154700 92775 20581 2737 61925 7758 3086 72194 7825 5315 137471 7405 17844 64369 47540 41140 36367 21155 14117 11540 6707 5666
is_linear=0
shrinkage=0.03


Tree=86
num_leaves=31
num_cat=0
split_feature=122 90 89 47 122 80 60 93 83 83 93 93 40 90 113 58 66 100 122 118 92 122 75 71 65 103 63 63 77 80
split_gain=17.074 22.0144 17.2392 16.3757 15.4371 14.2356 21.3296 15.4797 12.912 12.572 15.8031 30.9676 22.8097 21.9797 18.3094 16.8494 16.821 13.1862 12.6972 13.0163 11.9949 11.803 11.4189 22.3134 17.5681 15.6655 14.4434 13.9748 24.1681 26.4454
threshold=16568.500000000004 1.5418206190592252 7.0078947368421067 6.5000000000000009 16431.500000000004 23453.313066568149 21111.216152904981 4.6960156193196338 0.45628033980582533 0.089892109803080295 5.4075124557754615 4.3682292464916568 10.500000000000002 2.3667792792792803 1.9065008601799447 18.199999999999953 46.500000000000007 0.0057177885457411421 509.50000000000006 -1.3032907260733675 3.5895363176480681 8511.5000000000018 189.50000000000003 1.5000000000000002 4.5000000000000009 0.058838647255355501 1.5000000000000002 1.5000000000000002 4.5000000000000009 235.84061203653786
decision_type=8 10 10 2 10 2 2 10 10 8 10 10 2 8 8 2 2 10 10 8 10 10 2 2 2 8 2 2 2 2
left_child=4 5 3 -3 8 6 22 -8 9 10 11 -1 13 14 15 -13 -12 18 -17 -20 -10 -14 23 27 -24 -26 -25 28 -2 -30
right_child=1 2 -4 -5 -6 -7 7 -9 20 -11 16 12 21 -15 -16 17 -18 -19 19 -21 -22 -23 24 26 25 -27 -28 -29 29 -31
leaf_value=-0.0049431711311205741 -0.0075556331133329463 -0.015717799827182244 0.036802481581015824 0.027773584821802397 0.057866156865355928 -0.020888469951632366 -0.0057860857068848214 0.058360503420199682 0.0024215789181042308 0.002183369758891419 -0.012636414908647916 -0.0023517837504306474 -0.017632660595303076 0.0059434001965611603 -0.0013593534594190451 -0.0033784359967963308 0.026388080803453527 -0.00059287909616876939 -0.003153842636168829 0.11759728751654086 0.048514814408027337 0.032185218368313936 -0.0211501081697246 -0.0077198966624388108 0.010872135500033993 -0.014116561791573171 0.044539382866576487 -0.020640544091505546 0.057149355691180279 -0.0013835685616416938
leaf_weight=17.652931970318605 32.335064849146875 122.71928561380628 1.7309912113851158 3.8185895367496405 0.46259663246746541 14.684121567021064 3.6648861562425719 6.1893934523468488 9.5263843632492371 291.79988221402891 25.925731867057038 1.4985647306384642 6.8864395711352682 6.6720335932113839 2.3222615733320717 0.63027191479340938 9.6498491065140097 1.1153884794402973 0.58595863095251843 7.1536601865373086 7.443768516284762 1.6894064818625336 28.871485599083826 4.3726036312145906 72.53612319156673 27.067279038805282 17.259260530074243 13.888647328334626 9.7612841588124883 12.687792044947853
leaf_count=29665 30796 763323 4965 8592 1199 22526 7537 11474 3986 114889 43554 1485 1528 12816 2080 197 2429 919 906 6872 1858 506 237289 2186 222970 114412 4975 5181 2537 4315
internal_value=0.00305193 -0.00154805 -0.0113667 -0.0133995 0.0073877 0.00375265 0.00574841 0.0405865 0.0065972 0.00520536 0.0152408 0.0259114 0.0428807 0.0573745 0.0744963 0.0859424 -0.000103732 0.0958886 0.104159 0.110806 0.0290796 0.000420633 0.00330745 0.0111875 -0.00244302 0.00373127 0.0345097 0.00199753 0.00898291 0.0298416
internal_weight=762.602 371.587 128.269 126.538 391.015 243.318 228.634 9.85428 390.553 373.582 81.7825 46.2069 28.554 19.9781 13.3061 10.9838 35.5756 9.48528 8.36989 7.73962 16.9702 8.57585 218.78 90.3047 128.475 99.6034 21.6319 68.6728 54.7841 22.4491
internal_count=1667967 1443078 776880 771915 224889 666198 643672 19011 223690 217846 102957 56974 27309 25275 12459 10379 45983 8894 7975 7778 5844 2034 624661 49990 574671 337382 7161 42829 37648 6852
is_linear=0
shrinkage=0.03


Tree=87
num_leaves=31
num_cat=0
split_feature=107 75 86 79 69 95 69 118 106 66 100 54 73 95 85 61 51 98 33 79 65 78 109 118 117 82 35 122 67 93
split_gain=17.4642 17.8433 11.1993 15.2757 19.6015 12.0155 12.0701 11.7329 11.6387 11.0136 10.884 14.5741 20.2489 17.275 17.7816 14.4989 15.0021 13.3245 12.9901 12.1606 19.1505 22.8593 17.464 11.8994 11.6332 11.3416 12.608 10.8643 10.5418 10.4906
threshold=2.9989764953713332e-05 127.50000000000001 0.5667008898015059 -210.84999999999994 15.500000000000002 0.31273854961832065 248.50000000000003 -1.4827794734749078 0.00010407501061931937 1.0000000180025095e-35 0.0011841330379427355 133.50000000000003 83.500000000000014 0.5833474241911849 0.52949205159770918 255.50000000000003 1564.5000000000002 0.025979468980307206 -495.10000000000002 291.75000000000006 18.500000000000004 106.50000000000001 0.00032653168271623974 -0.47992792654635114 2.1535188576855249 0.083352315869400159 362.23562526467038 653.00000000000011 83.500000000000014 4.2412025145890153
decision_type=2 2 10 2 2 10 2 10 8 2 10 2 2 10 10 2 2 8 2 2 2 2 2 10 10 10 2 10 2 8
left_child=1 29 5 4 -4 -2 10 -5 -8 -9 11 15 13 14 -13 16 19 -18 -15 25 24 22 -22 -12 -21 26 -7 -6 -14 -1
right_child=2 -3 3 7 27 6 8 9 -10 -11 23 12 28 18 -16 -17 17 -19 -20 20 21 -23 -24 -25 -26 -27 -28 -29 -30 -31
leaf_value=-0.010072402477471473 0.02570849039511567 -0.013894564944589932 -0.0092315516316880258 -0.0087051733337959649 -0.0093576266777520064 0.0036963214275154972 0.042976344537013426 0.0066698372782930133 -0.0091983403459841261 0.054508961501402199 0.0075575389608526257 -0.0006224451982481397 -0.019398085768863808 0.033849734290529933 0.063717123116518712 -0.0133910001315194 0.047537358701847658 -0.0044937893866056214 -0.01413331464091943 -0.018774592636024049 0.07364397041938972 -0.016650739158139805 0.00029123214163199573 -0.0085757830573763502 0.023517802627757566 0.00016885779777628648 0.037936149525524758 0.047755639013414161 0.016073261566341313 0.0084685616091405378
leaf_weight=35.040892287513998 15.365870876026746 104.439767091877 28.56410729529307 3.3850164525574682 2.2020219188198089 20.627365237436607 6.9364257121342208 7.9309646749607081 3.4688849736994607 11.888428000282145 52.883256609697128 4.8811879437344095 11.527283470553813 2.8391572761465822 11.981658734701339 41.366751005974947 8.1159769263031158 5.4857302787495437 9.5748138969429366 50.770939936148352 2.5210817176775873 6.0374255217466271 4.8414218522448209 141.12750288865209 2.2799508578682426 52.610355501092272 15.502390977380854 5.678388731990708 9.0244513838115363 83.572003680965281
leaf_count=34159 20965 855204 7871 3424 436 16479 355 4735 419 6315 50306 740 7692 778 3862 94489 28117 8795 6140 215624 4326 3993 2523 131336 10278 35652 12967 498 1765 99284
internal_value=0.00183788 -0.00514727 0.00474702 0.0164973 0.00320213 0.00313103 0.00211812 0.0331092 0.0282425 0.0405658 0.00121824 0.00518843 0.0189692 0.0331196 0.0492101 0.00155613 0.00549916 0.0309852 0.00340893 0.00236802 -0.00703842 0.02027 0.0450353 -0.00409879 -0.0150879 0.00941152 0.0212136 0.0343591 -0.00372495 0.00280529
internal_weight=762.471 223.053 539.419 59.6489 36.4445 479.77 464.404 23.2044 10.4053 19.8194 453.999 259.988 49.8286 29.2768 16.8628 210.159 168.793 13.6017 12.414 155.191 66.4508 13.3999 7.3625 194.011 53.0509 88.7401 36.1298 7.88041 20.5517 118.613
internal_count=1669527 988647 680880 23279 8805 657601 636636 14474 774 11050 635862 454220 20977 11520 4602 433243 338754 36912 6918 301842 236744 10842 6849 181642 225902 65098 29446 934 9457 133443
is_linear=0
shrinkage=0.03


Tree=88
num_leaves=31
num_cat=0
split_feature=109 67 75 77 53 42 118 96 69 103 118 28 54 118 113 1 89 43 71 78 76 13 79 23 57 94 94 109 92 100
split_gain=19.0022 17.9022 26.9192 15.0873 25.4645 13.982 12.1541 21.6851 17.0431 21.38 13.7663 13.1368 16.8956 13.2223 14.122 12.0831 18.9102 16.4107 11.3597 13.2624 19.8975 16.3471 11.4145 13.0003 13.9902 10.7635 14.5114 12.3096 10.6837 10.4334
threshold=9.8040865836300487e-05 8.5000000000000018 202.50000000000003 170.50000000000003 57.500000000000007 6.5000000000000009 -1.0172572594786182 0.014711894569765765 2.5000000000000004 0.04232584689016225 -2.8368884206411686 12.500000000000002 147.50000000000003 -0.15377493532862904 0.4806058261330583 30.500000000000004 -2.0552528735632176 1.0000000180025095e-35 1.0000000180025095e-35 42.500000000000007 3088.5000000000005 1.0000000180025095e-35 2709.3500000000008 2.5000000000000004 -167.90000000000001 5.3445823937499073 6.0928663842175519 4.6542614077016351e-05 4.5255545757652369 0.0072275762304359189
decision_type=2 2 2 2 2 2 10 10 2 8 10 2 2 10 10 2 10 2 2 2 2 2 2 2 2 10 8 2 10 10
left_child=1 2 25 -3 5 29 7 8 -2 10 -10 12 13 -8 28 16 -16 18 -17 -20 -21 -22 23 24 -23 -1 27 -27 -15 -5
right_child=6 3 -4 4 -6 -7 11 -9 9 -11 -12 -13 -14 14 15 17 -18 -19 19 20 21 22 -24 -25 -26 26 -28 -29 -30 -31
leaf_value=-0.0035180440558382287 0.0083972732512512804 -0.01332216181416448 -0.020168163662005675 0.099316259862955975 -0.0079934149974522223 -0.0054477983827644566 -0.0043669078792041276 -0.01268866761402913 -0.0077611077000714823 -0.0053786679783003055 0.062030062731546175 -0.0023161654454134824 0.031624172356461512 0.020655371144335556 0.031286131750095036 -0.0015873738833587022 -0.005881553423615472 -0.0040578964701092372 0.061252865465139535 -0.012910808066174718 0.00083748087758520008 -0.00056116846691587957 -0.0079231219445358141 0.010286040947184851 0.083101399778476234 0.049573862211172014 -0.0033697795174786591 -0.0043567961044899389 -0.016987400657376646 -0.0034507120671603379
leaf_weight=98.904966629444971 33.767873003227578 3.9901458769163574 83.4551170512932 1.7270355021828425 4.5370848925958853 1.1076581925444768 82.363513198986766 15.16766051462764 1.7245588086589165 5.8199278069951097 15.779757482647256 208.89961166091234 19.374880942690652 4.433581707300621 11.386725741220287 8.6427777120552474 45.31887738774094 15.552347187251142 9.6805630328162788 8.8295191764991596 10.406955056954759 2.0418445872492157 1.7880929089587869 6.7488493909622767 6.8612389944028127 8.163811438585979 16.338749802715032 4.3015689384556017 22.177825137725449 0.64956853041803686
leaf_count=137104 48716 18781 976275 4781 15978 2868 88665 9668 1036 3554 5408 139318 3986 3213 2400 14109 57697 14512 15376 8347 12214 448 3366 2360 4825 7749 23680 2938 38196 2047
internal_value=0.00206461 -0.00521544 -0.00744513 0.02465 0.0414014 0.0725267 0.0051117 0.0161562 0.0242241 0.0416104 0.0549574 0.00323983 0.00773787 0.00516395 0.0102425 0.0143209 0.00351223 0.0222009 0.0293455 0.0347056 0.0211907 0.0323227 0.0467379 0.0533889 0.0706127 0.00131571 0.0159788 0.035044 -0.00844083 0.0879279
internal_weight=759.943 223.176 211.164 12.0115 8.02135 3.48426 536.767 72.2598 57.0921 23.3242 17.5043 464.507 255.608 236.233 153.869 127.258 56.7056 70.5522 54.9998 46.3571 36.6765 27.847 17.44 15.6519 8.90308 127.709 28.8041 12.4654 26.6114 2.3766
internal_count=1669615 1192201 1147746 44455 25674 9696 477414 68382 58714 9998 6444 409032 269714 265728 177063 135654 60097 75557 61045 46936 31560 23213 10999 7633 5273 171471 34367 10687 41409 6828
is_linear=0
shrinkage=0.03


Tree=89
num_leaves=31
num_cat=0
split_feature=73 73 93 67 72 105 100 66 58 111 53 113 45 85 26 122 62 84 53 69 78 93 71 54 43 87 67 97 42 110
split_gain=16.4985 14.6643 13.1227 21.8654 21.5474 14.0342 13.7232 16.9088 16.2834 14.2403 14.2015 13.1744 12.8347 18.2385 13.2816 18.3759 12.2893 12.1991 13.8525 16.6606 16.1192 14.1433 11.7533 11.7343 11.5165 11.4826 10.8941 10.523 10.2494 9.92435
threshold=1557.0000000000002 2549.5000000000005 3.577507998040105 26.500000000000004 109.50000000000001 0.98275862068965536 0.0088531201459250714 27.500000000000004 12260.699999999999 0.00040044810644031178 572.50000000000011 4.4606673862205444 1.5000000000000002 0.86959742351046709 68.500000000000014 2329.5000000000005 344.50000000000006 0.16574340140496713 1.0000000180025095e-35 41.500000000000007 749.50000000000011 5.0318667399281063 96.500000000000014 7.5000000000000009 10.500000000000002 0.28575525029357957 76.500000000000014 0.074082926138375485 9.5000000000000018 6.5954154272443371e-05
decision_type=2 2 8 2 2 10 10 2 2 2 2 10 2 8 2 8 2 10 2 2 2 10 2 2 2 10 2 10 2 2
left_child=2 27 3 5 6 -1 7 25 -9 24 22 17 13 14 -13 -16 -11 -4 21 28 -21 23 -10 -19 -8 -5 -24 -2 29 -20
right_child=1 -3 11 4 -6 -7 9 8 10 16 -12 12 -14 -15 15 -17 -18 18 19 20 -22 -23 26 -25 -26 -27 -28 -29 -30 -31
leaf_value=-0.015697310932794827 0.00033082903210622104 -0.012115675861772278 -0.0017564169777943717 -0.0081506779239119854 -0.017030157801913332 0.02958846498699445 0.031653997423181195 -0.022416780752906439 -0.008150781407597129 -0.0070584349523154727 -0.013059546755687152 -0.0032226340762602891 -0.0063470839224360719 -0.010235271989757769 -0.0079610568289775595 0.077163072267645808 0.064949951005765588 0.062339855292911056 -0.0092048750151825561 0.062006222020833723 0.00011393899765295341 -0.0047660385111195271 -0.0072992232466954441 -0.0010493630010477771 -0.016931157544086129 0.058119801467835422 0.058739344592646806 0.048536212268601032 -0.011035103126225089 0.0093997353962884302
leaf_weight=115.11104536105267 5.564586608350516 4.9029022698960025 308.04076060455554 1.8552347468648793 20.763810909658787 1.9856838623891224 2.2299581440165657 17.044838296089438 3.2234118284832238 1.495139006539828 7.3062752744881427 2.8242052435962259 7.5898141717334502 4.0941757487089498 1.7597725507512221 6.6889686878930643 6.8981938631623052 5.9969149974058364 27.881931739852007 3.6809966922155564 6.7506077594589442 5.6627955457370254 1.6040479342918841 3.2393227729044156 6.2626194209879031 2.4406799126591068 5.0232578262366587 10.971676291490438 35.824692297566799 125.97502777961199
leaf_count=634357 1314 1330 809681 4105 5484 1532 2243 4521 4091 384 3960 2030 6597 9018 212 5482 1160 4546 85883 203 1004 9907 2406 2064 2804 964 758 611 7752 52680
internal_value=0.00162638 0.0249145 0.000788162 -0.00583705 0.00642735 -0.0137491 0.0159037 0.00448794 -0.00462633 0.034959 0.0141181 0.00316465 0.0232478 0.0358345 0.0505703 0.0630648 0.0542764 0.00207142 0.00747071 0.004961 0.0349682 0.0314629 0.0318859 0.0475477 0.00282881 0.0405098 0.0464901 0.0361576 0.00245504 0.00584461
internal_weight=760.693 21.4392 739.254 193.244 76.1475 117.097 55.3837 38.4977 34.2018 16.8859 17.157 546.01 22.9569 15.3671 11.2729 8.44874 8.39333 523.053 215.012 200.113 10.4316 14.899 9.85072 9.23624 8.49258 4.29591 6.62731 16.5363 189.682 153.857
internal_count=1669083 3255 1665828 668769 32880 635889 27396 20805 15736 6591 11215 997059 23339 16742 7724 5694 1544 973720 164039 147522 1207 16517 7255 6610 5047 5069 3164 1925 146315 138563
is_linear=0
shrinkage=0.03


Tree=90
num_leaves=31
num_cat=0
split_feature=109 58 57 56 65 87 109 113 93 87 86 79 44 37 93 67 56 73 79 47 41 10 113 43 28 72 67 69 106 28
split_gain=16.1705 17.9659 13.7064 14.6419 12.1726 10.6963 9.55965 10.2244 9.33079 11.7335 12.7775 13.0171 13.2274 12.975 11.8298 12.7411 12.6171 21.945 15.2551 10.6515 23.237 19.2552 13.8649 17.2192 11.7231 10.538 18.4836 11.2508 10.8639 10.3368
threshold=6.8789656660163807e-05 261.85000000000008 43.050000000000018 14.500000000000002 1.5000000000000002 0.13725951061372776 4.3047820371646256e-05 0.41735500607525527 5.8774634630163503 0.073352184202160872 0.5667008898015059 -210.84999999999994 4.5000000000000009 1.0000000180025095e-35 5.6016160676305935 242.50000000000003 240.50000000000003 43.500000000000007 3777.1500000000001 6.5000000000000009 2.5000000000000004 162.80229028441724 0.58336124134851541 1.0000000180025095e-35 12.500000000000002 47.500000000000007 82.500000000000014 70.500000000000014 0.019761876151566132 255.50000000000003
decision_type=2 2 2 2 2 8 2 10 10 8 10 2 2 2 10 2 2 2 2 2 2 2 10 2 2 2 2 2 10 2
left_child=1 2 3 4 -1 6 7 -4 9 19 14 12 -12 -13 15 25 -16 18 -18 20 21 -2 -23 24 -24 26 28 -28 -11 -21
right_child=8 -3 5 -5 -6 -7 -8 -9 -10 10 11 13 -14 -15 16 -17 17 -19 -20 29 -22 22 23 -25 -26 -27 27 -29 -30 -31
leaf_value=-0.0013774740427045346 0.0068290069330832186 -0.018871757164514006 -0.0064397807759537136 -0.020499201436582713 0.027977724078930795 -0.007528738283166571 -0.0077067256283752869 0.062102483263998774 -0.007879702407644738 -0.0049752258600317938 -0.0081447671281674565 -0.012055104986905634 0.025096734827288792 0.037574089359092074 -0.0070335958077085555 0.01366376243340274 0.069638409867428572 -0.0059700361839537764 -0.0077678253354786439 0.049329424314128026 -0.0083367444710158792 -0.0072715994476440565 0.059046994127146361 -0.0067413450889700867 -0.0047415874676763744 -0.017606887441109782 0.035632941390936076 -0.01205331178555665 0.034543416364522746 -0.0018331839006212273
leaf_weight=81.746198030567029 57.912932767765597 56.962812083038443 1.3659157718939212 26.463551576176542 9.9689205250106152 4.3414665472737406 1.7244174969891899 4.768892814652645 46.057910152194381 204.7972241163443 28.264012903266121 3.3103340566594879 11.012183298575108 20.801090595858113 9.2382508384398552 38.475982868607389 6.0050818123345362 7.1310905401187483 1.7290601948479887 7.7750411426604824 41.387260660318134 4.2204181483539314 18.383362001652138 4.0114808123616958 2.1208666359671033 37.255228426933172 12.910000683928958 3.1816279813647261 1.5032510274322692 4.4429163185268408
leaf_count=140573 97078 667032 13283 170032 20087 34754 6797 30752 121401 170593 6713 2081 1171 8219 14564 4808 2530 4863 1827 6210 54636 10396 36784 9480 6546 19933 2519 388 1611 1467
internal_value=0.00198013 -0.00557077 0.000722804 -0.00280626 0.00309471 0.0257853 0.03996 0.0508026 0.00448037 0.00562694 0.00284737 0.0146254 0.00295703 0.0298601 0.000342349 -0.00141695 0.0186073 0.0323018 0.0560781 0.012908 0.00948666 0.0179902 0.036138 0.0435769 0.0528129 -0.00386763 -0.00122948 0.0255822 -0.00387668 0.0355951
internal_weight=759.269 187.342 130.379 118.179 91.7151 12.2007 7.85923 6.13481 571.927 525.869 385.614 63.3876 39.2762 24.1114 322.227 298.123 24.1035 14.8652 7.73414 140.254 128.036 86.6491 28.7361 24.5157 20.5042 259.647 222.392 16.0916 206.3 12.218
internal_count=1669128 1083310 416278 330692 160660 85586 50832 44035 585818 464417 241820 18184 7884 10300 223636 199852 23784 9220 4357 222597 214920 160284 63206 52810 43330 195044 175111 2907 172204 7677
is_linear=0
shrinkage=0.03


Tree=91
num_leaves=31
num_cat=0
split_feature=69 123 76 118 105 80 51 65 92 122 63 83 96 78 77 115 72 34 87 93 41 65 40 73 100 77 68 57 102 56
split_gain=19.1618 16.1952 16.0027 20.8393 25.4925 15.7738 19.6609 18.0722 16.6586 16.3108 14.8973 14.8039 15.0389 14.2484 14.0231 13.6676 13.5142 23.4842 16.9021 16.1461 14.1438 17.4364 13.2467 12.7744 12.4068 12.3768 12.2231 12.1443 13.1861 12.1193
threshold=1.5000000000000002 1.0000000180025095e-35 17627.000000000004 -0.7427172703702275 0.079263151400485357 1048.070159686368 217.50000000000003 4.5000000000000009 5.1766309130893022 3688.5000000000005 89.500000000000014 0.092950354888557143 0.011014082359098426 2786.5000000000005 26.500000000000004 0.36142512077294692 17.500000000000004 700.52989040177351 0.032990002745812645 5.1929577622186205 2.5000000000000004 2.5000000000000004 12.500000000000002 212.50000000000003 0.010649639341287485 39.500000000000007 1.0000000180025095e-35 148.65000000000006 0.029442724458204336 38697.500000000007
decision_type=2 2 2 10 10 2 2 2 10 8 2 10 10 2 2 10 2 2 8 10 2 2 2 2 8 2 2 2 10 2
left_child=1 5 16 4 10 6 -1 -7 -9 -8 -4 12 -10 -12 27 -14 18 -18 20 23 21 -2 -3 26 -17 -13 -19 28 -11 -5
right_child=2 22 3 29 -6 7 9 8 11 14 13 25 15 -15 -16 24 17 19 -20 -21 -22 -23 -24 -25 -26 -27 -28 -29 -30 -31
leaf_value=0.00094656104191763533 -0.009201040996387487 -0.02502860188609125 -0.011493665029670865 -0.0089796945641227571 -0.010433290861513528 -0.020583850365475134 -0.0063823371010427975 -0.010850020566533877 0.0026700376709097606 0.06097187059496699 0.059708830924353078 0.030973249536758396 -0.0094064804865723727 0.0060563072740870694 -0.0060339338637756344 0.063300484997834097 -0.013418080546062512 -0.0048431121268323147 0.0066266555385776586 -0.0082861831833970119 -0.0063790896427191835 0.065357984417647327 0.013145329974334914 -0.0058349806815707608 -0.0047893895364570045 -0.012491445080896816 0.085828732590502305 -0.0010386391967292313 -0.0053998594394341556 0.014995012026967153
leaf_weight=174.00556434521422 2.2052861821393872 37.215203404448403 3.0739673852658624 110.49077804767876 14.273657817866477 52.212679688604112 10.014146638030068 58.642936010619451 16.984485907174534 14.545079468116464 12.049934119415413 2.3794893929152776 2.2676331141847177 7.7089784757117732 4.9284668180698636 9.0120479180332005 3.9493809632185721 0.93638624745653753 144.46286808895456 1.8792074869343185 3.8501670235564225 7.5378214177071641 6.8177538838062892 1.1713740619306916 2.1039748422263083 25.617090823005128 6.3184505529352464 4.3054241985737454 2.2336104149435405 18.030507735384163
leaf_count=178191 12413 462774 8502 87841 7293 409797 2187 124446 73151 10630 4606 13132 7502 1539 4983 14834 3981 321 111640 1054 5833 18688 31133 273 3434 56117 1274 9132 969 2165
internal_value=0.00209178 -0.00215591 0.0073661 0.000641072 0.0190259 -5.75294e-05 0.0053791 -0.00676607 -9.26027e-06 0.0240634 0.0360078 0.0108798 0.023843 0.0442265 0.0349235 0.0426783 0.0136299 0.037892 0.0103469 0.0555153 0.0374702 0.0510849 -0.0183803 0.0675312 0.0529253 -0.00466366 0.0769245 0.0438188 0.0529251 -0.00518067
internal_weight=761.224 423.286 337.939 165.628 37.1065 379.253 210.032 169.22 117.008 36.0267 22.8329 58.3647 30.3681 19.7589 26.0126 13.3837 172.311 14.2548 158.056 10.3054 13.5933 9.74311 44.033 8.42621 11.116 27.9966 7.25484 21.0841 16.7787 128.521
internal_count=1669835 1402412 267423 111946 21940 908505 206092 702413 292616 27901 14647 168170 98921 6145 25714 25770 155477 6903 148574 2922 36934 31101 493907 1868 18268 69249 1595 20731 11599 90006
is_linear=0
shrinkage=0.03


Tree=92
num_leaves=31
num_cat=0
split_feature=90 69 120 65 28 115 115 85 53 121 64 71 105 104 95 111 52 45 115 46 94 96 98 10 94 56 107 64 117 76
split_gain=17.2686 12.6218 26.8653 15.6481 13.9684 17.8836 12.9489 12.7985 15.6763 13.8086 15.6767 12.578 12.4535 14.3181 13.2068 10.6334 10.3894 11.5755 14.4047 12.0103 10.8202 10.2019 10.1656 9.95695 9.64454 12.7181 9.45339 9.29182 12.647 12.0221
threshold=1.9000305623471887 1.5000000000000002 1.4230769230769231 174.50000000000003 6.5000000000000009 1.1305060225118098 2.9556120774532331 0.57896643783371482 77.500000000000014 4.5000000000000009 34.500000000000007 170.50000000000003 0.079263151400485357 0.0086982914855805622 0.67391782341019468 0.00029054283153693238 3.5000000000000004 1.0000000180025095e-35 1.0000000180025095e-35 1.5000000000000002 5.2847570024332668 0.021626118631110317 0.12513269639065819 2763.2718012841783 3.7126937078420226 13.500000000000002 0.00031322166470517602 1.0000000180025095e-35 -3.8332902324475353 72.500000000000014
decision_type=10 2 2 2 2 10 10 10 2 2 2 2 10 10 8 2 2 2 8 2 8 10 8 2 8 2 2 2 8 2
left_child=1 2 16 -4 6 -6 22 9 -9 11 21 -7 13 23 15 -15 -1 18 -18 20 24 -11 -3 -10 25 -20 -2 28 -22 -30
right_child=26 4 3 -5 5 7 -8 8 12 10 -12 -13 -14 14 -16 -17 17 -19 19 -21 27 -23 -24 -25 -26 -27 -28 -29 29 -31
leaf_value=-0.00035920309381954376 -0.011606694197337607 0.02691865862061394 -0.0091393315573010791 0.02907642093213255 -0.0026584338951202062 -0.014546560993367512 -0.011518802265851761 -0.0016635906502310369 0.030467971233108626 0.041847005022415999 -0.003427665383108298 0.019195521569190965 -0.005981803780822261 -0.004141161679674603 -0.0057248327212398326 0.086845370519872248 0.0065766388521341611 -0.014153292965560865 0.056298545381709579 -0.001651907220720816 -0.005333180320634099 -0.0031757541046611255 -0.012664750386745898 -0.011821724672473825 -0.0041843544154460842 -0.0039404513091866947 0.0063878549778002662 0.0002847647509893038 -0.004402909195204547 0.090212868171653027
leaf_weight=49.513667479885044 102.3855944374227 60.865858269989985 176.70988593922812 5.379991154128219 131.03158983644244 32.270403544145665 7.6367961354226273 11.7303829693883 7.744490867480641 15.86070391602698 17.250580445848755 8.8273718174605147 3.645513512841716 0.79885198692499848 1.1735471643114586 6.224149208093877 38.060863088259794 6.2462203523718918 3.3326511112391008 6.5790696957519677 1.0707575780907062 4.9317877392604705 3.530779688502661 4.7890004287473857 8.7507530393450015 4.0952240884216735 31.202672797488049 1.9224856171858844 0.85687339505239091 5.695895048269449
leaf_count=64630 632434 55288 591253 3276 76876 20243 5403 12825 4528 1575 1721 3014 3453 1721 2203 2310 62918 8309 5162 11142 1256 520 2817 3839 7939 7048 65781 2751 1063 6535
internal_value=0.00228774 0.0043791 3.47223e-05 -0.00726332 0.00852008 0.00491575 0.0197242 0.0132798 0.0269654 0.00580475 0.0177764 -0.00600317 0.0386808 0.0461711 0.0693673 0.0790777 0.0104463 0.0170241 0.0205471 0.0339196 0.0418053 0.0326226 0.0239922 0.015546 0.0177414 0.0348633 -0.00732482 0.0624718 0.0718297 0.0812896
internal_weight=760.114 626.526 308.214 182.09 318.312 246.278 72.0334 115.247 36.1059 79.1408 38.0431 41.0978 24.3756 20.73 8.19655 7.023 126.124 76.6108 70.3646 32.3037 25.7246 20.7925 64.3966 12.5335 16.1786 7.42788 133.588 9.54601 7.62353 6.55277
internal_count=1669833 971618 773282 594529 198336 134828 63508 57952 30879 27073 3816 23257 18054 14601 6234 4031 178753 114123 105814 42896 31754 2095 58105 8367 20149 12210 698215 11605 8854 7598
is_linear=0
shrinkage=0.03


Tree=93
num_leaves=31
num_cat=0
split_feature=84 92 113 105 75 27 109 34 117 75 34 117 85 117 118 78 75 57 98 100 82 111 122 108 122 105 78 26 84 92
split_gain=13.6284 16.4954 14.0181 12.3672 10.6395 13.4893 16.6046 11.8999 10.4667 10.1561 8.894 8.74756 11.0299 13.0795 12.6207 10.5215 13.9631 12.2334 9.97272 15.3598 15.0575 11.8212 10.7774 9.98854 9.71991 10.4745 8.96499 8.92494 8.84824 8.81628
threshold=0.084514482563633267 4.9294145632351709 0.40537530849334863 0.1868321989429256 1774.5000000000002 57.500000000000007 0.00022260425391749223 22.326841263062772 0.15087582034984373 65.500000000000014 11.059422009818039 -4.0683494991254561 0.60977139884322318 -1.0515622470185149 -0.13418849594566648 321.50000000000006 737.50000000000011 466.85000000000008 0.016133852650251627 0.010051580654595731 0.066645715482924792 0.00068886288971581116 912.00000000000011 1.1933658391311557e-05 5603.5000000000009 0.079263151400485357 21.500000000000004 868.50000000000011 0.25011210762331842 5.5212044717781108
decision_type=8 10 10 10 2 2 2 2 10 2 2 8 10 10 10 2 2 2 10 10 10 2 8 2 10 10 2 2 10 10
left_child=1 3 -3 -1 5 7 -7 10 -8 -5 -4 -2 -13 -14 18 16 26 27 19 21 -20 22 -15 -24 25 28 -16 -18 29 -25
right_child=11 2 4 9 -6 6 8 -9 -10 -11 -12 12 13 14 15 -17 17 -19 20 -21 -22 -23 23 24 -26 -27 -28 -29 -30 -31
leaf_value=-0.016605579118929632 0.025182163945158337 -0.018192029250782331 -0.0069341777384271186 0.030935694815885182 -0.014159887727454298 -0.0071141852137330906 -0.0012410172128079697 -0.0010776928656954098 0.066653801646848768 -0.0062540477297461572 0.043164556582695177 0.00055063873501680881 -0.015112124088377031 -0.0044240628680885493 0.012635589933868242 -0.0077559574440510502 0.046340557699642564 0.0022136321429380842 -0.012971179804012276 -0.0093234744609315395 0.022835834237725738 -0.0060223827074218205 -0.0055223257242400072 0.089908929600495444 0.00047483548819533963 -0.0045377030906726843 -0.017374033840160671 -0.0077239034748026302 -0.0035788800792649462 -0.0032751337827101666
leaf_weight=95.078014107268245 12.223510546740725 15.211915516887528 2.7680617934529419 5.2705072323442463 10.113423057118778 4.1744784559487007 2.2963834703259618 45.523223829604831 5.8416044479599805 14.988171076671277 6.0385934602891211 382.74310824281201 13.018224786101198 1.8756973708659641 12.359822660313514 33.513408155384241 13.652759594155215 13.515104253143361 12.419905011869558 3.6933767284717751 24.626901737919979 2.3858408199157557 1.1270922665644381 8.9326574965380061 1.8854885053151509 0.88481134478206591 13.755217549303778 1.7101062392684969 0.67173163343977726 0.61105813713948087
leaf_count=538785 21544 82840 2483 1810 31791 36292 7036 196835 12578 41444 5129 383125 46427 268 22762 30709 20970 26803 28952 11626 25631 1293 12302 20771 3759 1940 47105 2682 862 2664
internal_value=0.00161513 -0.00487207 0.00448368 -0.0122085 0.00981543 0.0141882 0.0374476 0.00620534 0.0543142 0.00762979 0.0306092 0.00405746 0.00335698 0.009825 0.0124472 0.0047946 0.012452 0.0251944 0.0226372 0.0369729 0.0107166 0.0462826 0.0536629 0.0605208 0.0661947 0.0737436 -0.00342285 0.0399036 0.079787 0.0848678
internal_weight=762.91 207.304 91.9677 115.337 76.7558 66.6423 12.3125 54.3299 8.13799 20.2587 8.80666 555.606 543.382 160.639 147.621 88.5064 54.993 28.878 59.1146 22.0678 37.0468 18.3744 15.9885 14.1128 12.9857 11.1003 26.115 15.3629 10.2154 9.54372
internal_count=1669218 957023 374984 582039 292144 260353 55906 204447 19614 43254 7612 712195 690651 307526 261099 151031 120322 50455 110068 55485 54583 43859 42566 42298 29996 26237 69867 23652 24297 23435
is_linear=0
shrinkage=0.03


Tree=94
num_leaves=31
num_cat=0
split_feature=107 75 75 77 40 45 109 28 59 62 97 78 67 33 115 97 118 93 122 72 122 74 94 80 114 82 103 101 62 83
split_gain=14.3157 18.2023 11.8284 11.9582 11.642 22.0696 15.8405 16.4302 14.0434 11.1873 10.7983 10.5556 17.0781 10.8593 10.3839 10.3064 10.7183 9.83755 9.27853 9.03817 8.4407 8.27796 8.15695 8.51802 7.93646 11.857 25.6923 13.5016 12.6698 14.1486
threshold=3.0542177630073194e-05 140.50000000000003 218.50000000000003 11.500000000000002 209.50000000000003 32.500000000000007 0.00042995407154786211 470.50000000000006 387.00047213537061 1612.5000000000002 0.083320802005012545 1935.5000000000002 129.50000000000003 5631.2000000000007 0.98492236695537538 0.028990894887128929 1.2564436369886154 -4.5130774351644982 4666.5000000000009 16.500000000000004 20077.500000000004 9.5000000000000018 5.0387400506833622 340.67034016693771 1.773460410557185 0.088270391688895153 0.035100039424403713 0.052619218313515119 32.500000000000007 0.32052512426792662
decision_type=2 2 2 2 2 2 2 2 2 2 10 2 2 2 10 10 8 10 10 2 10 2 10 2 8 10 10 10 2 10
left_child=1 18 3 22 8 6 -6 -8 17 20 -3 12 13 24 -11 16 -5 -4 -1 -14 -7 -16 -2 -24 25 26 -10 -27 -29 -30
right_child=2 10 4 15 5 9 7 -9 11 14 -12 -13 19 -15 21 -17 -18 -19 -20 -21 -22 -23 23 -25 -26 27 -28 28 29 -31
leaf_value=0.0068163686901647758 -0.0098315726871969714 -0.019575579268578804 0.02414704366052468 0.044640870602115246 -0.011133531116000822 -0.019295187274176027 0.060622471973183822 -0.0093534779270088297 0.0034672964104692423 -0.013255603815595339 0.0030010697118235657 -0.014672463348473377 -0.005122734416747138 -0.020681242788201104 0.043531027525167659 0.0089883757392278038 -0.0070801400822008203 -0.013835199158434392 -0.013816098565716941 0.052442540016440546 0.021512672236998886 -0.0048276814542490753 0.029144107901987269 -0.0066814319572488972 0.013451801322714618 -0.0057575707472229164 0.048827447702426009 -0.0096937074693782908 0.055540574537210181 -0.0098688484097120086
leaf_weight=105.06242475709587 21.35690269036786 69.588312534018769 2.1985142599260135 18.123126557693467 2.8169227125035858 18.556146914081186 11.551329963869646 2.21574803139083 68.855706939688389 3.7298308542231089 23.993776864233951 21.874464957152668 2.1694371722696806 11.004939847345666 6.1089533713820838 27.39206869341433 2.7989620562075315 65.462849891777296 19.046636396124086 4.9274955365690403 1.3040047604008567 3.1883935043588281 9.1279112368865771 7.6888985426194258 67.14709588628466 141.00198915580768 8.6556929633115924 5.1233848558113078 5.0715898956550518 2.3627849525364581
leaf_count=57989 16069 713714 3130 10120 365 3792 1200 832 148145 670 141368 10314 370 29555 461 9042 2129 166088 79766 589 102 605 5042 11041 104549 125406 21219 3272 1055 356
internal_value=0.00214264 -0.00428891 0.0047423 0.0146031 0.002731 0.0157567 0.0393282 0.0498687 0.000970815 0.000248889 -0.0139285 0.0034963 0.00496148 0.00353357 0.0182133 0.0237868 0.0376906 -0.0110244 0.00323754 0.0400015 -0.0128279 0.0310584 0.00157122 0.0149869 0.00475344 0.00199441 0.0111845 -0.00285085 0.0221319 0.0391431
internal_weight=759.506 217.691 541.815 86.4879 455.327 49.4713 16.584 13.7671 405.856 32.8873 93.5821 338.195 316.32 309.223 13.0272 48.3142 20.9221 67.6614 124.109 7.09693 19.8602 9.29735 38.1737 16.8168 298.218 231.071 77.5114 153.56 12.5578 7.43437
internal_count=1668355 992837 675518 53443 622075 8027 2397 2032 614048 5630 855082 444830 434516 433557 1736 21291 12249 169218 137755 959 3894 1066 32152 16083 404002 299453 169364 130089 4683 1411
is_linear=0
shrinkage=0.03


Tree=95
num_leaves=31
num_cat=0
split_feature=107 76 109 94 109 115 101 33 66 78 94 119 107 105 119 32 108 94 33 77 7 33 92 111 97 66 73 28 111 115
split_gain=18.9751 14.9628 11.8866 9.57268 9.78307 9.24827 9.14365 14.8913 11.4472 12.1321 8.84597 8.83646 8.29717 15.0855 15.1853 13.8617 14.9727 21.7712 12.9232 14.6138 11.4816 14.7566 13.4226 11.7713 10.373 10.7257 10.2436 13.9423 19.9834 13.8406
threshold=3.0542177630073194e-05 532.50000000000011 3.2930681830511977e-05 5.3445823937499073 1.0322584482661674e-05 1.1822448309812932 0.051355311355311357 -8.5999999999999943 1.5000000000000002 701.50000000000011 5.9672481005510916 0.72804314329738073 0.00038863027674551149 0.025016046213093713 0.31585198149768728 27.45000000000001 0.00021471756291598827 3.7547418122751122 -141.09999999999997 11.500000000000002 34.850000000000016 5631.2000000000007 6.2687298813208647 0.00052293196652254887 0.098048734056729495 78.500000000000014 1653.0000000000002 12.500000000000002 0.00052293196652254887 0.98492236695537538
decision_type=2 2 2 10 2 8 10 2 2 2 8 10 2 10 10 2 2 10 2 2 2 2 10 2 10 2 2 2 2 10
left_child=1 3 -2 -1 5 -5 12 8 -8 11 -6 -10 15 20 26 16 17 18 -4 -20 -14 22 23 -22 25 -25 27 -15 -29 -28
right_child=2 -3 6 4 10 -7 7 -9 9 -11 -12 -13 13 14 -16 -17 -18 -19 19 -21 21 -23 -24 24 -26 -27 29 28 -30 -31
leaf_value=-0.0019741690672197688 0.028172941050065792 -0.013121925738873441 0.0058165847328040593 0.056454220485953034 0.022352801879542476 -0.0068754873971040098 -0.0095513390159417816 -0.014031525357858276 0.054670616152973611 -0.0015983799747263344 -0.011456471076883232 -0.0042689790755784376 0.0040123134037654308 0.018394877145456286 -0.0090853893514356958 -0.0090413425733410699 -0.0059656942105608384 0.0016350467613465522 -0.0014729858712345641 0.066082702896372802 0.014137314747760425 -0.008114214149978519 -0.0097025054280633783 0.071724465413348121 0.0088035612045919177 -0.0053377446571784741 -0.0091736671427235742 0.02117305073341496 -0.010134044272399478 0.040918182230491401
leaf_weight=96.111043560798862 15.595126872922263 97.603874529188033 9.9407819912266877 2.9652667006885194 7.4928605962995762 1.4829454532882662 3.6691887928827844 6.1125583689790792 12.714291342163051 5.3252075698328545 11.046416879929897 1.8390521285182337 36.544787848659325 38.241972426709253 65.056049617756798 95.381522762108943 49.961512811169086 42.958365640450211 3.3808280040975651 8.6628300173506414 16.49001121915353 7.2512131608455084 3.8552609442340318 11.361093692903525 5.5898698911769307 1.0722596331033845 4.8798495555820436 19.603036822256399 67.600807175083901 11.389741460152434
leaf_count=110417 85938 862890 15133 3348 3499 2774 1579 6694 2178 710 9737 491 23309 13467 25055 302730 21965 73420 3490 11285 28508 9210 8583 6015 966 369 1146 10439 22360 1444
internal_value=0.00271841 -0.00471558 0.00569313 0.00242472 0.0178835 0.0428758 0.00477262 0.0197351 0.0294226 0.0370903 0.00405344 0.0480355 0.00369678 0.00695257 0.00247498 -0.000834318 0.00607123 0.0150959 0.0362222 0.05225 0.0174323 0.0267246 0.0334851 0.0389267 0.0536114 0.0654538 0.00791066 0.00445098 -0.00232982 0.0272692
internal_weight=761.18 216.702 544.477 119.099 22.9875 4.44821 528.882 29.6603 23.5477 19.8786 18.5393 14.5533 499.222 288.936 206.771 210.286 114.904 64.9428 21.9844 12.0437 82.1645 45.6197 38.3685 34.5132 18.0232 12.4334 141.715 125.446 87.2038 16.2696
internal_count=1669149 992665 676484 129775 19358 6122 590546 11652 4958 3379 13236 2669 578894 150871 73911 428023 125293 103328 29908 14775 76960 53651 44441 35858 7350 6384 48856 46266 32799 2590
is_linear=0
shrinkage=0.03


Tree=96
num_leaves=31
num_cat=0
split_feature=123 67 67 64 109 28 52 53 72 104 69 35 33 105 92 122 109 119 101 69 90 61 53 73 65 80 65 109 61 67
split_gain=11.6148 26.6699 16.9436 16.8072 15.8892 14.7789 14.6697 17.5208 13.7002 13.0207 12.8818 11.9066 12.1657 24.0607 17.5904 21.2137 20.2889 14.9606 13.879 13.178 22.8926 17.9661 16.6289 21.0222 14.6252 12.6834 21.8947 20.3692 20.1065 21.8399
threshold=1.0000000180025095e-35 8.5000000000000018 129.50000000000003 144.50000000000003 3.2930681830511977e-05 52.500000000000007 3622.0000000000005 587.50000000000011 23.500000000000004 0.0090955051015718363 22.500000000000004 12958.72910007294 1372.1500000000003 0.026849928766370865 5.1766309130893022 2822.5000000000005 0.00022260425391749223 0.076788454807355772 0.013366519628379212 6.5000000000000009 -1.0336819333209162 121.50000000000001 94.500000000000014 19.500000000000004 19.500000000000004 1095.9133276696473 4.5000000000000009 0.00016781100476267636 77.500000000000014 1.5000000000000002
decision_type=2 2 2 2 2 2 2 2 2 10 2 2 2 10 10 10 2 10 10 2 10 2 2 2 2 2 2 2 2 2
left_child=2 -2 11 5 -3 -4 -6 10 -7 -9 -8 12 19 14 -14 16 -16 -18 -19 21 -21 24 23 -22 25 -1 -27 28 29 -28
right_child=1 4 3 -5 6 8 7 9 -10 -11 -12 -13 13 -15 15 -17 17 18 -20 20 22 -23 -24 -25 -26 26 27 -29 -30 -31
leaf_value=0.0063436110969611135 -0.024656269371681517 0.046507881510436881 -0.0057863236935538727 -0.013219456563254838 -0.011710344295796147 -0.0074209489175737749 -0.0093340452609525244 -0.016352448117437711 0.066610093982391594 0.013590792483012825 0.053036836477883861 -0.013703072038515843 -0.0035295601065555827 -0.011426743320352862 -0.0060662523953975717 -0.0050826909140578008 -0.0028752745547110095 0.093426355323833116 -0.0047140787950116815 -0.0064504991987862437 -0.00027298559702973457 -0.0089856779111934428 -0.0054981580758234625 0.047069065480243859 0.026604880612203542 -0.020458475361116609 0.068406485215417909 -0.0075031353075580573 -0.0073484713385143178 -0.01049588228734084
leaf_weight=226.02923451692186 39.88295053361071 2.0578896318111211 3.4170277121593271 3.9109527526015873 46.429483102729137 1.5964325441454992 2.2357252124784264 17.840481304461719 8.1287500961625465 25.574977305223001 6.6769611729832832 31.203817126184731 7.3832891606289222 12.630935289373154 2.5054760495331747 4.5608094689232521 1.6163172023880168 8.0464651706497499 0.92530927829648213 29.312278814308229 11.539656075743549 119.02187158390734 10.653714147083518 25.871867555182689 19.70874217304663 45.143845447673812 6.887545082146973 29.278514422534499 6.9092450356256441 2.6861489756374795
leaf_count=222255 529871 10310 420 2192 60397 259 1604 4540 1460 5205 657 34642 18532 22282 21568 7174 3393 10979 920 4168 6484 184635 3256 5199 11172 363669 46372 32900 39972 13353
internal_value=0.00224984 -0.0054005 0.00401819 0.0298848 0.00302225 0.0428201 -8.1402e-05 0.0103581 0.0560642 0.000868326 0.0396595 0.00304519 0.00407196 0.0195139 0.0344266 0.0475759 0.062254 0.075181 0.0852398 0.00280952 0.0138533 0.000804156 0.0256765 0.0341557 0.00434625 0.00257038 -0.00665308 0.00763968 0.0300237 0.0502626
internal_weight=759.667 140.698 618.968 17.0532 100.816 13.1422 98.7576 52.3281 9.72518 43.4155 8.91269 601.915 570.711 37.6686 25.0377 17.6544 13.0936 10.5881 8.97177 533.043 77.3775 455.665 48.0652 37.4115 336.643 316.935 90.9053 45.7615 16.4829 9.57369
internal_count=1669840 612584 1057256 4331 82713 2139 72403 12006 1719 9745 2261 1052925 1018283 84848 62566 44034 36860 15292 11899 933435 19107 914328 14939 11683 729693 718521 496266 132597 99697 59725
is_linear=0
shrinkage=0.03


Tree=97
num_leaves=31
num_cat=0
split_feature=84 75 78 111 86 95 52 109 71 77 85 67 91 66 77 30 75 41 79 70 119 93 101 118 52 107 79 52 41 56
split_gain=12.1153 18.4997 17.4012 14.6368 19.5096 17.9877 11.9002 14.6514 10.3275 9.54136 9.01796 13.1575 12.9583 16.5139 10.0788 22.2851 17.4172 16.5142 18.5763 13.6038 19.7395 13.0828 12.8013 12.7308 16.4604 12.3601 10.7313 14.8465 11.535 10.4537
threshold=0.084514482563633267 73.500000000000014 4.5000000000000009 0.00046692554512498772 0.13516413409117276 0.57896299537442186 4.5000000000000009 0.0001594899555570689 2.5000000000000004 1.0000000180025095e-35 0.54312532819884485 2.5000000000000004 -2.6325239196791541 1.0000000180025095e-35 156.50000000000003 7.5000000000000009 286.50000000000006 5.5000000000000009 120.90000000000003 36.500000000000007 0.23540767658414721 5.6622635781002737 0.012334811337158755 0.08277625179701277 6770.5000000000009 0.0017302000888382084 2163.8500000000008 262.50000000000006 14.500000000000002 526.50000000000011
decision_type=8 2 2 2 10 8 2 2 2 2 10 2 8 2 2 2 2 2 2 2 10 10 10 10 2 2 2 2 2 2
left_child=1 2 -1 -3 5 -5 -4 8 9 -8 11 12 13 -2 16 17 -12 18 -16 22 23 -20 -17 24 25 -21 27 -24 -29 -22
right_child=10 3 6 4 -6 -7 7 -9 -10 -11 14 -13 -14 -15 15 19 -18 -19 21 20 29 -23 26 -25 -26 -27 -28 28 -30 -31
leaf_value=-0.006571347504857156 -0.0044169137906435885 -0.01359279666740806 -0.0040357668151970155 0.063214540630765467 -0.0070103967501829898 -0.0051614120768933135 -0.0053125580230312299 -0.0062738703327178029 -0.0065220677159867745 0.06705478468145365 0.013737475882927697 -0.0050155722640485437 0.0025131868433547295 0.040930874139923426 -0.003295407627515077 -0.0080451457631320715 -0.012074202257874318 -0.0089437689674894388 0.077174642332335258 0.054667679167622087 0.026843369516280198 -0.00071605196352934224 -0.0085558411885426934 0.0033472300580815002 7.5437660295546853e-05 -0.0039344031751550757 -0.010489516219548977 0.058232589011193922 -0.0077324538553582645 -0.016113072708291536
leaf_weight=21.808542234277411 10.023329615174591 129.77126963685077 6.4818595792312435 3.6380943992844559 23.348994080384728 4.6200269565451899 1.0713976375409391 3.7203211110900147 1.3791175836231548 8.8305712954825122 38.406389029420097 172.28675573239161 115.96200451783079 14.651703793173509 3.8895580665484912 57.721642917156714 46.378673362120026 3.5098384919401715 8.3365032430592674 19.91664978907648 1.8121574955366693 2.1644648523142669 4.519987473642689 16.085018767342262 8.5524319813121092 2.9857465190143548 5.6761313912902542 6.4073097799773659 1.6721990040969101 17.317663691057533
leaf_count=26146 13063 890331 3476 2823 20294 6269 1087 539 1094 4369 65302 76370 217337 17200 3271 70026 201009 4518 11070 5489 404 3979 1061 5900 2613 1094 4560 1734 304 6245
internal_value=0.00160133 -0.00456873 0.0119343 -0.00922149 0.00813128 0.0374412 0.0284141 0.039939 0.0524256 0.0600693 0.00388382 0.000480651 0.00715481 0.0248695 0.00812796 0.0124355 -0.000267999 0.0401175 0.0513042 0.00772151 0.0171003 0.0660675 -0.00105385 0.0266905 0.0365312 0.0476918 0.0180122 0.0301846 0.0468431 -0.00732475
internal_weight=762.946 204.67 43.2918 161.378 31.6071 8.25812 21.4833 15.0014 11.2811 9.90197 558.276 312.924 140.637 24.675 245.352 160.567 84.7851 17.9004 14.3905 142.667 66.6697 10.501 75.9973 47.5398 31.4548 22.9024 18.2756 12.5995 8.07951 19.1298
internal_count=1668977 956428 36711 919717 29386 9092 10565 7089 6550 5456 712549 323970 247600 30263 388579 122268 266311 22838 18320 99430 21745 15049 77685 15096 9196 6583 7659 3099 2038 6649
is_linear=0
shrinkage=0.03


Tree=98
num_leaves=31
num_cat=0
split_feature=123 67 67 59 64 77 114 36 77 52 53 69 92 69 31 48 73 79 69 75 77 69 79 77 108 68 22 87 66 40
split_gain=10.4549 23.7585 12.4086 13.9009 13.4478 13.2852 14.107 10.7138 11.5646 11.2353 19.0389 12.0784 10.8099 10.3387 17.4146 17.2834 18.1726 17.8055 10.9202 10.0392 10.7917 9.89398 12.4147 11.9376 12.203 10.1527 9.19954 9.05804 8.83339 11.8169
threshold=1.0000000180025095e-35 8.5000000000000018 129.50000000000003 8993.0543229875202 142.50000000000003 2007.5000000000002 1.773460410557185 118.50000000000001 220.50000000000003 3622.0000000000005 587.50000000000011 22.500000000000004 -4.1895953055582416 5.5000000000000009 30.500000000000004 12.500000000000002 21.500000000000004 -946.59999999999991 11.500000000000002 4379.5000000000009 107.50000000000001 1.0000000180025095e-35 226.44999999999996 14.500000000000002 8.7359634130782012e-05 1.5000000000000002 7.5000000000000009 0.14516246334310853 1.5000000000000002 8.5000000000000018
decision_type=2 2 2 2 2 2 10 2 2 2 2 2 10 2 2 2 2 2 2 2 2 2 2 2 2 2 2 10 2 2
left_child=2 -2 3 5 -4 6 13 8 -3 12 11 -11 -9 14 21 16 -15 -18 19 20 -19 22 -1 -23 25 -25 -12 -10 -8 -30
right_child=1 7 4 -5 -6 -7 28 9 27 10 26 -13 -14 15 -16 -17 17 18 -20 -21 -22 23 -24 24 -26 -27 -28 -29 29 -31
leaf_value=0.0044119957446631074 -0.023797087167657379 -0.0096554899185128541 0.036241214667864452 -0.01809755485029492 -0.01305699422415044 0.039385299885402861 -0.00016391176074106816 0.019426724453461903 0.065024864078809627 -0.00929879022043178 -0.017239460502055284 0.05052394772298794 -0.016632807132070052 -0.0013280173568933726 -0.011797519718913147 -0.0033691702409755372 -0.0071939526611476054 -0.0053004540400568012 0.0080003634264763663 -0.0055678220148432647 0.072843952980959234 -0.01617272705950867 -0.0098234089188172884 0.060349312488850178 0.0098196602824928564 -0.0067088533876202916 0.0086644147896499778 -0.0057081399579822067 0.031773176928410571 0.0063997530780169889
leaf_weight=179.98607996794453 38.505104041829327 2.3718900920430306 14.358888710688918 22.363401432980027 3.8264845844823858 4.3393152358476064 30.774534478208807 4.6746993299166197 1.6294048007039239 2.2219485712266742 15.07687716987857 7.3325461527419975 38.424689983505232 17.30457168506473 96.347116865206772 41.962847894301376 5.2380075470500769 1.0499363928902337 6.642360905010718 1.1291442012588948 10.771231496735707 5.7273908842034862 73.55017658032375 4.6184782886048188 32.725587489290774 1.4135760526005468 27.109046934463549 1.1738149063749004 29.681332104839385 37.715664207862574
leaf_count=208616 528891 12339 2117 22468 2219 443 69305 3128 5188 1586 4681 655 46499 11502 136883 9343 975 937 2406 710 2364 12096 438510 21919 32838 6084 4988 3473 57762 17707
internal_value=0.00205091 -0.00527411 0.0037125 0.00285964 0.0252893 0.00381388 0.00320993 0.00265062 0.0319069 -0.00046376 0.00860101 0.0381967 -0.0111088 0.00102918 -0.00104344 0.0102616 0.022754 0.0369464 0.0478105 0.0603135 0.0663908 0.00257054 0.000172228 0.0148409 0.0207482 0.0487163 -0.00143917 0.0507272 0.0132734 0.0189967
internal_weight=760.046 138.52 621.526 603.341 18.1854 580.977 576.638 100.015 5.17511 94.8398 51.7404 9.55449 43.0994 478.467 394.368 84.0981 42.1353 24.8307 19.5927 12.9503 11.8212 298.021 253.536 44.485 38.7576 6.03205 42.1859 2.80322 98.1715 67.397
internal_count=1668632 611428 1057204 1052868 4336 1030400 1029957 82537 21000 61537 11910 2241 49627 885183 856946 28237 18894 7392 6417 4011 3301 720063 647126 72937 60841 28003 9669 8661 144774 75469
is_linear=0
shrinkage=0.03


Tree=99
num_leaves=31
num_cat=0
split_feature=4 76 105 56 115 71 55 75 99 105 33 56 101 77 55 52 118 105 107 66 109 38 75 97 52 75 54 63 54 53
split_gain=12.1039 17.6167 13.6665 19.1413 19.2673 13.2617 15.6582 16.0238 14.2865 14.8535 12.3928 12.816 15.6235 12.3735 11.8323 11.7063 11.6766 19.9265 12.4265 11.8484 11.6486 16.6345 11.312 11.029 10.7051 12.6912 12.7608 11.7765 11.766 11.5973
threshold=3.5000000000000004 588.50000000000011 0.066235611172624165 28.500000000000004 7.3974673202614385 41.500000000000007 209.50000000000003 4379.5000000000009 0.018781106372772072 0.020415109542796021 4516.8000000000002 108.50000000000001 0.0089190000592789791 17.500000000000004 321.50000000000006 3.5000000000000004 -0.50378359191665056 0.085054508828060219 0.0033094448096694152 161.50000000000003 1.5659060278361025e-05 2.5000000000000004 1044.5000000000002 0.11115721530659291 27.500000000000004 283.50000000000006 7.5000000000000009 7.5000000000000009 48.500000000000007 6.5000000000000009
decision_type=2 2 10 2 10 2 2 2 10 10 2 2 10 2 2 2 10 10 2 2 2 2 2 8 2 2 2 2 2 2
left_child=1 2 -1 4 15 6 8 14 9 10 11 -2 -13 -3 -8 -4 17 -7 19 -18 -15 24 -11 -17 -22 26 29 -28 -27 -26
right_child=5 13 3 -5 -6 16 7 -9 -10 22 -12 12 -14 20 -16 23 18 -19 -20 -21 21 -23 -24 -25 25 28 27 -29 -30 -31
leaf_value=0.0011522802106827248 0.0067498940371449835 -0.020980141249201289 -0.0048377809433889692 -0.0042882626647885299 -0.012262119851461379 0.024400406178897507 0.064204271207152108 0.0047735171828727887 -0.002535308996606696 0.022584385177360448 -0.011582163914733969 0.062864775515661636 -0.0045013454399890551 -0.022911364901547538 -0.0023768768221602908 0.069033990817781735 -0.019463466781186822 -0.014683412544437738 0.019217768279272962 0.0021755799277689476 -0.013618859004692162 -0.009082321759418777 -0.004621885270620494 -0.00095564876941049974 0.068995567867509017 -0.0021970213700828385 -0.012196687358668024 0.035527198273373271 0.026734081997587984 -0.006320335220591786
leaf_weight=153.33298273689434 10.439178368767903 41.323057539888396 2.1391654035542222 14.196093794496845 3.4122123485722105 28.199827972843195 7.8963989654803317 12.593709830078295 72.868383364409965 15.900933450622686 3.1315995400436796 11.980479881749487 3.0128068355334099 20.383306389401696 2.5257739711814793 9.7559109228604903 50.22628253396033 14.070046855318649 9.8528779721382289 37.194815289985854 13.179470331491755 107.43040300750727 36.518919926224044 2.1922266197507279 4.0759296174728687 49.855018214308075 8.3496151047620497 2.2935530168651885 11.668883676360563 1.330333937276009
leaf_count=149805 25685 364758 1098 2211 1837 16693 1566 3556 44929 19558 11476 17096 2219 286737 662 3411 52549 6574 3106 8184 34358 246881 40796 554 13780 268313 15893 3147 15796 5169
internal_value=0.00131843 -0.00186772 0.00512672 0.0215769 0.0388496 0.00575795 0.0110974 0.031914 0.00707673 0.01537 0.0310283 0.037316 0.0515876 -0.0068502 0.0525293 0.0511989 -0.00115938 0.0112138 -0.00682146 -0.0106371 -0.00376927 -0.00128512 0.00487878 0.059699 0.00793725 0.0122025 0.0324231 0.00615594 0.00488711 0.0563304
internal_weight=761.33 444.918 185.029 31.6956 17.4995 316.412 176.868 23.0159 153.852 80.9839 28.5641 25.4325 14.9933 259.89 10.4222 14.0873 139.544 42.2699 97.274 87.4211 218.567 198.183 52.4199 11.9481 90.7528 77.5733 16.0494 10.6432 61.5239 5.40626
internal_count=1668397 1413748 158916 9111 6900 254649 167543 5784 161759 116830 56476 45000 19315 1254832 2228 5063 87106 23267 63839 60733 890074 603337 60354 3965 356456 322098 37989 19040 284109 18949
is_linear=0
shrinkage=0.03


Tree=100
num_leaves=31
num_cat=0
split_feature=90 122 79 83 65 78 77 32 122 80 91 90 59 114 44 69 72 92 79 105 79 72 122 66 99 76 70 83 96 83
split_gain=12.9875 10.4376 12.0093 11.6475 11.5145 11.2652 11.6602 11.1174 10.8855 11.3672 11.2332 10.6153 10.3512 17.1815 11.3987 10.4042 13.598 11.3418 37.3401 16.4807 21.2553 13.3607 13.1796 12.9954 12.1735 10.3646 17.1111 11.2004 15.9732 14.42
threshold=1.7550362318840584 1039.5000000000002 291.75000000000006 0.072470020382388631 128.50000000000003 2.5000000000000004 6.5000000000000009 70.250000000000028 4570.5000000000009 216.71142557936437 3.2839446162910595 2.1340858132898495 16.756739575080314 8.6990049751243799 3.5000000000000004 1.5000000000000002 2.5000000000000004 4.5255545757652369 -62.000000000000043 0.10346326836581711 177.45000000000007 99.500000000000014 14576.500000000002 1.5000000000000002 0.069019650300438481 16949.000000000004 6.5000000000000009 0.11650756917166544 0.026332298751898572 0.23685382199934388
decision_type=8 8 2 8 2 2 2 2 10 2 10 8 2 8 2 2 2 8 2 10 2 2 10 2 10 2 2 10 8 10
left_child=12 3 5 -2 -4 -3 8 -8 9 -7 11 -11 14 15 -1 16 -14 18 -17 21 -21 22 23 -20 25 26 -19 -28 29 -29
right_child=1 2 4 -5 -6 6 7 -9 -10 10 -12 -13 13 -15 -16 17 -18 24 19 20 -22 -23 -24 -25 -26 -27 27 28 -30 -31
leaf_value=-0.016331442792901538 0.034907740651177251 -0.0087315614342722159 -0.017904233246392134 -0.013332532969014732 0.019394571191373344 0.0053484504671120238 -0.016166728503669604 0.027512317498357444 -0.011587138060896889 -0.0049224030259245686 -0.0037976474818571422 0.078165515942840311 0.0036234237914530175 0.02808974220979157 0.0031930160981101098 -0.00036937174296513707 -0.01292968174359385 -0.0071383349597279218 -0.0029420892557076445 0.040615171787892049 -0.019675369274150246 -0.009277659383254519 -0.0083677261757175644 0.060775238361810806 0.023982898996270201 -0.012552570816944931 -0.0060046562327722647 0.050134859372057895 -0.0062762757765406916 -0.0081638139266063097
leaf_weight=40.847617114577588 6.5319501188350815 45.667280732504878 81.681453130157024 3.9709687885042522 4.0948429766867767 8.5342889598105121 14.392040511793313 2.2970588237258189 3.1426717251597429 0.97254949769921883 1.8584594996609665 3.8699446146601981 159.72873489300036 23.298853783533559 61.994917221793003 60.506434560873458 56.305323236469121 44.438205547467078 2.6976163691251811 3.4302649151068172 9.1104380096548976 2.2157448641664805 1.9210974822344713 24.317691668995394 14.981742652198589 41.702997285854508 9.8045915196889819 15.255473493762116 7.4385132808674816 3.1493464198356369
leaf_count=217386 3054 71606 670261 2305 4994 4510 33631 7573 12131 577 1193 2412 326868 31766 17110 15587 133587 35533 5936 1411 7470 1760 2441 19771 2935 25079 3592 4063 1572 1077
internal_value=0.0013453 -0.00566915 -0.00766606 0.0182513 -0.0151535 0.000708752 0.0125582 -0.00519832 0.0263461 0.0351004 0.0545151 0.0674549 0.00350462 0.00534938 -0.00495947 0.00389858 -0.000885729 0.00811862 0.0153376 0.0348933 0.00369247 0.0452057 0.0501299 0.0549469 0.00227185 -0.00123936 0.00504318 0.0192387 0.0282365 0.0405462
internal_weight=760.159 177.014 166.511 10.5029 85.7763 80.7343 35.067 16.6891 18.3779 15.2352 6.70095 4.84249 583.146 480.303 102.843 457.004 216.034 240.97 104.199 43.6929 12.5407 31.1522 28.9364 27.0153 136.771 121.789 80.0861 35.6479 25.8433 18.4048
internal_count=1669191 814247 808888 5359 675255 133633 62027 41204 20823 8692 4182 2989 854944 620448 234496 588682 460455 128227 54376 38789 8881 29908 28148 25707 73851 70916 45837 10304 6712 5140
is_linear=0
shrinkage=0.03


Tree=101
num_leaves=31
num_cat=0
split_feature=4 123 80 65 29 105 113 76 75 118 79 122 122 76 77 119 33 33 68 98 33 61 58 11 65 61 122 62 96 108
split_gain=14.289 16.0726 9.38922 22.4932 16.4523 15.9422 22.7201 14.4296 15.2167 12.9903 10.3462 9.94576 9.56935 13.4457 9.38635 9.3303 8.77279 10.0571 8.71748 9.743 8.45433 8.39173 8.25723 9.12092 8.12686 14.6861 8.05998 7.93144 7.87581 10.6981
threshold=3.5000000000000004 1.0000000180025095e-35 1095.9133276696473 4.5000000000000009 3.5000000000000004 0.12393037372924744 0.62174777351249577 1977.5000000000002 1253.5000000000002 0.89254739676562334 -503.0499999999999 5261.5000000000009 6262.5000000000009 532.50000000000011 295.50000000000006 0.19584024223199484 -11.450000000000029 -141.09999999999997 1.0000000180025095e-35 0.0099042599107995368 125.40000000000003 54.500000000000007 261.85000000000008 4.5000000000000009 32.500000000000007 241.50000000000003 2745.5000000000005 23.500000000000004 0.080106951871657769 0.00048769258416250051
decision_type=2 2 2 2 2 10 10 2 2 10 2 10 8 2 2 8 2 2 2 8 2 2 2 2 2 2 8 2 10 2
left_child=1 2 5 -4 7 20 9 -5 10 16 -9 15 13 -8 -3 -12 17 -7 19 21 -1 -17 23 26 -6 -26 -22 -23 -2 -30
right_child=28 14 3 4 24 6 12 8 -10 -11 11 -13 -14 -15 -16 18 -18 -19 -20 -21 22 27 -24 -25 25 -27 -28 -29 29 -31
leaf_value=-0.0026364136807295814 0.0055399025612088322 -0.024453465025750045 -0.021221326593954329 -0.0074006119232159079 -0.010177269362567598 -0.0040490363502965155 0.034541740617382667 -0.0076817180906029285 -0.0099372360612484407 -0.0069557516993363514 -0.0026665357941588522 -0.0064251364409548045 -0.01150332208945787 -0.0093214185637170988 0.014714869193579715 -0.0028757056369985356 -0.0041899605370536589 0.086500594964854002 0.0090181448036186565 -0.00065749643172891719 -0.0071280813263276581 0.10237874275132415 -0.00044518783511923195 -0.0079013310434346163 0.025875749224500456 -0.0082148598360295196 0.047613010297161827 -0.0024823464465712152 0.050499636248242649 -0.0091168333329807831
leaf_weight=157.01352738695641 315.06824746097118 32.841708110379841 49.509126959310379 9.5660405328744691 65.239275466323306 0.77075681471978841 10.570837885534276 1.6999218631754072 3.9597232240084841 1.4884031921319545 1.5761220596214087 1.3618310862075294 12.671385826692132 7.6738807035289929 3.0490501327585653 0.52985189085302398 0.80356861071413632 3.7373192986233339 3.4463482575738453 1.1287733128810939 1.5442603630071969 4.0544138752775325 18.124190865884884 3.0582114072058166 14.622568476952436 22.996569170609291 7.5941554875134916 0.44914460655490973 2.7998751610502941 2.151027538740891
leaf_count=171513 249072 476139 417942 39457 142484 745 1633 3052 13678 1133 6666 6088 8278 846 16834 4256 763 2406 15759 5272 663 19316 26908 1824 5226 17924 6200 1487 4970 718
internal_value=0.00169085 -0.00180794 1.05777e-06 -0.00502787 0.00166554 0.00404821 0.0205869 0.02023 0.0332144 0.0561836 0.044674 0.0519352 0.00602587 0.0180559 -0.0197336 0.0588308 0.06867 0.0770311 0.0663784 0.0800489 0.000269831 0.0894562 0.0135623 0.0284548 -0.00405238 0.00651728 0.0391131 0.0961169 0.00646683 0.0330318
internal_weight=761.1 441.081 405.19 180.14 130.631 225.05 37.7162 27.7722 18.2061 6.80005 14.2464 12.5465 30.9161 18.2447 35.8908 11.1847 5.31164 4.50808 9.60853 6.16218 187.334 5.03341 30.3208 12.1966 102.858 37.6191 9.13842 4.50356 320.019 4.9509
internal_count=1669252 1414492 921519 698607 280665 222912 15804 115031 75574 5047 61896 58844 10757 2479 492973 52756 3914 3151 46090 30331 207108 25059 35595 8687 165634 23150 6863 20803 254760 5688
is_linear=0
shrinkage=0.03


Tree=102
num_leaves=31
num_cat=0
split_feature=114 69 118 105 95 123 52 118 117 97 91 122 46 95 98 109 100 93 105 118 96 111 91 60 86 93 103 120 35 112
split_gain=15.0361 12.1316 12.2793 20.2688 18.3776 11.6379 12.9213 10.87 10.3788 13.1483 17.4567 17.4453 11.0451 10.7078 12.3562 10.6237 10.3724 10.5704 10.387 10.2337 8.51877 8.34847 10.4132 8.02348 10.6927 13.0117 10.7252 10.053 7.73568 7.69497
threshold=1.1144433664807181 6.5000000000000009 -0.66498794334559708 0.083303292477769783 0.48783774899743609 1.0000000180025095e-35 3622.0000000000005 0.21291638312734931 1.1759926535609824 0.086937626362829021 1.7064611005692603 1179.5000000000002 1.0000000180025095e-35 0.37517908309455594 0.0083391284191006044 9.178754275057458e-05 0.011566087768924219 4.5302086463282381 0.088256811422341666 -1.7855474680093346 0.099723756906077363 0.00040044810644031178 2.7538783841856467 779.17292575323029 0.055586454084785568 5.4075124557754615 0.029422257665106717 3.9615384615384621 114.30051151344112 1.0964945528215313
decision_type=10 2 8 10 8 2 2 10 8 10 10 8 2 10 10 2 10 10 8 10 10 2 10 2 10 10 10 2 2 8
left_child=1 8 3 19 7 -2 -7 -4 9 11 13 12 -1 14 -11 -10 -6 18 -18 -3 -13 22 28 -17 25 27 -26 -25 -12 -21
right_child=5 2 4 -5 16 6 -8 -9 15 10 21 20 -14 -15 -16 23 17 -19 -20 29 -22 -23 -24 24 26 -27 -28 -29 -30 -31
leaf_value=0.027625115475976004 0.012020427455181951 0.00012404474390848526 0.0015436944603142292 -0.0074275845508871424 -0.009269435280349448 -0.016883357283004347 0.012617738199273554 0.042646177829638102 -0.0032131208283239969 -0.0079034987660084391 -0.0054335679478873635 -0.01727049537099316 -0.009604899627998811 -0.007560180402249499 0.043014948258159921 -0.0034524810110900385 0.046364442434330931 -0.010532763241592854 -0.0023968993800084445 0.058034948164016789 0.011581489709067734 -0.0091818809559701155 -0.0062412143693989924 0.060023538859927603 -0.0064661431860383286 -0.0074806426085179453 0.028523543810829707 -0.0064606564130413506 0.057979751286778673 -0.0031854126910071572
leaf_weight=10.948986504125061 169.78456609668137 4.4718040034640607 10.643002286404228 10.571204740856045 71.217200209805014 26.443772361617448 18.581980835631839 8.8136018993500311 94.394853731704643 5.7806995950195397 1.1014652615885987 137.40550783145227 9.4982788705965486 77.375477074023365 3.9262345729621302 17.434075689292513 5.1617212555829619 7.1533812762754669 5.6515661086232294 10.040695386356674 6.4862014900645582 2.1617568040819597 2.5585658283707744 7.5585380779957614 18.618257858368455 2.9874377156156688 7.1525875130319028 1.3695527460076844 6.1994703631935408 1.5355609369980818
leaf_count=2465 205007 2721 3297 4166 35278 146319 3503 2853 316530 11075 6870 692708 1842 107177 3281 11867 2415 3074 1395 3625 16760 1117 12828 10980 18287 12454 6903 3620 17811 763
internal_value=0.00186685 -0.000784256 0.0068583 0.0233271 0.00197428 0.00849669 -0.0046641 0.0250748 -0.00333959 -0.00687599 0.00172174 -0.0119585 0.0118417 -0.00351877 0.020314 0.00291233 -0.00412902 0.0138289 0.0281796 0.0405378 -0.0156247 0.0295664 0.038293 0.0127971 0.0198382 0.038598 0.00630193 0.0511668 0.0500929 0.0514029
internal_weight=763.028 548.218 135.26 26.6193 108.64 214.81 45.0258 19.4566 412.958 263.443 99.1037 164.339 20.4473 87.0824 9.70693 149.515 89.1839 17.9667 10.8133 16.0481 143.892 12.0213 9.8595 55.1204 37.6864 11.9155 25.7708 8.92809 7.30094 11.5763
internal_count=1668991 1314162 59587 11275 48312 354829 149822 6150 1254575 873934 160159 713775 4307 121533 14356 380641 42162 6884 3810 7109 709468 38626 37509 64111 52244 27054 25190 14600 24681 4388
is_linear=0
shrinkage=0.03


Tree=103
num_leaves=31
num_cat=0
split_feature=67 93 121 45 113 108 94 31 83 55 62 115 113 77 80 51 61 26 59 77 51 53 80 79 68 66 104 93 50 107
split_gain=12.8393 19.3379 14.6261 17.4056 13.9859 13.3855 17.0224 21.0661 13.544 13.0004 12.8335 11.9947 10.9498 10.068 9.93473 13.6065 18.0926 18.4156 14.5277 13.7039 16.6545 19.2092 14.7501 32.5148 25.1845 13.6469 14.2103 14.5647 12.9363 11.8743
threshold=74.500000000000014 3.5136389292090606 8.5000000000000018 32.500000000000007 0.60552198933618495 1.0835583989895447e-05 3.3026217769593131 34.500000000000007 0.066238887344868894 284.50000000000006 1612.5000000000002 1.0517173321977269 0.31899666155976752 2007.5000000000002 1095.9133276696473 459.50000000000006 83.500000000000014 171.50000000000003 705.97013723909288 107.50000000000001 1507.5000000000002 20.500000000000004 4640.2583511732146 46.699999999999996 3.5000000000000004 18.500000000000004 0.019609575278874806 5.331283939369639 189.50000000000003 0.001947473868027025
decision_type=2 8 2 2 10 2 8 2 10 2 2 10 8 2 2 2 2 2 2 2 2 2 2 2 2 2 8 10 2 2
left_child=1 4 3 -2 5 -1 7 8 -7 12 -5 -12 -3 14 -14 -16 17 18 -17 20 -18 -22 23 -21 25 26 27 28 -25 -24
right_child=2 9 -4 10 -6 6 -8 -9 -10 -11 11 -13 13 -15 15 16 19 -19 -20 22 21 -23 29 24 -26 -27 -28 -29 -30 -31
leaf_value=-0.011305442075529106 0.026241342804003975 -0.0060397417127984934 -0.016711307540580884 -0.010203775699624357 -0.016484825640557994 -0.0063517281292726378 -0.015463470644824225 -0.002715781267847273 0.075848134005996423 -0.020210975428173034 -0.011818146880582229 0.034397196722426956 0.011549813007511267 0.038165135444812169 -0.013172702994566415 0.071690174005164253 -0.021149569800307216 -0.00054443853357161827 -0.0048021764371382787 -0.0073545215938504273 0.047841533189869695 -0.012708283610681638 -0.0021110075207607755 0.0028029342403470053 -0.0092912092117938255 -0.0060984898687728934 -0.0054081429746499245 0.0012269282446184901 0.11192983009446464 0.017098493450987701
leaf_weight=18.977198600263364 52.164075440479792 79.732073910348845 10.491926359129137 29.156935357415932 84.27624599543924 1.3405788976269812 5.1839787344033565 6.9526743601199996 4.3333439670677762 15.982723653512947 4.6143711583572431 9.7827463356952631 138.93112636009755 3.5913230569276484 41.049950656743022 4.7254240008187471 35.278084673540434 9.0882784520545083 2.1305044160617399 14.448553306530814 3.4728357467683946 7.1069640626119508 133.90188320142624 1.383020005276191 3.6052599237627865 1.2385712079449138 1.0829185501461331 1.7033713699711368 4.4569323888063082 31.671152344766597
leaf_count=170129 12771 223119 2574 5727 429519 9141 6117 23253 11582 10926 840 850 116169 584 221068 27013 158412 36523 7091 5382 19127 33231 120359 952 2214 684 736 1494 1555 10589
internal_value=0.00215123 0.000548224 0.0115772 0.0153537 -0.0100352 0.00494474 0.0209422 0.0360354 0.062549 0.00301578 0.000954221 0.0203567 0.00391777 0.00577448 0.00507684 0.00190092 0.00453116 0.0312881 0.0559193 0.00214499 -0.0118048 0.0161424 0.0056652 0.0240198 0.0505538 0.0681936 0.0771842 0.0864706 0.0992997 0.00195692
internal_weight=761.855 655.645 106.21 95.7181 121.064 36.7878 17.8106 12.6266 5.67392 534.581 43.5541 14.3971 518.598 438.866 435.275 296.344 255.294 15.9442 6.85593 239.35 45.8579 10.5798 193.492 27.9186 13.4701 9.86481 8.62624 7.54332 5.83995 165.573
internal_count=1669731 1646969 22762 20188 649741 220222 50093 43976 20723 997228 7417 1690 986302 763183 762599 646430 425362 70627 34104 354735 210770 52358 143965 13017 7635 5421 4737 4001 2507 130948
is_linear=0
shrinkage=0.03


Tree=104
num_leaves=31
num_cat=0
split_feature=84 75 118 34 77 75 67 93 78 91 85 117 91 118 100 95 86 121 59 29 93 87 77 57 118 78 67 98 75 96
split_gain=14.0548 13.9178 14.9741 13.3037 11.3226 14.5057 25.3178 16.3136 12.6802 10.8516 10.6255 15.9948 12.3815 11.4846 20.7064 19.0139 12.6359 12.7673 12.2404 11.2386 14.9747 11.2671 10.7395 10.4051 10.3236 9.92419 9.83403 8.95424 8.93766 8.35819
threshold=0.084514482563633267 65.500000000000014 0.045915933397745252 11.059422009818039 20.500000000000004 1863.5000000000002 13.500000000000002 5.2544115781084244 30.500000000000004 3.6829975138760411 0.60449605429029984 -1.0756735625485627 0.512484718826406 -0.47992792654635114 0.011722021566164155 0.48783774899743609 0.16073539344815943 9.5000000000000018 139.33650241135388 2.5000000000000004 5.0318667399281063 0.56045233835931529 10.500000000000002 48.149999999999984 -2.6470967975915589 11.500000000000002 1.5000000000000002 0.093836325966850834 268.50000000000006 0.080106951871657769
decision_type=10 2 10 2 2 2 2 10 2 8 10 10 10 10 10 10 10 2 2 2 10 8 2 2 10 2 2 10 2 10
left_child=1 2 -1 -4 -3 6 7 -6 9 25 12 -12 19 14 15 -13 -17 24 -15 20 21 22 -2 -5 -18 -9 -27 -26 -24 -21
right_child=10 4 3 23 5 -7 -8 8 -10 -11 11 13 -14 18 -16 16 17 -19 -20 29 -22 -23 28 -25 27 26 -28 -29 -30 -31
leaf_value=-0.0010208356932664493 0.0020655496767672996 -0.017080563098673823 -0.011288214489930788 0.043676264798594162 -0.0093806439832650711 -0.019249425169142118 0.061564081047216695 -0.0060526599048271014 0.00067835104527869117 -0.0081743399411051791 -0.016664663004824446 -0.011484719466446929 -0.010893124934782202 -0.010096851477026169 -0.015881581604215541 -0.0049029297052660941 -0.0063774567333943818 -0.0082074694040830259 0.013065857369162765 0.0012105698068082533 -0.010985130055038842 -0.0076147923682577329 0.068182424728589958 -0.0092081473592451422 0.063096837562773067 0.074576281205401565 -0.0049024540762331887 -0.0052853906354901345 -0.0023435311541672491 0.024988541232853829
leaf_weight=73.418498560138687 4.3216060035665587 70.329692545397847 4.5181994708400479 14.007713347557003 51.232025295164931 25.542398666755616 1.5493059558502853 1.2609582384866396 16.460583067975676 1.8700697937492803 12.846536724046016 4.5677071559148308 51.403740984966134 21.746523566620453 5.5680629852504344 3.3530895109288421 1.3397679701120129 1.8530122707379622 97.1027173099028 243.51040447591004 5.9741740481513252 2.9061885423980138 6.5410409647265606 2.2045820198254651 20.984767002682933 3.6042349398303486 0.97534371472283954 1.0574418089636299 1.5043595196984823 9.1196652948055981
leaf_count=92931 4179 390424 3811 8836 313677 105596 3658 8112 101131 13732 46634 10483 89117 49266 13464 15089 4143 540 144189 144283 12586 3476 5711 2309 27724 24815 5958 2788 8315 12192
internal_value=0.00223863 -0.00327111 0.00581296 0.0255106 -0.00824411 -0.00166828 0.00498571 6.70304e-05 0.0182674 0.0407789 0.00520908 0.0111663 0.00196622 0.013878 0.0272663 0.035644 0.0437628 0.0499707 0.00859112 0.00453181 0.0232462 0.0360428 0.0455408 0.0360095 0.0552149 0.0529939 0.0639254 0.0594456 0.0591513 0.00253724
internal_weight=762.674 266.974 94.149 20.7305 172.825 102.495 76.9525 75.4032 24.1712 7.71061 495.701 170.42 325.281 157.573 38.7238 33.1558 28.5881 25.235 118.849 273.877 21.2474 15.2732 12.367 16.2123 23.382 5.84054 4.57958 22.0422 8.0454 252.63
internal_count=1669169 1074990 107887 14956 967103 576679 471083 467425 153748 52617 594179 314320 279859 267686 74231 60767 50284 35195 193455 190742 34267 21681 18205 11145 34655 38885 30773 30512 14026 156475
is_linear=0
shrinkage=0.03


Tree=105
num_leaves=31
num_cat=0
split_feature=69 94 61 60 51 65 70 37 94 38 75 76 93 64 77 122 52 63 113 111 122 75 51 118 39 65 67 78 93 117
split_gain=10.8757 13.2197 11.1461 13.2934 12.5682 16.8577 15.1592 18.8068 11.5603 11.0912 10.7787 12.7606 11.9042 10.3545 18.9671 31.1566 18.0928 16.7833 14.2069 13.9167 13.3027 15.6434 16.3635 12.8316 11.6192 11.1549 10.1971 12.3524 14.2532 9.90538
threshold=1.5000000000000002 2.1064812908426678 86.500000000000014 19814.407909789385 479.50000000000006 3.5000000000000004 1.5000000000000002 3.5000000000000004 3.797513773237942 1.5000000000000002 268.50000000000006 2570.5000000000005 5.5115589391557416 1.0000000180025095e-35 18.500000000000004 2607.5000000000005 12.500000000000002 4.5000000000000009 0.84311674460579222 3.0810363050593567e-05 6346.5000000000009 103.50000000000001 190.50000000000003 0.99805109483489018 3.5000000000000004 5.5000000000000009 1.0000000180025095e-35 133.50000000000003 5.4075124557754615 2.2773770764119603
decision_type=2 8 2 2 2 2 2 2 10 2 2 2 10 2 2 10 2 2 10 2 10 2 2 10 2 2 2 2 8 8
left_child=1 -1 4 -4 10 -6 7 8 -7 26 13 -12 -13 14 20 18 -17 25 19 -16 21 22 -3 -21 -15 29 -2 28 -28 -18
right_child=9 2 3 -5 5 6 -8 -9 -10 -11 11 12 -14 24 15 16 17 -19 -20 23 -22 -23 -24 -25 -26 -27 27 -29 -30 -31
leaf_value=-0.01765959146012953 -0.0033783950625412744 0.0062042414845852184 -0.012356910296399648 0.014612099514540133 -0.012442454699600472 -0.0045403433904712218 -0.001001837893734605 -0.0083411499303665277 0.087024567967904323 0.0039115083047515237 -0.021685473853722333 -0.011345101682783666 0.042010641191668988 -0.015473304645152295 -0.013059761506009925 -0.0074851301629444813 0.1184303854418496 -0.0026599995174372794 -0.012999148276564471 0.052289257594328085 -0.018167143214084514 -0.014142230188477099 0.043824684342447837 -0.0094660539828868833 0.02847478873315715 0.0030226413537661843 0.057632670242793171 -0.0024594866027383136 -0.0089179896931061153 -0.0024657196477275516
leaf_weight=36.212627102129773 8.441689797924484 102.06813403368869 89.218686421419989 15.530150958162265 5.2465707963056074 0.8883881617584829 5.3031660154956626 1.9075042179611044 3.9673081224536872 322.84404210791035 27.242405640303332 4.6324564491078482 2.0815966056397883 33.201270789428236 3.8355245861857865 1.6582728092762398 2.2703081019972169 1.5600760848210482 13.871690690466492 6.9678408657709934 20.203719791061303 24.706225027010078 6.9790915108314939 2.2543913932859141 1.6292070422823588 1.3210022664570713 9.59644897790713 5.7319027099147197 2.108147414310225 0.44714031176044899
leaf_count=384688 29366 61517 313663 36375 57802 7794 12928 5593 19423 212042 173534 33059 20617 41770 20178 2192 2536 1087 15309 6414 83490 95758 1159 1817 1089 915 13958 5786 6538 769
internal_value=0.00175353 -0.00152323 0.000228473 -0.00787492 0.0034092 0.0250173 0.0401786 0.0591696 0.0764675 0.00562136 0.0015034 -0.0131165 0.016068 0.00396868 0.00676746 0.0254126 0.065222 0.0801291 0.00615148 0.024462 0.00195817 0.00554324 0.0104278 0.0391724 -0.0101012 0.0958904 0.0228652 0.0334922 0.0465645 0.109828
internal_weight=763.927 415.205 378.992 104.749 274.243 17.3129 12.0664 6.7632 4.8557 348.722 256.93 33.9565 6.71405 222.974 188.143 34.1862 7.2568 5.59853 26.9294 13.0578 153.957 133.753 109.047 9.22223 34.8305 4.03845 25.8782 17.4365 11.7046 2.71745
internal_count=1669166 1401476 1016788 350038 666750 103540 45738 32810 27217 267690 563210 227210 53676 336000 293141 51217 7499 5307 43718 28409 241924 158434 62676 8231 42859 4220 55648 26282 20496 3305
is_linear=0
shrinkage=0.03


Tree=106
num_leaves=31
num_cat=0
split_feature=122 122 83 91 57 101 109 72 108 48 51 104 78 67 92 100 118 109 122 51 35 26 80 77 111 83 111 42 68 122
split_gain=10.516 20.3934 30.5704 12.7961 11.5491 10.3746 11.7097 14.9351 22.2333 15.2348 14.1501 14.1338 11.413 10.9206 10.2502 15.6426 9.8197 9.61747 10.6505 10.1561 10.1439 12.9704 9.40151 11.3071 9.88066 9.21016 9.17492 9.59675 9.40889 8.99113
threshold=16568.500000000004 14345.500000000002 0.11540479457583343 2.4166860015467906 -424.44999999999993 0.015641873650107992 7.9223785466505284e-05 2.5000000000000004 0.0026763056658594742 10.500000000000002 124.50000000000001 0.0070278190506373401 6.5000000000000009 8.5000000000000018 2.4385795913802495 0.016138012788275025 -0.75973134517425545 1.0508755433833217e-05 1179.5000000000002 95.500000000000014 25.291069141210389 17.500000000000004 276.99518406045519 12.500000000000002 0.00025640603135536696 0.081589358201952747 0.00052293196652254887 22.500000000000004 18.500000000000004 1257.5000000000002
decision_type=10 10 8 8 2 8 2 2 2 2 2 10 2 2 10 10 10 2 8 2 2 2 2 2 2 10 2 2 2 10
left_child=1 5 3 16 -2 6 10 12 14 11 17 -10 -8 -12 15 26 -3 20 -19 -20 -1 29 24 -24 -14 -16 27 -9 -29 -22
right_child=4 2 -4 -5 -6 -7 7 8 9 -11 13 -13 22 -15 25 -17 -18 18 19 -21 21 -23 23 -25 -26 -27 -28 28 -30 -31
leaf_value=-0.010143858452207411 0.0231211115579328 -0.0034100230982388176 -0.013914197019383076 -0.0023431203726154452 -0.020012465998151339 0.0074260128665453876 -0.012196144976720369 -0.011087391547766969 -0.005402423585162487 0.0043406513416836927 -0.021668283742956533 0.069199157368413741 -0.0055617393157293814 0.011292437655703683 0.0050336475641295404 0.032345394531543191 0.096276458872398024 0.024799220911905052 -0.017041554832995992 0.019425923331276303 0.062391439917671723 -0.0078746284930988984 -0.012562219814961553 0.0099669115993436929 0.044394211676966062 -0.016441339930644321 -0.015329106779920682 0.0366963585715872 -0.0015211284665169913 -0.0057546329576132213
leaf_weight=4.0499500074038215 2.3299382252953356 0.63733527669683132 4.307690468023794 1.5076368095542418 30.310698263230734 180.21933847654873 20.121804663296643 12.373137234237221 2.2761892127018681 22.777274255044176 59.712516558065545 2.8333796131773852 3.5506185780141077 7.3466922855805015 19.274274977145978 7.3991278478642917 2.121812984485584 4.2883972784911748 31.619976201087411 4.0834568676145855 4.0658503363156324 3.1269217947010475 18.537732781474915 157.68307701980302 7.6912890743697062 99.791792928550421 28.965212187467841 7.2521760282033965 10.283751312861567 1.1859922644143805
leaf_count=18108 1461 1388 9307 7063 99456 170228 33516 28436 1043 6237 795349 744 2728 31641 28313 4060 3873 1792 37420 13432 8424 19023 29381 215554 538 86456 6318 1939 2298 3705
internal_value=0.00120787 0.00199334 0.0384311 0.0702715 -0.0142712 0.00129785 -0.000795616 0.00157809 -0.00395583 0.0189536 -0.00888346 0.0497305 0.00722177 -0.0175243 -0.00781021 0.0016014 0.0858908 0.00273375 -0.00482892 -0.0109968 0.0214723 0.0348341 0.00956874 0.00731573 0.0317613 -0.0129022 -0.00449191 0.00669565 0.0189192 0.0517013
internal_weight=761.725 729.084 8.57448 4.26679 32.6406 720.51 540.291 420.811 213.226 27.8868 119.48 5.10957 207.585 67.0592 185.339 66.2734 2.75915 52.4205 39.9918 35.7034 12.4287 8.37876 187.463 176.221 11.2419 119.066 58.8743 29.9091 17.5359 5.25184
internal_count=1669231 1568314 21631 12324 100917 1546683 1376455 447561 165844 8024 928894 1787 281717 826990 157820 43051 5261 101904 52644 50852 49260 31152 248201 244935 3266 114769 38991 32673 4237 12129
is_linear=0
shrinkage=0.03


Tree=107
num_leaves=31
num_cat=0
split_feature=85 89 113 98 40 108 31 82 35 101 118 53 35 108 77 78 86 94 102 78 69 17 112 101 98 70 99 51 96 11
split_gain=10.218 9.1561 15.5525 10.8396 11.5788 11.521 13.5811 11.0272 10.9849 8.35922 8.13278 11.5097 24.9868 14.196 12.1823 16.1772 14.6916 12.5751 9.69439 7.72571 7.33217 11.8338 7.76381 12.8071 13.6928 11.9428 11.5696 10.2858 10.5196 8.43397
threshold=0.76477574402682691 1.676785218437616 0.59388122501981566 0.024394211085897458 4.5000000000000009 0.00030010238126802145 910.50000000000011 0.10528768332761075 12958.72910007294 0.012513048016701464 0.15140919065655528 13.500000000000002 377.93713178285338 4.36268796999676e-05 9.5000000000000018 42.500000000000007 0.13956439617518596 6.5980390388896044 0.0019353596615161955 46.500000000000007 234.50000000000003 74.000000000000014 0.78006903876792366 0.052619218313515119 0.047558546691224508 6.5000000000000009 0.1669871794871795 1564.5000000000002 0.01333526626075191 1.5000000000000002
decision_type=10 10 10 10 2 2 2 10 2 10 10 2 2 2 2 2 10 8 10 2 2 2 8 10 8 2 10 2 10 2
left_child=1 20 -3 4 19 -6 7 8 9 -7 -2 12 -12 -14 -15 16 17 18 -16 -4 22 -22 23 24 26 29 -1 -25 -29 -26
right_child=10 2 3 -5 5 6 -8 -9 -10 -11 11 -13 13 14 15 -17 -18 -19 -20 -21 21 -23 -24 27 25 -27 -28 28 -30 -31
leaf_value=-0.011352831337639254 -0.012751879882563565 -0.010126562374774505 0.020162946688981633 -0.00052645375817431757 0.00065314986748028216 0.09356945806029085 -0.0067801868840113031 -0.0049052481183058331 -0.0042421851845706009 -0.0029825150381852968 -0.0087050790582768982 -0.017241203132184062 -0.012053190447620946 -0.0032034420652538699 0.10416816639387134 0.0028854264240992301 -0.003217445347075157 0.00156091414002161 -0.0029310092267946018 -0.012466478789951814 0.035172465919406683 -0.0134934349620892 0.0045759017888662547 -0.0026136183617148892 0.0046737667961580078 0.023249726041124966 0.022280789556489138 0.055761118601674188 -0.007805384802255606 -0.018900808189042863
leaf_weight=146.76467152036275 65.938035429306183 16.042531349896308 18.093660858939987 15.167742057663416 3.8053646480475427 5.3162601021613209 1.4510457872238474 0.96517110975400999 0.82149732371908601 0.54835471705882799 28.553533821195742 15.749943274538962 3.3552260726428385 3.9073971735815602 3.7013946121151049 4.9996653062371479 1.7111664601034133 1.6528820903986368 0.54035359582849185 5.2479262069682582 8.6937273813819029 3.494738751964177 307.34410731364915 7.7755647373196535 48.350830767274601 19.300735955806886 5.2403372427907007 3.6521584239490039 1.7129097825454662 13.390364472248619
leaf_count=258093 341342 94565 59153 38132 26327 3335 1324 911 1641 430 112435 86029 48105 14121 13964 14869 4695 12405 2129 37185 704 153 350269 8182 96806 10258 6021 2048 772 22624
internal_value=0.00177016 0.0033468 0.0134002 0.0209876 0.0289623 0.047845 0.0603477 0.0707266 0.0790719 0.0873237 -0.00574245 0.00186107 0.00910656 0.0313081 0.0408723 0.0515644 0.0697268 0.0826604 0.0963205 0.0119217 0.00204108 0.0213526 0.00142851 -0.00251361 -0.0043187 0.00542459 -0.00952069 0.0218662 0.041491 -0.00147201
internal_weight=763.289 633.18 67.4596 51.417 36.2493 12.9077 9.10233 7.65128 6.68611 5.86461 130.11 64.1716 48.4216 19.8681 16.5129 12.6055 7.6058 5.89463 4.24175 23.3416 565.72 12.1885 553.532 246.188 233.047 81.0419 152.005 13.1406 5.36507 61.7412
internal_count=1669027 1018933 263003 168438 130306 33968 7641 6317 5406 3765 650094 308752 222723 110288 62183 48062 33193 28498 16093 96338 755930 857 755073 404804 393802 129688 264114 11002 2820 119430
is_linear=0
shrinkage=0.03


Tree=108
num_leaves=31
num_cat=0
split_feature=54 48 118 105 112 123 80 73 26 67 113 102 97 73 104 104 53 122 54 118 31 58 107 122 122 80 0 80 51 54
split_gain=9.05958 14.7509 13.2184 14.9125 14.5124 12.5329 12.9004 12.4756 15.3111 11.8612 16.7907 9.93563 15.8665 14.6416 12.8968 16.8149 12.6534 11.4182 10.8105 9.41788 9.01986 8.89868 8.77895 8.68781 12.9483 12.7285 8.80123 13.0327 16.939 20.9547
threshold=133.50000000000003 7.5000000000000009 -0.63626654358198176 0.080015540015540024 1.1161745457728129 1.0000000180025095e-35 16372.749552440227 21.500000000000004 2132.5000000000005 8.5000000000000018 0.66206136411269811 0.016134038165034743 0.062507814453613419 164.50000000000003 0.027788632106484069 0.0077830678079040278 1972.0000000000002 653.00000000000011 1435.5000000000002 -1.7855474680093346 285.50000000000006 -4354.8499999999995 0.0010821762920424985 16568.500000000004 14968.500000000002 744.09429075942046 60.500000000000007 865.82514990430934 217.50000000000003 4.5000000000000009
decision_type=2 2 10 10 10 2 2 2 2 2 10 10 10 2 10 10 2 8 2 10 2 2 2 10 10 2 2 2 2 2
left_child=5 7 3 4 19 6 23 22 21 -7 -11 12 -4 -14 15 -15 17 18 -17 -3 -21 -9 -2 24 26 -26 27 28 -1 -30
right_child=1 2 11 -5 -6 9 -8 8 -10 10 -12 -13 13 14 -16 16 -18 -19 -20 20 -22 -23 -24 -25 25 -27 -28 -29 29 -31
leaf_value=0.0022915103395560531 -0.016282045647435881 0.0027162032785013504 -0.014192494252342123 -0.0041608816852820914 -0.00034964635975922594 -0.02287533118444917 -0.021814123689985802 -0.0067295265706827151 -0.011360535323400566 0.044570830539476275 -0.015792876996135189 -0.011615701095616516 -0.0058947431652911896 -0.0039231888882554121 -0.011408686477729097 -0.011434358291917777 -0.0099415126603668146 0.060816909226209658 0.034752452742332615 -0.0058764165983818785 0.059606989875472569 0.052132273209071434 0.020110434316615359 -0.015505051405043612 -0.0089989506421808314 0.058170993549416461 0.018475022742501165 -0.0037728705539491875 0.054381057320639282 0.0066316197357464335
leaf_weight=168.85766170124043 7.7832782364348514 4.835113259425273 24.802518514046824 18.537802548824402 10.385326803028873 32.881980459751503 16.668562222068431 1.4236773284137587 3.0062941256910554 2.2406224250808 5.5520533209273708 50.658246107803279 23.809225220422377 9.6037339150498138 5.9879798422043669 5.9591380930505675 2.3793801309948313 12.909797825857828 3.5600496209226549 1.1963462474595896 10.680860223321359 14.523830732123317 6.1944135536468821 19.792153692385909 2.1389894509120486 2.1437288645174704 22.507831604940293 237.20936737402008 8.716859336000196 25.111016876260692
leaf_count=120541 5991 2800 28394 5799 3735 524779 29745 770 3673 8741 28042 15308 9869 2204 1893 431 407 3507 128 845 2932 3638 1285 73895 7267 6210 24883 740915 5516 5089
internal_value=0.00157812 0.00666722 0.00308843 0.0162272 0.0286504 -0.000506281 0.000851393 0.0237434 0.0368892 -0.0155554 0.0122002 -0.00161697 0.00438861 0.0120729 0.0221448 0.0286901 0.0398555 0.0459875 0.0118582 0.0426021 0.0532242 0.0465255 0.000895082 0.00184202 0.00273427 0.0378461 0.00200769 0.000966957 0.00647141 0.0243542
internal_weight=762.058 218.237 185.306 45.6354 27.0976 543.821 503.146 32.9315 18.9538 40.6747 7.79268 139.67 89.0118 64.2093 40.4001 34.4121 24.8084 22.429 9.51919 16.7123 11.8772 15.9475 13.9777 486.478 466.685 4.28272 462.403 439.895 202.686 33.8279
internal_count=1669232 93609 78252 16111 10312 1575623 1014061 15357 8081 561562 36783 62141 46833 18439 8570 6677 4473 4066 559 6577 3777 4408 7276 984316 910421 13477 896944 872061 131146 10605
is_linear=0
shrinkage=0.03


Tree=109
num_leaves=31
num_cat=0
split_feature=118 93 67 113 118 14 71 111 79 68 77 118 57 108 65 68 69 78 73 54 67 40 50 65 55 109 90 69 78 67
split_gain=10.6963 8.02504 13.8972 17.0505 16.3746 16.8132 13.9062 11.7954 21.4902 15.5489 23.6684 19.5974 12.4444 10.8076 11.0732 9.84351 9.7612 18.6049 14.1544 12.0406 15.3918 14.7411 14.2448 16.479 23.0219 13.2621 26.5814 17.3608 22.8588 20.4892
threshold=-2.239777354922881 3.8168059771207439 27.500000000000004 0.64388844686923807 -0.29746206227917321 4.5000000000000009 207.50000000000003 1.4046220182804918e-05 -33.050000000000018 2.5000000000000004 12.500000000000002 0.53866600951356836 353.75000000000011 0.00027960340681150577 1.0000000180025095e-35 46.500000000000007 43.500000000000007 749.50000000000011 82.500000000000014 133.50000000000003 21.500000000000004 10.500000000000002 396.50000000000006 31.500000000000004 37.500000000000007 0.000283820359933527 -1.6027156723743043 1.0000000180025095e-35 20.500000000000004 3.5000000000000004
decision_type=8 8 2 10 8 2 2 2 2 2 2 10 2 2 2 2 2 2 2 2 2 2 2 2 2 2 10 2 2 2
left_child=-1 2 3 7 5 6 -4 -2 -9 10 -10 12 13 14 -12 -6 18 -18 19 22 -21 -22 23 25 -25 27 -27 -3 -29 -30
right_child=1 16 4 -5 15 -7 -8 8 9 -11 11 -13 -14 -15 -16 -17 17 -19 -20 20 21 -23 -24 24 -26 26 -28 28 29 -31
leaf_value=-0.015175888334158933 -0.011464096328505945 0.0040558018968749896 0.048944212959335431 -0.016247972783900073 -0.015963385470801842 0.00013151144563373253 -0.0053871155311662243 -0.01035193358868287 -0.0044482241607787442 -0.010935872810796825 -0.0028456129039439214 -0.007118458595921002 -0.0040419106504122077 -0.0031627580298352977 0.11535860117742242 0.0076037892865863672 0.054651862595547676 -0.0010643725539296394 -0.011140406063734573 0.032366017015403988 0.03961881688089388 -0.0051802154513161877 -0.0097891620720572791 0.046904847268529531 -0.002439671476133028 0.035731991727997084 -0.011853126096711334 -0.015979918220954684 0.052576410933577386 -0.0085241596597841005
leaf_weight=25.637410647526849 16.006150778281153 200.6433456951163 13.973577348013352 79.67337281903383 25.820414456247818 19.782939298180281 4.2773352587828404 11.542173338744762 4.3693090054694022 2.8472455577466453 0.52261352123969151 1.528389281236741 0.77818741315422801 0.57816978247137729 3.2388866391593183 28.629171339416644 5.0251858799674691 11.273010420598437 45.442997395315615 27.333591479618917 3.0767865448360672 32.103371553879697 56.415316940267076 14.651122339269934 14.179375046616768 7.1983926872926522 78.483761463641713 5.6309682735809501 16.988285082850783 4.7523723146878174
leaf_count=118038 154774 625555 5743 365040 14758 3628 1258 16328 5666 11748 1836 7230 6934 314 9741 6000 654 3512 22665 9803 1181 9431 85306 6025 4629 1928 89715 15213 53839 10897
internal_value=0.0022318 0.00293575 -0.00193278 -0.00847116 0.00662306 0.0204938 0.0377907 0.00662963 0.01804 0.038157 0.0502989 0.0727481 0.0883304 0.0981907 0.106684 -0.00397461 0.00492256 0.0249117 0.00404281 0.00564139 0.0173935 0.00318041 0.00360736 0.0059229 0.0258625 0.00371334 -0.00610562 0.00745489 0.0278964 0.0401237
internal_weight=762.403 736.766 213.568 121.084 92.4834 38.0339 18.2509 41.4111 25.405 13.8628 11.0156 6.64625 5.11786 4.33967 3.7615 54.4496 523.198 16.2982 506.9 461.457 62.5137 35.1802 398.943 342.528 28.8305 313.697 85.6822 228.015 27.3716 21.7407
internal_count=1669389 1551351 610998 579611 31387 10629 7001 214571 59797 43469 31721 26055 18825 11891 11577 20758 940353 4166 936187 913522 20415 10612 893107 807801 10654 797147 91643 705504 79949 64736
is_linear=0
shrinkage=0.03


Tree=110
num_leaves=31
num_cat=0
split_feature=70 28 73 103 86 91 93 117 99 80 65 111 59 33 103 95 122 93 85 122 83 118 58 73 53 70 119 73 91 118
split_gain=9.53181 16.7349 17.0818 16.852 20.047 16.5984 14.4692 14.0127 12.7505 11.743 17.0831 22.4611 16.8415 15.8425 15.5412 13.1758 13.1712 23.719 15.6462 12.0063 11.4224 10.6129 13.2974 10.094 14.7057 11.7617 14.526 10.757 10.7026 15.3018
threshold=3.5000000000000004 12.500000000000002 23.500000000000004 0.014289495575890496 0.22728260440124851 2.4670556614044643 3.577507998040105 -3.2994415769822094 0.031254036424696464 1080.5599219516464 4.5000000000000009 0.00010492270837749017 780.87335879463342 115.25000000000003 0.02780050918348791 0.82618901816697299 6262.5000000000009 5.2387516995216385 0.54549434803375274 2745.5000000000005 0.061731680234429931 0.27390802492256811 738.45000000000005 1557.0000000000002 587.50000000000011 35.500000000000007 0.18010042597748746 2549.5000000000005 -0.19999999999999976 0.036771251053378091
decision_type=2 2 2 8 8 10 8 10 8 2 2 2 2 2 8 10 8 8 10 8 10 10 2 2 2 2 10 2 10 10
left_child=6 2 3 5 20 -2 7 -1 21 13 -11 12 14 16 15 -12 17 18 -8 -15 -5 22 -4 24 25 26 -3 -25 -27 -30
right_child=1 23 8 4 -6 -7 9 -9 -10 10 11 -13 -14 19 -16 -17 -18 -19 -20 -21 -22 -23 -24 27 -26 28 -28 -29 29 -31
leaf_value=0.0099140125182989158 -0.019968700808557886 -0.016851926032479338 0.06075624548021049 -0.0072227431827880193 0.0032606663280074035 0.021876637555484128 0.040746481399895111 -0.018034849910631933 0.0033478607725704801 -0.019390801017431757 0.076141826571608465 -0.0049054653420678657 -0.00036761683198089208 -0.010970073899903544 -0.0046145726719009558 -0.0034572512179558545 -0.0030668437912500426 -0.013151360551727928 -0.0037879717110637623 0.032733047717762385 0.060472354178490652 0.0057533505628146247 0.003774993731348385 0.026872300782939507 -0.018551891374769511 -0.0028300157139964908 0.0052202066652001092 -0.01257958911738935 0.032796301959294942 -0.0038521643826666114
leaf_weight=17.359353975974955 26.812366859194299 41.690356240625988 14.266703647725086 1.5826337409198448 27.734830059129308 7.0908781531943523 21.295715378575554 66.223437347372965 13.803772919378387 42.930892380969453 5.1735883346918863 93.921188595813874 12.15932541153961 4.4204985018732259 3.2705241770636357 1.7804926305580009 111.11948236847456 14.488165989605475 8.6362153079098771 24.201362061376134 6.233941711980151 8.2826944329681265 5.4189371920911062 18.183313344692582 32.727328973800468 27.147568088090338 59.101858289192023 5.1418326124694422 25.032911337271798 14.110199823429864
leaf_count=46933 48201 51832 7444 6187 35036 25547 7176 475307 3967 389325 32738 86484 84714 2076 25110 13399 123455 19722 4782 30911 19208 6795 5881 1908 13568 5780 75001 1330 10206 8359
internal_value=0.00178752 0.00554199 0.0147734 0.00493981 0.0182123 -0.0095299 -0.00118267 -0.0119982 0.0288479 0.00158423 -0.00431058 0.0018257 0.0258079 0.00666042 0.046834 0.0628399 0.00253762 0.0154494 0.029194 0.0253557 0.0492954 0.039017 0.0490125 0.000717437 -0.00161972 0.00213953 -0.00427439 0.0174901 0.0115075 0.0206454
internal_weight=761.342 334.362 111.227 69.4547 35.5514 33.9032 426.98 83.5828 41.7721 343.397 159.236 116.305 22.3839 184.161 10.2246 6.95408 155.54 44.4201 29.9319 28.6219 7.81658 27.9683 19.6856 223.135 199.81 167.083 100.792 23.3251 66.2907 39.1431
internal_count=1668382 326250 158266 134179 60431 73748 1342132 522240 24087 819892 631770 242445 155961 188122 71247 46137 155135 31680 11958 32987 25395 20120 13325 167984 164746 151178 126833 3238 24345 18565
is_linear=0
shrinkage=0.03


Tree=111
num_leaves=31
num_cat=0
split_feature=94 95 114 117 112 69 120 63 73 31 77 79 93 53 122 109 65 79 69 93 94 122 118 88 83 75 117 46 122 100
split_gain=10.4262 18.3485 16.5848 13.8094 17.5012 12.9539 13.185 15.2258 18.4298 14.8974 13.9004 12.4192 12.329 12.0214 11.1557 11.3804 10.8135 10.6163 10.2155 9.81036 9.69924 10.6536 9.82772 9.59409 9.42241 9.24899 9.39579 10.4436 8.90385 8.09835
threshold=5.1615971320573655 0.54472087444505968 1.2382905212558211 0.24418400125976658 1.0541209749342697 1.5000000000000002 10.576923076923078 71.500000000000014 50.500000000000007 39.500000000000007 158.50000000000003 217.84999999999997 4.6960156193196338 1.0000000180025095e-35 5603.5000000000009 3.692182104148083e-05 5.5000000000000009 201.5500000000001 5.5000000000000009 5.6165732585710488 7.2239635228036025 337.50000000000006 -0.2245887467266818 -0.5058080808080806 0.10274662594183832 3462.5000000000005 -0.57816198676485975 1.0000000180025095e-35 653.00000000000011 0.076800196608503332
decision_type=10 10 10 10 10 2 2 2 2 2 2 2 10 2 8 2 2 2 2 10 10 8 10 8 10 2 10 2 10 10
left_child=5 3 11 4 -2 13 9 -8 18 10 24 17 -5 14 15 -1 -17 19 -9 -3 21 -14 -23 -24 -7 26 -4 -28 -26 -15
right_child=1 2 25 12 -6 6 7 8 -10 -11 -12 -13 20 29 -16 16 -18 -19 -20 -21 -22 22 23 -25 28 -27 27 -29 -30 -31
leaf_value=-0.0054432762855690679 -0.0088360540632616506 0.010124880247044249 -0.00042082853385651026 -0.0087859912381378583 0.024729542578102143 -0.011360115399861303 -0.011025820925252821 -0.0075447940923036643 0.0029484107941895876 -0.0028860621716455311 0.063782010734061603 -0.01408196944161595 -0.0072214147271692491 -0.010953473198889582 -0.002533818389411812 0.044114553005695688 -0.0096492970890735517 0.042370218009023415 0.05505062352221872 -0.015866999227086748 -0.0094442286282423217 -0.0057279778645563714 0.00029310908879694457 0.05286943394236223 0.03724580464319157 -0.0089412485902796747 -0.0027093076155651034 0.044338553602857739 -0.0025650414719035519 0.017528979032806025
leaf_weight=8.4292230992577988 29.450418586675369 30.251031982032146 10.078536913839345 4.8155799242449566 18.860634732223843 6.1895495197350163 63.278878915021778 1.6617409693862999 142.76197764913013 18.27790929587718 3.8822185156423066 62.085430428182008 2.7820723851327784 173.75167632261218 71.144098354459857 10.207767927302482 2.3256387232613625 1.214564978978159 4.7851320642621431 15.774492474301949 2.2897999099222934 2.3560749704047366 3.5513868275338609 24.839875895806475 9.8747475221789518 7.3906064865223007 4.7995812895242151 13.465407009149201 6.7399494656019661 5.0862680574646211
leaf_count=15864 47499 26089 24560 6136 21249 24306 60840 2757 55924 20615 2186 268961 386 772432 142544 4506 491 2324 2801 21703 10122 7471 2785 34338 18268 7227 13076 30294 2988 18290
internal_value=0.0016337 0.00683377 0.000139594 0.0171627 0.0053583 -0.000711667 0.00406698 0.000787394 0.00599239 0.0179355 0.0304016 -0.00572137 0.0290722 -0.00524376 0.00344119 0.0203022 0.0342316 0.0055627 0.0426681 0.000534705 0.0346147 0.0384587 0.0430239 0.0473215 0.014271 0.016572 0.0235678 0.0340503 0.0242385 -0.00968869
internal_weight=762.402 234.005 145.06 88.9458 48.3111 528.397 257.452 212.488 149.209 44.9644 26.6865 109.326 40.6348 270.945 92.1067 20.9626 12.5334 47.2401 6.44687 46.0255 35.8192 33.5294 30.7473 28.3913 22.8042 35.7341 28.3435 18.265 16.6147 178.838
internal_count=1669032 524220 394234 129986 68748 1144812 190685 122322 61482 68363 47748 319077 61238 954127 163405 20861 4997 50116 5558 47792 55102 44980 44594 37123 45562 75157 67930 43370 21256 790722
is_linear=0
shrinkage=0.03


Tree=112
num_leaves=31
num_cat=0
split_feature=65 76 77 95 80 38 120 89 91 121 28 52 52 122 77 76 67 101 118 66 56 28 122 55 103 72 70 36 113 32
split_gain=9.72118 28.1005 25.8617 14.7907 13.2067 13.7651 12.7377 18.813 16.8571 11.9375 11.4624 10.116 12.3939 22.9262 30.3305 23.6592 19.3191 15.5899 16.2173 14.7625 13.1775 17.405 23.6566 24.0049 20.0431 15.4398 13.1629 13.7744 12.926 11.5805
threshold=4.5000000000000009 1033.5000000000002 18.500000000000004 0.866899766899767 276.99518406045519 1.0000000180025095e-35 1.5000000000000002 0.16974431818181832 2.9571653700878007 2.5000000000000004 7.5000000000000009 27.500000000000004 105.50000000000001 1547.0000000000002 104.50000000000001 4824.5000000000009 8.5000000000000018 0.031277173913043486 0.81893373554345295 1.5000000000000002 228.50000000000003 12.500000000000002 11903.000000000002 95.500000000000014 0.08110101251694174 11.500000000000002 16.500000000000004 128.50000000000003 1.0612538378183134 251.25000000000003
decision_type=2 2 2 8 2 2 2 8 10 2 2 2 2 8 2 2 2 8 10 2 2 2 8 2 8 2 2 2 10 2
left_child=1 2 4 -4 5 -1 7 -2 9 -9 -6 -8 13 -13 -15 16 17 18 19 -16 29 22 28 24 25 26 27 -24 -22 -14
right_child=6 -3 3 -5 10 -7 11 8 -10 -11 -12 12 20 14 15 -17 -18 -19 -20 -21 21 -23 23 -25 -26 -27 -28 -29 -30 -31
leaf_value=-0.001161178593022439 -0.0099238147202984246 -0.021107708412964728 0.036137626897662915 -0.0059667872810036408 -0.016592902784874453 0.027511715138365624 -0.01865787552401468 0.05439017880487633 -0.01022793606026526 -0.0081146283393560021 0.023673796263332877 -0.0056830289941518361 -0.014980667498212955 0.0057052425858816602 -0.00030948494540623822 -0.0040508558464538002 -0.0044904838499376922 -0.002135327819224334 -0.0045830504008426941 0.11606425660887393 0.013261333667272624 -0.00033424285108200289 0.098501034884824576 -0.0047496284546085883 -0.0091679863962288947 -0.0063975938018364159 0.00087814457674546267 -0.0043439007339050413 -0.016743097072855952 0.0095191561838344711
leaf_weight=90.21397516547222 9.716935681706671 58.53917455287592 21.900054019977691 8.6606880405561224 60.945874449993426 13.005897775456104 15.378964015115342 13.656015847111126 4.0164190997274991 1.8378052977859614 2.6701449590800612 30.67064698698232 66.750712367727829 28.448966574480437 1.0533366465242551 4.1541394327650769 2.0246967946441137 1.4270515448624799 0.89978066091862263 5.4570685268954549 35.162432668497786 232.08522457130312 7.0441847368601866 6.783549765834322 2.1953655189136052 1.3532339971970948 1.7957478577518484 0.84517839665932104 14.218775278321116 19.111947646586486
leaf_count=105715 9397 670604 21638 12922 106671 5669 18826 31501 15636 1608 2300 3392 165641 135803 2214 12718 1013 690 1975 6270 6835 192196 31182 16410 13989 5702 5031 3331 2489 59424
internal_value=0.000969267 -0.00374963 0.00179229 0.0250443 -0.00307176 0.00355584 0.00336901 0.0210637 0.0353729 0.0468052 -0.0133009 0.00207718 0.00296076 0.0137807 0.0266845 0.0550772 0.0718394 0.0846307 0.0954683 0.10528 0.000740659 0.00370637 0.0163335 0.0401467 0.0581521 0.0702252 0.0794643 0.0900722 0.00387681 -0.00930358
internal_weight=762.024 255.936 197.397 30.5607 166.836 103.22 506.088 29.2272 19.5102 15.4938 63.616 476.861 461.482 74.1357 43.465 15.0161 10.8619 8.83724 7.41019 6.51041 387.346 301.484 69.3985 20.0173 13.2337 11.0383 9.68511 7.88936 49.3812 85.8627
internal_count=1668792 925519 254915 34560 220355 111384 743273 58142 48745 33109 108971 685131 666305 164075 160683 24880 12162 11149 10459 8484 502230 277165 84969 75645 59235 45246 39544 34513 9324 225065
is_linear=0
shrinkage=0.03


Tree=113
num_leaves=31
num_cat=0
split_feature=69 94 72 56 92 67 101 76 76 99 110 62 58 27 95 118 47 94 99 92 83 119 100 113 80 94 51 50 94 118
split_gain=9.71193 10.2208 12.3871 11.6681 9.95157 14.2149 16.3807 11.4315 15.6485 18.3401 16.6697 13.5266 13.887 11.5345 11.0447 10.0782 15.473 11.5292 11.4378 11.1103 11.0788 11.1359 9.9868 12.4953 12.9512 15.4366 13.7594 14.8595 11.3731 10.4021
threshold=317.00000000000006 1.8216878546827202 31.500000000000004 4263.0000000000009 2.3639167640522274 28.500000000000004 0.0028256571908544205 18325.500000000004 13367.500000000002 0.01924501424501425 0.0011742958257776918 18.500000000000004 -2655.0000000000005 256.50000000000006 0.73688035495716042 -0.075580078486215715 4.5000000000000009 4.4936892321915893 0.076975981377632022 5.4825224029862261 0.13179459745003944 0.28594395957740015 0.0035608321146904935 1.775811255751899 340.67034016693771 5.5889998437606865 459.50000000000006 127.50000000000001 6.4519581788451124 0.24229785879498381
decision_type=2 8 2 2 8 2 8 2 2 8 2 2 2 2 10 8 2 10 10 10 10 8 10 8 2 10 2 2 10 10
left_child=1 2 -1 -4 5 -3 -7 8 15 10 11 -10 -13 14 -14 17 18 -6 22 -18 -20 -22 23 24 25 -17 -26 -28 29 -25
right_child=-2 4 3 -5 7 6 -8 -9 9 -11 -12 12 13 -15 -16 16 19 -19 20 -21 21 -23 -24 28 26 -27 27 -29 -30 -31
leaf_value=-0.018179972852534879 0.026666890980900877 -0.0024445143916724714 0.032101630063562321 -0.0034788565969849079 0.0020400862939533673 0.065001695782829619 0.0009623367820424094 -0.0090677915781805108 -0.0075396634945961716 -0.004436231886101781 -0.0067850973619163193 -0.0065751234497835312 0.089762418006995456 -0.0048228263826240892 -0.0040928033123220769 0.0023566494900789168 0.043756006821025276 -0.012476886244988137 -0.0059906744485957262 -0.0081007527374692533 -0.0069635477049480813 0.049357132747415822 -0.013754259135838706 0.0042927827331746679 -0.015682796681719541 0.036154024451923616 0.034559372722818726 -0.0023476666809031676 -0.01334355232849687 0.031016707794505553
leaf_weight=49.267633665855101 7.9753868929401497 13.367584462117522 4.5768827875108391 57.351374954549101 119.8674717540307 3.9993691856725464 6.2404380111984219 80.479468699781137 1.6730618543988409 12.136545510857102 3.9847139374323879 1.3606359893747129 6.4112426711508288 0.95055215392130765 0.78424169626669016 56.686406214888848 9.4395793490511988 77.213054844778526 6.0854662124802443 3.1613321651202559 2.6965038488015098 8.0696076146923588 29.408021483086486 25.153180962504848 60.647271515448665 10.774534843581931 6.6041300709475754 60.531163377992925 7.5603975967060242 27.362045305904758
leaf_count=421731 434 70377 8211 14342 205503 1781 1690 76641 7941 5458 1293 1072 7024 1627 2283 77696 5756 209964 8905 4457 1014 3889 49537 32869 218773 7045 47867 122899 21731 29710
internal_value=0.000931102 0.000484914 -0.00771165 0.00135252 0.00195173 0.019257 0.0390944 0.00114279 0.00273797 0.0229965 0.0406077 0.0543763 0.0641158 0.0739332 0.082049 0.00144393 0.00475114 -0.00381542 0.0031012 0.0321407 0.0240291 0.0375161 0.00146927 0.00345324 -0.000332897 0.00987685 -0.00589194 0.0034267 0.0148382 0.0197027
internal_weight=761.819 753.844 111.196 61.9283 642.648 23.6074 10.2398 619.041 538.561 27.301 15.1644 11.1797 9.50667 8.14604 7.19548 511.26 314.18 197.081 301.579 12.6009 16.8516 10.7661 284.727 255.319 195.244 67.4609 127.783 67.1353 60.0756 52.5152
internal_count=1669520 1669086 444284 22553 1224802 73848 3471 1150954 1074313 26698 21240 19947 12006 10934 9307 1047615 632148 415467 621935 10213 13808 4903 608127 558590 474280 84741 389539 170766 84310 62579
is_linear=0
shrinkage=0.03


Tree=114
num_leaves=31
num_cat=0
split_feature=69 106 99 117 62 90 118 29 35 108 104 84 37 25 100 92 3 117 57 38 108 118 111 103 96 90 53 35 117 106
split_gain=8.28712 11.9675 9.02316 10.0336 13.5426 9.80112 9.04468 7.19279 6.35536 12.1334 14.2728 15.418 17.435 13.3026 10.3133 11.9485 7.67468 7.47929 9.18286 13.2194 12.733 7.98687 12.9796 16.647 12.5152 8.49492 8.10944 8.57698 8.15964 7.62755
threshold=234.50000000000003 0.00010407501061931937 0.071349029589564114 -0.87376335713232389 209.50000000000003 1.1494533659488524 -1.9225062093433352 2.5000000000000004 12958.72910007294 0.002171924976534035 0.0021574998138079991 0.15003320053120853 64.500000000000014 200.50000000000003 0.010051580654595731 3.9794303243381286 1.0000000180025095e-35 -1.674606664376503 -59.650000000000034 20.500000000000004 0.00019004397624472483 -1.1274724126130529 2.3365896306135104e-05 0.057173123486682818 0.014496036983773634 -0.76861480222496892 572.50000000000011 1315.2812617864345 2.6702558293393417 0.019761876151566132
decision_type=2 8 10 10 2 10 8 2 2 2 10 10 2 2 10 10 2 8 2 2 2 8 2 10 10 10 2 2 8 10
left_child=2 -2 6 7 5 -5 -1 -4 9 17 -11 12 13 -12 -10 -16 -15 18 19 20 -8 22 -19 24 25 -24 27 28 -27 -23
right_child=1 -3 3 4 -6 -7 8 -9 14 10 11 -13 -14 16 15 -17 -18 21 -20 -21 -22 29 23 -25 -26 26 -28 -29 -30 -31
leaf_value=-0.01464285705256969 0.036898302148740653 -0.011229808496563845 0.020711292753352172 0.034278682614404317 -0.014788085192466237 -0.010666964041692047 -0.0016358872466122997 -0.011000526630726296 -0.017011305175357209 -0.009260147820635313 -0.0035359451867386228 0.0071062048894883255 -0.0095750839465180097 -0.0033398429547213883 0.036014724052539387 -0.0091146884074436128 0.08234037672015046 -0.015631694615662543 0.0001923485968359178 -0.011401165448735226 0.04362978250788771 -0.0024482258240660893 -0.0048606128865610505 -0.015613822565472934 -0.0075609572258989385 0.066129999503522593 -0.0060137541387068911 -0.0029801092969894511 -0.0047033073320984333 0.028866506162188808
leaf_weight=31.165922507232608 8.1792409229237784 4.2969746550661521 3.8390032818497302 25.291371847823033 4.6252831093297564 2.7421979847749745 7.3979995314657634 19.200380777350802 35.31806870352375 11.697441909935149 1.7701039115490873 20.604990524880122 2.2863691733218729 0.61907697224523861 4.011048570937418 9.1399454729471454 5.3529675702448003 7.5018177521706084 44.305028967661201 6.0368401263040132 14.193025609929462 462.62488335842136 2.1245664481866777 5.3096540576952966 4.0980105995331533 10.323829967703197 1.2321730773765018 1.6450675851265248 0.91788737434763312 2.1276888960128408
leaf_count=149254 402 464 6881 12432 511 10798 18415 18247 36606 4688 954 2785 555 287 1963 7365 1701 69029 127446 4567 3322 1145736 1790 12317 4203 16784 376 3819 1221 4770
internal_value=0.0014246 0.0218519 0.000940733 0.0120312 0.0215998 0.0289331 -3.21028e-05 -0.00296546 0.00076198 0.00161612 0.016212 0.0258731 0.0492393 0.0635499 -0.00916818 0.010779 0.0759841 0.000400268 0.00910867 0.0211866 0.0307286 -0.000935896 0.0122777 0.0216584 0.0325485 0.0420655 0.0485513 0.0539912 0.060679 -0.00199914
internal_weight=759.979 12.4762 747.503 55.6982 32.6589 28.0336 691.804 23.0394 660.638 612.169 42.331 30.6335 10.0285 7.74215 48.4691 13.151 5.97204 569.838 71.9329 27.6279 21.591 497.906 33.153 25.6512 20.3415 16.2435 14.119 12.8868 11.2417 464.753
internal_count=1669688 866 1668822 48869 23741 23230 1619953 25128 1470699 1424765 10970 6282 3497 2942 45934 9328 1988 1413795 153750 26304 21737 1260045 109539 40510 28193 23990 22200 21824 18005 1150506
is_linear=0
shrinkage=0.03


Tree=115
num_leaves=31
num_cat=0
split_feature=90 70 71 75 108 61 53 118 109 97 67 60 77 31 19 10 99 78 65 121 90 58 56 119 109 111 75 76 118 77
split_gain=10.9817 9.91509 11.3431 9.48981 12.5909 12.0251 27.8243 15.5647 16.1 13.6858 11.7225 11.3457 8.78624 10.7645 12.5875 11.7836 12.0616 10.6542 15.6663 13.2969 15.289 9.83215 11.6973 10.2013 8.72302 19.2627 11.2188 11.0052 8.68966 8.63083
threshold=1.9908965344048222 14.500000000000002 10.500000000000002 65.500000000000014 1.0835583989895447e-05 3.5000000000000004 1.0000000180025095e-35 -1.0172572594786182 0.0001594899555570689 0.17565145790952244 1.5000000000000002 541.98906923442598 9.5000000000000018 19.500000000000004 1.5000000000000002 318.92921066177627 0.010755118267905433 321.50000000000006 115.50000000000001 1.5000000000000002 1.1022959333086042 -1027.0499999999995 244.50000000000003 0.50103734439834036 2.5449659230562415e-05 7.4892859918825314e-06 73.500000000000014 130.50000000000003 1.1972159912874771 4.5000000000000009
decision_type=10 2 2 2 2 2 2 8 2 10 2 2 2 2 2 2 10 2 2 2 8 2 2 10 2 2 2 2 8 2
left_child=3 24 -3 5 -5 29 7 -7 9 10 -9 -8 -6 -14 15 -15 17 19 -19 20 21 -17 -23 -24 25 26 27 -2 -29 -1
right_child=1 2 -4 4 12 6 11 8 -10 -11 -12 -13 13 14 -16 16 -18 18 -20 -21 -22 22 23 -25 -26 -27 -28 28 -30 -31
leaf_value=-0.005402632598574637 -0.010143954302997998 0.041926916742185391 -0.0090378974122794879 -0.017215927820227375 -0.016357099764823337 -0.008189420952867621 -0.018304875697563831 0.072766897776962366 -0.0091829512803846807 -0.0070866441878171434 -0.0056382341756595821 0.021421730878866577 0.011146815287695826 -0.0098472266733322794 0.0089549824587939163 -0.0036297424051537938 -0.003565921139526711 -0.017108052766778393 0.022892929053566321 0.0022193441011494905 -0.0010223238841347584 0.012780673020010326 0.09371558535829172 -0.0036435136928543751 -0.014709850144897597 0.044930361243906855 -0.022293937002526718 -0.0084988900457092179 0.045143061364630054 0.023032646814677735
leaf_weight=37.601292332961748 8.5632504420864333 2.9091712599147277 4.9953260902766488 25.246931657497043 16.11666278798657 3.2237286241797847 12.659057349068464 13.572021238462193 2.137480323057388 1.5330063179062552 1.136528362854732 5.3389751745344247 119.14074743832316 110.91187480833469 120.06823465413981 1.8175326952514286 108.29420461657719 17.644137337760188 9.4480309804057452 17.808482106909651 6.3722460722965506 5.4718866557595884 3.229896440647281 0.68707565894510469 75.153057348787115 2.9969219554986912 14.433709771867141 1.9682489411279664 3.7763674387533683 7.4156719762686398
leaf_count=53921 14715 4581 9959 261370 25323 2476 6348 8660 412 778 414 1256 230937 221544 32945 5994 66432 25077 8592 9198 28591 13573 6811 2077 342923 32489 239802 3495 5349 3675
internal_value=0.00158289 -0.00678097 0.0186966 0.00310778 0.00164688 0.0121815 0.0232254 0.042764 0.0515414 0.0598135 0.0668151 -0.00442508 0.00268433 0.00342339 0.00102413 -0.00245361 0.00249182 0.0124778 -0.0017649 0.0222505 0.0375583 0.0530433 0.0614633 0.0841708 -0.0094163 0.00341428 -0.00693119 0.0103266 0.0313617 0.00111575
internal_weight=761.672 114.796 7.9045 646.876 562.258 84.6178 39.6008 21.6028 18.379 16.2416 14.7085 17.998 537.011 520.894 401.754 281.685 170.773 62.4793 27.0922 35.3871 17.5786 11.2064 9.38886 3.91697 106.892 31.7385 28.7416 14.3079 5.74462 45.017
internal_count=1669717 653313 14540 1016404 938464 77940 20344 12740 10264 9852 9074 7604 677094 651771 420834 387889 166345 99913 33669 66244 57046 28455 22461 8888 638773 295850 263361 23559 8844 57596
is_linear=0
shrinkage=0.03


Tree=116
num_leaves=31
num_cat=0
split_feature=90 83 59 79 90 108 84 70 118 79 97 92 77 121 90 79 115 113 122 78 94 70 70 72 45 122 96 78 122 99
split_gain=11.0194 13.5387 19.0139 18.3747 13.326 10.7844 12.5726 10.7263 11.3212 10.497 10.2241 10.0115 9.7341 14.0033 11.3442 9.39114 9.77064 10.1112 9.64672 8.59529 8.585 9.12824 8.51259 12.2076 10.473 17.6282 19.7378 20.421 22.0093 16.706
threshold=1.5283091391514432 0.067607055044698064 16.756739575080314 15.300000000000002 -0.59978902953586466 0.00019004397624472483 0.42905081495685526 21.500000000000004 0.036771251053378091 353.55000000000013 0.040008795074758144 3.8987762421200975 25.500000000000004 2.5000000000000004 0.79049875874520448 53.100000000000001 4.6457464268617938 0.41735500607525527 2670.5000000000005 36.500000000000007 7.2239635228036025 1.0000000180025095e-35 3.5000000000000004 2.5000000000000004 3.5000000000000004 1179.5000000000002 0.0023108037752473005 93.500000000000014 337.50000000000006 0.031254036424696464
decision_type=10 8 2 2 10 2 10 2 8 2 10 10 2 2 10 2 8 10 8 2 8 2 2 2 2 10 8 2 8 8
left_child=1 2 -1 4 -4 6 -6 9 10 11 -9 -2 -5 14 -14 -13 17 -17 -19 -16 21 -20 23 -3 25 26 27 -24 -29 -30
right_child=7 22 3 12 5 -7 -8 8 -10 -11 -12 15 13 -15 19 16 -18 18 20 -21 -22 -23 24 -25 -26 -27 -28 28 29 -31
leaf_value=-0.016582523041777521 -0.010720398033142862 0.0019569991189743192 -0.005302346528050437 -0.0082093786752468513 0.087702459095385946 0.0053788043231983822 -0.0048352378174973511 -0.0096335102874372074 -0.012339965919724881 -0.013994909113111981 0.043565034682924705 -0.010269885330259267 -0.0053097854019886559 -0.01069168907714145 0.068010721681169367 -0.011172628393174747 -0.010058624068914293 -0.0072067455264347748 0.054664606159538734 0.008446732226547642 -0.0073360808600467014 -0.0022010973162397748 0.00075731116739758818 -0.012891946184319318 0.0012976452769715963 -0.0037434328243464853 0.0065354353532708119 -0.0064633871959217321 0.079262761825832126 0.0038308023185763922
leaf_weight=8.3576896322265366 29.100695600183826 196.97519463267963 2.2640306281646181 12.7968616577964 4.9221609341329877 3.2200046836296679 0.94679539347271191 2.3566943471705564 5.1623865043657142 86.634486654653301 6.7901890669418208 10.127976011361168 3.4716681974969132 5.7836904833820872 3.5525449394481239 2.9567775454852443 5.5070981971148276 2.8851262363532442 12.32604751149483 5.1245225841230422 1.6136474503073355 2.5361100235350014 9.3101215026181325 61.267825001817982 184.17582662089262 35.710925420069543 40.428101100169442 3.6139785462291911 11.311467327224818 3.7829632372777278
leaf_count=23836 68436 355373 1593 20794 4416 653 718 5116 8326 730558 4952 13208 7996 3245 13051 9526 6860 1725 19759 12120 4577 4863 20302 153957 86575 20111 38307 307 24354 3551
internal_value=0.00174501 0.00365283 0.017793 0.025656 0.0518034 0.0628618 0.0774172 -0.00494448 0.0164359 -0.00739027 0.031298 0.00152205 0.0100983 0.0221043 0.0362826 0.0110643 0.0192112 0.0269529 0.0338735 0.0487812 0.0410702 0.0468496 0.00219846 -0.00174385 0.0056989 0.0130655 0.021493 0.0388176 0.0536039 0.0660152
internal_weight=765.014 597.016 50.44 42.0823 11.353 9.08896 5.86896 167.997 14.3093 153.688 9.14688 67.0535 30.7293 17.9324 12.1487 37.9528 27.8248 22.3177 19.3609 8.67707 16.4758 14.8622 546.576 258.243 288.333 104.158 68.4466 28.0185 18.7084 15.0944
internal_count=1669165 791259 88422 64586 7380 5787 5134 877906 18394 859512 10068 128954 57206 36412 33167 60518 47310 40450 30924 25171 29199 24622 702837 509330 193507 106932 86821 48514 28212 27905
is_linear=0
shrinkage=0.03


Tree=117
num_leaves=31
num_cat=0
split_feature=92 114 92 98 95 101 96 66 80 89 101 109 95 83 92 84 95 76 64 72 77 71 102 82 67 89 94 108 67 105
split_gain=7.67992 19.5171 16.7024 16.3881 15.7585 13.326 13.3201 14.7499 12.3492 12.257 11.1772 12.7108 10.9718 11.3028 10.768 9.05389 9.78899 11.6884 18.7238 14.9856 13.4431 12.7353 10.8922 10.5478 15.8665 18.3334 14.7049 11.165 10.107 11.529
threshold=5.4266326936116327 1.2382905212558211 5.7153692916080638 0.057484222939263183 0.46325606513791967 0.052619218313515119 0.01333526626075191 1.0000000180025095e-35 17639.37737433736 3.0003333333333342 0.016673983026046241 8.6095579031792682e-05 0.51356609527815766 0.075763883632326612 6.3572561603692259 0.084514482563633267 0.59289902688889662 588.50000000000011 27.500000000000004 64.500000000000014 594.50000000000011 19.500000000000004 0.013575996196317055 0.098977027173404189 2.5000000000000004 -1.1201694915254234 4.9970460741534426 2.3011608800806802e-05 247.50000000000003 0.016971527965576893
decision_type=10 8 10 10 10 10 10 2 2 10 8 2 10 10 10 8 10 2 2 2 2 2 10 10 2 10 10 2 2 10
left_child=5 3 4 9 -3 15 7 -7 10 -2 11 -6 13 -4 -11 -1 22 -18 21 20 -20 23 -17 -19 25 -25 27 -27 29 -22
right_child=1 2 12 -5 8 6 -8 -9 -10 14 -12 -13 -14 -15 -16 16 17 18 19 -21 28 -23 -24 24 -26 26 -28 -29 -30 -31
leaf_value=-0.0087509515934483251 -0.01074455044309401 -0.0090574509582465584 0.040170888834802181 0.020846617666371439 0.0019999691609298782 -0.013284510161876793 -0.0097782579011586931 0.037485636373784402 0.002863485455689103 0.03244942387488229 -0.0059390040768731688 0.080180155048719573 -0.0036679168703472815 -0.0079896910416429566 -0.010515696382098415 0.00027019674473241533 0.02304310577316708 -0.010969275599827062 -0.012123273083778469 -0.0018532766790536068 -0.0085084390456662932 -0.01937003300336838 -0.013845379052311584 -0.0049677455131301616 -0.0043567225832552986 -0.0064006486868112928 -0.0094150684159107732 0.064390902299603522 -0.0089466934620006846 0.050157930545379807
leaf_weight=123.68962057766475 82.69435807139962 3.5213506455002088 8.147468500192188 19.906112187574763 2.4914289214138989 3.8563732580805725 9.2701531061211409 18.346856153941189 4.7179730018142427 7.785179473950846 1.2155554729470175 7.9953850767269614 29.700262401875079 4.4465902903975794 5.6876417171479261 178.31140678967131 23.908168432499224 30.631008240310621 3.3188266850957033 20.807780851435382 1.9570722248463486 30.777845154196257 62.850501279699529 9.2347588302400272 30.284896875935374 1.3559465420330514 2.2644152574430327 8.911116022805798 2.0126130474382071 18.072314607059525
leaf_count=654016 204874 4335 19946 29002 11311 8115 4040 10266 2791 31091 1180 9105 92195 5886 36668 242436 7360 106591 2201 6792 1432 50819 34559 20643 24603 20741 5577 13602 196 6387
internal_value=0.00105955 0.00641284 0.0192766 -0.000995633 0.0389182 -0.000627352 0.0169434 0.0278467 0.0489193 -0.00632372 0.0610716 0.0682487 0.00688016 0.0257286 0.0163745 -0.00177976 0.000328743 0.00546921 0.00221719 0.0173279 0.030779 -0.00440346 -0.00361504 0.00195461 0.00985486 0.0267485 0.044872 0.0560073 0.0382859 0.0438711
internal_weight=758.171 178.309 62.236 116.073 19.9417 579.862 31.4734 22.2032 16.4203 96.1672 11.7024 10.4868 42.2943 12.5941 13.4728 548.388 424.699 183.537 159.629 46.1686 25.3608 113.46 241.162 82.6821 52.0511 21.7662 12.5315 10.2671 22.042 20.0294
internal_count=1668760 448384 146749 301635 28722 1220376 22421 18381 24387 272633 21596 20416 118027 25832 67759 1197955 543939 266944 259584 17008 10216 242576 276995 191757 85166 60563 39920 34343 8015 7819
is_linear=0
shrinkage=0.03


Tree=118
num_leaves=31
num_cat=0
split_feature=69 78 77 87 63 53 70 64 75 1 69 83 104 55 50 69 69 52 53 73 65 50 42 119 66 122 122 92 83 54
split_gain=7.38013 14.8641 15.8688 14.8237 13.701 14.1462 12.8505 17.3919 13.4883 12.4053 11.2536 11.0132 18.8703 11.8229 15.5007 14.9849 13.502 12.9344 11.8109 14.4058 10.7678 10.6317 10.6295 10.4633 10.4371 12.7549 15.6157 10.2078 10.1399 9.93237
threshold=1.0000000180025095e-35 18.500000000000004 29.500000000000004 0.032990002745812645 3.5000000000000004 53.500000000000007 6.5000000000000009 3.5000000000000004 1323.5000000000002 34.500000000000007 3.5000000000000004 0.25520060583580617 0.0090955051015718363 84.500000000000014 1278.5000000000002 25.500000000000004 6.5000000000000009 321.50000000000006 540.50000000000011 322.50000000000006 19.500000000000004 604.50000000000011 5.5000000000000009 0.50103734439834036 6.5000000000000009 1039.5000000000002 1911.5000000000002 -4.1895953055582416 0.12162471113088398 36.500000000000007
decision_type=2 2 2 8 2 2 2 2 2 2 2 10 10 2 2 2 2 2 2 2 2 2 2 8 2 8 10 8 10 2
left_child=1 2 -1 4 -2 10 7 21 22 -4 -6 12 18 -14 16 27 -15 -18 19 -10 -3 29 24 28 -8 -26 -27 -16 -19 -5
right_child=3 20 9 6 5 -7 8 -9 11 -11 -12 -13 13 14 15 -17 17 23 -20 -21 -22 -23 -24 -25 25 26 -28 -29 -30 -31
leaf_value=0.0018187609551349807 -0.010305685633092358 -0.011943181148063899 0.043811388516567316 0.0095968034560716727 0.059286885950017576 -0.0030781037998951913 0.0011730742030161253 -0.014568865446925653 -0.00082072430344994225 -0.010786709353739611 0.0019888502295083814 -0.011062950453142439 -0.013107380608323888 0.0014162072411333319 0.030210318244512046 0.021886026304751952 -0.0044783339963553005 -0.0014596071678642825 -0.018618794146002936 0.035102202772007027 0.0041256137261039966 0.037238142347764597 -0.01013193736847403 -0.0050196570241290341 -0.0069475809194504187 0.085201125602037617 -0.0035727646604667589 -0.013596295342771115 0.084036733591575624 -0.013355576745800136
leaf_weight=181.78563467744243 5.6141733878248514 125.7857694159211 9.5509230050483875 44.625755071654567 10.010061551860419 6.1016558641240399 4.524572996706409 67.382568338107376 69.017696469876682 2.7865495120822734 4.3322673007278345 28.566531107080664 7.113695796000683 5.4367212987090197 0.97592490345414262 42.42321507880115 1.9418746752417053 1.2098837508892728 21.909104216967535 6.7171462637488721 49.692345159652177 3.7525960249877235 2.4901052107452406 0.9700744498404682 1.4564842378604224 3.5775607051182305 1.7616129910020388 21.70997784223437 6.6296611893885711 20.855583304404718
leaf_count=429546 24861 713933 32827 98984 26873 16696 6047 59873 43522 14358 9422 9281 4161 4885 487 7088 244 339 7014 1227 112571 7093 1238 243 93 3584 708 18201 1415 11466
internal_value=0.0018517 -0.00118295 0.00448578 0.00469822 0.0246281 0.0343613 0.00296202 -0.00422034 0.00725591 0.0319254 0.0469675 0.00499347 0.00768375 0.0173265 0.0205946 0.0121993 0.0435138 0.0575945 -0.0014659 0.00434199 -0.00740455 0.00615437 0.0317425 0.0679445 0.0412357 0.0561057 0.0683478 -0.00659621 0.0754119 0.00185769
internal_weight=760.708 369.601 194.123 391.107 26.0582 20.444 365.048 136.617 228.432 12.3375 14.3423 214.622 186.055 88.411 81.2973 65.1091 16.1882 10.7515 97.6439 75.7348 175.478 69.2339 13.8103 8.80962 11.3202 6.79566 5.33917 22.6859 7.83954 65.4813
internal_count=1668280 1303235 476731 365045 77852 52991 287193 177416 109777 47185 36295 98107 88826 37063 32902 25776 7126 2241 51763 44749 826504 117543 11670 1997 10432 4385 4292 18688 1754 110450
is_linear=0
shrinkage=0.03


Tree=119
num_leaves=31
num_cat=0
split_feature=112 90 107 90 83 34 8 122 56 75 76 79 65 101 94 79 99 90 85 105 96 115 7 113 97 92 121 67 122 111
split_gain=10.279 10.0021 8.47455 10.4109 10.3049 9.86338 8.9752 7.93497 8.79892 17.8463 12.4579 9.75308 10.7626 9.68216 9.02297 8.99932 7.81905 8.85817 10.2505 7.88054 7.58658 7.00601 7.24487 8.0167 6.92265 10.5253 11.7038 16.4925 11.7807 10.0936
threshold=0.64200918239190374 1.0837303838154664 0.00021193113468601237 3.0001536098310297 0.092116283170237165 2311.0132837446008 124.00000000000003 10049.000000000002 45.500000000000007 189.50000000000003 3557.5000000000005 66.450000000000031 1.5000000000000002 0.033965599904111236 6.0681186775093856 80.950000000000003 0.02156598488451985 1.3739300148285987 0.75759582580774643 0.049520277105109901 0.019893849021196962 2.4080184245158871 1014.3500000000003 0.61661748427576057 0.040896703240063663 2.1215144387166918 5.5000000000000009 1.0000000180025095e-35 1257.5000000000002 3.0269025739472803e-05
decision_type=8 10 2 10 10 2 2 8 2 2 2 2 2 10 8 2 10 10 10 8 8 8 2 10 8 10 2 2 10 2
left_child=7 24 3 -3 5 6 -4 8 9 15 -10 -11 -13 -12 -14 -1 17 -8 19 21 -15 22 23 -19 25 -2 27 -27 29 -29
right_child=1 2 4 -5 -6 -7 16 -9 10 11 13 12 14 20 -16 -17 -18 18 -20 -21 -22 -23 -24 -25 -26 26 -28 28 -30 -31
leaf_value=0.012012425688082039 -0.012764855027656169 -0.019609955963145048 -0.0029871905855113671 0.012954853767829233 -0.012625242539775542 -0.01560591069097611 -0.0099353135183417752 -0.0071186212760803924 -0.01963588244615538 -0.0053571502019351134 -0.0015217624670436766 -0.006532027923894514 0.072094114603946352 0.034255244432977526 -0.0047004309606850292 -0.016996721067749434 -0.0050253167125406274 -0.0036729169875772271 0.011354772354693647 -0.0051881207322084111 -0.0097079163926680201 -0.0041265539376629358 -0.0037875811996895079 0.078980036249975155 0.0046103472711771839 0.0042014882407176253 -0.0085897677862631742 -0.0069676399431045756 0.0026760196851325769 0.054722577916274107
leaf_weight=18.977111825159231 6.998995997124438 35.22478471415161 16.013065738909063 7.555158767863758 22.241859916186513 7.4581345892111122 2.4522670739752419 167.26147974086416 22.706930101925536 2.2789221336970495 58.942771337402519 1.3895969072837031 4.6634539272345146 8.5250611219853418 0.92726461604615806 11.081248425591182 5.7610068366666374 0.69542108565656313 13.810576437459529 1.0384766599672737 2.3009623490543172 0.79488389990365238 0.71699057256410004 5.7159832203178667 280.1590286881401 21.821877851194586 8.6161121129225631 1.5000241558664189 6.8531117186066686 17.361130041546858
leaf_count=20477 49075 333682 25366 68594 30005 11394 2265 721928 8106 1361 18304 4617 4997 865 1999 17730 6375 1346 43259 1533 335 1467 421 7277 200394 43185 2379 9129 6098 25391
internal_value=0.0014366 0.00421999 -0.00315938 -0.013105 0.00285049 0.00970143 0.0148319 -0.00286926 0.00258677 0.0136014 -0.00255375 0.0412425 0.0523426 0.00394712 0.0631513 0.000419152 0.0231761 0.0293828 0.0346433 0.0536133 0.0247963 0.0603456 0.0662723 0.0723338 0.00679663 0.0154459 0.0197183 0.0251785 0.0393982 0.0493844
internal_weight=761.844 462.789 119.479 42.7799 76.6987 54.4568 46.9987 299.055 131.793 39.3176 92.4757 9.25924 6.98032 69.7688 5.59072 30.0584 30.9856 25.2246 22.7723 8.96176 10.826 7.92328 7.12839 6.4114 343.31 63.1513 56.1523 47.5361 25.7143 18.8612
internal_count=1669354 868635 532984 402276 130708 100703 89309 800719 78791 51181 27610 12974 11613 19504 6996 38207 63943 57568 55303 12044 1200 10511 9044 8623 335651 135257 86182 83803 40618 34520
is_linear=0
shrinkage=0.03


Tree=120
num_leaves=31
num_cat=0
split_feature=112 96 71 77 105 113 78 109 113 16 122 100 27 92 122 66 67 113 83 69 92 61 119 105 112 92 71 99 105 46
split_gain=8.86592 10.7183 9.47955 25.4657 18.1157 15.0295 13.2947 11.9371 12.4603 9.17781 8.91383 7.97538 12.693 12.8165 19.0162 13.9634 17.1693 12.1978 12.0859 11.6847 11.6507 10.5837 9.06087 8.02207 13.9035 10.0824 12.1627 12.1864 9.63346 7.98232
threshold=0.70484615193788203 0.080106951871657769 11.500000000000002 164.50000000000003 0.060626036235792345 1.1335976661473952 241.50000000000003 0.0016775816478994392 0.31899666155976752 1.5000000000000002 2670.5000000000005 0.00079270821551106596 57.500000000000007 5.1961128394337006 2822.5000000000005 9.5000000000000018 1.0000000180025095e-35 0.81911548452030114 0.11112477724206545 10.500000000000002 3.4898933024769443 334.50000000000006 0.043303869279084743 0.079263151400485357 1.1260192515826108 5.1766309130893022 152.50000000000003 0.030319744605458897 0.054797964145264715 6.5000000000000009
decision_type=10 10 2 2 8 10 2 2 10 2 8 10 2 10 10 2 2 10 10 2 8 2 10 10 10 8 2 8 10 2
left_child=2 11 3 -1 5 6 7 8 -5 -10 -3 12 -2 18 15 16 -15 -18 -14 -13 -20 22 -19 24 25 26 27 -21 -28 -17
right_child=1 10 -4 4 -6 -7 -8 -9 9 -11 -12 19 13 14 -16 29 17 21 20 23 -22 -23 -24 -25 -26 -27 28 -29 -30 -31
leaf_value=-0.0022018535229914021 0.0024232334142314607 -0.0093657523180231284 -0.0091257078179931735 -0.0050493972844634699 -0.00012172462270479225 -0.0082742444078521948 0.0058615374488458979 -0.0056348235811606358 0.089537950009844616 -0.00345882229563219 0.03995731970061818 -0.0094246773676806977 -0.014517387672133286 -0.0048064384308022286 -0.0084398587277519418 0.027050764579662951 -0.0047565994486930344 -0.0028940789177983573 0.035098349160592936 0.071256588709205815 0.00066070399834238576 -0.0036922466226573139 0.10036833788550382 -0.0030436286065620285 -0.0030884194927530625 -0.0095689710993721866 -0.01003251715169062 0.0030974530817164275 0.028485030531334356 -0.0086434669618262357
leaf_weight=221.39419163946877 150.73342274147581 2.2362931174066034 95.470301278452098 1.0095512458283353 16.559820716724062 3.2269814934261367 5.5956014503572069 1.1454320688208088 6.6335997889182181 0.64651500503896375 8.2061765554499271 73.798097395756486 13.938083002278288 2.1381191312066239 7.4252521831513141 11.438657496135422 0.93632057520517253 0.53094038311974134 10.366034638787822 4.9999218242410288 21.286344359657964 0.70023655352997582 5.0620326391835988 45.77559801901225 23.891518485379493 3.7401421898321159 8.1016985082824231 3.7106723690521912 6.4499775311414842 5.6316619620192787
leaf_count=713169 434494 542 153766 3128 8379 3011 4369 611 8162 927 16202 141833 65872 12920 8871 7722 2336 2486 27019 2582 10734 2490 9632 9682 6756 2376 2364 472 1284 5052
internal_value=0.0021812 0.00514657 -0.00130871 0.001723 0.0238226 0.0408974 0.0508845 0.0663068 0.0746274 0.0832336 0.0297822 0.00414531 0.00772731 0.0170506 0.0298026 0.0401773 0.0633583 0.0772408 0.0055694 -0.000773937 0.0151884 0.0861452 0.0938266 0.00596881 0.013622 0.0265798 0.0330565 0.0539394 0.00995873 0.0159845
internal_weight=762.779 411.097 351.682 256.212 34.8175 18.2577 15.0307 9.4351 8.28967 7.28011 10.4425 400.655 230.187 79.4537 33.8632 26.438 9.36765 7.22953 45.5905 170.468 31.6524 6.29321 5.59297 96.6695 50.8939 27.0024 23.2623 8.71059 14.5517 17.0703
internal_count=1669243 773721 895522 741756 28587 20208 17197 12828 12217 9089 16744 756977 589628 155134 51509 42638 29864 16944 103625 167349 37753 14608 12118 25516 15834 9078 6702 3054 3648 12774
is_linear=0
shrinkage=0.03


Tree=121
num_leaves=31
num_cat=0
split_feature=102 123 27 119 71 79 64 114 109 66 82 57 23 24 41 66 78 69 66 73 79 122 77 65 122 79 33 94 91 73
split_gain=7.39103 7.75836 16.1705 10.4723 10.4475 12.6739 10.3551 9.5785 12.1691 17.26 22.0495 16.0124 9.17462 9.17238 8.86834 13.5824 14.4854 17.6137 12.4532 12.3027 11.9422 13.4151 18.6895 29.1422 16.5989 11.6422 15.4131 11.4722 10.7051 10.6181
threshold=0.089562683433775839 1.0000000180025095e-35 1050.5000000000002 0.26678529062870704 142.50000000000003 19950.950000000008 71.500000000000014 1.1144433664807181 0.00033836847332301649 1.5000000000000002 0.17393204621465494 -424.44999999999993 125.50000000000001 1.0000000180025095e-35 2.5000000000000004 6.5000000000000009 45.500000000000007 6.5000000000000009 49.500000000000007 101.50000000000001 -153.70000000000013 847.50000000000011 11.500000000000002 7.5000000000000009 401.50000000000006 234.54999999999998 102.30000000000004 4.4386806344532035 3.6829975138760411 3.5000000000000004
decision_type=10 2 2 10 2 2 2 10 2 2 10 2 2 2 2 2 2 2 2 2 2 8 2 2 10 2 2 8 8 2
left_child=1 7 -3 4 5 -4 -7 14 9 -9 -11 -12 -6 -14 15 20 29 -18 -16 -19 -1 22 -22 24 -24 26 -23 -27 -28 -17
right_child=-2 2 3 -5 12 6 -8 8 -10 10 11 -13 13 -15 18 16 17 19 -20 -21 21 25 23 -25 -26 27 28 -29 -30 -31
leaf_value=-0.015723856310812752 -0.014113560756506023 -0.013944039521324862 -0.0057247950315057212 -0.016663829104728366 -0.0052034788400674714 -0.0060686729403474403 0.066582288461727326 0.00062369042727907192 0.0024363931687594229 0.0045338075237303594 -0.009270420816018721 0.059057580133791684 0.032124605376853667 -0.011752063702483544 -0.011823427478146475 0.068027583566143593 -0.0085670437263863381 0.042234260256825334 0.0082045237716078922 -0.0093237619624895948 -0.012889121092645813 0.00094508274028280476 -0.0064543268736596869 -0.0077546083853601618 0.085404654892574788 0.0099238205363968417 0.034627926997024591 -0.015963596356977187 -0.0033969712741574666 -0.0037168912199615294
leaf_weight=29.20141477825382 22.748808997966989 72.30686121900726 3.5350071688735607 9.8613791056341125 29.734064402837248 1.260076931241201 3.2872639855922898 27.790751645079581 101.45761674228561 17.419462043289968 2.1727355600960463 16.006647467082075 9.8387676362035545 3.0416391869366626 87.597984899486619 2.6311999510508022 21.006730433229677 10.238376647070252 35.881972009068704 3.595474668305541 5.4415982311620636 137.20591139762837 1.3609649064310341 5.4488362370757386 4.5591703899553977 17.498392066732777 18.362877379648125 50.126351260700176 8.1596634196466784 1.8023822038376236
leaf_count=31340 43284 584261 1136 1792 7547 948 476 72399 46780 51006 1405 23713 848 602 86629 8065 32562 2919 14911 1099 2869 158968 705 889 1157 99930 22268 355886 9873 3130
internal_value=0.00110203 0.001663 -0.00478176 0.00638718 0.0119644 0.035539 0.0538155 0.00310602 0.00915868 0.0189532 0.0314234 0.0506531 0.00423077 0.0213744 0.000761569 0.003415 0.0188482 0.00855004 -0.00591072 0.0299163 0.000934643 0.00316668 0.0256633 0.0424165 0.0710011 0.00102371 0.00532632 -0.00904299 0.0242463 0.05235
internal_weight=760.58 737.832 132.865 60.5582 50.6968 8.08235 4.54734 604.967 164.847 63.3896 35.5988 18.1794 42.6145 12.8804 440.119 316.639 39.2742 34.8406 123.48 13.8339 277.365 248.164 16.8106 11.369 5.92014 231.353 163.728 67.6247 26.5225 4.43358
internal_count=1669397 1626113 597610 13349 11557 2560 1424 1028503 195303 148523 76124 25118 8997 1450 833200 731660 47775 36580 101540 4018 683885 652545 5620 2751 1862 646925 191109 455816 32141 11195
is_linear=0
shrinkage=0.03


Tree=122
num_leaves=31
num_cat=0
split_feature=44 71 65 45 117 62 94 92 76 76 79 99 53 32 39 113 70 62 117 53 77 75 65 65 75 65 76 52 94 78
split_gain=11.9901 19.1357 16.3678 20.1156 12.9631 11.9588 10.8261 12.4952 17.1862 17.9609 13.3707 12.7831 11.3805 15.1014 14.5787 20.0005 11.9436 10.3021 10.2898 10.1573 10.2474 13.4375 11.3869 15.5932 14.5876 32.4679 24.1395 17.0174 15.4406 12.898
threshold=9.5000000000000018 19.500000000000004 837.00000000000011 34.500000000000007 0.26819367241501835 1612.5000000000002 1.9179365203419809 2.326217843459224 18325.500000000004 13367.500000000002 1831.6500000000003 0.011698187225734645 33.500000000000007 692.75000000000011 2.5000000000000004 1.0395663786245153 26.500000000000004 57.500000000000007 -1.7605759423985063 24.500000000000004 17.500000000000004 83.500000000000014 9.5000000000000018 19.500000000000004 275.50000000000006 4.5000000000000009 2344.5000000000005 12.500000000000002 5.3246421484605539 31.500000000000004
decision_type=2 2 2 2 8 2 8 8 2 2 2 8 2 2 2 10 2 2 8 2 2 2 2 2 2 2 2 2 10 2
left_child=6 4 -3 -4 18 -5 -1 10 9 12 -8 -11 14 16 19 -16 -14 -18 -2 20 21 -9 24 -24 27 -26 -27 -22 -28 -29
right_child=1 2 3 5 -6 -7 7 8 -10 11 -12 -13 13 -15 15 -17 17 -19 -20 -21 22 -23 23 -25 25 26 28 29 -30 -31
leaf_value=-0.010845371520112397 -0.0043282110903145529 -0.006370240866455123 0.048114368700753939 -0.017284612198893708 -0.0095917282872206317 0.017989257606335143 0.0035217760414978636 0.0030020566967760096 -0.01384690943781274 0.042745929049560004 0.054709449754493891 0.002662126744048678 -0.018272305010334812 0.031583863365121014 0.043717985352524837 0.001232066707169626 0.029291576433875519 -0.014469441245773483 0.060837560630835667 -0.016739853785098426 -0.0037379654061376545 -0.014003323100912441 -0.013671604478771412 0.010245408203246327 -0.021591393904814245 -0.0099966029126518467 0.0069127695784770632 0.042226752523911545 0.066731721620804763 0.0037352475596410849
leaf_weight=65.368199814667605 1.8623470762177019 46.434809591853991 9.1425950614502636 10.553118918032853 2.2361904977260574 14.626573269633807 12.373978599975088 124.43671492095746 59.589150105646695 11.570400263764897 3.0967050805083991 13.861701356458068 58.638135229972249 2.7450462576016426 13.040987161846713 22.969377973349765 6.1387728779591253 4.5077976583561394 8.0140249999858444 21.448446821486868 14.105942082009276 57.025406428732822 39.857880926345388 49.164955707532499 23.407695143334422 9.9462730508130353 7.9602906124091515 28.6600904594452 6.133713164836081 11.568278605816884
leaf_count=446222 621 12710 870 1547 795 1471 45264 121116 70685 17820 11680 8456 79601 4108 12177 22617 1347 1423 2220 47917 14760 277253 72062 28272 195501 37985 32510 50076 28074 21550
internal_value=0.00173623 0.0115427 0.00509635 0.019447 0.0404751 0.00279121 0.000296427 0.0015851 0.000774612 0.00254188 0.0246281 0.0249253 0.00117261 -0.00947033 0.00304496 0.0200724 -0.0131133 0.0120601 0.0512248 0.0012554 0.00250033 -0.00257417 0.00726885 -0.000620457 0.0138751 0.00133065 0.0235243 0.0237944 0.0436034 0.0327945
internal_weight=760.486 92.8697 80.7571 34.3223 12.1126 25.1797 667.616 602.248 586.777 527.188 15.4707 25.4321 501.756 72.0298 429.726 36.0104 69.2847 10.6466 9.87637 393.716 372.267 181.462 190.805 89.0228 101.782 47.448 24.0403 54.3343 14.094 40.2284
internal_count=1668710 20234 16598 3888 3636 3018 1648476 1202254 1145310 1074625 56944 26276 1048349 86479 961870 34794 82371 2770 2841 927076 879159 398369 480790 100334 380456 294070 98569 86386 60584 71626
is_linear=0
shrinkage=0.03


Tree=123
num_leaves=31
num_cat=0
split_feature=94 118 44 71 67 104 65 111 104 102 96 91 95 95 35 102 122 108 118 85 104 46 116 84 71 93 104 97 82 84
split_gain=7.53809 6.84624 6.25361 18.4799 12.8808 10.9895 9.91351 9.71636 7.94805 7.32155 7.10804 9.08172 10.1005 7.25242 24.1349 11.4521 10.483 12.2982 9.28488 8.83151 9.54199 8.77187 8.627 7.51556 11.1878 8.74807 11.9626 8.13508 8.62963 7.70683
threshold=7.2965541155721274 -2.8368884206411686 9.5000000000000018 19.500000000000004 239.50000000000003 0.0055356937652421513 1568.0000000000002 0.00046692554512498772 0.027788632106484069 0.0051647176638793292 0.080106951871657769 -0.86650732950924148 0.60332887021561488 0.41470343680709537 426.40355047331917 0.04764815461636978 1179.5000000000002 8.5419814100364246e-05 -0.45694997738049076 0.83343763037129759 0.037068265567422404 9.5000000000000018 -2.153718805704099 0.39958847736625519 1.0000000180025095e-35 5.114483586013912 1.0000000180025095e-35 0.42949607027276931 0.23816987610091059 0.28582468536100686
decision_type=10 8 2 2 2 10 2 2 10 10 10 8 10 8 2 10 8 2 10 10 10 2 8 10 2 10 8 10 10 10
left_child=1 -1 10 5 -5 -4 7 -6 9 -9 13 12 -12 14 -3 16 -16 -18 -19 20 21 22 -20 29 -25 26 27 28 -26 -15
right_child=-2 2 3 4 6 -7 -8 8 -10 -11 11 -13 -14 23 15 -17 17 18 19 -21 -22 -23 -24 24 25 -27 -28 -29 -30 -31
leaf_value=-0.017485814449690912 -0.016898235274739725 -0.005883001368070892 0.00076449427543972496 -0.0090622845983616539 -0.011918261376633378 0.052895352598835627 -0.0043278622195979102 -0.0054691427703365894 -0.0092244471465813271 0.04126691174099173 -0.0033717972303449828 -0.0024293290616180215 0.049588856848474652 -0.00056100680235337261 0.00076065816684542538 -0.012218863650772242 -0.0091600028131405397 -0.0020469879094814252 -0.0012237294021416349 -0.0055723136644478819 -0.005375245039652179 -0.0045724942353815934 0.076272792398131992 -0.010268014204003461 0.06549865558417306 -0.0067670419437830644 -0.0098026592808384775 -0.0035534180417721049 -0.0026654313021849986 -0.012964517100898326
leaf_weight=11.645003324661955 15.450145931528821 42.52576480618518 5.4143533855094557 38.583932016495964 3.1134815504192401 7.1165033680517809 15.482309085607993 2.2431259701552397 2.0393975026963735 17.135794350731885 3.9611577057621599 11.139256828006184 4.7412149043848331 480.30466776429239 7.3629358145699371 3.3542119150515637 2.1943182206996523 2.4923630721314138 1.2341893455341049 1.1376808326567687 1.0837048626963213 0.88755259699246458 11.355613343948784 8.3724034074512037 5.9075786792964173 3.8639547752536592 2.3535490739632232 1.7880591847169851 1.5267201243659654 44.819406618684297
leaf_count=68991 85806 119308 2100 11823 243 1436 1517 390 397 1471 4830 23763 6280 1246958 646 3158 20967 3408 1008 3384 1113 589 5914 10090 4733 4106 1243 2664 849 29699
internal_value=0.00108723 0.00157028 0.00198913 0.00912819 0.00273469 0.0370129 0.0138531 0.0241174 0.03062 0.035845 0.000913736 0.0166508 0.0330483 0.000283518 0.00880764 0.0269267 0.0328017 0.0419453 0.0487557 0.0553674 0.0603361 0.0656446 0.0704874 -0.000928996 0.0140058 0.0264604 0.0362472 0.0473138 0.0560575 -0.00173194
internal_weight=760.63 745.18 733.535 91.1289 78.598 12.5309 40.0141 24.5318 21.4183 19.3789 642.406 19.8416 8.70237 622.565 73.6283 31.1026 27.7484 20.3854 18.1911 15.6987 14.5611 13.4774 12.5898 548.936 23.8123 15.4399 11.5759 9.22236 7.4343 525.124
internal_count=1668884 1583078 1514087 19377 15841 3536 4018 2501 2258 1861 1494710 34873 11110 1459837 159495 40187 37029 36383 15416 12008 8624 7511 6922 1300342 23685 13595 9489 8246 5582 1276657
is_linear=0
shrinkage=0.03


Tree=124
num_leaves=31
num_cat=0
split_feature=105 75 80 75 65 109 92 94 111 89 109 120 120 57 111 83 85 67 113 121 66 83 89 51 80 86 111 111 82 84
split_gain=7.8094 6.8956 17.7228 8.84831 7.10595 6.37676 11.1764 11.0872 9.3198 13.3828 8.82593 14.3785 14.0553 13.5162 10.042 9.46188 9.01957 8.33402 9.68692 8.26289 8.18466 7.9173 8.08127 10.365 9.87357 9.4226 8.32516 8.02977 17.3783 20.6858
threshold=0.40031545741324931 65.500000000000014 2049.9643728612514 31.500000000000004 1.5000000000000002 9.8040865836300487e-05 3.7268718692778258 3.8358253894173786 2.2932744471547831e-05 2.6788061457031547 3.2930681830511977e-05 0.3461538461538462 1.1153846153846156 49.850000000000016 4.3399756070012657e-05 0.076556125033216821 0.78793232680158487 8.5000000000000018 0.7738315633858216 1.5000000000000002 5.5000000000000009 0.039482065035199472 2.2187658629441631 194.50000000000003 7150.1171508309772 0.16673777019340161 9.2946819607040698e-05 0.00016413974091390862 0.14286404283506296 0.16674221819280752
decision_type=10 2 2 2 2 2 8 8 2 10 2 2 2 2 2 8 10 2 8 2 2 10 8 2 2 10 2 2 10 10
left_child=5 3 -3 -2 -5 6 17 -8 9 19 11 -9 13 14 15 -13 -17 -1 -19 -7 -12 -10 25 -24 26 -23 -25 28 -27 -30
right_child=1 2 -4 4 -6 8 7 10 21 -11 20 12 -14 -15 -16 16 -18 18 -20 -21 -22 22 23 24 -26 27 -28 -29 29 -31
leaf_value=-0.020238224670233885 -0.0085232832977892772 -0.016907018132412806 0.02898273141124736 0.05350683220482981 -0.0057548831821558769 0.006722050018865256 0.032351843051598703 -0.00568432653182097 -0.015373214009489355 -0.008782936233129297 -0.015076240983225173 0.010901190163536131 -0.0025347132385741497 -0.011402158044490044 -0.00792579259892995 0.074062108547924554 -0.0044867891752251579 0.029852488199003175 -0.014601914576421182 0.058771933345891141 0.015949420943676778 -0.015424185381263099 -0.01019319368739972 -0.0079956967880124245 -0.0042320630392732169 -0.0016788322795036983 0.033323951051530465 0.00054432294157804868 -0.0025916158767425005 0.061205404362914786
leaf_weight=43.974135221178585 1.966487630430495 12.441157633675177 8.4736177381273574 4.5252502480143448 1.1467397468804845 6.4077777737838897 4.1279484277911251 54.072746636858938 19.484966537715081 6.2937720982663441 46.831251084142423 6.6986021257689581 16.820291975323926 3.0582891503545389 1.780746479766093 5.9148913734024982 0.8750352841852872 3.5154926454997595 4.73780974491092 3.1034280699823285 4.789842661280999 25.14996129532301 10.049164041422044 3.1666790668969069 9.9380137705338694 25.344690057208936 24.328714828654483 387.68811249030114 6.9786264952490438 6.4260552834166447
leaf_count=559956 1084 15344 3644 878 172 18225 23298 99787 66242 27220 189741 12864 172457 36944 1597 8886 2818 12466 23573 4946 31092 52496 8624 16385 21084 38857 34686 160802 18789 4867
internal_value=0.00106271 0.0152158 0.00368995 0.0328295 0.0444427 0.000410759 -0.00413595 0.000285756 0.00211144 0.0218095 -0.00173099 0.00395696 0.0176501 0.0327477 0.0422218 0.0491953 0.0663295 -0.0153621 0.00845208 0.0381042 -0.0110432 0.00130851 0.00210584 0.0132507 0.0200039 0.000801729 0.0280671 0.00192635 0.014111 0.036311
internal_weight=760.11 28.5533 20.9148 7.63848 5.67199 731.557 197.197 144.97 534.36 15.805 140.842 89.2206 35.1479 18.3276 15.2693 13.4885 6.78993 52.2274 8.2533 9.51121 51.6211 518.555 499.07 47.4826 37.4334 451.587 27.4954 426.437 38.7494 13.4047
internal_count=1669824 21122 18988 2134 1050 1648702 1175479 579484 473223 50391 556186 335353 235566 63109 26165 24568 11704 595995 36039 23171 220833 422832 356590 80779 72155 275811 51071 223315 62513 23656
is_linear=0
shrinkage=0.03


Tree=125
num_leaves=31
num_cat=0
split_feature=118 90 122 92 83 59 109 90 79 91 31 66 108 67 122 83 102 84 108 103 109 75 78 92 71 98 105 97 70 52
split_gain=7.70569 5.73524 15.858 11.6792 10.7336 21.341 16.4137 11.1225 15.6389 10.6006 10.8189 10.5765 10.3668 9.99424 9.79074 9.62639 9.70149 9.56534 8.40521 8.25409 8.21104 8.97716 11.111 7.92013 7.91137 14.8547 11.5425 12.2393 10.0897 10.1179
threshold=-2.8368884206411686 1.9000305623471887 1039.5000000000002 5.0352322153699083 0.066682323469547541 16.756739575080314 0.00013153331052832327 -0.59978902953586466 15.300000000000002 2.3667231638418085 6.5000000000000009 4.5000000000000009 1.4991464684426682e-05 2.5000000000000004 2822.5000000000005 0.076556125033216821 0.011429187590498784 0.42905081495685526 0.00011847506426767195 0.018525382313373421 6.7697849181868526e-06 83.500000000000014 1.5000000000000002 6.0358129339125641 1.5000000000000002 0.20084033613445382 0.17980589658022841 0.095247167260884169 1.0000000180025095e-35 3.5000000000000004
decision_type=8 10 8 10 8 2 2 10 2 8 2 2 2 2 10 10 8 10 2 10 2 2 2 10 2 8 8 8 2 2
left_child=-1 4 3 -3 5 -2 7 -7 14 10 12 -8 -10 -13 17 20 -17 23 -14 -15 21 22 -4 -9 26 -26 -6 28 29 -28
right_child=1 2 15 -5 24 6 11 8 9 -11 -12 13 18 19 -16 16 -18 -19 -20 -21 -22 -23 -24 -25 25 -27 27 -29 -30 -31
leaf_value=-0.017221683438947057 -0.01951584324043075 -0.0085444102603577429 -0.0094626415562790011 0.046252199147069045 -0.013437037824125741 -0.0074772979959713669 -0.013713831184710697 0.095921719449369017 -0.0079394201122965496 -0.010088200448489806 -0.010241040076973596 0.041532308261277441 0.062607149522475355 -0.012575082981322873 -0.0043293566054528792 0.022862114885105159 -0.014972018980592982 -0.00374349943486136 -0.00071721016459735248 0.022421624124282471 -0.012701936906986296 -0.012879913758934302 0.051168724334269992 0.00044196200822646894 0.0042859510171436715 0.037916449579067139 -0.010678303968757132 -0.0041778247454810069 -0.01140883549747131 0.036473178033870443
leaf_weight=11.310749732521797 9.2319021857620083 3.369504356516698 2.299363341793649 4.8064433074760018 51.418186625294766 2.957904325379789 11.441265405086599 4.2728271548076036 1.7951492130669011 5.5244709429389394 2.573195610788388 4.6109677393469637 5.6755945758195594 10.134440847519725 0.84159010758958164 13.694390745022249 4.9616627966461229 0.70555394535404037 2.1551035268203123 5.1527940433952599 83.151624468941009 3.7604085702914745 2.0170393415537546 0.90464667857668235 434.65142255067985 7.2748715521665863 2.7173008565259869 48.998201735365001 4.4054974667014895 15.817518562766052
leaf_count=69034 34723 1923 6435 1714 96367 2793 14087 2852 14709 21862 18774 6401 16426 8344 1947 87190 21009 529 2358 4154 473972 75193 3709 796 586915 11808 1771 61374 5109 15244
internal_value=0.00327922 0.00369966 -0.00229354 0.0289966 0.0048262 0.0156864 0.0223153 0.0373844 0.0431601 0.0187276 0.0309162 0.00580686 0.0416583 0.017531 0.0721069 -0.00578234 0.0117622 0.0800068 0.0516914 0.00183984 -0.0097949 0.0135468 0.0311259 0.0876519 0.00339415 0.00525756 -0.00322633 0.00447075 0.0203852 0.0287605
internal_weight=762.632 751.321 118.06 8.17595 633.26 67.9774 58.7455 27.406 24.4481 17.7235 12.199 31.3395 9.62585 19.8982 6.72462 109.884 18.6561 5.88303 7.8307 15.2872 91.2284 8.07681 4.3164 5.17747 565.283 441.926 123.357 71.9385 22.9403 18.5348
internal_count=1669522 1600488 671145 3637 929343 150755 116032 83046 80253 74129 52267 32986 33493 18899 6124 667508 108199 4177 18784 12498 559309 85337 10144 3648 778588 598723 179865 83498 22124 17015
is_linear=0
shrinkage=0.03


Tree=126
num_leaves=31
num_cat=0
split_feature=69 106 123 112 77 36 112 101 100 62 93 83 58 83 105 92 91 109 65 113 57 57 115 104 104 109 97 93 59 63
split_gain=7.98032 10.9261 10.5726 12.4357 12.2453 11.2305 9.55932 9.3722 8.73629 9.77887 8.56943 12.8543 14.4532 10.8167 9.46866 8.7472 9.16276 13.8049 14.1889 22.5803 9.90823 9.02061 9.00835 8.28873 8.28093 11.0425 11.7717 8.06192 7.79488 7.60293
threshold=234.50000000000003 0.00010407501061931937 1.0000000180025095e-35 1.0288766196527017 276.50000000000006 115.50000000000001 1.1161745457728129 0.052619218313515119 0.016138012788275025 344.50000000000006 2.917837553327717 0.17736109483443366 -561.39999999999998 0.12973690419621739 0.0059215428446197683 5.6572521269366076 2.0183865787694391 0.0001594899555570689 1.5000000000000002 0.9046551453028413 -1.8 322.55000000000013 0.99991603694374487 0.016954285538297285 0.012051650920559391 0.00031451702382736553 0.093338533541341667 4.1692990730766857 -866.60718651505067 55.500000000000007
decision_type=2 8 2 10 2 2 10 10 10 2 8 10 2 10 8 10 10 2 2 10 2 2 8 10 10 2 10 10 2 2
left_child=2 -2 3 7 -4 28 29 10 -7 -10 14 12 13 -12 -1 16 17 18 22 20 -20 27 -14 -11 25 26 -8 -22 -6 -5
right_child=1 -3 4 6 5 8 24 -9 9 23 11 -13 15 -15 -16 -17 -18 -19 19 -21 21 -23 -24 -25 -26 -27 -28 -29 -30 -31
leaf_value=-0.011877690532689632 0.035176698635333258 -0.010823857081811201 -0.0215302623268529 0.034997559323108593 -0.0073250108615808144 -0.0073182741462967018 0.016154710045475331 0.018318920225897473 -0.010674487777047719 0.046853739821245043 -0.0063893238087580871 -0.011351644202197416 -0.01298689652870076 0.035726555649262116 0.026691853887885097 -0.01064294575044627 0.014420634344495673 -0.011218781593449585 -0.0026013746523453783 -0.013608629650658011 -0.0014864493833914906 -0.0054339667540174805 0.0091053483310483529 -0.0078772833198115216 0.015864730612243409 -0.0058349986402952102 -0.0065835016817643302 0.071765163954587749 0.049286459301391271 -0.0017632515397949943
leaf_weight=4.8780113020402558 8.8973380203242378 4.1359450323507199 30.404040611749224 14.550489435143392 1.614238640660915 75.862735606337083 62.365895884810016 17.890978476243617 4.2554079380643071 3.8835948401101632 6.068578485788751 101.04305157428826 24.834528055667761 12.445368812157538 13.592721538461772 59.239728491673304 37.611404087449046 64.041517754372762 2.6372775108975501 5.891845515168824 1.3063702727376929 1.1050935335770189 32.50588149689429 1.7132113050320184 52.863332351382269 73.639629225210228 26.168997546817991 6.4792418673459906 1.4319890428450879 6.21047196323343
leaf_count=11176 415 465 526220 24110 8034 61326 182803 11988 6019 592 3567 113748 53299 4455 13952 213683 126604 53821 3635 19095 3220 8060 57557 474 49016 42141 30954 26854 8763 2954
internal_value=0.00189153 0.0216254 0.00140543 0.00296844 -0.00661153 -0.000625675 0.00833331 -0.000326545 -0.00360717 0.0178122 -0.00144934 -0.00257567 0.00106488 0.0234985 0.0161455 -0.00114921 0.00224426 -0.00144188 0.00711152 0.0273495 0.0460669 0.0562434 -0.000737143 0.0342884 0.00609986 0.00253755 0.00944113 0.0636994 0.0333772 0.025793
internal_weight=759.569 13.0333 746.536 627.37 119.165 88.7612 235.799 391.572 85.7149 9.85221 373.681 355.21 254.167 18.5139 18.4707 235.653 176.413 138.802 74.7602 17.4198 11.528 8.89071 57.3404 5.59681 215.038 162.175 88.5349 7.78561 3.04623 20.761
internal_count=1669000 880 1668120 1056692 611428 85208 331978 724714 68411 7085 712726 687598 573850 8022 25128 565828 352145 225541 171720 60864 41769 38134 110856 1066 304914 255898 213757 30074 16797 27064
is_linear=0
shrinkage=0.03


end of trees

feature_importances:
days_since_icb_onset=265
rate_w13=129
n_events_w52=121
q3_w52=119
goldstein_sum_w52=104
tone_delta_4_52=97
q4_w52=95
tone_mean_w13=90
r13_w13=87
tone_sum_w52=87
r15_w13=81
q4_share_w13=78
n_mentions_w52=75
q4_rate_w13=75
ev_ratio_4_52=75
r11_w13=73
tone_wmean_w4=73
r17_w13=68
r16_w13=66
r19_share_w4=64
q3_share_w4=62
goldstein_mean_w13=62
icb_prior_crises=57
tone_mean_w4=56
r11_share_w4=55
root_share_w4=54
q4_ratio_4_52=52
r18_w13=48
q2_w13=47
r19_w13=42
n_mentions_w13=39
q1_share_w4=39
r10_share_w4=38
goldstein_wsum_w13=37
r12_w13=37
rate_w4=36
goldstein_delta_4_52=36
r14_share_w4=35
rate_w1=35
r15_share_w4=34
goldstein_sum_w13=33
r17_share_w4=32
r13_share_w4=31
q3_w13=29
r18_share_w4=29
q4_rate_w4=29
q1_w13=28
q4_m_w13=28
r10_w13=28
r16_share_w4=27
q4_ab_w13=26
tone_sum_w13=25
goldstein_wmean_w4=24
q4_share_w4=23
q2_w4=22
q4_ba_w13=22
tone_wsum_w13=21
r12_share_w4=21
q4_asym_w4=21
goldstein_mean_w4=20
q4_base_4w=20
goldstein_wsum_w4=19
tone_wsum_w4=19
q4_w13=19
conflict_share_w4=19
ev_ratio_1_13=18
n_root_w13=17
r14_w13=17
tone_sum_w4=16
q4_mention_share_w4=16
r12_w4=15
r20_share_w4=15
q4_m_w4=14
r16_w4=14
n_events_w13=14
r11_w4=13
r19_w4=13
r13_w4=12
q4_ratio_1_13=11
n_mentions_w4=10
r20_w13=10
goldstein_delta_1_13=10
goldstein_sum_w4=9
n_root_w4=9
r15_w4=9
q1_w4=8
regime_daily=8
r15_w1=7
q4_ab_w4=6
r17_w4=6
goldstein_sum_w1=5
goldstein_wsum_w1=5
q4_ba_w4=5
r14_w4=5
r18_w4=5
q3_w1=4
tone_wsum_w1=4
n_root_w1=4
r10_w4=4
n_mentions_w1=3
tone_sum_w1=3
q3_w4=3
goldstein_mean_w1=3
n_events_w1=2
q2_w1=2
r13_w1=2
r18_w1=2
r19_w1=2
n_events_w4=2
q4_w4=2
r20_w4=2
q1_w1=1
q4_ba_w1=1
r10_w1=1
r11_w1=1
r12_w1=1
r20_w1=1

parameters:
[boosting: gbdt]
[objective: binary]
[metric: binary_logloss]
[tree_learner: serial]
[device_type: cpu]
[data_sample_strategy: bagging]
[data: ]
[valid: ]
[num_iterations: 600]
[learning_rate: 0.03]
[num_leaves: 31]
[num_threads: 0]
[seed: 42]
[deterministic: 0]
[force_col_wise: 0]
[force_row_wise: 0]
[histogram_pool_size: -1]
[max_depth: -1]
[min_data_in_leaf: 200]
[min_sum_hessian_in_leaf: 0.001]
[bagging_fraction: 0.8]
[pos_bagging_fraction: 1]
[neg_bagging_fraction: 1]
[bagging_freq: 1]
[bagging_seed: 400]
[bagging_by_query: 0]
[feature_fraction: 0.8]
[feature_fraction_bynode: 1]
[feature_fraction_seed: 30056]
[extra_trees: 0]
[extra_seed: 12879]
[early_stopping_round: 0]
[early_stopping_min_delta: 0]
[first_metric_only: 0]
[max_delta_step: 0]
[lambda_l1: 0]
[lambda_l2: 5]
[linear_lambda: 0]
[min_gain_to_split: 0]
[drop_rate: 0.1]
[max_drop: 50]
[skip_drop: 0.5]
[xgboost_dart_mode: 0]
[uniform_drop: 0]
[drop_seed: 17869]
[top_rate: 0.2]
[other_rate: 0.1]
[min_data_per_group: 100]
[max_cat_threshold: 32]
[cat_l2: 10]
[cat_smooth: 10]
[max_cat_to_onehot: 4]
[top_k: 20]
[monotone_constraints: ]
[monotone_constraints_method: basic]
[monotone_penalty: 0]
[feature_contri: ]
[forcedsplits_filename: ]
[refit_decay_rate: 0.9]
[cegb_tradeoff: 1]
[cegb_penalty_split: 0]
[cegb_penalty_feature_lazy: ]
[cegb_penalty_feature_coupled: ]
[path_smooth: 0]
[interaction_constraints: ]
[verbosity: -1]
[saved_feature_importance_type: 0]
[use_quantized_grad: 0]
[num_grad_quant_bins: 4]
[quant_train_renew_leaf: 0]
[stochastic_rounding: 1]
[linear_tree: 0]
[max_bin: 255]
[max_bin_by_feature: ]
[min_data_in_bin: 3]
[bin_construct_sample_cnt: 200000]
[data_random_seed: 175]
[is_enable_sparse: 1]
[enable_bundle: 1]
[use_missing: 1]
[zero_as_missing: 0]
[feature_pre_filter: 1]
[pre_partition: 0]
[two_round: 0]
[header: 0]
[label_column: ]
[weight_column: ]
[group_column: ]
[ignore_column: ]
[categorical_feature: ]
[forcedbins_filename: ]
[precise_float_parser: 0]
[parser_config_file: ]
[objective_seed: 16083]
[num_class: 1]
[is_unbalance: 0]
[scale_pos_weight: 1]
[sigmoid: 1]
[boost_from_average: 1]
[reg_sqrt: 0]
[alpha: 0.9]
[fair_c: 1]
[poisson_max_delta_step: 0.7]
[tweedie_variance_power: 1.5]
[lambdarank_truncation_level: 30]
[lambdarank_norm: 1]
[label_gain: ]
[lambdarank_position_bias_regularization: 0]
[eval_at: ]
[multi_error_top_k: 1]
[auc_mu_weights: ]
[num_machines: 1]
[local_listen_port: 12400]
[time_out: 120]
[machine_list_filename: ]
[machines: ]
[gpu_platform_id: -1]
[gpu_device_id: -1]
[gpu_use_dp: 0]
[num_gpu: 1]

end of parameters

pandas_categorical:[]
